run,t_stat,p_value,cohens_d,fixed_mean_ns,varied_mean_ns,fixed_std_ns,varied_std_ns,significant,negligible
1,-0.043535,0.96527545,-0.000616,294940.32,294941.46,1994.38,1721.59,no,yes
2,-0.665978,0.50543275,-0.009418,301666.75,301879.88,22727.61,22531.25,no,yes
3,-0.366602,0.71392009,-0.005185,305520.25,305700.96,34726.59,34986.63,no,yes
4,-0.578030,0.56325060,-0.008175,295893.28,295970.36,9326.63,9532.19,no,yes
5,-1.816927,0.06924903,-0.025695,294784.79,294879.93,2266.81,4720.15,no,yes
6,-0.314624,0.75305040,-0.004449,482524.72,482716.34,42232.75,43885.30,no,yes
7,-0.532519,0.59437287,-0.007531,295105.52,295128.29,2895.51,3145.21,no,yes
8,-1.479700,0.13897125,-0.020926,294880.65,294907.88,1022.92,1530.12,no,yes
9,-1.049509,0.29395717,-0.014842,294987.08,295014.72,1677.75,2029.11,no,yes
10,0.087267,0.93045997,0.001234,294767.89,294766.61,1051.87,1026.33,no,yes
11,0.204066,0.83830415,0.002886,295181.14,295160.33,7314.63,7104.72,no,yes
12,0.753789,0.45098619,0.010660,302531.55,302513.49,1969.93,1364.18,no,yes
13,0.774463,0.43867167,0.010953,295236.10,295215.22,2531.47,927.80,no,yes
14,-0.595758,0.55134513,-0.008425,294829.94,294847.97,1509.18,2623.48,no,yes
15,0.214562,0.83011118,0.003034,295068.05,295065.16,971.76,935.78,no,yes
16,0.331124,0.74055432,0.004683,295112.12,295106.79,1096.30,1178.75,no,yes
17,0.178192,0.85857433,0.002520,294919.11,294916.40,1150.35,999.95,no,yes
18,-0.070912,0.94346829,-0.001003,295176.64,295182.90,6203.63,6279.94,no,yes
19,-1.298705,0.19406085,-0.018366,294810.35,294829.53,923.43,1152.39,no,yes
20,0.351061,0.72554662,0.004965,294924.40,294916.74,1677.64,1397.51,no,yes
21,0.390618,0.69608361,0.005524,294861.62,294855.34,1251.31,1010.70,no,yes
22,-0.073058,0.94176060,-0.001033,295075.78,295077.22,1613.36,1120.55,no,yes
23,-0.360108,0.71876987,-0.005093,295071.79,295078.88,1382.75,1398.55,no,yes
24,-0.299177,0.76480840,-0.004231,300891.38,300917.38,6090.23,6203.51,no,yes
25,0.698891,0.48462901,0.009884,294873.61,294862.40,1292.20,949.72,no,yes
26,0.301168,0.76328988,0.004259,295099.81,295077.22,5545.35,5053.33,no,yes
27,0.194384,0.84587694,0.002749,294769.46,294766.75,1037.33,934.52,no,yes
28,-0.244910,0.80652888,-0.003464,295045.86,295049.76,1240.91,999.54,no,yes
29,-0.744450,0.45661344,-0.010528,294702.22,294711.52,814.14,947.18,no,yes
30,0.447364,0.65461747,0.006327,294775.93,294768.79,1174.08,1081.18,no,yes
31,-1.447981,0.14763889,-0.020478,294786.43,294809.72,992.95,1264.69,no,yes
32,-0.013632,0.98912399,-0.000193,295947.46,295950.59,16186.39,16309.37,no,yes
33,0.433901,0.66436473,0.006136,294777.26,294765.20,1953.02,1979.46,no,yes
34,0.722288,0.47012622,0.010215,294842.11,294830.09,1231.93,1118.97,no,yes
35,-0.429359,0.66766657,-0.006072,295052.77,295074.15,3104.88,3895.30,no,yes
36,-0.092331,0.92643586,-0.001306,294792.29,294793.80,1033.46,1258.40,no,yes
37,-0.727371,0.46700752,-0.010287,294886.72,294903.82,1666.90,1658.24,no,yes
38,-0.627080,0.53061404,-0.008868,294850.93,294860.30,921.43,1175.22,no,yes
39,0.022670,0.98191363,0.000321,294778.98,294778.67,944.76,985.54,no,yes
40,0.360137,0.71874834,0.005093,295048.94,295040.37,1697.22,1666.52,no,yes
41,1.097579,0.27240526,0.015522,294990.66,294956.07,2758.47,1524.93,no,yes
42,-0.053950,0.95697549,-0.000763,294841.44,294842.43,1266.27,1318.88,no,yes
43,0.189475,0.84972281,0.002680,295070.91,295061.50,3690.42,3321.43,no,yes
44,-0.642695,0.52042986,-0.009089,294979.46,294988.12,871.65,1027.51,no,yes
45,-0.142260,0.88687570,-0.002012,307511.75,307519.46,4038.91,3623.09,no,yes
46,-0.901023,0.36758772,-0.012742,294765.24,294784.53,1272.24,1721.56,no,yes
47,-0.026435,0.97891088,-0.000374,295059.27,295059.70,1230.73,1090.62,no,yes
48,-0.619065,0.53588072,-0.008755,294886.37,294896.55,1145.40,1179.76,no,yes
49,-0.788890,0.43018574,-0.011157,294870.62,294881.90,997.64,1023.65,no,yes
50,-1.194413,0.23233085,-0.016892,295048.76,295062.84,760.18,901.95,no,yes
51,-0.020089,0.98397224,-0.000284,294955.43,294955.72,1054.26,981.71,no,yes
52,0.482499,0.62945692,0.006824,294867.15,294849.42,2892.18,2267.65,no,yes
53,-0.266850,0.78958746,-0.003774,294881.07,294885.81,1319.74,1189.05,no,yes
54,-0.899635,0.36832560,-0.012723,294785.77,294806.15,1516.02,1682.89,no,yes
55,1.260966,0.20733620,0.017833,295089.36,295073.69,944.82,807.15,no,yes
56,1.034698,0.30082315,0.014633,294846.90,294829.75,1299.00,1028.87,no,yes
57,-0.656568,0.51146696,-0.009285,294840.61,294855.87,1318.21,1913.50,no,yes
58,0.580183,0.56179823,0.008205,294913.02,294898.19,2064.27,1506.82,no,yes
59,-0.668048,0.50411409,-0.009448,295284.49,295301.20,1032.66,2277.33,no,yes
60,0.204760,0.83776172,0.002896,294932.45,294929.49,1091.65,942.66,no,yes
61,0.551535,0.58127345,0.007800,294974.48,294963.50,1553.30,1244.75,no,yes
62,-0.204792,0.83773663,-0.002896,295200.33,295219.78,6575.53,6854.63,no,yes
63,0.054196,0.95677924,0.000766,294880.00,294879.31,881.31,922.13,no,yes
64,0.372962,0.70918080,0.005274,295318.28,295296.43,4374.47,3895.17,no,yes
65,0.212917,0.83139408,0.003011,294873.84,294871.08,994.73,832.06,no,yes
66,-0.432480,0.66539738,-0.006116,305421.13,305463.47,6514.71,7307.90,no,yes
67,-0.013200,0.98946872,-0.000187,302636.32,302636.49,980.56,807.88,no,yes
68,-0.415673,0.67765425,-0.005878,296695.44,296717.08,3252.25,4064.64,no,yes
69,0.009682,0.99227484,0.000137,295090.98,295090.77,1815.13,1311.11,no,yes
70,-0.294311,0.76852325,-0.004162,296357.27,296361.98,1259.68,987.34,no,yes
71,1.076071,0.28190857,0.015218,295090.54,295075.85,981.42,948.70,no,yes
72,-0.483447,0.62878366,-0.006837,294875.58,294883.61,1130.68,1218.54,no,yes
73,0.108763,0.91339130,0.001538,295339.12,295329.75,6185.80,6001.77,no,yes
74,-0.885820,0.37572559,-0.012527,295075.40,295095.19,1457.69,1693.31,no,yes
75,-0.178467,0.85835827,-0.002524,294792.88,294796.23,1330.42,1320.30,no,yes
76,0.837577,0.40227830,0.011845,294859.75,294848.03,1049.13,926.51,no,yes
77,0.859553,0.39004639,0.012156,294878.81,294866.73,1100.33,873.33,no,yes
78,0.641800,0.52101227,0.009076,295094.95,295074.44,2745.80,1634.07,no,yes
79,0.450555,0.65231500,0.006372,294945.97,294935.00,1722.50,1719.12,no,yes
80,0.646633,0.51787722,0.009145,295033.10,295025.02,925.67,839.86,no,yes
81,0.064734,0.94838612,0.000915,294982.46,294978.54,4652.23,3888.39,no,yes
82,1.028900,0.30354118,0.014551,294880.56,294860.87,1602.84,1045.31,no,yes
83,0.426025,0.67009437,0.006025,294909.22,294889.98,3286.45,3098.17,no,yes
84,0.090660,0.92776377,0.001282,294781.25,294779.43,1416.79,1419.43,no,yes
85,0.213020,0.83131390,0.003013,295238.98,295229.67,3672.92,2369.65,no,yes
86,-0.618038,0.53655733,-0.008740,295130.76,295152.22,2305.03,2597.73,no,yes
87,1.783129,0.07458196,0.025217,307498.88,307473.86,1138.78,819.93,no,yes
88,-0.399986,0.68917085,-0.005657,294861.01,294866.98,982.07,1124.57,no,yes
89,-0.110599,0.91193571,-0.001564,295125.91,295127.55,1043.39,1053.38,no,yes
90,0.456999,0.64767640,0.006463,294848.36,294841.55,1062.18,1046.30,no,yes
91,-0.026711,0.97869026,-0.000378,294980.60,294981.03,1136.91,1168.60,no,yes
92,-0.189855,0.84942504,-0.002685,295007.17,295012.26,1870.80,1919.72,no,yes
93,-0.409606,0.68209959,-0.005793,294853.85,294859.77,964.89,1078.17,no,yes
94,-0.177264,0.85930268,-0.002507,295180.81,295183.03,887.13,890.37,no,yes
95,-1.510049,0.13104795,-0.021355,294803.55,294831.21,1111.09,1456.24,no,yes
96,0.001003,0.99919966,0.000014,295034.24,295034.21,2005.65,1512.85,no,yes
97,0.153300,0.87816348,0.002168,295147.37,295144.93,1168.45,1085.29,no,yes
98,0.305766,0.75978622,0.004324,295033.74,295028.10,1454.93,1136.15,no,yes
99,0.734572,0.46260909,0.010388,294913.86,294904.52,901.42,895.61,no,yes
100,1.020566,0.30747430,0.014433,295112.63,295091.07,1764.22,1162.07,no,yes
101,0.289327,0.77233421,0.004092,294935.97,294931.54,1105.30,1059.02,no,yes
102,1.020019,0.30773306,0.014425,294868.67,294852.53,1289.72,916.73,no,yes
103,0.698146,0.48509407,0.009873,294836.68,294826.49,1073.62,988.63,no,yes
104,-0.454673,0.64934985,-0.006430,295165.75,295189.21,3206.94,4044.69,no,yes
105,1.627252,0.10370379,0.023013,294792.19,294749.46,2301.35,1264.61,no,yes
106,-0.433215,0.66486300,-0.006127,363876.23,363890.25,2172.66,2396.47,no,yes
107,0.330443,0.74106904,0.004673,294969.30,294962.34,1462.73,1514.83,no,yes
108,-0.602866,0.54660480,-0.008526,295195.87,295203.33,864.85,883.59,no,yes
109,0.564050,0.57272684,0.007977,295151.57,295144.11,1024.46,836.76,no,yes
110,-0.887006,0.37508672,-0.012544,295129.02,295143.22,1206.63,1051.94,no,yes
111,-0.569897,0.56875396,-0.008060,295011.71,295032.97,2634.34,2642.67,no,yes
112,-0.254528,0.79908998,-0.003600,294775.33,294780.25,1326.53,1404.89,no,yes
113,0.828655,0.40730959,0.011719,294888.38,294877.50,986.21,866.80,no,yes
114,-1.768329,0.07702179,-0.025008,307521.70,307547.56,928.57,1129.22,no,yes
115,0.323861,0.74604701,0.004580,294852.97,294847.47,1264.88,1133.49,no,yes
116,-0.060041,0.95212360,-0.000849,295102.67,295103.59,1018.96,1155.74,no,yes
117,-0.801350,0.42294012,-0.011333,295001.91,295016.72,996.65,1557.24,no,yes
118,-0.593249,0.55302091,-0.008390,295058.22,295066.57,986.24,1004.66,no,yes
119,0.531003,0.59542283,0.007510,294771.62,294764.08,1058.31,945.69,no,yes
120,-0.739343,0.45970819,-0.010456,294980.83,294999.96,1588.92,2043.43,no,yes
121,-0.526783,0.59835011,-0.007450,294834.02,294843.13,1191.54,1254.89,no,yes
122,0.490115,0.62405796,0.006931,295044.85,295031.53,2047.09,1787.87,no,yes
123,-0.020397,0.98372672,-0.000288,294917.81,294918.83,3152.84,3899.85,no,yes
124,1.275765,0.20205485,0.018042,294849.39,294829.23,1272.29,937.71,no,yes
125,-0.022932,0.98170490,-0.000324,295176.04,295177.26,3189.04,4220.16,no,yes
126,1.957596,0.05029202,0.027685,294740.28,294714.71,1023.18,811.83,no,yes
127,-0.664903,0.50612019,-0.009403,294956.55,294968.12,1162.34,1294.50,no,yes
128,0.332799,0.73928968,0.004706,295269.00,295264.19,999.98,1043.17,no,yes
129,-0.164844,0.86906876,-0.002331,295326.64,295334.33,3549.11,3029.74,no,yes
130,-1.337486,0.18107973,-0.018915,363879.02,363901.86,1094.20,1310.35,no,yes
131,-0.218360,0.82715121,-0.003088,294892.37,294897.40,1594.71,1664.19,no,yes
132,0.090389,0.92797882,0.001278,294786.88,294785.47,1107.69,1104.15,no,yes
133,0.145629,0.88421575,0.002060,295151.28,295138.33,6415.91,6154.39,no,yes
134,-0.301865,0.76275829,-0.004269,308885.26,308888.75,783.85,850.39,no,yes
135,0.302348,0.76239043,0.004276,294802.08,294795.74,1695.23,1235.50,no,yes
136,0.422891,0.67237972,0.005981,302813.94,302777.40,6458.26,5739.15,no,yes
137,0.249722,0.80280454,0.003532,295012.38,295009.35,865.63,850.68,no,yes
138,-0.362675,0.71685146,-0.005129,295031.27,295036.05,907.60,958.99,no,yes
139,0.387438,0.69843589,0.005479,294939.25,294934.29,935.17,875.69,no,yes
140,-0.329340,0.74190267,-0.004658,295001.67,295009.38,1902.16,1361.84,no,yes
141,0.069781,0.94436867,0.000987,294808.92,294807.17,1791.61,1752.57,no,yes
142,0.409019,0.68253030,0.005784,295057.75,295050.45,1349.09,1168.09,no,yes
143,0.327830,0.74304364,0.004636,295042.66,295037.92,1006.26,1040.26,no,yes
144,0.352167,0.72471712,0.004980,294819.99,294815.35,989.39,871.48,no,yes
145,1.301753,0.19301728,0.018410,305172.71,305152.67,1252.43,895.66,no,yes
146,-0.338309,0.73513409,-0.004784,294945.14,294964.87,3764.73,4452.56,no,yes
147,0.652387,0.51415996,0.009226,295078.05,295066.94,1388.14,984.78,no,yes
148,-0.252349,0.80077443,-0.003569,294877.41,294882.02,1116.42,1444.06,no,yes
149,-0.472034,0.63690746,-0.006676,295040.85,295047.06,948.35,912.76,no,yes
150,-0.653039,0.51373936,-0.009235,294848.37,294861.29,1199.97,1573.57,no,yes
151,0.392230,0.69489256,0.005547,295121.28,295114.58,1286.49,1124.57,no,yes
152,-0.476370,0.63381639,-0.006737,295106.19,295128.44,2989.26,3588.73,no,yes
153,-1.505951,0.13209606,-0.021297,294813.28,294836.13,963.74,1171.50,no,yes
154,-0.189414,0.84977036,-0.002679,295716.57,295718.91,871.55,873.31,no,yes
155,0.031988,0.97448167,0.000452,294952.74,294952.27,1133.35,947.76,no,yes
156,1.642642,0.10047415,0.023230,294820.43,294798.10,1098.36,800.78,no,yes
157,0.094086,0.92504213,0.001331,300573.72,300571.54,1363.35,1878.74,no,yes
158,-0.164668,0.86920736,-0.002329,307453.28,307458.44,2352.56,2067.31,no,yes
159,0.925740,0.35459230,0.013092,295091.28,295079.32,967.17,856.01,no,yes
160,-0.068573,0.94533041,-0.000970,294748.91,294750.00,1102.72,1136.53,no,yes
161,1.227867,0.21951178,0.017365,295132.29,295115.84,1036.93,848.24,no,yes
162,-0.696350,0.48621877,-0.009848,294941.35,294958.96,1402.03,2105.17,no,yes
163,1.328581,0.18401218,0.018789,294902.51,294859.85,3081.84,899.21,no,yes
164,-1.291763,0.19645527,-0.018268,294887.63,294908.35,962.81,1282.82,no,yes
165,0.700813,0.48342827,0.009911,294810.73,294793.10,1905.35,1642.49,no,yes
166,0.293436,0.76919169,0.004150,295092.55,295087.53,1256.65,1159.28,no,yes
167,-1.231409,0.21818722,-0.017415,294953.29,294975.55,943.60,1541.11,no,yes
168,-0.043756,0.96509972,-0.000619,294897.88,294898.65,1353.07,1109.02,no,yes
169,0.366286,0.71415540,0.005180,295089.91,295083.33,1275.42,1262.12,no,yes
170,0.483060,0.62905838,0.006832,294987.61,294980.57,1105.51,949.12,no,yes
171,-2.060317,0.03938249,-0.029137,294884.97,294924.31,1116.62,1548.55,yes,yes
172,-0.113638,0.90952570,-0.001607,294963.13,294972.96,6138.10,6098.25,no,yes
173,0.117755,0.90626291,0.001665,294901.98,294900.04,1206.76,1123.96,no,yes
174,-0.152611,0.87870658,-0.002158,295076.12,295083.79,3492.87,3612.54,no,yes
175,-1.105525,0.26894845,-0.015634,295113.85,295135.96,1021.52,1720.22,no,yes
176,-0.247258,0.80471083,-0.003497,295072.51,295094.01,5899.09,6389.48,no,yes
177,-0.704821,0.48093008,-0.009968,294938.21,294948.67,943.03,1146.84,no,yes
178,-0.402877,0.68704310,-0.005698,294964.82,294970.60,944.36,1077.61,no,yes
179,-0.530386,0.59585032,-0.007501,295163.73,295176.64,1594.00,1837.96,no,yes
180,-0.183745,0.85421528,-0.002599,294854.31,294856.70,916.50,921.37,no,yes
181,0.214694,0.83000804,0.003036,294878.45,294875.44,1043.13,934.78,no,yes
182,0.182760,0.85498808,0.002585,294776.64,294774.02,1043.97,981.12,no,yes
183,0.580982,0.56125911,0.008216,295800.35,295785.33,1876.45,1779.25,no,yes
184,-0.650565,0.51533619,-0.009200,294863.64,294903.07,3372.48,5034.91,no,yes
185,0.054385,0.95662897,0.000769,294908.62,294907.17,1863.52,1907.81,no,yes
186,-0.358438,0.72001951,-0.005069,295001.13,295009.43,1518.21,1745.56,no,yes
187,0.106901,0.91486862,0.001512,294942.55,294941.08,976.46,964.49,no,yes
188,0.029290,0.97663352,0.000414,295213.34,295210.27,7474.10,7349.22,no,yes
189,-0.322994,0.74670329,-0.004568,295369.88,295398.17,5917.29,6455.80,no,yes
190,0.112921,0.91009466,0.001597,294947.30,294945.15,1382.82,1307.39,no,yes
191,-0.576518,0.56427142,-0.008153,294845.75,294860.94,1809.25,1917.33,no,yes
192,0.371012,0.71063239,0.005247,295055.26,295050.52,891.85,914.52,no,yes
193,-0.044472,0.96452865,-0.000629,294869.67,294870.47,1457.24,1060.85,no,yes
194,0.326484,0.74406173,0.004617,294702.42,294697.90,1036.64,918.99,no,yes
195,-0.314217,0.75335923,-0.004444,295178.64,295186.07,1642.62,1697.97,no,yes
196,-0.262357,0.79304904,-0.003710,294974.61,294979.34,1183.97,1357.61,no,yes
197,0.345480,0.72973703,0.004886,294775.44,294771.08,890.95,892.37,no,yes
198,-0.227378,0.82013223,-0.003216,295137.14,295141.40,1216.82,1422.92,no,yes
199,0.176534,0.85987648,0.002497,294911.33,294908.80,1051.81,972.12,no,yes
200,-0.473276,0.63602145,-0.006693,294929.63,294944.71,2204.55,2299.25,no,yes
201,-0.718459,0.47248283,-0.010161,294838.47,294854.95,1612.87,1631.25,no,yes
202,0.503219,0.61481603,0.007117,295072.76,295066.89,852.12,797.43,no,yes
203,-0.028761,0.97705511,-0.000407,295076.47,295076.97,1304.64,1134.69,no,yes
204,-0.544767,0.58591966,-0.007704,294887.39,294896.03,1061.57,1179.66,no,yes
205,-0.581673,0.56079420,-0.008226,295114.98,295124.67,1015.07,1321.34,no,yes
206,0.012263,0.99021617,0.000173,295114.90,295114.71,1109.23,1046.46,no,yes
207,0.287707,0.77357463,0.004069,294829.08,294814.34,4299.51,2786.82,no,yes
208,-0.095238,0.92412705,-0.001347,295065.43,295066.79,934.59,1086.07,no,yes
209,-0.177632,0.85901379,-0.002512,295078.68,295081.82,1328.63,1168.20,no,yes
210,-0.278739,0.78044772,-0.003942,295283.82,295308.01,5894.77,6368.33,no,yes
211,-1.024572,0.30557919,-0.014490,294971.95,294988.26,894.60,1316.29,no,yes
212,0.789527,0.42981451,0.011166,294925.48,294908.24,1806.94,1226.36,no,yes
213,0.011789,0.99059441,0.000167,296352.45,296349.26,19091.55,19187.86,no,yes
214,1.587799,0.11234849,0.022455,294679.32,294657.94,1052.59,840.08,no,yes
215,1.032398,0.30189814,0.014600,294925.53,294909.25,1140.99,1087.86,no,yes
216,-1.245494,0.21296860,-0.017614,294811.01,294836.95,1019.59,1815.19,no,yes
217,-0.172903,0.86272956,-0.002445,294971.21,294975.82,1878.04,1889.54,no,yes
218,-0.870103,0.38425430,-0.012305,297868.58,297881.92,1071.86,1096.05,no,yes
219,0.566636,0.57096804,0.008013,295012.49,295000.96,1521.51,1350.47,no,yes
220,-0.353958,0.72337390,-0.005006,295060.41,295083.93,4498.86,4890.22,no,yes
221,-0.506293,0.61265726,-0.007160,295076.47,295085.41,994.01,1459.85,no,yes
222,-0.056605,0.95486049,-0.000801,295029.97,295035.09,6450.44,6346.66,no,yes
223,0.796130,0.42596583,0.011259,294888.14,294876.06,1146.29,994.96,no,yes
224,-0.564235,0.57260107,-0.007979,294881.28,294915.81,3833.16,4770.36,no,yes
225,0.117913,0.90613800,0.001668,294781.06,294778.73,1487.89,1299.58,no,yes
226,-0.192532,0.84732766,-0.002723,295266.29,295283.54,6275.99,6390.62,no,yes
227,0.116481,0.90727283,0.001647,295097.67,295087.50,6418.99,5922.25,no,yes
228,-0.676344,0.49883039,-0.009565,294953.47,294964.59,1167.02,1158.87,no,yes
229,-0.507411,0.61187241,-0.007176,294952.38,294968.46,2167.10,2313.80,no,yes
230,-0.126667,0.89920510,-0.001791,295281.54,295283.15,896.63,905.46,no,yes
231,-0.963762,0.33517806,-0.013630,294998.31,295013.67,938.19,1288.59,no,yes
232,0.281313,0.77847310,0.003978,294847.55,294844.14,892.01,821.15,no,yes
233,0.631142,0.52795557,0.008926,294942.52,294928.69,1726.03,1351.22,no,yes
234,-1.624116,0.10436786,-0.022968,305767.50,305821.64,2035.74,2639.64,no,yes
235,-0.423151,0.67218941,-0.005984,294849.65,294855.87,1021.86,1055.85,no,yes
236,1.523675,0.12761023,0.021548,301161.90,301136.38,1466.47,809.11,no,yes
237,0.994686,0.31990166,0.014067,294781.47,294766.14,1217.27,945.18,no,yes
238,1.255321,0.20938141,0.017753,294795.61,294767.26,1989.53,1068.06,no,yes
239,-0.697727,0.48535678,-0.009867,295090.85,295103.48,1056.27,1470.05,no,yes
240,0.338104,0.73528840,0.004782,295050.23,295045.45,1042.48,954.18,no,yes
241,0.015673,0.98749509,0.000222,294840.63,294839.90,3381.39,3196.49,no,yes
242,0.070959,0.94343089,0.001004,294871.94,294870.72,1077.41,1340.02,no,yes
243,0.525491,0.59924802,0.007432,294868.22,294857.23,1596.92,1351.27,no,yes
244,-0.122022,0.90288256,-0.001726,295281.81,295292.55,6273.49,6169.69,no,yes
245,0.479134,0.63184841,0.006776,295051.11,295043.52,1220.34,1009.01,no,yes
246,-0.043408,0.96537650,-0.000614,294965.36,294967.47,3537.94,3340.97,no,yes
247,-0.367692,0.71310666,-0.005200,295031.66,295036.88,921.39,1078.36,no,yes
248,-0.276985,0.78179439,-0.003917,295241.46,295265.53,5879.70,6395.55,no,yes
249,0.899150,0.36858443,0.012716,294815.45,294803.73,1042.19,783.74,no,yes
250,-0.480911,0.63058509,-0.006801,295002.89,295011.15,1138.70,1286.08,no,yes
251,-1.188312,0.23472508,-0.016805,294805.78,294849.91,2415.90,2820.05,no,yes
252,0.099187,0.92099121,0.001403,294910.70,294909.26,945.22,1095.17,no,yes
253,-0.384503,0.70061002,-0.005438,294856.43,294861.89,1069.83,933.52,no,yes
254,-0.302484,0.76228650,-0.004278,295056.31,295060.73,1101.71,962.93,no,yes
255,-0.702052,0.48265695,-0.009929,294862.74,294892.15,2074.77,3639.52,no,yes
256,-0.900823,0.36769554,-0.012740,294785.27,294827.68,2416.49,4040.04,no,yes
257,0.031795,0.97463574,0.000450,295142.99,295142.53,932.63,1083.32,no,yes
258,-0.298236,0.76552612,-0.004218,393156.34,393161.14,1261.04,1001.96,no,yes
259,-1.330645,0.18332372,-0.018818,294805.66,294844.49,1566.59,2462.24,no,yes
260,0.096333,0.92325712,0.001362,295012.25,295009.40,2065.55,2117.04,no,yes
261,-0.258184,0.79626758,-0.003651,294883.29,294887.11,1033.99,1060.62,no,yes
262,-0.681528,0.49554574,-0.009638,295069.77,295083.18,1212.03,1550.62,no,yes
263,-0.639222,0.52268590,-0.009040,295055.45,295064.91,1027.39,1064.44,no,yes
264,-0.382059,0.70242186,-0.005403,295379.10,295418.22,6889.47,7573.92,no,yes
265,0.643207,0.52009693,0.009096,295126.92,295116.46,1187.61,1110.67,no,yes
266,-0.079535,0.93660789,-0.001125,296095.16,296096.60,1261.81,1305.58,no,yes
267,0.323210,0.74653994,0.004571,294888.16,294872.46,3414.27,3454.02,no,yes
268,-0.554702,0.57910467,-0.007845,294861.07,294869.78,1075.74,1143.21,no,yes
269,-0.445635,0.65586587,-0.006302,294768.24,294775.54,1155.21,1160.91,no,yes
270,0.238745,0.81130592,0.003376,294769.84,294766.76,943.56,880.45,no,yes
271,-0.443684,0.65727682,-0.006275,294871.45,294883.74,1459.80,2353.39,no,yes
272,0.646508,0.51795826,0.009143,294959.28,294950.99,986.38,819.68,no,yes
273,0.553784,0.57973254,0.007832,295094.41,295087.29,909.46,910.45,no,yes
274,0.243081,0.80794534,0.003438,295098.27,295094.99,987.23,917.06,no,yes
275,-0.424960,0.67087044,-0.006010,294765.49,294777.99,2047.91,2111.81,no,yes
276,-0.397755,0.69081476,-0.005625,294754.95,294764.67,1708.21,1747.26,no,yes
277,-1.386900,0.16548813,-0.019614,295020.17,295043.74,1119.64,1279.15,no,yes
278,-0.455973,0.64841453,-0.006448,294966.40,294972.51,907.33,987.94,no,yes
279,-1.134922,0.25642462,-0.016050,294770.94,294799.05,1280.71,2119.99,no,yes
280,-0.794874,0.42669706,-0.011241,294900.08,294917.45,1298.66,1757.69,no,yes
281,-0.299418,0.76462399,-0.004234,295147.12,295164.61,3833.12,4407.97,no,yes
282,1.039093,0.29877422,0.014695,294895.99,294874.20,1550.00,1412.52,no,yes
283,-0.349159,0.72697426,-0.004938,295124.90,295141.70,2746.36,3949.35,no,yes
284,-0.630921,0.52809938,-0.008923,294753.38,294761.24,859.96,901.86,no,yes
285,0.463623,0.64292336,0.006557,295023.72,295016.35,1275.69,948.76,no,yes
286,-0.210053,0.83362846,-0.002971,295125.42,295143.94,6294.65,6179.48,no,yes
287,-0.942818,0.34578560,-0.013333,295012.56,295025.28,951.55,955.82,no,yes
288,-0.266542,0.78982488,-0.003769,294864.50,294868.26,990.00,1002.61,no,yes
289,-0.198052,0.84300675,-0.002801,295064.44,295067.27,972.29,1043.05,no,yes
290,0.337494,0.73574817,0.004773,295301.73,295272.26,6403.95,5937.24,no,yes
291,-0.004705,0.99624593,-0.000067,294868.71,294868.77,869.33,888.90,no,yes
292,0.351155,0.72547584,0.004966,294718.15,294713.83,896.10,843.06,no,yes
293,-0.551577,0.58124468,-0.007800,294766.49,294780.85,1749.55,1927.07,no,yes
294,-0.655011,0.51246853,-0.009263,294770.01,294779.36,1003.74,1014.38,no,yes
295,-0.219159,0.82652868,-0.003099,294985.89,294991.41,1901.26,1657.58,no,yes
296,-1.022058,0.30676613,-0.014454,294783.56,294799.25,1004.98,1161.24,no,yes
297,-0.289601,0.77212444,-0.004096,294928.84,294937.77,2085.68,2272.20,no,yes
298,-0.202922,0.83919789,-0.002870,294945.07,294955.91,3319.65,4186.00,no,yes
299,1.087961,0.27662587,0.015386,294785.61,294767.37,1301.29,1057.44,no,yes
300,0.101407,0.91922823,0.001434,295033.95,295028.75,3906.29,3309.04,no,yes
301,-0.180542,0.85672883,-0.002553,295122.95,295125.96,1056.72,1283.73,no,yes
302,0.091878,0.92679604,0.001299,295123.31,295117.96,4457.69,3743.39,no,yes
303,0.286093,0.77480978,0.004046,295108.51,295083.64,6195.28,6096.57,no,yes
304,-0.157453,0.87488946,-0.002227,294806.80,294809.05,1080.41,933.24,no,yes
305,0.535893,0.59203859,0.007579,295039.82,295030.42,1355.81,1111.95,no,yes
306,-0.678138,0.49769242,-0.009590,294754.40,294768.84,1572.34,1436.27,no,yes
307,-0.207438,0.83566975,-0.002934,295162.52,295180.52,6082.96,6186.09,no,yes
308,-0.584767,0.55871206,-0.008270,294862.11,294885.37,2248.82,3282.22,no,yes
309,0.147259,0.88292897,0.002083,294853.48,294850.01,1962.10,1304.02,no,yes
310,0.392791,0.69447917,0.005555,295271.34,295258.29,2838.64,1725.33,no,yes
311,0.439883,0.66002671,0.006221,294931.34,294911.33,3366.66,3057.87,no,yes
312,0.384135,0.70088287,0.005432,294768.91,294761.35,1462.10,1317.71,no,yes
313,0.051037,0.95929619,0.000722,294792.02,294789.72,3278.33,3088.67,no,yes
314,-0.485025,0.62766412,-0.006859,294732.38,294741.15,1409.72,1133.89,no,yes
315,-0.144639,0.88499769,-0.002045,294928.50,294935.66,3661.56,3331.70,no,yes
316,-0.495924,0.61995379,-0.007013,295069.70,295077.64,1062.76,1198.14,no,yes
317,-0.516796,0.60530439,-0.007309,294960.27,294987.47,3208.73,4170.03,no,yes
318,-1.461338,0.14393910,-0.020666,294774.78,294800.54,1110.97,1368.82,no,yes
319,-0.517625,0.60472650,-0.007320,295203.50,295213.43,1081.44,1585.63,no,yes
320,-0.063454,0.94940593,-0.000897,295414.98,295421.21,7010.29,6879.02,no,yes
321,-0.559265,0.57598687,-0.007909,294949.85,294993.59,5450.98,5607.48,no,yes
322,-0.319225,0.74955930,-0.004515,294825.94,294830.90,1174.60,1012.93,no,yes
323,-0.115025,0.90842632,-0.001627,295163.79,295174.01,6144.87,6420.61,no,yes
324,0.918170,0.35854118,0.012985,294911.56,294899.56,977.70,867.09,no,yes
325,-0.341438,0.73277781,-0.004829,295156.10,295161.17,1073.73,1028.61,no,yes
326,-1.019301,0.30807272,-0.014415,302514.70,302533.27,1181.36,1387.14,no,yes
327,-0.954015,0.34008742,-0.013492,294714.87,294727.31,903.51,940.11,no,yes
328,-0.912383,0.36157815,-0.012903,294922.22,294934.40,964.96,922.88,no,yes
329,-1.123721,0.26114524,-0.015892,294782.46,294803.14,1193.73,1400.01,no,yes
330,-0.172666,0.86291588,-0.002442,294889.34,294892.45,1317.08,1222.59,no,yes
331,-0.142470,0.88670999,-0.002015,294868.31,294870.87,1272.71,1272.81,no,yes
332,0.006140,0.99510121,0.000087,294806.57,294806.49,1057.38,891.07,no,yes
333,-0.129504,0.89696008,-0.001831,294744.52,294746.34,952.94,1031.36,no,yes
334,-0.438636,0.66093020,-0.006203,294922.25,294928.68,929.88,1134.94,no,yes
335,-0.466282,0.64101943,-0.006594,294822.73,294835.15,1590.19,2135.26,no,yes
336,-0.794096,0.42714946,-0.011230,294809.10,294825.50,1252.19,1641.79,no,yes
337,-0.413129,0.67951630,-0.005843,295089.41,295095.30,952.08,1061.73,no,yes
338,-1.658117,0.09730976,-0.023449,294980.16,295023.22,1718.64,1946.70,no,yes
339,0.398145,0.69052779,0.005631,294969.75,294962.76,1131.53,1341.10,no,yes
340,-0.483953,0.62842492,-0.006844,294909.58,294919.61,1373.23,1551.37,no,yes
341,0.895373,0.37059907,0.012662,294974.46,294962.40,1063.63,824.97,no,yes
342,1.228912,0.21912529,0.017379,294855.96,294788.79,4960.96,2294.64,no,yes
343,-1.143396,0.25288829,-0.016170,294751.75,294767.31,895.01,1025.29,no,yes
344,-1.145723,0.25192387,-0.016203,295017.75,295032.78,835.04,1012.16,no,yes
345,0.375269,0.70746441,0.005307,295071.55,295064.89,1255.09,1256.22,no,yes
346,0.785944,0.43190973,0.011115,294754.41,294743.91,956.93,932.96,no,yes
347,-0.794253,0.42705937,-0.011232,295071.63,295093.21,1483.43,2276.67,no,yes
348,-1.738161,0.08219855,-0.024581,294954.83,294977.27,803.14,1010.66,no,yes
349,1.870851,0.06138511,0.026458,294834.46,294760.87,3489.65,1815.18,no,yes
350,1.910182,0.05612664,0.027014,294822.89,294787.02,1586.19,1005.41,no,yes
351,1.311170,0.18982939,0.018543,295350.10,294934.19,31402.84,4477.69,no,yes
352,0.044819,0.96425165,0.000634,295083.82,295082.44,2289.58,2036.93,no,yes
353,0.198909,0.84233641,0.002813,294876.87,294872.44,1796.02,1317.52,no,yes
354,-0.252540,0.80062596,-0.003571,294851.02,294854.72,1005.26,1064.86,no,yes
355,-0.074264,0.94080128,-0.001050,295129.37,295133.09,3515.36,3568.86,no,yes
356,-0.909839,0.36291934,-0.012867,295052.30,295073.95,1412.33,1914.66,no,yes
357,-0.132350,0.89470883,-0.001872,295489.46,295501.15,6337.87,6147.76,no,yes
358,0.186880,0.85175667,0.002643,294989.72,294986.27,1482.97,1099.95,no,yes
359,-1.532103,0.12551295,-0.021667,304384.00,304402.74,812.14,914.92,no,yes
360,1.379833,0.16765399,0.019514,295117.45,295094.88,1264.39,1037.50,no,yes
361,-1.499188,0.13384128,-0.021202,295207.48,295228.71,900.66,1092.40,no,yes
362,0.316057,0.75196257,0.004470,294889.60,294885.49,894.71,945.20,no,yes
363,0.540592,0.58879494,0.007645,295112.38,295105.71,899.08,846.28,no,yes
364,-0.751228,0.45252461,-0.010624,294941.61,294965.43,2003.22,2457.03,no,yes
365,-0.526948,0.59823640,-0.007452,294878.40,294887.17,980.83,1345.42,no,yes
366,-0.352045,0.72480813,-0.004979,294818.31,294823.76,1049.12,1139.44,no,yes
367,0.830218,0.40642808,0.011741,295101.32,295086.77,1534.69,846.19,no,yes
368,-1.654934,0.09796422,-0.023404,294720.91,294787.65,1186.27,3853.98,no,yes
369,1.270375,0.20396857,0.017966,295042.42,295009.90,2161.41,1371.54,no,yes
370,0.025319,0.97980055,0.000358,295222.57,295221.19,4094.24,3587.59,no,yes
371,-0.045537,0.96368003,-0.000644,294776.04,294778.16,3292.30,3283.00,no,yes
372,1.302712,0.19269045,0.018423,295024.15,295002.19,1408.17,927.69,no,yes
373,0.643086,0.52017580,0.009095,295066.39,295047.86,2205.87,1853.76,no,yes
374,0.595506,0.55151240,0.008422,295153.11,295144.43,1130.19,920.85,no,yes
375,-0.007741,0.99382346,-0.000109,295073.13,295073.24,987.66,1008.96,no,yes
376,0.554175,0.57946534,0.007837,303812.36,303805.05,966.02,898.90,no,yes
377,0.229138,0.81876436,0.003240,302816.67,302813.19,1183.86,951.68,no,yes
378,0.028303,0.97742044,0.000400,294796.01,294795.50,1461.80,1018.12,no,yes
379,-1.047434,0.29492107,-0.014813,294957.93,294995.06,1000.89,3401.15,no,yes
380,-0.061769,0.95074722,-0.000874,305538.53,305539.45,978.01,1131.89,no,yes
381,0.167494,0.86698285,0.002369,295033.94,295031.68,974.32,933.01,no,yes
382,-0.311266,0.75560146,-0.004402,295107.62,295135.26,6204.60,6353.04,no,yes
383,0.736482,0.46144633,0.010415,295740.59,295730.92,997.11,854.83,no,yes
384,-0.978030,0.32807167,-0.013831,295057.92,295071.50,871.86,1081.28,no,yes
385,1.307600,0.19102415,0.018492,294899.97,294877.75,1270.31,1128.60,no,yes
386,-0.033079,0.97361208,-0.000468,294950.44,294950.88,1018.35,866.03,no,yes
387,0.207561,0.83557399,0.002935,295057.86,295055.33,910.29,811.51,no,yes
388,1.100813,0.27099140,0.015568,295091.61,295077.35,981.60,844.59,no,yes
389,-0.671645,0.50181796,-0.009498,294719.16,294731.83,1138.38,1504.67,no,yes
390,0.981692,0.32626376,0.013883,294907.91,294888.27,1495.99,1328.29,no,yes
391,1.203181,0.22892215,0.017016,297812.01,297790.23,1476.93,1046.38,no,yes
392,0.097924,0.92199351,0.001385,295090.74,295089.02,1050.09,1414.62,no,yes
393,-0.582283,0.56038257,-0.008235,295112.21,295121.78,1076.39,1242.10,no,yes
394,-0.665565,0.50569690,-0.009413,294756.80,294766.17,891.90,1089.45,no,yes
395,-0.386366,0.69922980,-0.005464,294958.45,294964.71,1053.92,1231.08,no,yes
396,-0.595950,0.55121550,-0.008428,294745.25,294754.35,1088.80,1069.92,no,yes
397,0.058271,0.95353313,0.000824,294945.58,294944.71,1043.81,1050.15,no,yes
398,0.802538,0.42225127,0.011350,294768.16,294751.13,1560.34,1438.91,no,yes
399,-0.777873,0.43665315,-0.011001,295060.71,295070.12,835.56,875.65,no,yes
400,-0.686015,0.49271200,-0.009702,294981.71,294990.14,799.39,933.90,no,yes
401,-0.581578,0.56085783,-0.008225,294996.61,295007.04,1104.60,1411.06,no,yes
402,-0.449050,0.65340080,-0.006351,295307.66,295314.35,1079.20,1027.62,no,yes
403,0.381681,0.70270249,0.005398,294990.28,294980.23,2013.03,1696.14,no,yes
404,0.902720,0.36668558,0.012766,295014.07,294991.03,1967.38,1625.72,no,yes
405,1.655277,0.09788437,0.023409,307510.73,307488.43,1018.86,881.85,no,yes
406,-0.753193,0.45134379,-0.010652,294793.77,294807.91,1090.92,1527.88,no,yes
407,-1.003797,0.31548860,-0.014196,295015.43,295032.99,1243.81,1229.86,no,yes
408,0.473610,0.63578336,0.006698,294723.34,294715.57,1292.12,1012.09,no,yes
409,0.042499,0.96610144,0.000601,295051.15,295050.53,1075.06,995.55,no,yes
410,0.080457,0.93587494,0.001138,393306.02,393302.09,3658.85,3224.27,no,yes
411,0.581839,0.56068178,0.008228,294931.33,294917.52,1854.43,1480.93,no,yes
412,0.279413,0.77993117,0.003951,294999.56,294985.01,3589.13,3774.91,no,yes
413,0.492853,0.62212208,0.006970,294856.58,294850.86,824.86,815.57,no,yes
414,-0.475176,0.63466679,-0.006720,294984.15,295010.93,3464.08,4443.39,no,yes
415,-0.762437,0.44580848,-0.010782,295035.75,295046.11,937.46,982.77,no,yes
416,-0.393764,0.69375948,-0.005569,363858.74,363864.45,955.52,1091.04,no,yes
417,0.334494,0.73801020,0.004730,295050.80,295046.71,922.73,802.02,no,yes
418,1.107797,0.26796326,0.015667,295080.08,295066.09,981.81,794.64,no,yes
419,0.790128,0.42946718,0.011174,294852.13,294821.65,3580.86,1434.11,no,yes
420,0.203476,0.83876479,0.002878,294972.92,294968.32,1713.28,1475.47,no,yes
421,0.190490,0.84892686,0.002694,295079.36,295076.18,1142.17,1215.90,no,yes
422,-0.323699,0.74616916,-0.004578,294848.40,294854.68,1375.60,1364.78,no,yes
423,-0.452612,0.65083402,-0.006401,295107.96,295114.88,863.14,1261.98,no,yes
424,0.010519,0.99160693,0.000149,295044.98,295044.05,6264.22,6177.69,no,yes
425,-0.158236,0.87427210,-0.002238,294857.87,294860.28,1127.55,1023.85,no,yes
426,0.015319,0.98777752,0.000217,317466.77,317450.94,73092.50,73073.91,no,yes
427,-0.896662,0.36991046,-0.012681,295026.08,295047.41,1795.68,1560.86,no,yes
428,-1.083436,0.27862856,-0.015322,294842.14,294858.14,955.75,1124.94,no,yes
429,-1.080436,0.27996200,-0.015280,295069.93,295085.72,898.15,1152.84,no,yes
430,0.109717,0.91263455,0.001552,295060.64,295058.83,1065.87,1250.64,no,yes
431,-0.243878,0.80732789,-0.003449,295051.09,295063.78,3752.70,3605.21,no,yes
432,-0.833111,0.40479225,-0.011782,294899.94,294924.41,2022.51,2130.17,no,yes
433,-0.838671,0.40166397,-0.011861,294909.21,294951.97,3325.33,3865.41,no,yes
434,0.261657,0.79358849,0.003700,294875.79,294872.57,793.17,941.35,no,yes
435,0.561871,0.57421048,0.007946,294829.03,294820.96,1007.08,1024.10,no,yes
436,0.351554,0.72517672,0.004972,294809.42,294804.75,979.88,897.83,no,yes
437,-0.153845,0.87773330,-0.002176,295759.95,295773.51,6098.68,6358.51,no,yes
438,-0.333049,0.73910054,-0.004710,295083.37,295092.47,1854.49,2007.59,no,yes
439,-0.042816,0.96584899,-0.000606,294788.14,294788.78,1122.05,983.37,no,yes
440,1.192014,0.23327361,0.016858,294886.68,294861.37,1843.01,1055.10,no,yes
441,0.136505,0.89142316,0.001930,295377.17,295365.02,6401.93,6179.95,no,yes
442,-1.439901,0.14991115,-0.020363,295100.62,295119.12,867.82,947.18,no,yes
443,-0.406694,0.68423688,-0.005752,294904.56,294911.92,1218.21,1338.63,no,yes
444,-0.265936,0.79029149,-0.003761,294858.34,294862.30,978.72,1121.66,no,yes
445,-0.361085,0.71804001,-0.005107,294749.31,294755.58,1032.28,1397.42,no,yes
446,-0.383261,0.70153003,-0.005420,295134.91,295140.17,933.13,1007.75,no,yes
447,-0.472603,0.63650157,-0.006684,294796.37,294804.54,1325.55,1110.08,no,yes
448,0.045608,0.96362335,0.000645,295093.53,295092.10,2178.26,2259.50,no,yes
449,0.786320,0.43169023,0.011120,295044.93,295028.16,1712.04,1272.47,no,yes
450,0.136120,0.89172827,0.001925,294935.02,294928.88,3622.02,2697.55,no,yes
451,1.405311,0.15994567,0.019874,295121.31,295097.98,1332.11,989.77,no,yes
452,-1.946835,0.05156988,-0.027532,294913.53,294942.94,880.78,1227.36,no,yes
453,0.297300,0.76624086,0.004204,294885.12,294878.43,1577.38,1603.76,no,yes
454,0.990225,0.32207622,0.014004,295046.09,295031.66,1027.20,1033.83,no,yes
455,-0.434173,0.66416809,-0.006140,295068.25,295075.72,1008.36,1393.48,no,yes
456,-0.437411,0.66181809,-0.006186,295076.25,295081.60,831.02,896.22,no,yes
457,0.437087,0.66205310,0.006181,294753.55,294747.78,975.52,891.64,no,yes
458,0.104324,0.91691372,0.001475,295085.18,295083.16,1601.61,1091.54,no,yes
459,-0.816307,0.41433424,-0.011544,294929.01,294949.46,1705.67,1834.27,no,yes
460,-0.368296,0.71265634,-0.005208,295108.11,295114.49,1343.59,1092.76,no,yes
461,-0.669924,0.50291575,-0.009474,294977.66,294989.55,907.38,1525.21,no,yes
462,0.115844,0.90777722,0.001638,294875.93,294874.04,1207.22,1097.20,no,yes
463,-0.741248,0.45855193,-0.010483,295016.75,295026.61,891.66,986.64,no,yes
464,0.862815,0.38825170,0.012202,295076.37,295059.41,1678.72,1023.92,no,yes
465,0.157388,0.87494085,0.002226,295077.18,295072.28,2269.32,2129.02,no,yes
466,-0.010862,0.99133405,-0.000154,294894.30,294894.53,1301.47,1642.31,no,yes
467,-0.015302,0.98779169,-0.000216,296093.26,296093.47,1014.76,958.58,no,yes
468,-0.812313,0.41662176,-0.011488,295031.30,295041.45,867.42,899.37,no,yes
469,0.685726,0.49289414,0.009698,295070.36,295039.00,3579.56,2845.78,no,yes
470,-0.532372,0.59447407,-0.007529,295093.04,295108.45,2041.67,2053.16,no,yes
471,0.006409,0.99488648,0.000091,295059.20,295058.85,3880.08,3764.98,no,yes
472,-0.768280,0.44233024,-0.010865,295076.02,295091.49,1351.58,1491.51,no,yes
473,-0.665203,0.50592829,-0.009407,294785.30,294795.88,1031.31,1211.16,no,yes
474,0.076159,0.93929312,0.001077,295102.70,295100.78,1861.21,1705.50,no,yes
475,0.273472,0.78449290,0.003867,294898.07,294894.04,1057.95,1026.16,no,yes
476,2.230869,0.02570232,0.031549,294851.65,294821.97,1100.08,747.74,yes,yes
477,-0.425470,0.67049851,-0.006017,294867.64,294873.28,947.66,926.22,no,yes
478,-1.596547,0.11038522,-0.022579,294807.50,294837.36,1017.27,1569.57,no,yes
479,-1.095562,0.27328469,-0.015494,294843.74,294860.97,928.60,1268.91,no,yes
480,0.247228,0.80473452,0.003496,295046.01,295042.88,937.23,849.82,no,yes
481,-0.480729,0.63071407,-0.006799,294920.56,294926.51,855.93,895.30,no,yes
482,-0.633071,0.52669487,-0.008953,295037.24,295045.97,888.07,1055.03,no,yes
483,1.119833,0.26279870,0.015837,295160.75,295144.78,1078.26,933.39,no,yes
484,-1.444934,0.14849843,-0.020434,294954.90,295032.22,2261.83,4848.89,no,yes
485,-0.429524,0.66754631,-0.006074,294902.07,294910.78,1418.78,1449.10,no,yes
486,-0.375024,0.70764663,-0.005304,295010.80,295029.13,3893.30,2951.72,no,yes
487,1.016760,0.30928070,0.014379,295205.02,295178.98,2005.42,1592.78,no,yes
488,0.101314,0.91930214,0.001433,294885.33,294883.78,1094.96,1070.59,no,yes
489,0.440087,0.65987898,0.006224,295080.94,295075.29,839.59,969.93,no,yes
490,1.028713,0.30362707,0.014548,294822.60,294809.26,947.92,884.91,no,yes
491,0.247365,0.80462825,0.003498,295096.72,295093.29,944.72,1014.72,no,yes
492,-0.091950,0.92673877,-0.001300,294926.95,294928.14,876.96,949.99,no,yes
493,0.576409,0.56434502,0.008152,294837.49,294830.26,927.10,845.72,no,yes
494,0.413687,0.67910778,0.005850,295502.75,295496.51,1067.69,1065.59,no,yes
495,-0.582430,0.56028380,-0.008237,393170.94,393179.04,892.68,1066.48,no,yes
496,-1.235162,0.21678469,-0.017468,295048.83,295068.45,1172.01,1071.18,no,yes
497,1.397389,0.16231309,0.019762,294892.26,294867.72,1390.12,1073.15,no,yes
498,0.244845,0.80657903,0.003463,294942.06,294936.86,1584.15,1415.35,no,yes
499,-0.340196,0.73371244,-0.004811,294797.23,294801.95,1001.91,963.54,no,yes
500,-0.152320,0.87893599,-0.002154,295266.80,295280.39,6092.33,6520.16,no,yes
501,-0.743718,0.45705581,-0.010518,294887.09,294900.21,1145.62,1341.49,no,yes
502,-0.731583,0.46443182,-0.010346,294948.55,294958.50,915.48,1006.34,no,yes
503,0.397666,0.69088083,0.005624,294958.42,294952.05,1139.49,1125.11,no,yes
504,-0.510255,0.60987884,-0.007216,295073.87,295084.24,1303.68,1556.78,no,yes
505,-0.765074,0.44423713,-0.010820,294825.48,294836.77,922.97,1150.37,no,yes
506,0.210947,0.83293125,0.002983,294743.70,294740.33,1316.12,904.88,no,yes
507,0.566812,0.57084868,0.008016,294804.41,294790.03,1934.29,1642.59,no,yes
508,-0.197674,0.84330184,-0.002796,294953.46,294957.55,1539.88,1382.62,no,yes
509,0.126696,0.89918256,0.001792,294865.62,294863.67,1042.94,1129.10,no,yes
510,0.685422,0.49308739,0.009693,294832.48,294819.82,1563.47,982.91,no,yes
511,-0.476649,0.63361750,-0.006741,296158.42,296167.93,1249.40,1557.73,no,yes
512,-0.002149,0.99828538,-0.000030,294909.38,294909.46,3505.31,1447.64,no,yes
513,-0.273048,0.78481895,-0.003861,308968.55,308991.71,5925.32,6065.97,no,yes
514,-0.400077,0.68910444,-0.005658,294748.35,294753.65,843.60,1022.42,no,yes
515,0.120982,0.90370621,0.001711,295105.87,295103.50,1444.01,1327.44,no,yes
516,0.396529,0.69171957,0.005608,294870.35,294863.57,1332.48,1070.83,no,yes
517,-1.763595,0.07781830,-0.024941,307394.17,307422.21,852.42,1342.09,no,yes
518,-0.437142,0.66201314,-0.006182,294815.41,294821.30,934.44,971.09,no,yes
519,-0.268804,0.78808304,-0.003801,294886.15,294889.99,1071.43,942.11,no,yes
520,-0.913219,0.36113961,-0.012915,295081.61,295100.88,1225.42,1717.52,no,yes
521,-0.682901,0.49467714,-0.009658,295107.93,295118.13,991.73,1116.69,no,yes
522,-0.046876,0.96261259,-0.000663,295057.23,295059.57,3152.36,3859.89,no,yes
523,-0.902474,0.36681625,-0.012763,294905.01,294917.58,917.71,1047.95,no,yes
524,-0.372465,0.70955060,-0.005267,295200.10,295213.58,2369.74,2733.31,no,yes
525,1.065172,0.28681176,0.015064,295004.69,294984.20,1521.57,1177.08,no,yes
526,1.410297,0.15847004,0.019945,295023.04,295001.11,1305.02,845.10,no,yes
527,0.602482,0.54685990,0.008520,294809.70,294800.85,995.38,1081.02,no,yes
528,-1.442558,0.14916561,-0.020401,294838.58,294916.13,2508.85,4754.40,no,yes
529,0.534631,0.59291191,0.007561,295073.98,295061.09,1986.06,1367.04,no,yes
530,2.048404,0.04053382,0.028969,295133.44,295103.56,1108.85,947.80,yes,yes
531,0.295139,0.76789071,0.004174,294815.26,294811.03,974.99,1049.97,no,yes
532,-0.366695,0.71385077,-0.005186,294841.10,294853.53,2085.98,2669.47,no,yes
533,0.033824,0.97301806,0.000478,294919.33,294918.80,1092.84,1118.83,no,yes
534,0.133464,0.89382814,0.001887,295040.14,295038.32,1019.90,909.27,no,yes
535,0.290715,0.77127356,0.004111,294760.16,294752.30,2390.70,1267.21,no,yes
536,-1.294394,0.19554537,-0.018305,294857.54,294878.92,991.45,1321.32,no,yes
537,-0.104916,0.91644382,-0.001484,294872.28,294873.64,930.63,899.36,no,yes
538,-0.359638,0.71912172,-0.005086,295518.99,295552.35,6193.44,6905.24,no,yes
539,0.132272,0.89477085,0.001871,302646.12,302643.63,1398.98,1255.32,no,yes
540,-0.187695,0.85111747,-0.002654,295074.95,295077.31,897.80,878.54,no,yes
541,-0.027172,0.97832273,-0.000384,295083.37,295085.05,4379.91,4358.67,no,yes
542,0.477301,0.63315273,0.006750,294807.32,294800.94,949.49,940.96,no,yes
543,0.373515,0.70876900,0.005282,295041.69,295036.72,910.62,971.22,no,yes
544,1.175900,0.23965177,0.016630,294865.43,294843.78,1564.45,970.88,no,yes
545,-0.453126,0.65046306,-0.006408,302860.66,302883.47,3885.84,3202.31,no,yes
546,-1.726162,0.08433538,-0.024412,294947.97,294985.49,1251.62,1777.02,no,yes
547,-1.391843,0.16398589,-0.019684,294833.89,294853.62,913.35,1084.42,no,yes
548,-0.426866,0.66948172,-0.006037,294776.53,294785.63,1645.31,1356.76,no,yes
549,0.661091,0.50856188,0.009349,294836.83,294828.77,884.36,837.65,no,yes
550,-0.284760,0.77583116,-0.004027,294910.68,294923.77,3156.39,3340.40,no,yes
551,1.415660,0.15689228,0.020020,295111.48,295080.95,1744.16,1267.75,no,yes
552,-0.023078,0.98158804,-0.000326,295040.77,295041.09,934.48,1030.24,no,yes
553,0.478538,0.63227240,0.006768,295147.09,295140.28,1084.30,924.40,no,yes
554,1.171689,0.24133682,0.016570,295079.26,295060.55,1270.68,967.83,no,yes
555,-0.352861,0.72419639,-0.004990,295413.56,295444.81,6254.51,6272.25,no,yes
556,0.245568,0.80601939,0.003473,294795.97,294792.13,1166.87,1038.29,no,yes
557,1.059276,0.28948681,0.014980,303875.85,303858.75,1169.76,1112.73,no,yes
558,0.553598,0.57986028,0.007829,295130.42,295122.43,1134.75,891.77,no,yes
559,0.387534,0.69836539,0.005481,294989.41,294983.43,1207.03,962.07,no,yes
560,-0.296339,0.76697443,-0.004191,295057.78,295061.82,951.48,978.43,no,yes
561,-1.463345,0.14338885,-0.020695,295470.93,295487.37,821.70,766.13,no,yes
562,-0.899558,0.36836850,-0.012722,294960.89,294983.88,1327.72,2183.04,no,yes
563,-0.720344,0.47132172,-0.010187,295089.13,295103.85,1464.86,1423.29,no,yes
564,0.076253,0.93921896,0.001078,295080.57,295078.63,2294.15,1120.32,no,yes
565,-0.806676,0.41986311,-0.011408,295087.19,295100.44,1091.55,1227.49,no,yes
566,0.391840,0.69518037,0.005541,294860.41,294854.94,1032.29,938.19,no,yes
567,-0.288858,0.77269296,-0.004085,295156.59,295163.38,1619.49,1705.89,no,yes
568,0.368600,0.71242971,0.005213,294867.74,294861.96,1143.97,1074.88,no,yes
569,0.048633,0.96121227,0.000688,294728.74,294727.85,1333.19,1254.24,no,yes
570,-2.611592,0.00902045,-0.036933,294950.43,294988.37,742.85,1248.51,yes,yes
571,1.346577,0.17813197,0.019043,294880.31,294862.28,996.12,894.57,no,yes
572,0.204506,0.83796018,0.002892,295111.50,295093.29,6270.24,6319.60,no,yes
573,-1.144698,0.25234847,-0.016188,294796.77,294810.91,787.12,950.97,no,yes
574,-1.160856,0.24571612,-0.016417,294887.56,294905.36,861.97,1268.20,no,yes
575,-0.206898,0.83609135,-0.002926,295090.99,295093.86,991.71,970.87,no,yes
576,0.415370,0.67787568,0.005874,295099.32,295093.94,975.05,851.79,no,yes
577,0.139786,0.88883051,0.001977,295176.40,295169.32,3817.68,3327.11,no,yes
578,-1.288048,0.19774439,-0.018216,294973.16,294992.13,956.86,1119.82,no,yes
579,0.722896,0.46975311,0.010223,294995.77,294979.95,1786.74,1263.31,no,yes
580,-0.156931,0.87530072,-0.002219,294959.84,294962.59,1270.66,1212.18,no,yes
581,0.812770,0.41635963,0.011494,294814.12,294802.41,1084.99,947.04,no,yes
582,-0.670276,0.50268973,-0.009479,296275.40,296287.76,1204.64,1396.31,no,yes
583,-0.545565,0.58537130,-0.007715,295080.00,295099.19,2374.18,2595.83,no,yes
584,-0.247113,0.80482336,-0.003495,294885.89,294891.30,1516.18,1582.20,no,yes
585,-0.098766,0.92132507,-0.001397,294873.93,294875.52,1008.90,1253.99,no,yes
586,0.057946,0.95379226,0.000819,294855.33,294854.58,967.15,867.92,no,yes
587,0.388769,0.69745154,0.005498,294911.02,294905.20,902.15,1195.66,no,yes
588,0.356987,0.72110603,0.005049,307449.69,307443.74,1387.50,923.78,no,yes
589,0.065699,0.94761786,0.000929,294873.65,294872.60,1160.12,1111.60,no,yes
590,-0.605180,0.54506659,-0.008559,295050.69,295058.70,929.38,941.49,no,yes
591,0.386021,0.69948532,0.005459,295093.13,295087.20,1211.43,945.20,no,yes
592,-0.566735,0.57090032,-0.008015,294815.66,294824.46,1067.10,1128.71,no,yes
593,-0.036745,0.97068882,-0.000520,295135.85,295139.14,6257.16,6389.88,no,yes
594,-0.167860,0.86669535,-0.002374,294832.98,294840.78,3317.75,3256.90,no,yes
595,0.744891,0.45634634,0.010534,294795.75,294786.21,961.65,847.49,no,yes
596,-0.799723,0.42388052,-0.011310,294878.52,294890.06,1021.72,1018.49,no,yes
597,-0.179062,0.85789095,-0.002532,294843.45,294845.59,831.91,862.85,no,yes
598,-0.104684,0.91662731,-0.001480,297174.32,297212.59,25685.59,26011.75,no,yes
599,-0.135353,0.89233397,-0.001914,295125.13,295127.44,1314.23,1087.74,no,yes
600,0.592357,0.55361863,0.008377,295106.25,295096.37,1284.25,1065.42,no,yes
601,-0.534901,0.59272458,-0.007565,302742.06,302754.89,1625.69,1762.82,no,yes
602,0.565791,0.57154210,0.008001,294923.85,294916.86,896.17,848.78,no,yes
603,0.029257,0.97665963,0.000414,294822.27,294821.88,869.92,978.67,no,yes
604,1.309507,0.19037783,0.018519,295019.69,294998.32,1109.15,1196.45,no,yes
605,0.417738,0.67614333,0.005908,295041.54,295034.95,1179.80,1049.98,no,yes
606,0.267194,0.78932259,0.003779,294855.98,294851.02,1298.02,1325.29,no,yes
607,-1.304211,0.19217847,-0.018444,294742.83,294765.79,1000.13,1448.10,no,yes
608,0.085272,0.93204638,0.001206,294856.26,294854.97,1104.09,1028.71,no,yes
609,2.258462,0.02392786,0.031939,295086.80,295053.71,947.15,1117.80,yes,yes
610,-0.851174,0.39468276,-0.012037,295076.17,295087.49,905.75,973.47,no,yes
611,0.881827,0.37788099,0.012471,295077.80,295064.58,1092.06,1027.67,no,yes
612,0.321367,0.74793611,0.004545,295003.19,294996.79,1639.51,1128.65,no,yes
613,-1.607260,0.10802051,-0.022730,294752.10,294793.12,1017.65,2340.56,no,yes
614,-1.087428,0.27686226,-0.015379,295028.48,295050.38,1153.36,1650.26,no,yes
615,-0.202359,0.83963792,-0.002862,294984.18,294993.61,3188.12,3392.68,no,yes
616,-0.457474,0.64733520,-0.006470,294872.29,294881.46,1371.64,1462.87,no,yes
617,-0.403490,0.68659203,-0.005706,294865.22,294871.46,1063.42,1120.67,no,yes
618,-0.360194,0.71870559,-0.005094,294728.22,294736.14,1477.65,1628.52,no,yes
619,-0.861897,0.38875546,-0.012189,294872.48,294888.37,1061.84,1507.64,no,yes
620,-0.799330,0.42410855,-0.011304,294931.06,294940.92,839.02,903.91,no,yes
621,-0.160487,0.87249887,-0.002270,295069.63,295071.71,852.55,977.66,no,yes
622,-0.047500,0.96211503,-0.000672,295065.95,295066.82,1490.60,1067.93,no,yes
623,-0.246988,0.80492037,-0.003493,295095.51,295098.74,912.12,933.99,no,yes
624,-0.019647,0.98432542,-0.000278,295080.51,295080.79,972.57,1025.67,no,yes
625,-0.768137,0.44241520,-0.010863,294857.11,294866.03,762.94,875.93,no,yes
626,0.191314,0.84828128,0.002706,294825.94,294816.73,3298.96,3505.58,no,yes
627,-0.054946,0.95618210,-0.000777,295365.43,295370.28,6178.28,6307.72,no,yes
628,-0.014986,0.98804354,-0.000212,294878.80,294879.21,1813.23,1984.12,no,yes
629,-2.132302,0.03299520,-0.030155,295175.66,295209.03,929.67,1259.26,yes,yes
630,-1.822460,0.06840190,-0.025773,295164.32,295189.72,800.05,1141.64,no,yes
631,0.001292,0.99896919,0.000018,295300.33,295300.22,6365.70,6121.76,no,yes
632,0.302296,0.76243022,0.004275,295172.65,295157.07,4173.02,3025.06,no,yes
633,0.039342,0.96861812,0.000556,295099.32,295098.74,1067.83,987.84,no,yes
634,0.405805,0.68489033,0.005739,295111.52,295098.58,2395.98,2101.90,no,yes
635,-0.234640,0.81449081,-0.003318,295087.87,295091.93,1351.32,1079.68,no,yes
636,0.554323,0.57936400,0.007839,295082.19,295074.24,1028.65,1001.01,no,yes
637,0.419738,0.67468130,0.005936,294810.52,294804.82,1013.81,903.48,no,yes
638,0.497530,0.61882118,0.007036,295067.73,295060.58,1075.88,954.21,no,yes
639,0.589934,0.55524136,0.008343,295154.19,295138.14,2034.25,1806.30,no,yes
640,-0.286735,0.77431837,-0.004055,295035.07,295039.33,1021.55,1075.73,no,yes
641,-0.000453,0.99963829,-0.000006,295058.17,295058.17,882.46,864.39,no,yes
642,-0.898554,0.36890139,-0.012707,294821.31,294832.96,810.28,1012.75,no,yes
643,-0.127763,0.89833808,-0.001807,294833.31,294836.33,1795.38,1534.75,no,yes
644,-0.886720,0.37524048,-0.012540,294941.01,294963.97,1646.53,1997.69,no,yes
645,-1.363265,0.17282426,-0.019279,294995.59,295037.88,962.45,2948.86,no,yes
646,0.466057,0.64117967,0.006591,294787.68,294780.69,1152.99,957.05,no,yes
647,-0.065255,0.94797164,-0.000923,294962.33,294963.22,1064.99,844.66,no,yes
648,-1.215046,0.22436566,-0.017183,294746.59,294766.01,854.12,1350.39,no,yes
649,0.192580,0.84728976,0.002723,294811.95,294809.05,1050.58,1078.34,no,yes
650,0.425165,0.67072067,0.006013,294894.03,294888.80,896.40,844.28,no,yes
651,-0.203903,0.83843112,-0.002884,295197.42,295200.41,1008.15,1063.50,no,yes
652,-0.884212,0.37659239,-0.012505,295030.81,295044.87,1040.94,1201.87,no,yes
653,-0.082553,0.93420807,-0.001167,295141.12,295145.27,3710.60,3398.80,no,yes
654,1.570672,0.11627917,0.022213,294826.19,294796.61,1647.36,911.78,no,yes
655,0.088658,0.92935424,0.001254,294925.44,294921.30,3266.62,3337.62,no,yes
656,-1.227867,0.21951344,-0.017365,295075.82,295100.79,1125.07,1694.35,no,yes
657,-0.325795,0.74458272,-0.004607,295002.15,295006.15,854.29,881.13,no,yes
658,0.291011,0.77104612,0.004116,294853.54,294849.17,1020.61,1103.53,no,yes
659,1.553204,0.12039126,0.021966,294829.51,294805.59,1216.36,944.29,no,yes
660,-0.211216,0.83272090,-0.002987,294878.68,294884.09,1736.35,1880.22,no,yes
661,1.081583,0.27945128,0.015296,295083.49,295067.01,1163.24,982.87,no,yes
662,0.342021,0.73233870,0.004837,295074.67,295070.41,844.22,915.42,no,yes
663,-0.799115,0.42423343,-0.011301,295051.21,295061.51,885.83,935.94,no,yes
664,0.563349,0.57320329,0.007967,294952.01,294944.87,922.57,868.52,no,yes
665,0.205389,0.83727002,0.002905,300661.40,300658.85,914.60,836.50,no,yes
666,0.007571,0.99395934,0.000107,295076.61,295076.51,919.92,889.85,no,yes
667,-1.703849,0.08842876,-0.024096,294797.78,294841.01,1269.14,2197.24,no,yes
668,-0.365868,0.71446739,-0.005174,294872.80,294878.16,1037.29,1036.56,no,yes
669,0.851899,0.39428050,0.012048,294808.58,294797.59,969.60,849.71,no,yes
670,-0.905105,0.36542114,-0.012800,294973.62,294985.35,818.14,1004.67,no,yes
671,0.254546,0.79907631,0.003600,295101.44,295096.56,1418.29,1288.86,no,yes
672,-0.725530,0.46813632,-0.010261,295103.63,295140.12,2935.27,4083.83,no,yes
673,-0.430978,0.66648943,-0.006095,294866.33,294874.72,1267.01,1476.20,no,yes
674,-0.157924,0.87451791,-0.002233,294825.13,294827.87,1279.03,1169.60,no,yes
675,-0.520741,0.60255296,-0.007364,294885.01,294893.70,1177.77,1181.34,no,yes
676,0.562940,0.57348278,0.007961,295100.45,295088.83,1642.21,1250.78,no,yes
677,-0.265820,0.79038053,-0.003759,295175.37,295182.02,1712.87,1823.23,no,yes
678,0.647050,0.51760715,0.009151,294861.20,294851.41,1094.46,1044.74,no,yes
679,0.197763,0.84323234,0.002797,295046.79,295043.67,1193.92,1037.29,no,yes
680,-0.416075,0.67735982,-0.005884,294849.92,294856.18,912.16,1195.73,no,yes
681,0.627055,0.53063105,0.008868,294778.91,294762.12,2218.50,1497.86,no,yes
682,0.601208,0.54770850,0.008502,295062.40,295051.05,1436.77,1223.35,no,yes
683,0.905323,0.36530955,0.012803,294781.53,294754.21,2734.70,1276.29,no,yes
684,-0.358923,0.71965651,-0.005076,294853.19,294858.00,939.13,957.42,no,yes
685,-0.360474,0.71849639,-0.005098,294894.32,294907.27,2476.89,2600.97,no,yes
686,0.022473,0.98207084,0.000318,295041.28,295040.99,912.72,898.33,no,yes
687,0.314359,0.75325215,0.004446,295087.03,295073.05,3728.67,2422.25,no,yes
688,1.264509,0.20606353,0.017883,295146.74,295124.45,1432.84,1027.23,no,yes
689,0.057745,0.95395203,0.000817,295127.45,295125.36,2685.02,2437.57,no,yes
690,0.789587,0.42977926,0.011166,295089.47,295074.44,1552.87,1101.23,no,yes
691,-0.401230,0.68825477,-0.005674,295101.02,295106.57,942.43,1011.02,no,yes
692,0.660757,0.50877615,0.009345,304863.41,304854.94,952.35,858.41,no,yes
693,0.505081,0.61350900,0.007143,304921.85,304896.81,4292.53,2481.20,no,yes
694,0.434863,0.66366661,0.006150,294812.42,294803.59,1513.92,1352.42,no,yes
695,-0.387184,0.69862404,-0.005476,308110.23,308114.88,801.11,894.92,no,yes
696,-0.286959,0.77414715,-0.004058,295026.45,295030.69,872.44,1194.78,no,yes
697,-0.259289,0.79541461,-0.003667,295120.23,295124.24,1095.56,1089.54,no,yes
698,0.479387,0.63166869,0.006780,294907.22,294891.70,2455.05,2111.13,no,yes
699,1.873238,0.06105093,0.026492,294837.20,294813.61,986.73,782.23,no,yes
700,1.267221,0.20509606,0.017921,295062.21,295037.21,1752.80,904.56,no,yes
701,-0.071542,0.94296701,-0.001012,294953.81,294954.78,1007.69,893.49,no,yes
702,-1.557533,0.11936329,-0.022027,295971.09,295997.55,872.57,1458.03,no,yes
703,1.056116,0.29093361,0.014936,295115.58,295090.05,2208.48,981.45,no,yes
704,-0.426772,0.66954981,-0.006035,295054.76,295060.21,865.90,937.41,no,yes
705,0.879818,0.37896845,0.012443,295101.40,295090.16,948.82,854.92,no,yes
706,0.003216,0.99743429,0.000045,295062.08,295061.94,3111.05,3009.93,no,yes
707,-0.263183,0.79241199,-0.003722,295071.63,295075.13,985.84,895.00,no,yes
708,0.221118,0.82500345,0.003127,294928.50,294918.70,3758.74,2344.24,no,yes
709,0.753837,0.45095652,0.010661,294934.97,294923.38,1176.02,990.33,no,yes
710,0.027982,0.97767663,0.000396,294903.51,294902.47,2555.85,2669.23,no,yes
711,1.322911,0.18588083,0.018709,295313.12,295280.88,1883.43,1546.83,no,yes
712,0.010285,0.99179436,0.000145,295145.76,295145.29,3150.30,3241.82,no,yes
713,-0.488476,0.62521784,-0.006908,294876.69,294884.98,1237.40,1161.87,no,yes
714,-0.157069,0.87519191,-0.002221,294937.95,294942.09,2091.42,1603.31,no,yes
715,0.323187,0.74655707,0.004571,295137.88,295129.27,2076.72,1667.14,no,yes
716,-0.136302,0.89158378,-0.001928,295089.94,295091.72,852.00,986.71,no,yes
717,-1.117745,0.26369036,-0.015807,294986.19,295002.47,893.67,1149.55,no,yes
718,0.678204,0.49765060,0.009591,294741.41,294729.90,1266.55,1129.03,no,yes
719,0.091819,0.92684268,0.001299,294864.27,294862.56,1130.29,1481.92,no,yes
720,0.536685,0.59149111,0.007590,295071.91,295065.36,900.97,822.99,no,yes
721,0.288770,0.77276081,0.004084,294831.37,294827.51,1030.81,851.44,no,yes
722,-0.407467,0.68366931,-0.005762,294948.02,294954.63,1190.67,1102.63,no,yes
723,-0.064743,0.94837889,-0.000916,294999.17,295000.27,1230.87,1173.17,no,yes
724,0.466830,0.64062704,0.006602,294830.14,294823.01,1180.94,968.86,no,yes
725,0.206849,0.83613016,0.002925,307509.13,307498.54,3552.49,3683.37,no,yes
726,-0.901224,0.36748067,-0.012745,294936.68,294953.69,1199.37,1456.66,no,yes
727,0.542556,0.58744147,0.007673,295000.29,294983.55,2269.34,2090.26,no,yes
728,0.252066,0.80099312,0.003565,294810.50,294804.45,1914.85,1452.91,no,yes
729,-0.628239,0.52985525,-0.008885,294935.84,294967.47,3092.66,3971.85,no,yes
730,-0.453775,0.64999596,-0.006417,294861.25,294869.86,1224.01,1450.57,no,yes
731,-0.406647,0.68427177,-0.005751,295033.87,295043.22,1755.69,1482.13,no,yes
732,-0.290381,0.77152811,-0.004107,294881.38,294885.81,1080.90,1075.23,no,yes
733,0.386848,0.69887311,0.005471,363881.87,363876.14,1086.02,1008.07,no,yes
734,0.942829,0.34578170,0.013334,294974.31,294956.51,1596.03,1007.77,no,yes
735,1.053991,0.29189989,0.014906,294820.58,294806.10,1045.22,892.74,no,yes
736,-0.913678,0.36089697,-0.012921,295112.87,295126.69,1007.12,1128.52,no,yes
737,-0.541247,0.58834309,-0.007654,294861.25,294869.93,1120.70,1147.38,no,yes
738,0.359421,0.71928402,0.005083,294994.37,294987.15,1481.75,1353.94,no,yes
739,0.260686,0.79433738,0.003687,294802.08,294798.28,935.75,1116.94,no,yes
740,-0.794903,0.42667941,-0.011242,294972.06,294991.05,1613.31,1760.61,no,yes
741,1.457228,0.14506970,0.020608,295078.77,295055.37,1246.47,1011.41,no,yes
742,-0.639239,0.52267532,-0.009040,295065.34,295095.01,2948.80,3583.32,no,yes
743,0.336752,0.73630739,0.004762,295084.91,295079.73,1141.91,1028.53,no,yes
744,-0.943013,0.34568559,-0.013336,294959.53,294971.54,895.91,904.28,no,yes
745,-1.007757,0.31358473,-0.014252,294887.92,294902.71,860.26,1188.98,no,yes
746,0.252526,0.80063700,0.003571,295331.87,295328.43,947.52,975.63,no,yes
747,-0.447234,0.65471107,-0.006325,294936.57,294944.46,1176.96,1314.78,no,yes
748,1.240748,0.21471363,0.017547,294969.41,294946.20,1426.65,1210.45,no,yes
749,0.138078,0.89018052,0.001953,295033.60,295029.87,1995.31,1825.02,no,yes
750,0.267319,0.78922666,0.003780,305489.12,305475.75,3946.87,3071.06,no,yes
751,-0.065344,0.94790037,-0.000924,295326.65,295327.57,982.13,997.66,no,yes
752,-0.583030,0.55988019,-0.008245,294835.86,294844.96,1228.35,963.51,no,yes
753,-0.688679,0.49103403,-0.009739,295394.74,295414.15,1742.80,2215.43,no,yes
754,0.186243,0.85225680,0.002634,294881.12,294877.78,1503.12,972.13,no,yes
755,-1.186393,0.23548180,-0.016778,294976.00,294999.64,1257.24,1545.40,no,yes
756,-0.324369,0.74566235,-0.004587,295080.94,295086.74,1196.33,1332.29,no,yes
757,-0.541578,0.58811560,-0.007659,294811.57,294825.13,1612.94,1914.74,no,yes
758,-0.271587,0.78594244,-0.003841,294826.21,294830.71,1204.17,1140.94,no,yes
759,-1.615556,0.10620637,-0.022847,295018.93,295047.38,1180.77,1306.45,no,yes
760,1.492300,0.13563726,0.021104,294988.17,294966.84,1124.44,882.52,no,yes
761,-0.497634,0.61874737,-0.007038,295030.40,295036.78,905.14,908.54,no,yes
762,2.175080,0.02964453,0.030760,307603.00,307518.42,3753.53,1015.50,yes,yes
763,0.877802,0.38006217,0.012414,295084.00,295069.80,1247.67,1028.82,no,yes
764,-0.074633,0.94050772,-0.001055,294912.63,294913.67,990.46,982.87,no,yes
765,-0.959917,0.33710933,-0.013575,294938.35,294951.39,848.35,1061.11,no,yes
766,-0.503213,0.61482031,-0.007117,294929.63,294938.83,1137.73,1428.72,no,yes
767,-0.371055,0.71060089,-0.005248,294821.45,294838.10,3316.71,3023.74,no,yes
768,-1.000085,0.31728301,-0.014143,296172.12,296188.56,925.40,1358.72,no,yes
769,-0.517384,0.60489449,-0.007317,294882.41,294893.80,1341.04,1745.94,no,yes
770,-0.138280,0.89002080,-0.001956,294894.00,294896.39,1092.36,1335.68,no,yes
771,-0.482841,0.62921450,-0.006828,294884.72,294893.32,1077.90,1416.71,no,yes
772,-0.618335,0.53636369,-0.008745,294985.53,294996.12,853.18,1484.88,no,yes
773,-1.110721,0.26670204,-0.015708,393154.03,393171.17,997.96,1176.70,no,yes
774,-0.285964,0.77490828,-0.004044,295163.62,295173.18,2405.35,2318.71,no,yes
775,2.140510,0.03232854,0.030271,295130.58,295091.79,1564.62,914.33,yes,yes
776,-0.115583,0.90798387,-0.001635,294883.20,294884.89,1035.80,1025.97,no,yes
777,-0.441424,0.65891119,-0.006243,294944.11,294949.68,855.70,928.28,no,yes
778,-0.296976,0.76648788,-0.004200,294840.67,294846.27,1332.94,1332.33,no,yes
779,0.142926,0.88634969,0.002021,294929.87,294927.07,1302.86,1455.98,no,yes
780,0.067822,0.94592789,0.000959,294719.12,294718.20,884.47,1019.52,no,yes
781,0.391915,0.69512508,0.005543,294851.50,294846.69,905.99,827.74,no,yes
782,1.181988,0.23722593,0.016716,295108.11,295089.07,1295.69,956.19,no,yes
783,-0.569108,0.56928928,-0.008048,294803.65,294817.78,1634.61,1869.99,no,yes
784,-0.019660,0.98431499,-0.000278,295192.16,295193.26,3815.49,4141.69,no,yes
785,1.157284,0.24717109,0.016366,294912.18,294890.02,1534.32,1145.32,no,yes
786,0.239624,0.81062398,0.003389,294891.06,294883.64,2296.83,2076.83,no,yes
787,0.097030,0.92270361,0.001372,295114.03,295111.50,1900.12,1781.36,no,yes
788,-2.167799,0.03018799,-0.030657,294955.73,294985.55,729.04,1166.44,yes,yes
789,-0.040884,0.96738868,-0.000578,307468.75,307469.47,1189.83,1281.37,no,yes
790,0.062471,0.95018828,0.000883,295098.37,295097.10,1426.14,1464.01,no,yes
791,-0.281438,0.77837763,-0.003980,295032.23,295036.98,1066.55,1306.50,no,yes
792,0.219686,0.82611793,0.003107,295105.59,295102.60,994.12,935.71,no,yes
793,-0.259052,0.79559819,-0.003664,295111.99,295119.92,1751.76,2510.72,no,yes
794,0.878584,0.37963723,0.012425,294992.80,294981.30,949.79,900.29,no,yes
795,-0.375133,0.70756609,-0.005305,294888.25,294894.96,1030.22,1463.23,no,yes
796,1.415304,0.15699510,0.020015,295092.03,295075.63,849.77,788.06,no,yes
797,-0.786468,0.43160304,-0.011122,294810.88,294822.45,1117.52,955.90,no,yes
798,-0.735341,0.46214058,-0.010399,295012.90,295022.75,908.41,983.31,no,yes
799,0.295022,0.76798050,0.004172,294861.71,294857.47,1060.62,970.59,no,yes
800,0.335461,0.73728104,0.004744,295056.19,295052.12,826.15,886.37,no,yes
801,1.180529,0.23780430,0.016695,295091.44,295076.62,942.14,829.46,no,yes
802,-0.395801,0.69225634,-0.005597,295056.40,295064.74,1543.37,1435.04,no,yes
803,-1.585728,0.11281735,-0.022426,294892.75,294918.37,1027.39,1246.40,no,yes
804,0.150954,0.88001321,0.002135,294928.50,294924.03,2229.59,1955.02,no,yes
805,-0.413258,0.67942186,-0.005844,295061.61,295067.20,862.71,1041.71,no,yes
806,0.150866,0.88008276,0.002134,295162.14,295155.29,3177.84,3240.58,no,yes
807,1.271770,0.20347073,0.017986,295095.35,295077.04,1152.95,861.88,no,yes
808,-0.052865,0.95784032,-0.000748,294994.83,294996.11,1535.44,1868.74,no,yes
809,-0.651018,0.51504295,-0.009207,295171.87,295205.31,3016.00,4156.41,no,yes
810,-0.975146,0.32950029,-0.013791,294893.96,294907.89,885.68,1119.86,no,yes
811,0.434968,0.66359035,0.006151,294852.70,294847.19,878.73,912.13,no,yes
812,1.334833,0.18195048,0.018877,294983.33,294957.57,1686.72,937.38,no,yes
813,0.935956,0.34930713,0.013236,294897.27,294883.38,1064.38,1034.83,no,yes
814,0.671307,0.50203256,0.009494,295078.80,295070.62,854.23,869.89,no,yes
815,0.823449,0.41026289,0.011645,294780.88,294769.69,1008.48,909.99,no,yes
816,0.157862,0.87456750,0.002232,294859.66,294857.39,998.77,1037.24,no,yes
817,0.000102,0.99991860,0.000001,294884.19,294884.19,911.56,890.37,no,yes
818,0.537597,0.59086161,0.007603,294847.15,294840.53,931.38,804.32,no,yes
819,-0.035572,0.97162399,-0.000503,294863.36,294864.04,1344.52,1374.25,no,yes
820,-0.640318,0.52197306,-0.009055,294949.99,294960.55,1231.17,1097.23,no,yes
821,0.609674,0.54208485,0.008622,294866.10,294857.71,994.25,952.33,no,yes
822,0.072417,0.94227117,0.001024,295004.30,295003.08,1104.19,1269.64,no,yes
823,0.391263,0.69560737,0.005533,295088.37,295080.97,1365.47,1308.35,no,yes
824,-1.005834,0.31450785,-0.014225,295109.22,295122.18,848.83,969.36,no,yes
825,-0.214446,0.83020121,-0.003033,301372.68,301391.65,6272.89,6236.05,no,yes
826,0.365626,0.71464797,0.005171,294893.09,294888.56,904.22,848.69,no,yes
827,0.432468,0.66540585,0.006116,295062.48,295056.66,1004.04,897.56,no,yes
828,-0.631891,0.52746579,-0.008936,295120.57,295136.33,1578.98,1930.46,no,yes
829,0.421620,0.67330698,0.005963,294834.78,294824.38,1758.76,1731.76,no,yes
830,-0.775048,0.43832067,-0.010961,295006.00,295016.30,861.11,1011.50,no,yes
831,-1.841560,0.06555767,-0.026044,294910.91,294957.16,1284.63,2158.14,no,yes
832,-1.588804,0.11212298,-0.022469,295085.83,295124.86,1352.52,2051.37,no,yes
833,0.710361,0.47749006,0.010046,295136.17,295109.32,3206.35,2002.93,no,yes
834,-0.133546,0.89376298,-0.001889,295330.12,295332.14,1025.46,1118.62,no,yes
835,0.446782,0.65503766,0.006318,294874.88,294868.66,1002.00,966.55,no,yes
836,0.646943,0.51767633,0.009149,295343.86,295334.94,994.44,955.47,no,yes
837,0.913202,0.36114798,0.012915,294778.89,294765.73,1113.90,914.59,no,yes
838,-0.742767,0.45763238,-0.010504,295018.57,295041.54,2471.59,1859.59,no,yes
839,-0.731228,0.46464824,-0.010341,294879.44,294899.50,1869.24,2009.26,no,yes
840,-1.159763,0.24615905,-0.016402,294965.40,294993.00,1632.78,1730.59,no,yes
841,-0.905462,0.36523180,-0.012805,295017.17,295031.96,1064.56,1238.32,no,yes
842,-0.190671,0.84878566,-0.002696,294855.95,294858.79,1016.78,1086.01,no,yes
843,1.340819,0.17999658,0.018962,294839.16,294814.12,1552.95,1037.67,no,yes
844,-0.764498,0.44457951,-0.010812,294846.51,294856.39,880.30,946.87,no,yes
845,-0.536904,0.59134127,-0.007593,295067.80,295079.74,1120.31,1921.10,no,yes
846,1.058696,0.28975324,0.014972,295120.07,295102.43,1395.44,910.58,no,yes
847,0.258029,0.79638710,0.003649,295097.67,295085.63,3467.60,3118.27,no,yes
848,0.266344,0.78997731,0.003767,294989.21,294984.80,1277.12,1051.02,no,yes
849,-0.171275,0.86400926,-0.002422,294856.38,294858.62,914.53,937.70,no,yes
850,-0.014275,0.98861065,-0.000202,295033.32,295033.64,1749.55,1414.89,no,yes
851,-0.410595,0.68137396,-0.005807,294989.24,294995.33,1123.13,967.72,no,yes
852,1.306507,0.19139920,0.018477,295096.10,295072.41,1578.58,890.96,no,yes
853,-1.491621,0.13581508,-0.021095,295097.27,295121.17,991.79,1257.81,no,yes
854,0.102994,0.91796896,0.001457,294780.95,294778.17,1841.74,1971.10,no,yes
855,0.596052,0.55114736,0.008429,294888.19,294878.79,1171.38,1056.83,no,yes
856,0.379454,0.70435491,0.005366,295028.19,295023.17,940.57,927.87,no,yes
857,0.136103,0.89174137,0.001925,295100.33,295098.35,1079.92,967.18,no,yes
858,-0.045905,0.96338672,-0.000649,304931.15,304933.26,3359.93,3129.62,no,yes
859,-0.177111,0.85942299,-0.002505,294951.56,294967.27,6305.94,6237.11,no,yes
860,0.387402,0.69846313,0.005479,294735.13,294729.75,1019.31,943.54,no,yes
861,0.839223,0.40135442,0.011868,295004.46,294991.70,1154.52,990.84,no,yes
862,-0.652731,0.51393766,-0.009231,294998.63,295039.28,3704.01,5005.43,no,yes
863,-0.781676,0.43441516,-0.011055,294917.58,294936.10,1442.14,1879.82,no,yes
864,-0.918394,0.35842418,-0.012988,295045.85,295059.58,977.29,1131.70,no,yes
865,-0.242716,0.80822773,-0.003433,294748.90,294752.05,971.42,864.90,no,yes
866,0.548499,0.58335666,0.007757,294963.53,294951.08,1263.94,1886.11,no,yes
867,-0.497027,0.61917584,-0.007029,294772.04,294782.93,1377.14,1704.86,no,yes
868,2.288794,0.02210269,0.032368,295036.09,295003.63,1148.64,831.93,yes,yes
869,-1.131235,0.25797005,-0.015998,295007.00,295023.23,954.65,1071.71,no,yes
870,-0.762734,0.44563102,-0.010787,295031.55,295041.42,916.20,913.65,no,yes
871,0.677143,0.49832285,0.009576,294824.95,294813.02,1278.06,1211.08,no,yes
872,0.114514,0.90883122,0.001619,295078.01,295076.41,1068.89,907.92,no,yes
873,-0.535943,0.59200420,-0.007579,294859.56,294866.24,897.15,866.67,no,yes
874,-0.329883,0.74149187,-0.004665,295021.32,295026.56,991.32,1244.05,no,yes
875,-0.025104,0.97997252,-0.000355,294863.67,294864.03,991.03,1027.12,no,yes
876,0.590749,0.55469510,0.008354,295402.25,295394.81,926.64,851.74,no,yes
877,-0.828156,0.40759187,-0.011712,294862.33,294874.53,1006.95,1074.53,no,yes
878,0.113134,0.90992547,0.001600,294731.98,294730.49,1007.27,854.26,no,yes
879,-0.660701,0.50881139,-0.009344,295165.42,295196.05,3341.69,3212.75,no,yes
880,1.411549,0.15809951,0.019962,295114.51,295092.79,1221.35,935.80,no,yes
881,-0.088212,0.92970920,-0.001248,295195.89,295201.02,3418.72,4694.46,no,yes
882,1.035576,0.30041273,0.014645,295013.03,294999.74,981.71,826.79,no,yes
883,-0.043006,0.96569733,-0.000608,294972.88,294975.66,4415.66,4728.70,no,yes
884,0.325417,0.74486879,0.004602,295041.02,295034.29,1400.35,1522.72,no,yes
885,-0.916468,0.35943304,-0.012961,294963.57,294992.01,1904.17,2449.95,no,yes
886,-0.907569,0.36411828,-0.012835,294864.31,294879.00,937.95,1318.61,no,yes
887,0.112635,0.91032068,0.001593,294880.92,294877.36,2310.31,2163.63,no,yes
888,-0.219700,0.82610710,-0.003107,294968.82,294975.16,1957.19,2122.66,no,yes
889,0.514503,0.60690585,0.007276,294787.99,294780.87,1051.63,900.30,no,yes
890,-1.200759,0.22985950,-0.016981,294695.25,294711.54,847.99,1059.14,no,yes
891,1.587340,0.11245153,0.022448,295132.48,295109.87,1048.28,964.75,no,yes
892,-2.337186,0.01943935,-0.033053,294776.24,294810.49,1004.71,1066.51,yes,yes
893,-1.812646,0.06991275,-0.025635,295002.12,295067.19,919.09,3469.89,no,yes
894,-0.007449,0.99405672,-0.000105,295136.96,295137.07,1054.80,1084.64,no,yes
895,0.385504,0.69986810,0.005452,294760.54,294754.97,1036.29,1004.57,no,yes
896,0.725234,0.46831851,0.010256,294806.81,294784.67,2564.32,1656.82,no,yes
897,-0.596204,0.55104568,-0.008432,302760.42,302772.02,1331.30,1418.72,no,yes
898,-0.652190,0.51428608,-0.009223,294839.90,294849.49,1072.56,1006.64,no,yes
899,-0.651046,0.51502502,-0.009207,294795.09,294802.74,673.64,962.52,no,yes
900,-0.188882,0.85018728,-0.002671,295048.08,295050.92,1020.50,1102.72,no,yes
901,-0.097510,0.92232217,-0.001379,295069.79,295078.37,6214.33,6234.94,no,yes
902,-0.145954,0.88395924,-0.002064,295081.75,295085.61,1926.55,1805.11,no,yes
903,0.230479,0.81772222,0.003259,294814.52,294811.53,905.92,925.20,no,yes
904,0.151011,0.87996888,0.002136,295083.99,295079.88,1676.18,2145.19,no,yes
905,-0.512253,0.60847958,-0.007244,294847.21,294858.12,1611.05,1392.19,no,yes
906,-0.723759,0.46922261,-0.010235,295088.48,295099.60,977.26,1184.52,no,yes
907,-1.281376,0.20007973,-0.018121,295067.32,295090.44,941.14,1540.11,no,yes
908,0.385309,0.70001267,0.005449,294955.43,294943.30,2091.51,2351.33,no,yes
909,-0.058736,0.95316291,-0.000831,294777.21,294778.28,1229.38,1350.33,no,yes
910,-0.850783,0.39490101,-0.012032,294825.56,294881.23,3984.54,5189.84,no,yes
911,0.229945,0.81813665,0.003252,295056.12,295052.96,951.25,990.95,no,yes
912,-0.708341,0.47874272,-0.010017,294871.23,294887.97,1329.24,1954.08,no,yes
913,-1.129508,0.25869852,-0.015974,294896.90,294913.26,837.95,1182.06,no,yes
914,0.258819,0.79577786,0.003660,294988.61,294984.12,1317.19,1126.35,no,yes
915,0.839187,0.40137623,0.011868,295058.63,295017.51,4148.31,2609.48,no,yes
916,-0.501421,0.61608071,-0.007091,295087.10,295094.62,1127.21,989.58,no,yes
917,-1.191747,0.23337565,-0.016854,295071.06,295092.69,1111.00,1435.45,no,yes
918,-0.630216,0.52856028,-0.008913,294868.48,294877.43,935.21,1067.76,no,yes
919,0.062866,0.94987401,0.000889,295100.93,295100.09,954.08,941.82,no,yes
920,-1.031064,0.30252506,-0.014581,295344.58,295367.83,1269.86,1862.58,no,yes
921,-0.100582,0.91988317,-0.001422,294922.06,294926.53,3313.76,2961.45,no,yes
922,-0.911622,0.36197985,-0.012892,294848.03,294862.80,959.73,1304.41,no,yes
923,1.872271,0.06118706,0.026478,295144.95,295110.37,1589.33,940.94,no,yes
924,-0.693422,0.48805303,-0.009806,294960.35,294970.44,960.57,1092.51,no,yes
925,-0.168521,0.86617555,-0.002383,295085.55,295088.80,1518.21,1195.22,no,yes
926,-0.390039,0.69651155,-0.005516,295141.41,295150.57,1655.77,1667.42,no,yes
927,0.181691,0.85582670,0.002570,295098.43,295096.06,895.78,945.77,no,yes
928,-0.213823,0.83068697,-0.003024,295064.53,295067.67,977.92,1096.53,no,yes
929,0.104377,0.91687130,0.001476,294938.92,294934.58,3274.16,2566.08,no,yes
930,0.431662,0.66599197,0.006105,295202.14,295190.28,2057.98,1821.00,no,yes
931,0.116126,0.90755355,0.001642,294799.75,294798.31,909.39,845.42,no,yes
932,-0.390261,0.69634753,-0.005519,295102.52,295108.11,947.77,1073.60,no,yes
933,0.429567,0.66751532,0.006075,294885.33,294879.72,894.90,950.93,no,yes
934,-1.407253,0.15936853,-0.019902,294874.19,294896.23,1000.07,1205.40,no,yes
935,0.027094,0.97838540,0.000383,294888.59,294888.25,901.53,886.17,no,yes
936,-0.942201,0.34610269,-0.013325,294871.48,294889.31,1063.65,1564.67,no,yes
937,-1.453718,0.14604043,-0.020559,294837.29,294858.81,996.50,1094.94,no,yes
938,0.514457,0.60693854,0.007276,294946.28,294920.92,3897.08,3016.36,no,yes
939,0.009185,0.99267132,0.000130,295752.38,295751.58,6251.71,6163.59,no,yes
940,0.395560,0.69243382,0.005594,295108.94,295103.90,921.23,879.51,no,yes
941,-0.903334,0.36635943,-0.012775,295080.84,295094.92,1126.73,1076.66,no,yes
942,0.554746,0.57907578,0.007845,295112.81,295102.04,1604.85,1092.17,no,yes
943,0.171935,0.86349006,0.002432,294914.36,294910.76,1501.48,1457.06,no,yes
944,0.509955,0.61008887,0.007212,295079.71,295070.72,1407.21,1060.80,no,yes
945,-3.082511,0.00205587,-0.043593,294961.20,295007.86,826.31,1268.02,yes,yes
946,-0.398223,0.69047020,-0.005632,294733.57,294747.60,2219.17,2737.50,no,yes
947,0.518551,0.60407931,0.007333,295114.70,295102.26,1752.28,1638.75,no,yes
948,-0.849802,0.39544604,-0.012018,295165.57,295177.17,837.60,1077.46,no,yes
949,0.021560,0.98279883,0.000305,308909.84,308909.57,884.99,901.04,no,yes
950,-1.069418,0.28489470,-0.015124,295051.04,295065.20,845.69,1019.10,no,yes
951,0.230901,0.81739414,0.003265,295058.17,295048.55,3191.83,2674.22,no,yes
952,-0.895045,0.37077389,-0.012658,295002.52,295014.26,888.00,966.63,no,yes
953,0.373786,0.70856764,0.005286,295407.28,295390.68,3249.00,3028.31,no,yes
954,-0.027889,0.97775092,-0.000394,295058.85,295059.20,867.07,883.82,no,yes
955,0.117727,0.90628509,0.001665,295183.04,295176.56,4439.57,3244.27,no,yes
956,0.417693,0.67617657,0.005907,295156.25,295146.89,1712.65,1444.94,no,yes
957,-0.222949,0.82357779,-0.003153,294828.98,294832.13,1023.33,978.93,no,yes
958,-0.100974,0.91957250,-0.001428,294943.62,294945.55,1363.38,1329.43,no,yes
959,0.133433,0.89385250,0.001887,295018.32,295016.41,1087.08,938.73,no,yes
960,-0.249866,0.80269351,-0.003534,295131.78,295154.46,6403.04,6430.16,no,yes
961,-0.614470,0.53891233,-0.008690,294985.89,295009.32,2184.34,3125.43,no,yes
962,-1.633604,0.10235781,-0.023103,294826.48,294854.33,1157.96,1251.29,no,yes
963,-0.170240,0.86482323,-0.002408,295135.41,295141.44,2630.30,2372.55,no,yes
964,1.453903,0.14599321,0.020561,294944.92,294909.06,2155.02,1200.44,no,yes
965,-0.693495,0.48800705,-0.009808,295156.03,295166.88,1050.43,1160.48,no,yes
966,-0.017561,0.98598962,-0.000248,296055.79,296056.59,3152.00,3309.70,no,yes
967,0.388431,0.69770182,0.005493,295104.98,295095.33,2041.64,1414.80,no,yes
968,0.251034,0.80179089,0.003550,295053.20,295048.99,1301.47,1060.48,no,yes
969,-0.982966,0.32563673,-0.013901,294939.41,294963.91,1513.71,1979.80,no,yes
970,0.231418,0.81699210,0.003273,294795.45,294792.16,1039.66,965.79,no,yes
971,-0.162524,0.87089453,-0.002298,294912.02,294914.05,853.35,917.64,no,yes
972,-0.821036,0.41163598,-0.011611,295007.45,295020.89,1256.39,1048.96,no,yes
973,0.879260,0.37927090,0.012435,294884.13,294873.07,931.05,846.45,no,yes
974,0.110044,0.91237539,0.001556,295151.19,295146.29,3123.58,3167.50,no,yes
975,0.241684,0.80902757,0.003418,294857.44,294853.85,870.66,1203.95,no,yes
976,-0.006841,0.99454214,-0.000097,295203.03,295203.42,4312.65,3806.81,no,yes
977,0.271327,0.78614222,0.003837,295007.74,295004.11,999.71,885.69,no,yes
978,0.223558,0.82310367,0.003162,294970.77,294959.38,3731.09,3471.17,no,yes
979,-2.027523,0.04262296,-0.028674,295081.85,295112.11,917.80,1176.72,yes,yes
980,-0.082982,0.93386668,-0.001174,294850.92,294852.49,1311.50,1374.33,no,yes
981,-0.360400,0.71855193,-0.005097,295743.90,295753.79,1878.40,2000.29,no,yes
982,0.325492,0.74481244,0.004603,295062.07,295057.81,898.08,952.50,no,yes
983,-0.609058,0.54249369,-0.008613,295013.23,295036.32,2189.75,3094.58,no,yes
984,-1.172858,0.24086686,-0.016587,294861.83,294879.83,1037.38,1131.22,no,yes
985,-1.827895,0.06758242,-0.025850,294892.75,294924.87,973.47,1463.21,no,yes
986,1.134637,0.25654121,0.016046,294915.79,294895.49,1348.17,1175.70,no,yes
987,-0.178337,0.85845996,-0.002522,295075.29,295077.58,882.83,931.15,no,yes
988,0.244659,0.80672331,0.003460,295154.94,295151.89,836.60,926.76,no,yes
989,-0.232746,0.81596094,-0.003292,294998.99,295004.07,1521.90,1565.00,no,yes
990,-0.162754,0.87071356,-0.002302,295070.45,295072.81,1105.47,940.55,no,yes
991,0.131520,0.89536532,0.001860,294918.09,294909.91,5043.99,3639.77,no,yes
992,-1.046589,0.29530195,-0.014801,295016.27,295029.25,822.93,927.66,no,yes
993,0.101132,0.91944631,0.001430,295023.39,295022.26,785.66,804.87,no,yes
994,0.118447,0.90571476,0.001675,295040.94,295038.85,1459.24,995.90,no,yes
995,-0.247258,0.80471093,-0.003497,295168.16,295179.36,3198.68,3207.98,no,yes
996,-1.008333,0.31330864,-0.014260,304745.12,304768.76,1279.25,1964.59,no,yes
997,-0.668212,0.50400644,-0.009450,294916.10,294952.16,3431.98,4165.13,no,yes
998,0.197539,0.84340789,0.002794,295354.61,295336.96,6374.20,6256.02,no,yes
999,-0.204245,0.83816447,-0.002888,294759.23,294762.20,1008.94,1051.04,no,yes
1000,1.331350,0.18308949,0.018828,295084.45,295066.46,1045.07,856.39,no,yes
1001,-0.340754,0.73329271,-0.004819,294825.57,294830.68,1015.96,1102.99,no,yes
1002,0.113814,0.90938626,0.001610,295348.39,295345.89,1848.07,1178.26,no,yes
1003,0.522085,0.60161716,0.007383,295179.30,295171.29,1162.57,1002.09,no,yes
1004,-0.092399,0.92638174,-0.001307,295064.52,295065.71,880.95,939.01,no,yes
1005,0.863812,0.38770150,0.012216,294818.48,294799.94,1531.47,1502.84,no,yes
1006,0.448164,0.65403958,0.006338,294748.00,294741.55,978.13,1054.88,no,yes
1007,1.494808,0.13498134,0.021140,295025.73,295004.79,1109.12,855.92,no,yes
1008,0.031631,0.97476629,0.000447,295010.87,295010.46,887.84,953.45,no,yes
1009,0.076330,0.93915734,0.001079,294964.26,294963.22,936.90,981.13,no,yes
1010,-0.066225,0.94719925,-0.000937,295032.91,295036.75,4301.22,3881.81,no,yes
1011,0.525980,0.59890773,0.007438,295068.86,295060.94,1085.16,1043.53,no,yes
1012,0.808879,0.41859475,0.011439,294760.94,294748.70,1163.05,967.77,no,yes
1013,0.222758,0.82372586,0.003150,294950.90,294948.08,833.26,952.39,no,yes
1014,0.029937,0.97611726,0.000423,294872.06,294871.56,1135.62,1187.95,no,yes
1015,0.121007,0.90368666,0.001711,295338.31,295327.61,6398.65,6110.28,no,yes
1016,0.963083,0.33552145,0.013620,294973.06,294924.03,4505.00,2370.69,no,yes
1017,-0.121220,0.90351769,-0.001714,294850.73,294852.31,893.20,948.68,no,yes
1018,-0.030392,0.97575480,-0.000430,294886.13,294886.85,1992.60,1326.45,no,yes
1019,-1.560173,0.11873682,-0.022064,304813.03,304850.84,1369.19,1999.30,no,yes
1020,-2.114851,0.03445614,-0.029909,295082.56,295118.07,988.89,1357.37,yes,yes
1021,0.694774,0.48720477,0.009826,295050.11,295040.99,931.89,923.66,no,yes
1022,0.177339,0.85924388,0.002508,294875.45,294871.29,1662.78,1652.01,no,yes
1023,-0.239045,0.81107351,-0.003381,294936.63,294940.44,1092.04,1162.38,no,yes
1024,-0.786129,0.43180160,-0.011118,294834.89,294845.23,838.27,1012.45,no,yes
1025,-0.637013,0.52412367,-0.009009,295078.67,295087.72,978.32,1030.39,no,yes
1026,-1.030258,0.30290168,-0.014570,294943.67,294959.90,1014.68,1204.88,no,yes
1027,-0.092988,0.92591424,-0.001315,294920.90,294925.45,3584.86,3337.32,no,yes
1028,-0.398170,0.69050895,-0.005631,295042.59,295047.99,940.38,979.11,no,yes
1029,-0.777564,0.43683558,-0.010996,295032.19,295068.78,3311.20,3343.02,no,yes
1030,-0.850251,0.39519591,-0.012024,294769.32,294780.78,929.16,975.90,no,yes
1031,-0.155964,0.87606264,-0.002206,294853.35,294855.36,834.58,982.86,no,yes
1032,0.757195,0.44894219,0.010708,295109.60,295099.45,1006.04,886.56,no,yes
1033,0.251320,0.80156930,0.003554,295566.60,295555.05,3409.17,3078.96,no,yes
1034,-0.769724,0.44147327,-0.010886,294819.69,294831.50,956.33,1199.27,no,yes
1035,-0.503521,0.61460342,-0.007121,294865.27,294874.58,1334.38,1278.29,no,yes
1036,-0.880172,0.37877753,-0.012448,295082.60,295118.51,2448.43,3263.46,no,yes
1037,-1.432432,0.15203642,-0.020258,294840.15,294858.93,843.78,1003.52,no,yes
1038,0.614763,0.53871859,0.008694,294886.67,294874.39,1465.28,1357.27,no,yes
1039,-0.336044,0.73684158,-0.004752,294909.47,294915.61,1134.94,1432.17,no,yes
1040,-0.277045,0.78174849,-0.003918,294868.00,294873.39,1352.41,1399.81,no,yes
1041,0.530090,0.59605566,0.007497,294905.64,294896.75,1089.87,1274.88,no,yes
1042,1.515731,0.12960463,0.021436,294890.65,294864.53,1386.14,1023.43,no,yes
1043,0.021259,0.98303939,0.000301,294897.85,294897.40,1585.46,1424.42,no,yes
1044,0.656990,0.51119512,0.009291,295042.47,295033.11,1032.77,981.75,no,yes
1045,-0.884750,0.37630786,-0.012512,295007.45,295034.21,1127.30,2806.87,no,yes
1046,0.645063,0.51889388,0.009123,295059.19,295051.18,918.10,835.98,no,yes
1047,0.712630,0.47608425,0.010078,294808.93,294795.51,1554.47,1064.12,no,yes
1048,-0.249367,0.80307972,-0.003527,295141.80,295155.12,3513.45,4025.40,no,yes
1049,-0.097026,0.92270681,-0.001372,295045.12,295046.96,1442.14,1223.54,no,yes
1050,-0.764900,0.44434038,-0.010817,295016.87,295028.81,1172.42,1029.16,no,yes
1051,-0.194778,0.84556843,-0.002755,294908.46,294913.19,1725.81,1713.90,no,yes
1052,0.292135,0.77018659,0.004131,294833.88,294830.24,897.32,860.58,no,yes
1053,0.049506,0.96051653,0.000700,294841.35,294840.00,1969.06,1882.73,no,yes
1054,-0.425322,0.67060631,-0.006015,294977.42,294983.94,1021.58,1142.22,no,yes
1055,0.105429,0.91603649,0.001491,296110.18,296108.70,984.47,989.51,no,yes
1056,0.462719,0.64357118,0.006544,294754.68,294739.35,2453.85,2226.36,no,yes
1057,-0.207739,0.83543519,-0.002938,295066.51,295070.84,1662.99,1256.01,no,yes
1058,-0.045501,0.96370851,-0.000643,294828.71,294829.29,887.83,914.67,no,yes
1059,1.413865,0.15741890,0.019995,294780.28,294754.86,1473.57,1029.55,no,yes
1060,-0.782810,0.43374821,-0.011071,295268.99,295280.24,948.11,1078.85,no,yes
1061,-0.501891,0.61574976,-0.007098,294762.29,294768.94,934.11,939.89,no,yes
1062,-0.382803,0.70187016,-0.005414,294673.19,294677.73,793.11,879.71,no,yes
1063,1.584936,0.11299709,0.022414,294842.31,294822.54,943.76,815.63,no,yes
1064,1.005544,0.31464736,0.014221,294939.10,294925.55,951.34,954.86,no,yes
1065,0.328577,0.74247890,0.004647,294897.18,294888.40,1921.62,1855.91,no,yes
1066,-1.221537,0.22189724,-0.017275,294871.31,294887.75,893.45,1006.82,no,yes
1067,1.339652,0.18037543,0.018946,295126.30,295101.76,1488.54,1067.74,no,yes
1068,0.961024,0.33655315,0.013591,294955.66,294901.35,4664.35,3191.63,no,yes
1069,0.324686,0.74542204,0.004592,295131.40,295124.46,1531.72,1489.84,no,yes
1070,-0.571884,0.56740702,-0.008088,295088.87,295095.39,751.07,857.87,no,yes
1071,0.458102,0.64688392,0.006479,295284.14,295277.91,934.91,984.96,no,yes
1072,0.875314,0.38141387,0.012379,295095.45,295082.03,1158.46,1005.41,no,yes
1073,0.010500,0.99162217,0.000148,294781.54,294781.35,1220.31,1310.12,no,yes
1074,-0.898159,0.36911173,-0.012702,294772.98,294787.09,1050.69,1166.72,no,yes
1075,-0.072208,0.94243742,-0.001021,308977.98,308981.59,3683.27,3362.93,no,yes
1076,1.171598,0.24137270,0.016569,295072.37,295058.30,881.92,814.39,no,yes
1077,1.420956,0.15534693,0.020095,294868.46,294836.50,1838.87,1295.71,no,yes
1078,-0.706445,0.47992030,-0.009991,294931.02,294951.60,1759.88,2320.93,no,yes
1079,0.518812,0.60389729,0.007337,295131.82,295124.25,1046.46,1017.69,no,yes
1080,-0.786584,0.43153462,-0.011124,295196.62,295209.17,1078.71,1175.30,no,yes
1081,-0.490263,0.62395351,-0.006933,295116.72,295127.79,1670.40,1519.25,no,yes
1082,-0.044782,0.96428190,-0.000633,300612.67,300613.81,1531.72,2016.80,no,yes
1083,-0.680177,0.49640044,-0.009619,295097.43,295109.05,1187.44,1228.66,no,yes
1084,-0.867480,0.38569046,-0.012268,295045.59,295059.87,989.79,1314.39,no,yes
1085,-0.047627,0.96201380,-0.000674,295128.25,295128.85,912.43,860.09,no,yes
1086,0.213280,0.83111091,0.003016,294875.70,294869.38,2252.99,1925.59,no,yes
1087,1.456095,0.14538464,0.020592,295100.69,295070.96,1717.09,1103.49,no,yes
1088,0.937241,0.34864647,0.013255,295120.82,295101.34,1597.27,1329.34,no,yes
1089,-1.589390,0.11199821,-0.022477,294956.68,294999.98,860.75,2584.75,no,yes
1090,0.173252,0.86245496,0.002450,294940.59,294936.23,1958.27,1587.19,no,yes
1091,0.460576,0.64510820,0.006514,294875.08,294867.64,1274.76,994.57,no,yes
1092,0.132167,0.89485340,0.001869,295017.08,295009.22,4583.26,3782.07,no,yes
1093,-0.255976,0.79797192,-0.003620,295145.04,295149.50,1294.37,1163.84,no,yes
1094,0.002802,0.99776444,0.000040,294893.56,294893.53,964.90,917.16,no,yes
1095,-0.333332,0.73888689,-0.004714,295287.12,295317.17,6349.76,6400.92,no,yes
1096,-1.095382,0.27336337,-0.015491,294864.82,294881.54,935.33,1207.04,no,yes
1097,-0.387163,0.69863996,-0.005475,295033.83,295039.64,881.88,1213.81,no,yes
1098,-0.258102,0.79633055,-0.003650,297946.42,297951.53,1409.56,1390.45,no,yes
1099,0.961376,0.33637636,0.013596,295077.59,295050.25,2360.80,1586.00,no,yes
1100,-0.647235,0.51748764,-0.009153,294712.55,294722.66,935.78,1250.41,no,yes
1101,-0.623214,0.53315075,-0.008814,294858.75,294866.48,847.37,906.38,no,yes
1102,-0.709646,0.47793178,-0.010036,295112.08,295122.45,972.65,1090.26,no,yes
1103,-0.315072,0.75271013,-0.004456,294946.59,294954.43,1718.71,1798.89,no,yes
1104,0.361972,0.71737682,0.005119,295074.09,295067.41,1445.26,1144.84,no,yes
1105,0.413108,0.67953310,0.005842,295178.11,295159.18,3879.94,2438.56,no,yes
1106,0.961919,0.33610219,0.013604,294821.48,294805.90,1257.48,1021.22,no,yes
1107,-0.327132,0.74357138,-0.004626,294794.51,294799.29,1034.21,1030.70,no,yes
1108,-0.063779,0.94914669,-0.000902,295059.20,295064.86,6251.68,6289.64,no,yes
1109,-0.139042,0.88941825,-0.001966,295177.34,295185.34,3990.51,4144.62,no,yes
1110,1.480459,0.13877205,0.020937,295048.23,294979.59,4137.88,2091.51,no,yes
1111,-1.572365,0.11588182,-0.022237,294755.31,294776.83,977.38,957.55,no,yes
1112,0.526648,0.59844421,0.007448,295119.81,295108.89,1472.36,1461.40,no,yes
1113,-0.276315,0.78230871,-0.003908,294905.13,294912.64,1811.46,2028.81,no,yes
1114,0.296351,0.76696544,0.004191,295057.64,295053.90,900.09,881.09,no,yes
1115,0.708420,0.47869334,0.010019,294861.32,294850.30,1260.53,910.97,no,yes
1116,-0.634374,0.52584430,-0.008971,294874.24,294886.87,1193.54,1593.85,no,yes
1117,-1.486386,0.13719333,-0.021021,294942.18,294963.40,904.01,1104.79,no,yes
1118,-0.299884,0.76426857,-0.004241,295085.61,295090.30,1167.64,1041.09,no,yes
1119,-0.994277,0.32010174,-0.014061,294908.78,294931.13,1259.39,1861.71,no,yes
1120,0.566121,0.57131827,0.008006,294758.28,294746.19,1603.57,1409.09,no,yes
1121,-0.280819,0.77885205,-0.003971,294817.54,294822.17,1165.85,1163.16,no,yes
1122,0.614339,0.53899835,0.008688,294925.63,294916.90,1053.89,953.43,no,yes
1123,1.185594,0.23579840,0.016767,294886.90,294865.76,1456.22,1029.08,no,yes
1124,0.672020,0.50157971,0.009504,295017.57,294980.74,4466.30,3176.77,no,yes
1125,-0.605463,0.54487830,-0.008563,295058.87,295067.92,1068.86,1043.75,no,yes
1126,-0.759013,0.44785530,-0.010734,294879.77,294893.29,970.83,1493.68,no,yes
1127,0.065973,0.94739973,0.000933,294855.67,294854.79,906.18,968.45,no,yes
1128,0.119941,0.90453097,0.001696,295178.34,295172.80,3659.33,2817.93,no,yes
1129,-0.890665,0.37312002,-0.012596,295086.03,295099.37,938.21,1166.77,no,yes
1130,0.405392,0.68519444,0.005733,295128.47,295108.22,4113.90,2835.37,no,yes
1131,-1.214193,0.22468878,-0.017171,295033.32,295048.81,807.14,987.24,no,yes
1132,0.578590,0.56287262,0.008182,302639.63,302630.56,1163.40,1049.01,no,yes
1133,0.970680,0.33172151,0.013727,294847.53,294819.08,2470.28,1576.81,no,yes
1134,-0.962420,0.33585031,-0.013611,294848.90,294873.95,1853.50,1827.95,no,yes
1135,0.483421,0.62880236,0.006837,294821.14,294814.19,970.30,1060.97,no,yes
1136,-0.066108,0.94729243,-0.000935,294940.48,294941.64,1079.28,1379.49,no,yes
1137,1.289656,0.19718642,0.018238,295004.52,294968.88,2245.10,1610.87,no,yes
1138,0.192179,0.84760406,0.002718,294867.72,294864.67,938.72,1280.07,no,yes
1139,-0.571518,0.56765530,-0.008082,294854.96,294862.46,901.67,954.46,no,yes
1140,-0.355165,0.72246997,-0.005023,294869.02,294877.08,1617.26,1592.50,no,yes
1141,-0.335161,0.73750767,-0.004740,294997.02,295003.76,1227.19,1593.19,no,yes
1142,-0.338433,0.73504049,-0.004786,303780.29,303784.57,876.75,912.72,no,yes
1143,0.602008,0.54717590,0.008514,294871.40,294861.57,1270.05,1025.98,no,yes
1144,-1.635462,0.10197268,-0.023129,294967.88,295042.20,2150.01,4003.06,no,yes
1145,0.547337,0.58415337,0.007741,294779.53,294769.44,1305.87,1299.97,no,yes
1146,-0.554696,0.57910914,-0.007845,295196.82,295205.08,1040.11,1064.64,no,yes
1147,-0.561354,0.57456233,-0.007939,294860.52,294870.81,1216.43,1371.41,no,yes
1148,-0.137795,0.89040390,-0.001949,295044.97,295047.06,1079.30,1062.87,no,yes
1149,0.232952,0.81580133,0.003294,305232.71,305227.02,1878.16,1562.22,no,yes
1150,-0.778415,0.43633381,-0.011008,323901.82,323917.28,1416.33,1393.29,no,yes
1151,-0.041764,0.96668719,-0.000591,295107.62,295108.20,1012.08,973.55,no,yes
1152,-0.064773,0.94835566,-0.000916,295075.02,295075.88,916.68,966.03,no,yes
1153,0.369698,0.71161256,0.005228,295055.88,295037.15,4492.82,2340.17,no,yes
1154,-0.389102,0.69720479,-0.005503,294958.19,294966.36,1292.95,1653.78,no,yes
1155,0.563434,0.57314573,0.007968,294803.13,294795.68,984.19,885.01,no,yes
1156,0.499015,0.61777464,0.007057,295039.98,295034.05,894.85,781.76,no,yes
1157,1.753007,0.07961990,0.024791,295021.39,294915.90,5213.34,3005.02,no,yes
1158,0.075747,0.93962100,0.001071,294925.64,294923.52,2000.12,1956.97,no,yes
1159,-0.196648,0.84410476,-0.002781,295112.81,295116.83,1423.37,1466.61,no,yes
1160,0.118420,0.90573571,0.001675,294963.51,294961.95,911.87,948.50,no,yes
1161,0.087837,0.93000721,0.001242,294848.37,294846.17,1988.39,1531.04,no,yes
1162,0.508546,0.61107646,0.007192,295132.99,295120.18,2052.68,1459.62,no,yes
1163,-0.617929,0.53662911,-0.008739,294945.23,294957.79,1376.70,1496.65,no,yes
1164,-0.013510,0.98922108,-0.000191,294858.10,294858.26,842.03,814.82,no,yes
1165,-0.225483,0.82160574,-0.003189,295148.32,295153.71,1874.40,1487.63,no,yes
1166,0.586113,0.55780639,0.008289,294944.15,294906.10,4994.06,4146.12,no,yes
1167,0.218612,0.82695471,0.003092,294814.37,294811.34,938.94,1023.51,no,yes
1168,-0.588277,0.55635428,-0.008319,294743.46,294769.18,2428.28,3636.30,no,yes
1169,-0.125314,0.90027588,-0.001772,295035.11,295036.86,1016.63,951.93,no,yes
1170,-0.569801,0.56881932,-0.008058,294883.65,294895.26,1368.28,1510.49,no,yes
1171,-0.670794,0.50235995,-0.009486,294946.35,294958.20,1344.61,1147.42,no,yes
1172,-0.226202,0.82104699,-0.003199,295019.92,295022.89,915.51,938.01,no,yes
1173,-0.266060,0.79019635,-0.003763,294929.34,294934.90,1039.69,1811.51,no,yes
1174,-0.631373,0.52780412,-0.008929,294990.56,295024.25,3523.82,4007.31,no,yes
1175,-0.251165,0.80168902,-0.003552,294877.91,294882.39,1215.53,1302.88,no,yes
1176,-0.905939,0.36497918,-0.012812,294895.88,294909.92,1028.31,1158.13,no,yes
1177,-0.091554,0.92705334,-0.001295,294861.13,294863.35,1618.29,1805.47,no,yes
1178,0.909260,0.36322463,0.012859,294810.92,294790.67,1739.02,1392.42,no,yes
1179,-0.587649,0.55677561,-0.008311,294929.47,294946.73,1562.77,2487.70,no,yes
1180,0.549666,0.58255450,0.007773,295075.31,295057.77,2257.64,2255.41,no,yes
1181,-1.386667,0.16555925,-0.019610,295076.61,295101.48,1147.51,1378.46,no,yes
1182,-0.542697,0.58734481,-0.007675,295051.26,295059.38,966.49,1142.53,no,yes
1183,-0.311757,0.75522824,-0.004409,294852.77,294860.97,1744.86,1969.15,no,yes
1184,0.273757,0.78427449,0.003872,295174.42,295170.69,1010.13,915.86,no,yes
1185,0.456486,0.64804614,0.006456,295487.17,295464.98,4100.18,2608.37,no,yes
1186,-1.079066,0.28057169,-0.015260,294751.59,294774.69,1395.49,1622.95,no,yes
1187,0.848843,0.39597883,0.012004,295064.86,295045.36,1738.04,1502.07,no,yes
1188,-0.098438,0.92158553,-0.001392,295295.28,295304.14,6341.77,6383.33,no,yes
1189,0.338238,0.73518715,0.004783,295015.30,295010.95,930.16,887.54,no,yes
1190,0.547195,0.58425070,0.007739,295010.23,294996.77,1761.22,1715.01,no,yes
1191,-0.164336,0.86946852,-0.002324,294818.28,294820.39,939.66,875.42,no,yes
1192,0.204065,0.83830506,0.002886,308974.92,308970.05,1682.09,1692.57,no,yes
1193,-0.865829,0.38659423,-0.012245,295046.73,295074.73,2140.24,2424.65,no,yes
1194,-2.105345,0.03527653,-0.029774,294935.47,294970.33,846.59,1422.55,yes,yes
1195,-0.545652,0.58531110,-0.007717,295137.04,295162.65,3208.90,3422.81,no,yes
1196,0.462855,0.64347329,0.006546,294929.00,294915.98,2016.10,1961.37,no,yes
1197,0.015413,0.98770285,0.000218,294877.49,294877.10,1348.56,2147.14,no,yes
1198,-0.365325,0.71487249,-0.005166,295109.72,295121.33,2157.46,2333.97,no,yes
1199,0.744933,0.45632230,0.010535,294969.09,294947.39,2449.41,1574.74,no,yes
1200,0.200830,0.84083363,0.002840,294884.82,294882.29,866.94,911.14,no,yes
1201,0.296139,0.76712688,0.004188,294714.73,294710.97,969.80,817.87,no,yes
1202,-0.021703,0.98268537,-0.000307,295196.51,295196.85,1134.11,1061.34,no,yes
1203,-0.648260,0.51682481,-0.009168,294971.09,294986.74,1496.19,1893.42,no,yes
1204,-0.449208,0.65328666,-0.006353,294932.51,294955.67,3309.40,3952.17,no,yes
1205,-1.035725,0.30034363,-0.014647,294783.01,294799.94,1028.40,1270.06,no,yes
1206,0.373355,0.70888827,0.005280,295061.39,295056.36,1024.06,874.56,no,yes
1207,-0.908597,0.36357392,-0.012850,294883.87,294898.37,1070.68,1184.47,no,yes
1208,0.420666,0.67400417,0.005949,294930.17,294915.81,2722.33,2060.01,no,yes
1209,1.059504,0.28938354,0.014984,294922.92,294909.03,993.08,855.37,no,yes
1210,-1.918212,0.05510315,-0.027128,294869.02,294908.39,937.66,1825.86,no,yes
1211,-0.440819,0.65934873,-0.006234,307335.02,307341.54,956.02,1128.95,no,yes
1212,-1.204379,0.22845783,-0.017032,294828.68,294844.88,884.22,1014.18,no,yes
1213,-0.057465,0.95417515,-0.000813,304065.66,304070.65,6214.40,6077.23,no,yes
1214,-0.423335,0.67205538,-0.005987,295208.52,295229.53,3063.77,3901.64,no,yes
1215,-0.419864,0.67458931,-0.005938,295103.24,295113.06,1741.76,1560.32,no,yes
1216,0.128532,0.89772959,0.001818,294837.55,294835.52,1121.24,1118.06,no,yes
1217,1.565989,0.11737488,0.022146,295223.88,295170.49,3150.36,1302.89,no,yes
1218,0.483629,0.62865433,0.006840,294784.37,294778.05,923.18,924.98,no,yes
1219,0.178777,0.85811476,0.002528,295035.43,295033.12,940.19,889.69,no,yes
1220,-1.030865,0.30261732,-0.014579,294771.68,294804.14,1977.67,2449.70,no,yes
1221,-0.116399,0.90733735,-0.001646,295168.99,295174.77,3823.13,3176.37,no,yes
1222,0.350211,0.72618415,0.004953,295082.29,295074.00,1891.46,1423.42,no,yes
1223,0.588349,0.55630510,0.008321,294735.39,294726.08,1217.46,1010.06,no,yes
1224,0.529035,0.59678699,0.007482,294831.86,294823.69,1096.22,1088.38,no,yes
1225,-0.141960,0.88711317,-0.002008,294948.11,294955.20,3608.87,3450.17,no,yes
1226,-1.066558,0.28618503,-0.015083,295068.84,295108.72,2314.72,2936.37,no,yes
1227,-0.443108,0.65769277,-0.006266,295095.93,295106.66,1583.83,1831.72,no,yes
1228,0.352109,0.72476060,0.004980,295125.72,295117.15,1706.35,1735.03,no,yes
1229,0.302913,0.76195983,0.004284,295053.25,295043.70,2482.48,1940.66,no,yes
1230,-0.741628,0.45832168,-0.010488,295159.07,295175.26,1420.20,1658.07,no,yes
1231,-0.650732,0.51522862,-0.009203,294975.20,294992.81,1366.35,2335.74,no,yes
1232,-2.451725,0.01422688,-0.034673,294818.25,294850.88,755.72,1095.77,yes,yes
1233,-1.411273,0.15818281,-0.019958,294834.67,294904.04,2576.41,4185.56,no,yes
1234,-0.129150,0.89724040,-0.001826,295113.87,295116.53,1536.17,1368.81,no,yes
1235,0.273372,0.78457060,0.003866,295115.43,295106.26,2643.10,2068.77,no,yes
1236,-0.484344,0.62814735,-0.006850,307438.74,307449.83,1552.50,1684.15,no,yes
1237,-0.967519,0.33329638,-0.013683,294758.51,294772.81,1050.54,1039.74,no,yes
1238,-0.180578,0.85670062,-0.002554,294864.23,294869.41,1843.32,2195.39,no,yes
1239,0.513454,0.60763972,0.007261,294861.50,294853.51,1163.43,1033.84,no,yes
1240,-0.476143,0.63397773,-0.006734,294883.74,294891.14,1095.38,1102.75,no,yes
1241,-0.648854,0.51644032,-0.009176,295066.09,295080.37,1626.30,1481.84,no,yes
1242,-0.247619,0.80443167,-0.003502,295084.46,295098.21,3745.93,4100.13,no,yes
1243,-0.392990,0.69433115,-0.005558,295088.02,295092.94,937.34,831.64,no,yes
1244,-0.363519,0.71622109,-0.005141,295030.31,295035.19,909.48,987.78,no,yes
1245,-0.799725,0.42387957,-0.011310,294894.95,294906.88,1020.39,1087.14,no,yes
1246,-0.663840,0.50680081,-0.009388,302834.16,302870.44,3251.73,4392.66,no,yes
1247,-1.530273,0.12596493,-0.021641,295283.23,295303.79,934.68,965.01,no,yes
1248,-0.108971,0.91322688,-0.001541,295099.49,295101.03,1022.42,974.97,no,yes
1249,0.214881,0.82986249,0.003039,294960.27,294953.34,2145.26,2408.75,no,yes
1250,0.896813,0.36983128,0.012683,294785.90,294763.70,2094.29,1319.23,no,yes
1251,0.128466,0.89778130,0.001817,296034.63,296029.57,3080.70,2459.34,no,yes
1252,-0.672620,0.50119752,-0.009512,302691.95,302708.84,1569.18,1960.08,no,yes
1253,0.906024,0.36493383,0.012813,294910.20,294894.60,1193.92,1240.32,no,yes
1254,-0.640010,0.52217412,-0.009051,294854.74,294868.74,1319.13,1744.28,no,yes
1255,0.194642,0.84567590,0.002753,294871.46,294867.25,1820.46,1165.36,no,yes
1256,0.062091,0.95049123,0.000878,294899.70,294898.15,1836.44,1699.48,no,yes
1257,0.307410,0.75853504,0.004347,294962.96,294954.35,2367.71,1495.50,no,yes
1258,0.712468,0.47618470,0.010076,294859.56,294844.22,1194.23,1790.41,no,yes
1259,-0.413487,0.67925400,-0.005848,294833.77,294840.07,1098.27,1058.01,no,yes
1260,0.430008,0.66719550,0.006081,295338.29,295329.91,1689.20,969.53,no,yes
1261,0.307954,0.75812018,0.004355,294937.69,294933.47,983.69,954.12,no,yes
1262,-0.387739,0.69821345,-0.005483,295024.67,295029.19,806.92,841.78,no,yes
1263,0.299854,0.76429170,0.004241,294874.08,294859.82,3872.92,2756.08,no,yes
1264,-0.757879,0.44853234,-0.010718,294896.16,294907.45,992.78,1111.30,no,yes
1265,-0.176090,0.86022531,-0.002490,294755.17,294757.49,923.67,936.16,no,yes
1266,0.018272,0.98542197,0.000258,295055.09,295054.85,989.66,857.76,no,yes
1267,0.616849,0.53734109,0.008724,294906.60,294896.21,1184.99,1197.67,no,yes
1268,0.098608,0.92145080,0.001395,295248.63,295239.53,6599.16,6445.99,no,yes
1269,0.822626,0.41073280,0.011634,302733.01,302716.80,1679.55,1030.51,no,yes
1270,0.868528,0.38511709,0.012283,295104.82,295051.00,5103.72,3514.53,no,yes
1271,-0.023520,0.98123566,-0.000333,294811.40,294812.19,2146.55,2572.36,no,yes
1272,-1.013820,0.31068239,-0.014338,294940.51,294970.07,1655.22,2400.19,no,yes
1273,-0.523073,0.60092967,-0.007397,294879.64,294888.31,1238.34,1100.95,no,yes
1274,0.469220,0.63891848,0.006636,294926.08,294913.84,2253.23,1315.37,no,yes
1275,-0.108705,0.91343724,-0.001537,294924.46,294927.21,1673.75,1893.98,no,yes
1276,0.198985,0.84227643,0.002814,393216.09,393207.53,3189.10,2888.75,no,yes
1277,-1.056012,0.29097635,-0.014934,294793.45,294807.48,817.05,1046.76,no,yes
1278,-0.019279,0.98461883,-0.000273,295061.77,295062.43,2080.58,2691.83,no,yes
1279,0.073432,0.94146283,0.001038,295008.31,295006.54,1575.60,1827.72,no,yes
1280,-0.759813,0.44737562,-0.010745,294978.53,294993.28,1259.78,1477.50,no,yes
1281,-0.842283,0.39963997,-0.011912,294916.44,294927.04,821.15,953.68,no,yes
1282,-0.124746,0.90072555,-0.001764,294925.80,294932.87,3736.86,4262.74,no,yes
1283,-0.421177,0.67363060,-0.005956,295087.96,295101.61,2040.94,2518.81,no,yes
1284,-0.570728,0.56819070,-0.008071,295216.12,295247.78,3319.67,4445.74,no,yes
1285,-0.139973,0.88868310,-0.001980,295044.68,295057.77,6629.23,6595.41,no,yes
1286,-1.139202,0.25463274,-0.016111,294761.67,294777.56,901.72,1063.94,no,yes
1287,0.570082,0.56862819,0.008062,295140.60,295125.45,1909.59,1848.78,no,yes
1288,-0.724344,0.46886294,-0.010244,295071.52,295081.33,895.67,1016.79,no,yes
1289,0.550439,0.58202422,0.007784,295067.35,295057.14,1333.98,1289.90,no,yes
1290,-0.340733,0.73330799,-0.004819,294951.82,294967.63,3237.06,3322.87,no,yes
1291,0.008539,0.99318737,0.000121,363833.19,363833.06,1045.53,1192.25,no,yes
1292,1.577639,0.11466598,0.022311,295151.20,295129.71,1106.85,794.26,no,yes
1293,-0.208020,0.83521560,-0.002942,294850.26,294862.31,3834.71,4340.12,no,yes
1294,-0.795280,0.42646033,-0.011247,294771.67,294783.48,1039.30,1059.50,no,yes
1295,-0.228068,0.81959614,-0.003225,294977.67,294983.59,1656.16,2002.94,no,yes
1296,-1.766076,0.07740279,-0.024976,294762.45,294847.13,2301.14,4206.60,no,yes
1297,-0.152375,0.87889292,-0.002155,294855.03,294858.13,1392.42,1486.27,no,yes
1298,-0.548576,0.58330289,-0.007758,294745.62,294758.27,1683.03,1576.68,no,yes
1299,-0.043993,0.96491008,-0.000622,294831.88,294833.30,2499.04,2010.72,no,yes
1300,0.122103,0.90281848,0.001727,294946.90,294944.95,1164.78,1088.87,no,yes
1301,-0.403095,0.68688260,-0.005701,295175.86,295198.76,3592.78,4402.11,no,yes
1302,-0.708709,0.47851341,-0.010023,294997.11,295006.82,944.21,992.60,no,yes
1303,-2.184075,0.02896838,-0.030887,295043.15,295073.37,941.98,1013.55,yes,yes
1304,-1.039709,0.29848823,-0.014704,294923.26,294948.41,1568.23,1840.82,no,yes
1305,0.280082,0.77941749,0.003961,295025.56,295020.49,1157.08,1395.81,no,yes
1306,1.007048,0.31392428,0.014242,294965.65,294949.49,1221.63,1040.34,no,yes
1307,-0.245114,0.80637037,-0.003466,295015.00,295018.41,934.85,1031.92,no,yes
1308,-1.415589,0.15691208,-0.020019,294699.95,294716.95,763.09,927.13,no,yes
1309,-0.404678,0.68571866,-0.005723,295078.51,295084.80,931.90,1242.77,no,yes
1310,-0.541604,0.58809838,-0.007659,295035.00,295053.23,1919.56,2764.00,no,yes
1311,-0.292083,0.77022623,-0.004131,295105.39,295120.16,3464.30,3685.26,no,yes
1312,0.789690,0.42971836,0.011168,294842.11,294831.40,995.51,920.13,no,yes
1313,1.129822,0.25856687,0.015978,294978.07,294961.11,1256.72,821.36,no,yes
1314,-0.389177,0.69714909,-0.005504,295035.77,295040.86,956.48,894.59,no,yes
1315,1.602729,0.10901096,0.022666,294917.98,294899.12,912.40,743.40,no,yes
1316,0.131215,0.89560686,0.001856,294950.80,294948.39,1426.03,1156.92,no,yes
1317,-1.358081,0.17445672,-0.019206,294827.32,294869.32,1594.83,2649.54,no,yes
1318,-0.359447,0.71926445,-0.005083,294929.58,294941.18,2277.23,2285.07,no,yes
1319,-0.325428,0.74486031,-0.004602,294868.62,294875.04,1401.62,1388.72,no,yes
1320,0.442176,0.65836800,0.006253,294887.55,294866.88,4038.10,2356.83,no,yes
1321,-0.134857,0.89272604,-0.001907,294853.58,294855.32,872.56,946.13,no,yes
1322,1.022606,0.30650670,0.014462,295076.21,295059.78,1227.22,1036.16,no,yes
1323,-0.048627,0.96121688,-0.000688,295114.44,295118.76,6257.66,6293.83,no,yes
1324,0.916099,0.35962619,0.012956,294938.78,294926.00,1049.02,919.37,no,yes
1325,0.050047,0.96008564,0.000708,294881.79,294880.22,2026.11,2394.48,no,yes
1326,-0.055085,0.95607143,-0.000779,294887.83,294889.27,2191.42,1413.60,no,yes
1327,0.359295,0.71937817,0.005081,294838.97,294830.34,1869.55,1507.94,no,yes
1328,-0.479501,0.63158774,-0.006781,294879.67,294886.90,995.41,1132.16,no,yes
1329,0.446999,0.65488082,0.006322,294956.84,294951.02,908.34,930.64,no,yes
1330,0.048687,0.96116929,0.000689,295087.42,295086.43,1061.55,1715.01,no,yes
1331,0.783943,0.43308484,0.011087,295077.69,295046.71,3377.99,2050.10,no,yes
1332,-0.435256,0.66338173,-0.006155,294913.87,294919.76,883.55,1024.76,no,yes
1333,0.768780,0.44203347,0.010872,295094.44,295083.67,1084.20,886.13,no,yes
1334,0.541717,0.58801943,0.007661,294915.35,294906.78,1209.05,1020.17,no,yes
1335,-0.465314,0.64171174,-0.006581,294859.46,294865.56,881.77,971.97,no,yes
1336,0.990835,0.32177824,0.014013,294923.76,294907.37,1261.54,1070.28,no,yes
1337,0.405917,0.68480855,0.005741,294956.95,294945.40,1670.86,2302.04,no,yes
1338,-0.249422,0.80303761,-0.003527,295055.49,295063.97,1924.59,2802.35,no,yes
1339,-0.570983,0.56801757,-0.008075,295161.09,295192.03,3758.75,3903.68,no,yes
1340,0.566899,0.57079047,0.008017,295042.82,295024.25,2755.35,1773.23,no,yes
1341,-0.211451,0.83253741,-0.002990,294968.62,294980.81,4190.20,3956.96,no,yes
1342,0.155710,0.87626328,0.002202,295023.93,295016.68,3430.52,3149.08,no,yes
1343,0.544744,0.58593584,0.007704,302544.08,302535.62,1164.02,1028.46,no,yes
1344,-0.313591,0.75383495,-0.004435,295053.92,295070.66,3529.13,4004.89,no,yes
1345,0.665907,0.50547852,0.009417,294849.55,294840.47,966.11,962.29,no,yes
1346,0.353354,0.72382718,0.004997,295070.24,295063.91,1364.43,1163.68,no,yes
1347,0.034733,0.97229311,0.000491,294961.94,294961.47,969.65,943.04,no,yes
1348,-0.013695,0.98907371,-0.000194,294873.89,294874.19,1549.89,1546.06,no,yes
1349,0.073943,0.94105683,0.001046,294811.79,294810.65,1146.63,1022.52,no,yes
1350,0.966254,0.33392884,0.013665,294987.37,294973.93,1053.36,908.57,no,yes
1351,0.524942,0.59962952,0.007424,294891.65,294870.22,3292.60,2412.69,no,yes
1352,0.309260,0.75712671,0.004374,295083.81,295079.07,1121.78,1046.00,no,yes
1353,-0.071153,0.94327669,-0.001006,294837.99,294838.92,956.77,874.93,no,yes
1354,-0.189779,0.84948444,-0.002684,297931.52,297937.48,1682.03,2652.51,no,yes
1355,0.143619,0.88580259,0.002031,294868.70,294865.12,1789.89,1736.19,no,yes
1356,-3.230258,0.00123974,-0.045683,295354.39,295425.68,865.54,2030.32,yes,yes
1357,-0.715737,0.47416214,-0.010122,295117.76,295126.15,811.88,845.68,no,yes
1358,-0.058596,0.95327445,-0.000829,294776.20,294778.73,3141.26,2954.80,no,yes
1359,0.848664,0.39607875,0.012002,294835.01,294823.07,1039.63,948.09,no,yes
1360,0.475736,0.63426775,0.006728,294720.63,294709.81,1732.00,1473.54,no,yes
1361,0.089299,0.92884506,0.001263,304590.61,304583.08,5938.76,5983.27,no,yes
1362,2.298341,0.02155294,0.032503,294856.75,294825.88,1029.68,862.94,yes,yes
1363,-0.190393,0.84900282,-0.002693,294847.48,294849.90,952.50,843.84,no,yes
1364,0.335595,0.73718026,0.004746,294954.68,294948.03,1691.36,1029.77,no,yes
1365,-0.527012,0.59819148,-0.007453,294831.59,294843.36,1424.17,1720.34,no,yes
1366,-0.868317,0.38523109,-0.012280,294769.21,294780.51,892.66,946.20,no,yes
1367,-0.465256,0.64175363,-0.006580,295076.77,295086.17,1634.33,1190.17,no,yes
1368,-0.204209,0.83819224,-0.002888,307425.07,307434.01,3095.91,3090.89,no,yes
1369,0.047546,0.96207887,0.000672,295078.18,295077.05,1562.59,1778.74,no,yes
1370,1.573083,0.11571589,0.022247,295008.05,294987.38,1012.94,836.79,no,yes
1371,-0.219512,0.82625359,-0.003104,294973.58,294976.47,933.26,931.21,no,yes
1372,0.196923,0.84388955,0.002785,294801.52,294797.29,1369.68,1656.96,no,yes
1373,-0.287299,0.77388605,-0.004063,294922.01,294936.59,3778.38,3390.04,no,yes
1374,1.154589,0.24827569,0.016328,294976.98,294955.84,1572.65,937.03,no,yes
1375,0.168342,0.86631644,0.002381,294959.55,294955.35,2046.79,1424.87,no,yes
1376,-0.666965,0.50480209,-0.009432,295066.40,295075.70,973.33,1000.09,no,yes
1377,-0.093100,0.92582495,-0.001317,294979.62,294981.61,1538.30,1479.74,no,yes
1378,-0.716719,0.47355602,-0.010136,294847.89,294857.63,900.71,1016.02,no,yes
1379,0.026160,0.97912989,0.000370,295159.86,295159.50,958.10,992.09,no,yes
1380,-0.087810,0.93002850,-0.001242,294977.54,294978.67,908.71,911.35,no,yes
1381,-0.707325,0.47937279,-0.010003,305249.66,305516.32,26516.86,26797.17,no,yes
1382,0.282624,0.77746833,0.003997,294817.34,294810.88,1818.47,1388.54,no,yes
1383,-0.079979,0.93625465,-0.001131,294859.49,294862.10,1820.10,2709.53,no,yes
1384,-0.229760,0.81828035,-0.003249,294939.04,294942.23,944.51,1016.61,no,yes
1385,-0.377850,0.70554655,-0.005344,294902.21,294914.65,1794.55,2758.97,no,yes
1386,-0.145038,0.88468198,-0.002051,295325.90,295339.12,6455.99,6434.10,no,yes
1387,0.397709,0.69084931,0.005624,294861.70,294843.45,3304.23,3182.52,no,yes
1388,-1.006309,0.31427956,-0.014231,294838.98,294852.06,842.16,991.21,no,yes
1389,-1.101871,0.27053110,-0.015583,295010.39,295027.09,1034.14,1107.94,no,yes
1390,-1.160719,0.24576994,-0.016415,294873.15,294888.09,938.94,880.59,no,yes
1391,-0.875879,0.38110678,-0.012387,295084.13,295095.89,852.37,1036.97,no,yes
1392,-0.501444,0.61606392,-0.007091,295186.18,295214.38,4009.81,3944.26,no,yes
1393,0.367800,0.71302612,0.005201,295140.53,295135.83,919.08,886.22,no,yes
1394,0.139628,0.88895514,0.001975,295112.84,295107.66,2713.99,2525.71,no,yes
1395,-0.127507,0.89854024,-0.001803,295028.19,295031.49,1746.26,1911.67,no,yes
1396,0.968095,0.33301208,0.013691,304892.49,304834.73,5235.24,2861.70,no,yes
1397,0.584016,0.55921592,0.008259,295046.72,295037.83,1107.10,1045.78,no,yes
1398,0.798896,0.42436037,0.011298,295111.67,295100.35,1088.50,905.52,no,yes
1399,0.156102,0.87595438,0.002208,294991.46,294982.25,4421.93,3907.60,no,yes
1400,1.161631,0.24539917,0.016428,294877.55,294863.39,875.24,849.04,no,yes
1401,1.498868,0.13392594,0.021197,295093.44,295070.09,1294.85,866.56,no,yes
1402,-1.557565,0.11935253,-0.022027,294969.62,294993.20,1005.64,1131.76,no,yes
1403,0.190643,0.84880756,0.002696,295223.28,295206.26,6416.38,6205.99,no,yes
1404,-1.779884,0.07511429,-0.025171,294973.06,295036.52,1742.02,3110.64,no,yes
1405,-0.211545,0.83246431,-0.002992,294915.76,294927.38,3838.25,3925.88,no,yes
1406,-0.429911,0.66726537,-0.006080,294947.16,294953.63,981.55,1139.53,no,yes
1407,-0.839106,0.40142037,-0.011867,294892.01,294920.44,2075.57,2677.56,no,yes
1408,0.536571,0.59157026,0.007588,294978.57,294960.93,2313.18,2333.66,no,yes
1409,-1.305777,0.19164755,-0.018466,295004.29,295031.00,1009.09,1778.79,no,yes
1410,-0.399438,0.68957513,-0.005649,308785.92,308794.54,1741.23,1273.31,no,yes
1411,-1.060759,0.28881224,-0.015001,294937.07,294951.42,968.01,944.29,no,yes
1412,-1.154229,0.24842069,-0.016323,294739.63,294754.24,804.31,977.52,no,yes
1413,-0.517435,0.60485852,-0.007318,294938.72,294955.13,2140.32,2340.07,no,yes
1414,-0.167805,0.86673814,-0.002373,294895.00,294899.44,1956.14,1779.92,no,yes
1415,0.413782,0.67903852,0.005852,294999.90,294990.68,1538.50,1609.20,no,yes
1416,0.290271,0.77161221,0.004105,295109.92,295102.57,1936.33,1629.02,no,yes
1417,-1.290461,0.19691007,-0.018250,295126.90,295160.26,1218.45,2279.63,no,yes
1418,0.291474,0.77069178,0.004122,294964.36,294953.59,2334.83,2863.76,no,yes
1419,-0.266810,0.78961832,-0.003773,302852.65,302858.35,1512.50,1511.30,no,yes
1420,-0.924300,0.35534189,-0.013072,294827.47,294851.16,1568.49,2027.72,no,yes
1421,-0.083239,0.93366272,-0.001177,294861.06,294863.13,1542.87,1959.38,no,yes
1422,0.437551,0.66171652,0.006188,295046.18,295040.24,1078.83,823.77,no,yes
1423,0.000943,0.99924794,0.000013,294996.15,294996.12,2380.34,2096.81,no,yes
1424,-0.331538,0.74024201,-0.004689,294887.18,294895.10,1533.33,1834.26,no,yes
1425,0.552368,0.58070266,0.007812,295067.50,295060.36,1021.39,789.97,no,yes
1426,-0.761347,0.44645927,-0.010767,295100.07,295109.75,815.49,975.78,no,yes
1427,-0.290219,0.77165140,-0.004104,295050.56,295054.25,871.17,928.98,no,yes
1428,-0.374304,0.70818244,-0.005293,294908.47,294921.47,1896.39,2908.52,no,yes
1429,0.122338,0.90263271,0.001730,294903.61,294899.48,2273.34,2496.82,no,yes
1430,-1.143062,0.25302915,-0.016165,294987.22,295049.61,2887.30,4632.05,no,yes
1431,-0.415105,0.67806927,-0.005870,294915.61,294924.06,1428.65,1451.33,no,yes
1432,-0.075291,0.93998354,-0.001065,294945.44,294949.69,4040.08,3942.93,no,yes
1433,0.291801,0.77044190,0.004127,295064.70,295057.78,1585.30,1763.50,no,yes
1434,-0.596421,0.55090067,-0.008435,294885.41,294894.96,1024.31,1230.55,no,yes
1435,0.374347,0.70815159,0.005294,294902.41,294895.41,1653.58,873.66,no,yes
1436,-0.478645,0.63219696,-0.006769,294943.93,294955.46,1535.61,1854.86,no,yes
1437,0.023982,0.98086757,0.000339,295501.17,295498.86,6820.16,6810.37,no,yes
1438,-0.314418,0.75320725,-0.004447,294901.29,294909.73,1613.50,2146.71,no,yes
1439,1.965746,0.04934323,0.027800,294896.97,294866.43,1262.11,906.12,yes,yes
1440,-1.206069,0.22780962,-0.017056,294861.81,294887.33,987.10,1871.58,no,yes
1441,-0.044077,0.96484372,-0.000623,295105.51,295106.46,1538.30,1525.18,no,yes
1442,-0.264188,0.79163798,-0.003736,294884.82,294888.73,994.70,1097.12,no,yes
1443,-1.026676,0.30458559,-0.014519,295148.04,295170.56,1500.59,1600.40,no,yes
1444,-0.068991,0.94499754,-0.000976,295017.81,295020.30,2460.53,2638.85,no,yes
1445,-0.421067,0.67371116,-0.005955,294898.34,294906.31,1110.02,1532.34,no,yes
1446,-1.120084,0.26269209,-0.015840,295066.81,295084.17,981.13,1200.62,no,yes
1447,-0.193295,0.84673026,-0.002734,294880.29,294882.86,957.24,924.83,no,yes
1448,-0.702028,0.48266970,-0.009928,294897.38,294907.31,941.98,1055.28,no,yes
1449,1.198175,0.23086519,0.016945,295286.84,295252.65,2384.11,1567.88,no,yes
1450,-0.743859,0.45697086,-0.010520,294990.99,295011.03,1655.32,2126.92,no,yes
1451,0.539494,0.58955298,0.007630,294836.19,294805.80,4770.61,2997.55,no,yes
1452,0.001551,0.99876228,0.000022,295045.49,295045.48,820.55,856.49,no,yes
1453,-1.256008,0.20912833,-0.017763,294867.24,294883.20,803.69,983.30,no,yes
1454,0.135581,0.89215413,0.001917,295083.03,295078.65,2819.71,1563.53,no,yes
1455,0.462188,0.64395121,0.006536,295170.58,295157.90,2011.42,1866.46,no,yes
1456,-0.179573,0.85748967,-0.002540,294859.97,294865.73,2353.39,2183.94,no,yes
1457,-0.395807,0.69225186,-0.005598,294920.89,294927.31,1068.60,1221.95,no,yes
1458,-0.871696,0.38338499,-0.012328,295001.68,295026.44,1910.54,2101.11,no,yes
1459,-0.695022,0.48704988,-0.009829,295064.05,295082.45,1696.62,2032.93,no,yes
1460,-0.132671,0.89445464,-0.001876,295033.80,295037.19,1697.54,1905.66,no,yes
1461,0.649453,0.51605300,0.009185,294891.18,294870.08,2278.87,2316.16,no,yes
1462,-0.102411,0.91843138,-0.001448,294955.66,294959.47,2842.83,2405.07,no,yes
1463,0.386604,0.69905375,0.005467,294792.92,294783.51,1625.79,1812.01,no,yes
1464,-0.953767,0.34021466,-0.013488,295047.76,295064.88,998.88,1491.24,no,yes
1465,-0.259765,0.79504788,-0.003674,295039.27,295042.78,974.15,937.56,no,yes
1466,-0.868052,0.38537867,-0.012276,294874.73,294897.24,1345.10,2217.28,no,yes
1467,-0.723156,0.46959246,-0.010227,295084.74,295101.62,1595.77,1703.30,no,yes
1468,0.031533,0.97484463,0.000446,294982.49,294980.94,3370.74,3592.48,no,yes
1469,0.449018,0.65342367,0.006350,295211.53,295198.16,2337.09,1845.36,no,yes
1470,-0.247884,0.80422688,-0.003506,294977.39,294981.63,1237.36,1180.68,no,yes
1471,0.090804,0.92764917,0.001284,294808.68,294807.55,855.12,904.10,no,yes
1472,0.064654,0.94845022,0.000914,295111.82,295108.51,3586.65,3649.31,no,yes
1473,-0.842003,0.39979615,-0.011908,294832.82,294842.76,818.18,850.97,no,yes
1474,-0.259185,0.79549576,-0.003665,294927.14,294933.82,1380.08,2180.06,no,yes
1475,0.655987,0.51184117,0.009277,294974.16,294955.87,2302.29,1572.73,no,yes
1476,0.164675,0.86920140,0.002329,295117.07,295113.24,1870.39,1384.31,no,yes
1477,-0.862528,0.38840864,-0.012198,295042.61,295054.79,813.63,1154.92,no,yes
1478,-1.337897,0.18094590,-0.018921,294999.97,295017.32,811.73,1011.26,no,yes
1479,-0.161963,0.87133685,-0.002290,295054.62,295069.18,6313.96,6399.49,no,yes
1480,0.457839,0.64707296,0.006475,295056.08,295049.86,991.08,928.25,no,yes
1481,0.503179,0.61484413,0.007116,294945.85,294938.13,1120.67,1049.02,no,yes
1482,0.831206,0.40586958,0.011755,294943.47,294913.74,3073.42,1829.41,no,yes
1483,0.913148,0.36117651,0.012914,295102.42,295089.13,1147.48,894.91,no,yes
1484,-0.027870,0.97776622,-0.000394,294952.10,294952.50,1052.15,1002.35,no,yes
1485,-0.006399,0.99489419,-0.000090,294847.79,294848.12,3695.74,3440.02,no,yes
1486,0.029903,0.97614493,0.000423,294993.31,294992.67,1351.93,1675.16,no,yes
1487,-0.282243,0.77776055,-0.003992,301108.59,301122.82,3084.95,3990.39,no,yes
1488,1.037503,0.29951396,0.014673,294774.90,294760.95,944.66,956.21,no,yes
1489,0.016230,0.98705138,0.000230,295232.43,295231.51,4362.32,3709.95,no,yes
1490,1.297380,0.19451765,0.018348,295131.18,295105.72,1624.66,1099.81,no,yes
1491,0.238761,0.81129324,0.003377,295098.84,295091.31,2563.77,1830.92,no,yes
1492,0.214900,0.82984755,0.003039,295049.36,295044.10,1726.53,1731.02,no,yes
1493,-0.024715,0.98028283,-0.000350,295145.00,295145.74,2320.36,1908.96,no,yes
1494,0.213822,0.83068831,0.003024,294844.10,294840.39,1212.04,1242.55,no,yes
1495,0.827967,0.40769886,0.011709,294916.98,294902.83,1246.59,1169.89,no,yes
1496,0.169460,0.86543647,0.002397,295091.44,295087.64,1651.85,1515.55,no,yes
1497,-0.445889,0.65568376,-0.006306,295111.35,295127.15,1684.21,3116.58,no,yes
1498,-1.647400,0.09949180,-0.023298,295032.48,295052.76,821.59,916.22,no,yes
1499,0.254653,0.79899349,0.003601,294905.12,294895.56,2606.29,2706.89,no,yes
1500,-1.381283,0.16720884,-0.019534,295013.01,295040.49,1161.80,1615.53,no,yes
1501,-0.139737,0.88886914,-0.001976,295086.60,295088.75,1047.28,1125.12,no,yes
1502,1.367600,0.17145407,0.019341,297889.24,297855.08,2019.99,1469.09,no,yes
1503,-0.404204,0.68606732,-0.005716,295128.54,295145.22,2772.28,3056.75,no,yes
1504,-0.500671,0.61660853,-0.007081,294836.64,294842.92,894.53,879.84,no,yes
1505,-1.034529,0.30090144,-0.014630,294847.77,294860.31,854.47,859.19,no,yes
1506,0.533597,0.59362809,0.007546,294790.51,294772.63,2919.48,1645.55,no,yes
1507,-0.058715,0.95317966,-0.000830,294928.75,294929.58,985.01,1006.78,no,yes
1508,0.401516,0.68804485,0.005678,295132.26,295125.57,1208.36,1146.51,no,yes
1509,-0.192410,0.84742320,-0.002721,294902.41,294907.43,1872.95,1814.83,no,yes
1510,1.485947,0.13730910,0.021014,295032.02,295013.05,961.26,840.76,no,yes
1511,0.908629,0.36355728,0.012850,294935.53,294921.03,1219.47,1029.04,no,yes
1512,0.541551,0.58813416,0.007659,295071.45,295058.49,1750.11,1629.99,no,yes
1513,-0.410354,0.68155040,-0.005803,294896.77,294904.92,1456.33,1351.53,no,yes
1514,-2.240615,0.02506245,-0.031687,296132.25,296165.86,939.38,1169.25,yes,yes
1515,1.460224,0.14425102,0.020651,308900.36,308838.26,3869.14,1765.53,no,yes
1516,-0.421949,0.67306728,-0.005967,294953.45,294964.87,1539.46,2223.39,no,yes
1517,-0.127961,0.89818096,-0.001810,294903.80,294908.40,2196.73,2842.89,no,yes
1518,-0.000517,0.99958745,-0.000007,295054.61,295054.62,1199.43,1124.20,no,yes
1519,0.560943,0.57484253,0.007933,294830.81,294813.08,2331.31,2134.71,no,yes
1520,-0.267394,0.78916886,-0.003782,294770.05,294775.67,1228.67,1703.43,no,yes
1521,-0.139316,0.88920180,-0.001970,295080.08,295081.86,917.95,881.99,no,yes
1522,0.739533,0.45959199,0.010459,294863.14,294852.65,1054.77,948.22,no,yes
1523,0.680868,0.49596295,0.009629,294882.60,294873.15,982.65,979.60,no,yes
1524,-0.258524,0.79600506,-0.003656,294763.47,294767.48,1057.27,1135.22,no,yes
1525,-0.163791,0.86989731,-0.002316,295061.92,295070.86,3724.17,3986.43,no,yes
1526,1.339624,0.18038287,0.018945,295041.74,295020.22,1156.82,1114.43,no,yes
1527,0.394227,0.69341795,0.005575,294819.67,294809.51,1894.77,1746.38,no,yes
1528,-0.634445,0.52579869,-0.008972,294990.89,295002.72,1014.37,1564.36,no,yes
1529,-1.010404,0.31231408,-0.014289,295093.19,295107.35,930.58,1048.09,no,yes
1530,0.139697,0.88890084,0.001976,295021.37,295019.57,921.53,902.31,no,yes
1531,1.254997,0.20949790,0.017748,295124.03,295089.87,2342.29,1386.27,no,yes
1532,0.690853,0.48966588,0.009770,295136.26,295126.23,1077.17,973.08,no,yes
1533,0.336523,0.73647998,0.004759,294777.44,294768.91,2000.63,1553.79,no,yes
1534,-0.183787,0.85418267,-0.002599,295029.02,295045.37,6202.22,6376.60,no,yes
1535,0.060252,0.95195542,0.000852,295126.50,295125.28,1461.57,1389.31,no,yes
1536,0.012190,0.99027412,0.000172,294989.53,294989.33,1166.85,1174.30,no,yes
1537,-0.470679,0.63787499,-0.006656,295018.20,295039.72,3033.95,3420.30,no,yes
1538,-0.321860,0.74756214,-0.004552,310441.00,310457.25,3422.46,3709.87,no,yes
1539,-0.116138,0.90754444,-0.001642,294956.71,294959.86,2220.29,1557.67,no,yes
1540,0.315139,0.75265906,0.004457,295079.71,295074.62,1156.60,1128.25,no,yes
1541,-0.142336,0.88681606,-0.002013,295174.39,295176.77,1105.30,1248.40,no,yes
1542,0.562055,0.57408526,0.007949,295202.57,295172.67,4119.42,3365.35,no,yes
1543,-1.019837,0.30782413,-0.014423,295026.87,295056.98,1130.68,2727.60,no,yes
1544,-1.240486,0.21481492,-0.017543,295167.40,295229.18,2339.90,4396.33,no,yes
1545,-1.263912,0.20628068,-0.017874,294950.64,294983.99,1269.39,2313.12,no,yes
1546,-0.500837,0.61649106,-0.007083,294752.76,294759.77,966.63,1010.71,no,yes
1547,0.306946,0.75888786,0.004341,294806.84,294799.35,1872.84,1560.59,no,yes
1548,-0.084446,0.93270242,-0.001194,294868.45,294871.73,2914.39,2567.82,no,yes
1549,-0.233315,0.81551929,-0.003300,295059.22,295062.54,946.06,1062.64,no,yes
1550,1.084651,0.27808967,0.015339,294855.76,294841.05,1042.35,868.48,no,yes
1551,0.236584,0.81298160,0.003346,295159.27,295137.10,6657.14,6595.05,no,yes
1552,-0.394089,0.69351964,-0.005573,294863.63,294869.92,1192.39,1059.23,no,yes
1553,-0.197824,0.84318446,-0.002798,295025.17,295032.34,2453.81,2663.94,no,yes
1554,-2.281323,0.02254595,-0.032263,294981.62,295056.10,1116.90,3067.59,yes,yes
1555,2.032430,0.04212729,0.028743,295003.19,294948.78,2353.82,1274.96,yes,yes
1556,0.580146,0.56182292,0.008205,294825.93,294817.98,1069.91,856.48,no,yes
1557,-0.215290,0.82954379,-0.003045,296284.37,296291.33,2005.11,2539.35,no,yes
1558,-0.521499,0.60202514,-0.007375,301182.86,301191.56,1240.26,1117.00,no,yes
1559,0.340846,0.73322283,0.004820,294829.27,294824.65,960.70,956.89,no,yes
1560,-1.235173,0.21678120,-0.017468,295082.72,295098.66,823.74,993.57,no,yes
1561,-0.632849,0.52683922,-0.008950,294992.31,295004.61,1321.72,1425.21,no,yes
1562,-0.214923,0.82982960,-0.003039,294768.94,294771.74,893.24,944.07,no,yes
1563,-0.190680,0.84877814,-0.002697,393219.91,393226.90,2474.03,2705.72,no,yes
1564,0.061786,0.95073363,0.000874,295048.07,295047.33,874.71,823.79,no,yes
1565,-0.031790,0.97464009,-0.000450,295183.32,295184.88,2982.12,3884.11,no,yes
1566,-0.615546,0.53820118,-0.008705,295084.64,295092.99,936.26,981.45,no,yes
1567,-0.109755,0.91260487,-0.001552,294979.44,294981.48,1492.74,1110.05,no,yes
1568,0.714421,0.47497822,0.010103,295066.28,295047.44,2341.05,1213.87,no,yes
1569,-0.782488,0.43393723,-0.011066,295095.80,295105.85,871.96,942.68,no,yes
1570,-1.027709,0.30409976,-0.014534,295524.63,295539.47,895.78,1132.49,no,yes
1571,0.335027,0.73760867,0.004738,294985.52,294979.00,1651.49,1027.49,no,yes
1572,0.121430,0.90335164,0.001717,295020.33,295009.63,6214.29,6245.38,no,yes
1573,0.513961,0.60728465,0.007269,295069.06,295062.47,882.11,930.84,no,yes
1574,-0.084730,0.93247680,-0.001198,295120.92,295122.00,922.74,868.36,no,yes
1575,-0.080667,0.93570796,-0.001141,294897.34,294901.74,3976.21,3726.45,no,yes
1576,0.134010,0.89339610,0.001895,295053.29,295048.69,2721.99,2083.28,no,yes
1577,0.196508,0.84421490,0.002779,294991.16,294988.02,1113.12,1152.01,no,yes
1578,-0.188894,0.85017817,-0.002671,294894.75,294905.26,3922.73,3943.73,no,yes
1579,0.099723,0.92056540,0.001410,295062.79,295061.24,1097.78,1091.55,no,yes
1580,-0.633291,0.52655217,-0.008956,300653.91,300674.83,1766.44,2790.68,no,yes
1581,0.585409,0.55827917,0.008279,295078.21,295070.02,983.04,994.74,no,yes
1582,0.495787,0.62004996,0.007011,294926.13,294917.87,1265.49,1084.60,no,yes
1583,0.682072,0.49520263,0.009646,295479.45,295463.40,1974.77,1282.03,no,yes
1584,-0.388238,0.69784442,-0.005491,294927.50,294933.69,1066.45,1185.40,no,yes
1585,-0.711823,0.47658301,-0.010067,296181.32,296190.46,877.85,937.11,no,yes
1586,0.133325,0.89393778,0.001885,294903.45,294901.12,1261.34,1217.72,no,yes
1587,-0.630382,0.52845216,-0.008915,294963.83,294971.95,941.12,879.54,no,yes
1588,0.362915,0.71667217,0.005132,295107.46,295098.66,1724.63,1704.82,no,yes
1589,0.079432,0.93668999,0.001123,295017.87,295014.28,3329.73,3051.25,no,yes
1590,-0.942368,0.34601560,-0.013327,295071.42,295083.81,890.06,967.97,no,yes
1591,0.774443,0.43867803,0.010952,294884.53,294868.16,1593.61,1388.13,no,yes
1592,0.302847,0.76200959,0.004283,295375.56,295371.46,1033.68,871.85,no,yes
1593,0.233670,0.81524344,0.003305,295088.33,295085.03,989.41,1008.44,no,yes
1594,-0.634347,0.52586197,-0.008971,295109.00,295124.57,1710.10,1762.07,no,yes
1595,-0.652331,0.51419593,-0.009225,295152.71,295174.04,1910.92,2654.16,no,yes
1596,-0.651300,0.51486045,-0.009211,294995.17,295010.16,1671.71,1581.91,no,yes
1597,-0.063581,0.94930488,-0.000899,294848.07,294850.26,1842.70,2915.87,no,yes
1598,-1.011536,0.31177511,-0.014305,294857.49,294881.05,1167.04,2015.00,no,yes
1599,0.412240,0.68016759,0.005830,295053.19,295048.08,853.86,901.19,no,yes
1600,0.330119,0.74131383,0.004669,294964.50,294959.99,1010.51,921.12,no,yes
1601,-0.650381,0.51545394,-0.009198,295020.67,295029.08,820.27,999.58,no,yes
1602,-0.894358,0.37114141,-0.012648,294866.73,294879.65,963.11,1076.98,no,yes
1603,0.113170,0.90989685,0.001600,294843.37,294840.56,1884.25,1611.34,no,yes
1604,0.360871,0.71819946,0.005103,294854.57,294849.96,947.51,857.94,no,yes
1605,0.511679,0.60888146,0.007236,294903.31,294884.19,2907.39,2349.17,no,yes
1606,-0.053316,0.95748057,-0.000754,294766.12,294766.80,859.76,944.86,no,yes
1607,-0.212356,0.83183146,-0.003003,294896.56,294901.98,1648.99,1948.61,no,yes
1608,-0.164082,0.86966826,-0.002320,295083.05,295085.65,956.68,1263.03,no,yes
1609,-0.631067,0.52800415,-0.008925,294970.64,294978.44,858.19,888.27,no,yes
1610,0.112521,0.91041122,0.001591,295514.70,295504.25,6662.36,6480.30,no,yes
1611,0.917602,0.35883899,0.012977,294976.45,294961.97,1240.32,974.19,no,yes
1612,0.556233,0.57805794,0.007866,295084.35,295070.86,1741.07,1689.99,no,yes
1613,-0.388993,0.69728571,-0.005501,393178.01,393188.04,1712.22,1929.46,no,yes
1614,-0.172480,0.86306175,-0.002439,295117.74,295121.33,1623.94,1293.76,no,yes
1615,0.941563,0.34643297,0.013316,294871.07,294845.37,2489.72,1119.86,no,yes
1616,0.329900,0.74147966,0.004665,295036.01,295027.90,2034.16,1384.46,no,yes
1617,-0.272152,0.78550770,-0.003849,295124.87,295137.14,3126.41,3247.33,no,yes
1618,-0.371168,0.71051671,-0.005249,294861.45,294866.97,1072.16,1029.09,no,yes
1619,0.282693,0.77741517,0.003998,300677.82,300673.85,1011.53,972.59,no,yes
1620,0.316389,0.75171104,0.004474,295231.33,295214.69,4065.43,3332.49,no,yes
1621,-0.796140,0.42596030,-0.011259,295057.70,295109.17,4187.30,4925.04,no,yes
1622,-0.070276,0.94397505,-0.000994,295228.04,295232.30,4511.52,4053.63,no,yes
1623,-0.639829,0.52229118,-0.009049,294756.65,294764.72,821.99,956.34,no,yes
1624,0.178486,0.85834319,0.002524,294995.21,294987.23,3421.60,2879.84,no,yes
1625,0.802912,0.42203532,0.011355,295002.13,294990.91,1084.05,881.88,no,yes
1626,-1.309940,0.19023212,-0.018525,295125.46,295172.01,2174.12,2810.72,no,yes
1627,-0.298823,0.76507790,-0.004226,294738.08,294742.31,948.86,1050.31,no,yes
1628,1.336403,0.18144289,0.018900,295113.13,295062.46,3609.77,1159.70,no,yes
1629,0.899282,0.36851359,0.012718,294787.77,294773.51,1168.11,1071.32,no,yes
1630,-0.471003,0.63764371,-0.006661,294773.30,294789.87,2440.91,2533.32,no,yes
1631,-0.090705,0.92772836,-0.001283,294975.45,294977.29,1212.32,1627.69,no,yes
1632,-0.949743,0.34225454,-0.013431,294811.32,294822.53,761.38,902.66,no,yes
1633,-0.134652,0.89288832,-0.001904,295086.00,295089.36,2005.50,1494.87,no,yes
1634,-0.381624,0.70274420,-0.005397,295094.02,295099.51,910.01,1114.32,no,yes
1635,0.571442,0.56770646,0.008081,295111.42,295103.60,975.71,958.83,no,yes
1636,-0.687418,0.49182770,-0.009722,294797.06,294807.85,1037.29,1178.86,no,yes
1637,-0.930945,0.35189858,-0.013166,294919.57,294945.63,1116.85,2565.93,no,yes
1638,-0.086025,0.93144714,-0.001217,295069.14,295070.52,1103.22,1159.63,no,yes
1639,-0.545690,0.58528533,-0.007717,295107.52,295121.22,1800.13,1749.91,no,yes
1640,0.444447,0.65672455,0.006285,294829.42,294823.28,950.77,1003.24,no,yes
1641,-0.810406,0.41771840,-0.011461,294946.89,294994.71,3032.17,5062.07,no,yes
1642,-0.327446,0.74333431,-0.004631,295242.66,295247.16,825.80,1100.97,no,yes
1643,-0.665916,0.50547232,-0.009417,294983.40,294994.36,1090.53,1233.43,no,yes
1644,0.186619,0.85196162,0.002639,295111.83,295108.68,1230.44,1158.22,no,yes
1645,0.217329,0.82795390,0.003074,294847.92,294839.94,2620.48,2577.19,no,yes
1646,-0.879469,0.37915794,-0.012438,294837.56,294851.24,984.64,1203.83,no,yes
1647,-0.614620,0.53881292,-0.008692,297960.13,297974.74,1447.77,1885.35,no,yes
1648,0.609349,0.54230217,0.008617,294884.24,294865.92,2647.20,1423.37,no,yes
1649,0.451290,0.65178544,0.006382,294852.80,294844.63,1298.84,1261.69,no,yes
1650,0.167093,0.86729829,0.002363,300557.12,300554.73,1094.02,923.64,no,yes
1651,-0.580393,0.56165618,-0.008208,294742.96,294750.62,861.61,999.49,no,yes
1652,-0.660368,0.50902530,-0.009339,295362.93,295379.01,1846.64,1587.01,no,yes
1653,-0.288468,0.77299136,-0.004080,295009.90,295023.18,3075.34,3427.13,no,yes
1654,-0.024645,0.98033854,-0.000349,295060.66,295061.27,1699.74,1783.04,no,yes
1655,-0.312413,0.75472997,-0.004418,295000.54,295010.26,2034.10,2353.77,no,yes
1656,0.016289,0.98700386,0.000230,294815.48,294815.26,937.82,981.26,no,yes
1657,0.745512,0.45597102,0.010543,294712.19,294700.86,1169.81,969.30,no,yes
1658,0.297222,0.76630064,0.004203,295173.77,295157.27,4630.35,3065.95,no,yes
1659,-0.880882,0.37839262,-0.012458,295075.01,295089.66,1102.41,1244.70,no,yes
1660,0.567504,0.57037807,0.008026,294874.37,294856.71,2149.33,2250.72,no,yes
1661,-1.771846,0.07643676,-0.025058,294952.66,294977.66,831.73,1139.95,no,yes
1662,-0.367992,0.71288282,-0.005204,294707.72,294712.85,952.82,1017.26,no,yes
1663,-0.199253,0.84206769,-0.002818,294901.39,294907.14,1432.83,2502.69,no,yes
1664,0.138067,0.89018878,0.001953,295056.88,295054.68,1136.04,1113.09,no,yes
1665,-0.017522,0.98602071,-0.000248,294826.17,294826.74,2444.30,2115.43,no,yes
1666,0.048761,0.96111042,0.000690,294913.30,294912.63,987.71,949.61,no,yes
1667,1.585246,0.11292757,0.022419,295058.28,295035.46,1155.86,858.23,no,yes
1668,0.491000,0.62343299,0.006944,294884.48,294871.70,2215.10,1365.69,no,yes
1669,-1.014654,0.31028384,-0.014349,295068.19,295090.68,1366.91,1744.75,no,yes
1670,-0.380477,0.70359515,-0.005381,294923.21,294928.38,944.50,978.76,no,yes
1671,-0.647063,0.51759863,-0.009151,295023.98,295032.09,829.47,938.60,no,yes
1672,0.800084,0.42367168,0.011315,294886.05,294873.41,1144.78,1088.10,no,yes
1673,-0.351223,0.72542474,-0.004967,295058.63,295094.35,6926.07,7448.80,no,yes
1674,-0.401737,0.68788172,-0.005681,295027.70,295033.29,879.58,1078.06,no,yes
1675,-0.265914,0.79030849,-0.003761,295119.59,295133.80,3937.43,3613.32,no,yes
1676,0.083403,0.93353155,0.001180,295037.39,295035.51,1647.47,1524.00,no,yes
1677,0.681194,0.49575995,0.009634,294891.83,294868.31,3151.91,1411.63,no,yes
1678,0.509710,0.61026063,0.007208,295041.79,295033.92,1138.90,1044.54,no,yes
1679,-1.036448,0.30000558,-0.014658,294856.14,294870.30,935.94,994.95,no,yes
1680,0.422343,0.67277963,0.005973,295080.19,295073.22,1325.24,982.75,no,yes
1681,-1.638041,0.10142989,-0.023165,310354.11,310381.36,1021.33,1312.60,no,yes
1682,-0.853294,0.39350817,-0.012067,294785.63,294806.65,1357.46,2056.62,no,yes
1683,0.831554,0.40567068,0.011760,294922.02,294909.48,1086.83,1045.53,no,yes
1684,-0.138316,0.88999222,-0.001956,294947.28,294949.29,1051.10,1008.81,no,yes
1685,-0.026798,0.97862094,-0.000379,294941.93,294942.68,1936.45,2007.15,no,yes
1686,-0.670505,0.50254486,-0.009482,294981.76,295003.17,1711.30,2695.34,no,yes
1687,0.589294,0.55567108,0.008334,295044.67,295036.75,1032.27,860.93,no,yes
1688,0.309010,0.75731680,0.004370,295185.82,295181.29,1059.18,1013.14,no,yes
1689,-0.613608,0.53948106,-0.008678,295004.06,295023.28,2237.59,2193.07,no,yes
1690,-0.771427,0.44046288,-0.010910,294970.47,294990.75,1727.60,1981.94,no,yes
1691,-1.005087,0.31486784,-0.014214,294981.75,295009.31,1687.98,2160.82,no,yes
1692,-0.691366,0.48934368,-0.009777,294778.16,294787.62,952.09,982.10,no,yes
1693,0.328239,0.74273459,0.004642,294829.90,294822.85,1696.11,1320.24,no,yes
1694,-0.382462,0.70212275,-0.005409,294904.40,294914.49,1793.17,1935.53,no,yes
1695,-0.299366,0.76466478,-0.004234,294865.58,294875.54,1607.62,2913.42,no,yes
1696,0.200079,0.84142058,0.002830,295169.52,295166.90,949.69,903.96,no,yes
1697,0.124153,0.90119572,0.001756,294985.99,294984.13,1058.94,1061.94,no,yes
1698,-0.381255,0.70301794,-0.005392,294973.15,294984.56,1907.23,2309.19,no,yes
1699,0.198070,0.84299253,0.002801,294841.22,294838.05,1093.93,1165.04,no,yes
1700,-0.866553,0.38619728,-0.012255,295112.73,295141.85,2286.47,2462.52,no,yes
1701,-0.604715,0.54537554,-0.008552,294805.57,294813.62,800.03,1065.53,no,yes
1702,-0.584881,0.55863486,-0.008271,294874.76,294902.36,2973.75,3665.90,no,yes
1703,-0.850907,0.39483134,-0.012034,294852.01,294868.95,1357.54,1456.62,no,yes
1704,0.384645,0.70050478,0.005440,294760.35,294754.58,1062.36,1055.87,no,yes
1705,-0.580771,0.56140148,-0.008213,294856.06,294864.95,1009.13,1150.32,no,yes
1706,-0.107955,0.91403283,-0.001527,294908.32,294910.11,1166.27,1174.96,no,yes
1707,-0.028441,0.97731079,-0.000402,295162.42,295163.33,2055.17,2444.05,no,yes
1708,-1.055179,0.29135801,-0.014922,303797.42,303816.20,986.37,1482.08,no,yes
1709,-0.265885,0.79033055,-0.003760,294981.60,294998.35,4157.23,4731.12,no,yes
1710,0.979706,0.32724310,0.013855,294751.56,294738.88,927.84,901.88,no,yes
1711,-1.122117,0.26182616,-0.015869,294854.15,294869.88,977.51,1004.80,no,yes
1712,-0.231890,0.81662585,-0.003279,295118.94,295129.64,2967.14,3532.57,no,yes
1713,-0.510127,0.60996842,-0.007214,294787.62,294795.29,1067.26,1059.53,no,yes
1714,-0.596352,0.55094717,-0.008434,295094.76,295113.17,2046.44,2312.12,no,yes
1715,-0.895857,0.37034003,-0.012669,295030.27,295042.19,907.24,972.76,no,yes
1716,0.634271,0.52591129,0.008970,295173.45,295163.62,1196.74,985.54,no,yes
1717,-0.730365,0.46518055,-0.010329,295073.91,295096.92,1107.14,2949.72,no,yes
1718,0.274956,0.78335301,0.003888,295039.39,295035.13,1091.00,1101.05,no,yes
1719,0.807609,0.41932748,0.011421,294998.02,294979.24,1984.38,1213.44,no,yes
1720,0.674372,0.50008277,0.009537,295100.30,295090.37,1083.11,998.69,no,yes
1721,1.004877,0.31497167,0.014211,294963.23,294942.72,1790.74,979.50,no,yes
1722,-1.234380,0.21707626,-0.017457,302633.95,302653.01,994.79,1180.96,no,yes
1723,0.541868,0.58791621,0.007663,294906.20,294897.75,1245.22,937.94,no,yes
1724,-0.255121,0.79863254,-0.003608,295349.20,295372.20,6253.65,6493.43,no,yes
1725,-0.421907,0.67309774,-0.005967,295105.51,295114.07,1335.55,1528.67,no,yes
1726,-0.013845,0.98895401,-0.000196,294852.01,294852.20,915.07,1015.96,no,yes
1727,-0.004121,0.99671200,-0.000058,294984.13,294984.24,1993.85,1763.75,no,yes
1728,-0.009700,0.99226035,-0.000137,294907.66,294908.26,4783.87,4001.53,no,yes
1729,-0.577053,0.56390997,-0.008161,295106.74,295116.15,1154.53,1151.57,no,yes
1730,0.530724,0.59561650,0.007506,294902.21,294876.15,3855.79,3040.19,no,yes
1731,0.150862,0.88008619,0.002134,294817.48,294811.97,2479.83,2687.12,no,yes
1732,-0.039295,0.96865548,-0.000556,294915.15,294917.00,3769.18,2838.82,no,yes
1733,-0.171391,0.86391790,-0.002424,295124.33,295130.47,2488.34,2583.47,no,yes
1734,-0.447251,0.65469852,-0.006325,295145.93,295152.79,973.12,1185.18,no,yes
1735,-1.389160,0.16479991,-0.019646,295052.27,295070.99,876.93,1023.42,no,yes
1736,-0.808406,0.41886687,-0.011433,302688.89,302707.51,1411.07,1820.72,no,yes
1737,-0.852724,0.39382252,-0.012059,295045.49,295057.49,930.91,1054.80,no,yes
1738,0.123192,0.90195598,0.001742,294947.85,294944.36,2041.05,1968.27,no,yes
1739,-0.280281,0.77926499,-0.003964,294910.58,294914.31,943.46,937.32,no,yes
1740,0.958479,0.33783438,0.013555,294760.83,294744.05,1431.06,1008.25,no,yes
1741,1.086483,0.27728095,0.015365,294760.63,294739.09,1683.89,1045.90,no,yes
1742,-0.261425,0.79376752,-0.003697,295029.69,295033.34,981.74,993.06,no,yes
1743,-0.529194,0.59667666,-0.007484,294763.84,294792.10,3708.80,3841.59,no,yes
1744,0.300624,0.76370472,0.004251,294852.08,294847.88,922.85,1049.80,no,yes
1745,-0.297411,0.76615603,-0.004206,294752.13,294757.65,1069.72,1519.94,no,yes
1746,0.044322,0.96464811,0.000627,296316.73,296315.61,1754.79,1797.55,no,yes
1747,0.527970,0.59752648,0.007467,295050.84,295042.28,1235.81,1049.50,no,yes
1748,-0.146386,0.88361806,-0.002070,295545.08,295550.66,2927.86,2438.29,no,yes
1749,0.336495,0.73650130,0.004759,295206.32,295186.96,4744.74,3251.75,no,yes
1750,0.791370,0.42874060,0.011192,294879.74,294863.93,1763.75,937.08,no,yes
1751,0.195963,0.84464107,0.002771,295378.40,295372.00,2378.77,2239.80,no,yes
1752,-0.502161,0.61556007,-0.007102,294878.82,294893.90,1753.90,2438.42,no,yes
1753,-0.946291,0.34401307,-0.013383,295050.94,295076.27,1507.93,2210.94,no,yes
1754,-0.646989,0.51764690,-0.009150,295052.67,295068.06,1448.11,1888.76,no,yes
1755,0.396251,0.69192436,0.005604,295063.03,295042.72,4257.36,2856.70,no,yes
1756,-1.412718,0.15775604,-0.019979,294952.47,294974.64,901.47,1284.09,no,yes
1757,-0.382491,0.70210138,-0.005409,295259.83,295271.82,1878.20,2510.52,no,yes
1758,-0.788598,0.43035684,-0.011152,294760.25,294771.39,896.66,1092.35,no,yes
1759,-0.109722,0.91263079,-0.001552,294908.66,294910.27,981.11,1088.77,no,yes
1760,-0.639770,0.52232936,-0.009048,295170.08,295184.55,1520.00,1674.36,no,yes
1761,1.211921,0.22555912,0.017139,295071.80,295033.60,2615.01,1759.47,no,yes
1762,-0.146920,0.88319644,-0.002078,295157.53,295171.05,6248.05,6756.65,no,yes
1763,-0.790316,0.42935280,-0.011177,294977.21,294988.29,946.00,1035.74,no,yes
1764,1.261245,0.20723599,0.017837,294858.99,294833.23,1581.21,1293.33,no,yes
1765,-0.758388,0.44822756,-0.010725,294717.67,294727.92,955.99,956.36,no,yes
1766,-0.244418,0.80690981,-0.003457,295379.20,295390.66,3021.76,3584.17,no,yes
1767,0.244018,0.80721945,0.003451,295113.78,295107.40,1775.24,1918.27,no,yes
1768,0.672604,0.50120712,0.009512,294854.64,294843.66,1210.00,1095.67,no,yes
1769,-0.067547,0.94614654,-0.000955,295150.02,295151.52,1591.42,1562.76,no,yes
1770,-0.601618,0.54743536,-0.008508,294785.52,294806.01,2317.04,2497.43,no,yes
1771,-0.388590,0.69758341,-0.005495,294778.13,294787.65,1618.45,1838.21,no,yes
1772,-0.687414,0.49183252,-0.009721,294781.81,294799.27,1205.29,2235.85,no,yes
1773,-0.335205,0.73747389,-0.004741,295008.71,295019.51,2053.21,2481.36,no,yes
1774,-0.349121,0.72700229,-0.004937,294969.30,294982.90,2545.74,2951.15,no,yes
1775,-0.521112,0.60229464,-0.007370,295383.24,295455.43,8444.78,10981.94,no,yes
1776,-0.734471,0.46267014,-0.010387,294981.75,295000.55,1777.49,1841.64,no,yes
1777,0.590392,0.55493473,0.008349,294952.35,294939.61,1607.03,1440.30,no,yes
1778,0.537064,0.59122918,0.007595,294758.23,294746.33,1633.17,1498.61,no,yes
1779,-0.334005,0.73837917,-0.004724,294907.42,294918.27,2163.44,2424.74,no,yes
1780,0.266421,0.78991790,0.003768,295118.03,295111.25,2067.30,1482.47,no,yes
1781,0.229066,0.81881979,0.003239,294929.98,294922.73,2409.53,2056.44,no,yes
1782,-0.148668,0.88181702,-0.002102,295063.18,295065.44,971.36,1169.08,no,yes
1783,0.305522,0.75997224,0.004321,295130.47,295112.78,4556.66,3574.63,no,yes
1784,-0.293661,0.76902070,-0.004153,294971.23,294977.05,992.15,1715.14,no,yes
1785,-0.522837,0.60109363,-0.007394,295064.17,295072.82,1064.12,1264.81,no,yes
1786,0.101884,0.91884971,0.001441,294881.65,294876.62,3432.59,3547.44,no,yes
1787,0.679261,0.49698216,0.009606,294969.34,294930.76,4886.19,2893.95,no,yes
1788,0.943898,0.34523391,0.013349,296286.72,296272.64,1161.81,934.82,no,yes
1789,0.070884,0.94349062,0.001002,295321.64,295320.64,1001.84,1005.63,no,yes
1790,-0.402526,0.68730140,-0.005693,294909.34,294918.59,1547.44,1696.79,no,yes
1791,-0.155589,0.87635860,-0.002200,294864.93,294870.99,2859.80,2648.90,no,yes
1792,0.553241,0.58010555,0.007824,294815.41,294796.52,1824.40,2886.49,no,yes
1793,-0.097145,0.92261205,-0.001374,294779.76,294782.84,2347.64,2134.88,no,yes
1794,0.389504,0.69690798,0.005508,295028.78,295019.56,1802.80,1533.92,no,yes
1795,-0.141142,0.88775945,-0.001996,307518.98,307523.53,2410.09,2134.78,no,yes
1796,0.280247,0.77929180,0.003963,295072.48,295066.03,1968.36,1192.48,no,yes
1797,-0.280954,0.77874870,-0.003973,295063.34,295072.56,2171.98,2462.01,no,yes
1798,-1.238590,0.21551272,-0.017516,295509.01,295524.97,808.00,1003.81,no,yes
1799,-0.521325,0.60214643,-0.007373,295031.99,295044.20,1867.80,1411.29,no,yes
1800,-0.155924,0.87609428,-0.002205,295078.64,295092.64,6257.01,6439.32,no,yes
1801,-0.319065,0.74968081,-0.004512,294858.65,294863.21,1013.44,1006.74,no,yes
1802,-0.387158,0.69864345,-0.005475,295063.35,295089.22,4402.78,5025.85,no,yes
1803,-0.575597,0.56489502,-0.008140,294934.02,294949.31,1405.92,2254.58,no,yes
1804,0.324936,0.74523341,0.004595,295097.83,295088.66,2279.46,1664.92,no,yes
1805,0.012152,0.99030410,0.000172,295081.93,295081.77,1003.73,892.19,no,yes
1806,0.259062,0.79559021,0.003664,294787.57,294778.65,2640.92,2206.08,no,yes
1807,-0.324834,0.74531055,-0.004594,295130.14,295140.62,2091.21,2457.53,no,yes
1808,0.491977,0.62274143,0.006958,294773.98,294764.96,1374.81,1211.76,no,yes
1809,-0.068701,0.94522834,-0.000972,295080.91,295082.62,1229.90,2165.95,no,yes
1810,0.576592,0.56422311,0.008154,294814.47,294805.31,1364.57,812.39,no,yes
1811,0.899506,0.36839595,0.012721,294928.49,294911.54,1599.69,996.62,no,yes
1812,-0.191100,0.84844948,-0.002703,294879.42,294883.66,1517.62,1615.01,no,yes
1813,-0.941651,0.34638301,-0.013317,294932.05,294943.98,826.66,959.63,no,yes
1814,-0.603381,0.54626459,-0.008533,294853.64,294868.00,1099.76,2110.70,no,yes
1815,-0.646916,0.51769498,-0.009149,294893.14,294915.84,1843.56,2984.41,no,yes
1816,-1.614388,0.10646003,-0.022831,294840.91,294886.26,1733.11,2210.68,no,yes
1817,-0.346457,0.72900298,-0.004900,295277.32,295285.01,1567.36,1571.15,no,yes
1818,1.031576,0.30228765,0.014589,294889.16,294863.64,2209.91,1110.95,no,yes
1819,-0.464010,0.64264538,-0.006562,294725.46,294731.45,955.35,867.53,no,yes
1820,1.089098,0.27612384,0.015402,295061.84,295046.26,1045.59,975.50,no,yes
1821,0.057904,0.95382584,0.000819,301085.43,301079.18,7834.27,7408.35,no,yes
1822,0.362307,0.71712614,0.005124,300677.80,300672.38,1109.54,1004.20,no,yes
1823,0.220527,0.82546320,0.003119,294873.21,294869.94,1017.34,1077.40,no,yes
1824,0.322811,0.74684182,0.004565,294917.78,294906.13,2799.64,2277.84,no,yes
1825,-0.310960,0.75583413,-0.004398,295140.76,295157.04,3335.82,4033.84,no,yes
1826,0.250619,0.80211222,0.003544,295732.89,295726.48,2236.89,1241.56,no,yes
1827,-0.147542,0.88270572,-0.002087,295074.42,295078.30,1926.65,1785.79,no,yes
1828,0.476165,0.63396256,0.006734,295119.08,295108.33,1427.20,1748.92,no,yes
1829,0.599308,0.54897459,0.008475,295042.01,295030.23,1468.29,1306.59,no,yes
1830,-0.077995,0.93783264,-0.001103,294857.14,294861.49,4173.63,3707.28,no,yes
1831,0.443887,0.65712926,0.006278,363927.89,363915.13,2141.29,1916.52,no,yes
1832,0.033027,0.97365333,0.000467,294931.93,294931.13,1684.76,1722.21,no,yes
1833,-0.267188,0.78932696,-0.003779,295003.62,295008.39,1162.67,1354.65,no,yes
1834,0.446982,0.65489315,0.006321,294944.64,294938.80,960.50,885.52,no,yes
1835,-0.125618,0.90003578,-0.001777,295166.15,295170.17,2168.46,2359.02,no,yes
1836,-0.441370,0.65895023,-0.006242,295057.97,295068.80,1713.87,1754.52,no,yes
1837,-0.251593,0.80135793,-0.003558,295169.14,295183.06,3857.46,3965.87,no,yes
1838,-0.001966,0.99843133,-0.000028,302936.92,302938.12,43258.05,43268.11,no,yes
1839,0.603325,0.54629979,0.008532,294799.22,294790.49,1101.26,937.46,no,yes
1840,-0.820869,0.41173052,-0.011609,363893.00,363919.19,2240.83,2271.44,no,yes
1841,0.232982,0.81577772,0.003295,295317.53,295311.14,1965.82,1915.90,no,yes
1842,0.548339,0.58346499,0.007755,294867.96,294851.10,2086.35,2257.55,no,yes
1843,0.079081,0.93696916,0.001118,294778.31,294777.03,1206.28,1083.02,no,yes
1844,1.260573,0.20747783,0.017827,294786.42,294769.28,1037.83,878.67,no,yes
1845,0.564088,0.57270037,0.007977,295054.71,295045.75,1070.13,1174.08,no,yes
1846,0.195440,0.84505027,0.002764,295249.66,295240.46,3672.13,2951.60,no,yes
1847,0.776472,0.43747978,0.010981,294946.32,294934.87,1148.71,924.44,no,yes
1848,0.048646,0.96120185,0.000688,294969.80,294967.06,3976.04,4006.93,no,yes
1849,-0.121976,0.90291903,-0.001725,295023.74,295025.39,964.19,950.65,no,yes
1850,0.019333,0.98457541,0.000273,294893.50,294893.03,1574.70,1846.67,no,yes
1851,-0.572343,0.56709596,-0.008094,294883.78,294901.95,2163.73,2321.26,no,yes
1852,-1.070891,0.28423150,-0.015145,295467.10,295480.18,840.62,885.02,no,yes
1853,0.712361,0.47624945,0.010074,294949.74,294938.84,1083.14,1080.64,no,yes
1854,-1.220018,0.22247289,-0.017254,295237.01,295258.22,1112.53,1336.38,no,yes
1855,1.285265,0.19871513,0.018176,295105.91,295090.02,943.61,798.55,no,yes
1856,-0.119097,0.90519944,-0.001684,294863.04,294864.68,1013.78,930.16,no,yes
1857,-0.707311,0.47938208,-0.010003,294806.31,294825.60,1696.53,2135.03,no,yes
1858,-0.608211,0.54305454,-0.008601,295190.33,295217.92,2894.69,3492.21,no,yes
1859,-0.480346,0.63098668,-0.006793,294759.48,294771.18,1807.87,1631.30,no,yes
1860,0.389894,0.69661896,0.005514,294951.66,294945.13,1234.76,1130.69,no,yes
1861,0.510266,0.60987108,0.007216,294892.36,294885.36,1054.52,876.38,no,yes
1862,0.084445,0.93270336,0.001194,295104.48,295101.79,2224.15,2275.68,no,yes
1863,0.053292,0.95749970,0.000754,295112.76,295111.40,1911.43,1673.53,no,yes
1864,0.702429,0.48241993,0.009934,295010.28,295000.06,1040.65,1017.90,no,yes
1865,-0.468524,0.63941540,-0.006626,294823.49,294829.44,815.70,974.71,no,yes
1866,-0.564950,0.57211419,-0.007990,295726.22,295734.21,931.73,1063.00,no,yes
1867,0.142295,0.88684901,0.002012,294759.05,294754.52,2709.76,1672.30,no,yes
1868,0.200652,0.84097298,0.002838,295011.59,295006.15,2170.71,1623.90,no,yes
1869,-1.624981,0.10418301,-0.022981,294802.36,294824.52,860.85,1057.26,no,yes
1870,0.391614,0.69534752,0.005538,295145.09,295134.67,2058.43,1685.44,no,yes
1871,-1.850490,0.06425834,-0.026170,295099.43,295123.73,823.85,1022.80,no,yes
1872,-0.521258,0.60219355,-0.007372,295029.73,295043.97,1561.56,2241.88,no,yes
1873,0.256209,0.79779199,0.003623,295177.71,295173.38,1236.29,1151.09,no,yes
1874,0.210871,0.83299007,0.002982,295092.97,295090.27,900.70,913.97,no,yes
1875,-0.474902,0.63486225,-0.006716,295106.09,295116.33,1498.48,1551.01,no,yes
1876,1.823393,0.06826189,0.025787,301353.60,301314.24,1841.19,1126.87,no,yes
1877,-0.620425,0.53498513,-0.008774,294825.64,294844.18,1925.26,2284.79,no,yes
1878,-0.092190,0.92654826,-0.001304,295099.28,295100.60,976.74,1042.05,no,yes
1879,-0.225606,0.82151038,-0.003191,295001.39,295004.72,1035.49,1048.56,no,yes
1880,-0.360419,0.71853781,-0.005097,295368.34,295386.01,3303.61,3621.33,no,yes
1881,-0.008081,0.99355223,-0.000114,294853.99,294854.09,851.91,997.36,no,yes
1882,0.831155,0.40589626,0.011754,295138.91,295128.27,883.08,926.96,no,yes
1883,-0.334114,0.73829734,-0.004725,295016.08,295026.58,2256.38,2185.87,no,yes
1884,0.139191,0.88930085,0.001968,294972.37,294970.34,999.85,1067.08,no,yes
1885,-0.770900,0.44077535,-0.010902,295024.26,295039.21,1303.48,1435.84,no,yes
1886,-0.794682,0.42681052,-0.011238,295083.39,295109.29,1616.29,2830.47,no,yes
1887,1.253534,0.21003009,0.017728,295234.56,295200.01,2396.36,1361.71,no,yes
1888,-0.633623,0.52633449,-0.008961,295024.67,295032.88,876.27,955.95,no,yes
1889,-0.763422,0.44522076,-0.010796,295077.32,295088.40,945.63,1102.69,no,yes
1890,-0.512228,0.60849720,-0.007244,294910.16,294916.21,781.91,884.48,no,yes
1891,1.073391,0.28310861,0.015180,295005.70,294987.80,1239.84,1114.42,no,yes
1892,0.570232,0.56852695,0.008064,295030.63,295021.96,1093.98,1055.60,no,yes
1893,-0.695896,0.48650232,-0.009841,308948.88,308966.60,1761.43,1838.84,no,yes
1894,0.329745,0.74159601,0.004663,294807.41,294802.54,1077.72,1009.11,no,yes
1895,-1.109421,0.26726240,-0.015690,294876.11,294892.29,958.29,1099.86,no,yes
1896,1.134028,0.25679762,0.016038,301092.21,301074.35,1259.25,945.18,no,yes
1897,0.544636,0.58600996,0.007702,295274.02,295245.04,3949.13,3564.73,no,yes
1898,1.416870,0.15653792,0.020038,295141.72,295115.53,1485.23,1100.11,no,yes
1899,-0.218630,0.82694013,-0.003092,294853.77,294859.45,1856.09,1819.85,no,yes
1900,0.009953,0.99205865,0.000141,294913.10,294912.76,2661.33,2125.45,no,yes
1901,0.078261,0.93762125,0.001107,294933.10,294928.99,4124.68,3242.21,no,yes
1902,0.360058,0.71880789,0.005092,294817.34,294812.15,1101.84,931.19,no,yes
1903,-0.274530,0.78368065,-0.003882,295068.56,295075.30,1465.96,1971.44,no,yes
1904,1.012074,0.31151588,0.014313,295154.20,295138.57,1221.42,945.11,no,yes
1905,-0.330015,0.74139183,-0.004667,295031.15,295050.07,3676.02,4398.71,no,yes
1906,-0.933961,0.35033561,-0.013208,295038.08,295049.62,805.51,935.85,no,yes
1907,1.256893,0.20881604,0.017775,294984.94,294948.10,2763.32,978.99,no,yes
1908,-0.790670,0.42914722,-0.011182,294981.79,295006.07,1705.53,2552.46,no,yes
1909,0.458195,0.64681734,0.006480,295039.75,295033.25,1102.17,891.63,no,yes
1910,0.848852,0.39597386,0.012005,294958.10,294940.31,1447.67,1515.67,no,yes
1911,-0.014506,0.98842630,-0.000205,295118.53,295118.90,1785.50,1808.90,no,yes
1912,0.218329,0.82717478,0.003088,295149.73,295142.40,2410.08,2334.03,no,yes
1913,-0.104693,0.91662085,-0.001481,294858.99,294860.72,1198.26,1128.85,no,yes
1914,0.233048,0.81572684,0.003296,295058.34,295045.53,4050.99,3720.13,no,yes
1915,0.713858,0.47532339,0.010095,305222.59,305211.91,1164.56,940.81,no,yes
1916,-0.493259,0.62183471,-0.006976,294876.33,294883.05,923.13,1003.67,no,yes
1917,-0.130598,0.89609465,-0.001847,295028.88,295031.89,1587.03,1674.71,no,yes
1918,0.370762,0.71081841,0.005243,297938.87,297926.50,2462.35,2251.62,no,yes
1919,0.359447,0.71926513,0.005083,294885.72,294874.65,2440.76,1874.50,no,yes
1920,0.354655,0.72285263,0.005016,294963.88,294945.71,4326.70,2746.42,no,yes
1921,-0.280758,0.77889869,-0.003971,363847.20,363850.76,957.77,832.26,no,yes
1922,-0.148789,0.88172186,-0.002104,295296.34,295309.50,6162.38,6346.82,no,yes
1923,0.153033,0.87837390,0.002164,295033.08,295029.50,1834.91,1451.85,no,yes
1924,-0.981150,0.32653142,-0.013876,294851.78,294868.04,1028.31,1300.20,no,yes
1925,0.118901,0.90535509,0.001682,294900.96,294896.74,2710.02,2289.87,no,yes
1926,0.025162,0.97992577,0.000356,295237.79,295236.69,3179.20,2988.46,no,yes
1927,-0.134384,0.89310041,-0.001900,294977.22,294979.81,1129.27,1555.66,no,yes
1928,0.134311,0.89315775,0.001899,294927.59,294925.01,1410.06,1295.24,no,yes
1929,1.303040,0.19257997,0.018428,295074.10,295009.15,4334.76,2460.30,no,yes
1930,-0.014764,0.98822088,-0.000209,294923.37,294923.56,1005.06,841.23,no,yes
1931,0.093006,0.92589942,0.001315,295065.07,295063.83,952.82,931.95,no,yes
1932,-0.389278,0.69707437,-0.005505,294813.30,294824.21,2003.86,1958.29,no,yes
1933,-0.537076,0.59122144,-0.007595,294840.51,294846.83,798.42,864.09,no,yes
1934,-0.264065,0.79173250,-0.003734,294936.68,294942.32,1400.01,1609.03,no,yes
1935,-0.616197,0.53777166,-0.008714,294771.71,294786.16,1506.31,1799.03,no,yes
1936,0.442515,0.65812125,0.006258,294829.11,294818.07,1842.59,1683.28,no,yes
1937,-0.930894,0.35191959,-0.013165,295149.19,295179.01,2304.24,2225.57,no,yes
1938,-0.535909,0.59202768,-0.007579,295233.79,295241.77,1113.53,989.04,no,yes
1939,0.006229,0.99503021,0.000088,294816.15,294816.02,1485.14,1534.13,no,yes
1940,0.604397,0.54558671,0.008547,295059.87,295043.80,1863.12,1897.81,no,yes
1941,-0.153357,0.87811792,-0.002169,294927.35,294935.71,3718.64,3984.35,no,yes
1942,0.232005,0.81653629,0.003281,294832.81,294825.61,2248.03,2135.59,no,yes
1943,0.113148,0.90991472,0.001600,294876.67,294875.26,950.14,808.50,no,yes
1944,-0.343230,0.73142896,-0.004854,295093.99,295109.60,3056.74,3367.86,no,yes
1945,-1.598504,0.10994703,-0.022606,302559.74,302581.30,878.39,1023.69,no,yes
1946,0.357253,0.72090655,0.005052,295022.95,295011.16,2427.68,2234.33,no,yes
1947,0.484024,0.62837415,0.006845,295120.49,295108.07,1975.25,1635.98,no,yes
1948,0.554632,0.57915277,0.007844,295327.73,295320.03,1037.76,921.39,no,yes
1949,0.134052,0.89336302,0.001896,294966.35,294963.79,1507.67,1162.39,no,yes
1950,-1.353307,0.17597798,-0.019139,294989.73,295036.18,1571.25,3051.44,no,yes
1951,-0.888460,0.37430408,-0.012565,295073.86,295086.45,967.29,1035.71,no,yes
1952,0.770532,0.44099505,0.010897,294784.73,294770.33,1581.92,995.08,no,yes
1953,0.318556,0.75006674,0.004505,294854.28,294846.55,1919.49,1483.50,no,yes
1954,0.045717,0.96353598,0.000647,294969.27,294968.31,1499.47,1467.84,no,yes
1955,-0.528474,0.59717605,-0.007474,295010.12,295023.80,1902.34,1757.17,no,yes
1956,-0.231152,0.81719903,-0.003269,294944.05,294951.01,1771.08,2432.89,no,yes
1957,-0.535963,0.59199010,-0.007580,295071.37,295078.96,1071.15,927.25,no,yes
1958,0.397644,0.69089688,0.005624,295776.72,295768.73,1456.43,1382.53,no,yes
1959,0.301519,0.76302175,0.004264,294872.95,294859.95,3237.59,2847.49,no,yes
1960,0.144980,0.88472801,0.002050,295256.30,295243.54,6301.80,6142.20,no,yes
1961,-0.306124,0.75951358,-0.004329,294807.80,294817.52,2348.89,2137.69,no,yes
1962,-0.548282,0.58350421,-0.007754,295344.59,295352.67,975.24,1105.38,no,yes
1963,-0.176283,0.86007316,-0.002493,295060.32,295064.86,1927.27,1710.87,no,yes
1964,0.879759,0.37900073,0.012442,294826.31,294814.60,1034.81,835.67,no,yes
1965,-0.929471,0.35265671,-0.013145,295045.93,295059.16,928.92,1079.57,no,yes
1966,-0.650274,0.51552291,-0.009196,295074.98,295085.07,1139.66,1052.68,no,yes
1967,-1.447251,0.14784968,-0.020467,340714.87,340778.02,1724.75,4008.10,no,yes
1968,-0.037302,0.97024476,-0.000528,295029.40,295030.73,2410.22,2598.68,no,yes
1969,0.248885,0.80345271,0.003520,294807.45,294803.34,1261.83,1069.06,no,yes
1970,-0.979611,0.32729068,-0.013854,305551.52,305564.84,859.80,1053.17,no,yes
1971,0.205179,0.83743446,0.002902,295108.08,295100.94,2407.74,2509.75,no,yes
1972,0.964539,0.33478759,0.013641,295195.27,295167.83,2093.32,1926.52,no,yes
1973,1.426645,0.15370444,0.020176,294857.10,294793.10,4079.62,1866.92,no,yes
1974,-0.164795,0.86910740,-0.002331,294751.47,294754.14,1123.39,1165.64,no,yes
1975,-0.936053,0.34925759,-0.013238,295112.21,295138.33,2161.81,1763.09,no,yes
1976,-0.222720,0.82375612,-0.003150,295107.48,295111.41,1333.22,1155.52,no,yes
1977,0.235545,0.81378788,0.003331,295222.69,295198.17,7752.21,6949.37,no,yes
1978,-0.441697,0.65871358,-0.006247,294963.56,294975.51,1827.03,1993.70,no,yes
1979,-0.913770,0.36084886,-0.012923,294861.92,294875.09,985.28,1051.66,no,yes
1980,-0.174453,0.86151156,-0.002467,294854.08,294858.15,1760.79,1528.88,no,yes
1981,-0.103775,0.91734925,-0.001468,295013.05,295018.43,4193.87,3049.01,no,yes
1982,1.212783,0.22522718,0.017151,295032.23,295014.63,1081.94,967.72,no,yes
1983,-0.107813,0.91414473,-0.001525,294966.09,294967.64,1012.19,1019.53,no,yes
1984,-0.037297,0.97024865,-0.000527,295109.31,295110.66,2617.44,2521.02,no,yes
1985,-0.122021,0.90288371,-0.001726,295034.69,295038.91,1892.61,2894.10,no,yes
1986,1.468586,0.14196299,0.020769,295132.08,295108.84,1308.78,888.97,no,yes
1987,-0.703739,0.48160368,-0.009952,294841.39,294850.94,886.34,1026.71,no,yes
1988,-0.177197,0.85935542,-0.002506,294844.20,294846.37,860.19,871.10,no,yes
1989,-1.012796,0.31117199,-0.014323,307491.47,307510.87,1020.85,1620.50,no,yes
1990,-0.135151,0.89249366,-0.001911,295107.80,295109.60,954.64,922.64,no,yes
1991,-0.573170,0.56653584,-0.008106,294831.07,294838.02,848.52,865.56,no,yes
1992,0.057860,0.95386042,0.000818,295091.75,295090.80,1113.99,1192.00,no,yes
1993,0.087478,0.93029245,0.001237,294951.02,294946.50,3795.35,3508.38,no,yes
1994,-0.119028,0.90525461,-0.001683,295138.79,295145.73,4109.47,4137.24,no,yes
1995,0.090212,0.92811936,0.001276,295051.07,295049.67,1037.21,1155.11,no,yes
1996,0.534934,0.59270320,0.007565,295159.28,295133.35,4246.33,2337.25,no,yes
1997,0.028442,0.97731029,0.000402,294968.85,294968.22,1582.65,1534.14,no,yes
1998,-0.231888,0.81662756,-0.003279,294852.02,294864.26,3240.00,4168.39,no,yes
1999,-0.258978,0.79565530,-0.003662,295012.09,295018.66,1910.89,1672.81,no,yes
2000,0.248892,0.80344675,0.003520,294900.39,294887.22,3786.27,3699.87,no,yes
2001,-0.522460,0.60135570,-0.007389,294893.28,294912.38,2549.33,2619.09,no,yes
2002,0.270582,0.78671526,0.003827,304895.04,304888.27,1884.88,1644.71,no,yes
2003,-1.526866,0.12681164,-0.021593,300660.68,300684.71,928.54,1270.53,no,yes
2004,0.568279,0.56985186,0.008037,294732.11,294724.03,1086.01,919.49,no,yes
2005,0.249915,0.80265603,0.003534,294958.63,294952.48,1550.14,1912.36,no,yes
2006,0.660026,0.50924665,0.009334,295250.90,295224.11,3542.31,1979.38,no,yes
2007,0.715708,0.47418001,0.010122,295034.77,295026.00,867.24,865.15,no,yes
2008,0.200528,0.84106995,0.002836,295051.66,295048.43,1170.19,1099.89,no,yes
2009,-0.211989,0.83211816,-0.002998,294889.79,294893.51,1197.26,1280.88,no,yes
2010,-0.056696,0.95478807,-0.000802,294870.45,294872.39,2348.74,2485.94,no,yes
2011,0.406097,0.68467592,0.005743,295031.33,295022.41,1662.74,1434.02,no,yes
2012,-1.147997,0.25098615,-0.016235,294980.20,295041.02,2852.21,4465.17,no,yes
2013,-0.386959,0.69879072,-0.005472,294869.22,294889.35,3091.02,4186.21,no,yes
2014,0.838863,0.40155795,0.011863,295042.67,295028.26,1445.19,928.74,no,yes
2015,-0.094296,0.92487461,-0.001334,295509.77,295519.47,7469.97,7076.82,no,yes
2016,-0.345458,0.72975411,-0.004886,295157.94,295166.45,2093.56,1296.16,no,yes
2017,-0.260917,0.79415892,-0.003690,294990.71,295003.95,3317.82,3835.53,no,yes
2018,-0.224401,0.82244745,-0.003174,295128.74,295134.56,1892.52,1774.58,no,yes
2019,0.021417,0.98291299,0.000303,295270.74,295268.57,7393.53,6903.78,no,yes
2020,0.127174,0.89880359,0.001799,295126.04,295122.58,1957.59,1892.02,no,yes
2021,-0.380052,0.70391071,-0.005375,294998.19,295008.56,1922.71,1935.57,no,yes
2022,0.672363,0.50136258,0.009509,294884.93,294870.56,1852.75,1064.40,no,yes
2023,0.123836,0.90144627,0.001751,295144.45,295142.03,1387.22,1378.01,no,yes
2024,-0.156684,0.87549561,-0.002216,294879.25,294881.34,929.12,960.38,no,yes
2025,-0.340875,0.73320162,-0.004821,295067.52,295071.98,915.89,932.27,no,yes
2026,0.133865,0.89351056,0.001893,294981.23,294979.55,933.57,843.74,no,yes
2027,-0.357364,0.72082317,-0.005054,296105.42,296114.57,1912.33,1701.64,no,yes
2028,0.186199,0.85229030,0.002633,308892.21,308887.68,1756.80,1681.61,no,yes
2029,0.797984,0.42488958,0.011285,295196.85,295183.39,1250.62,1132.30,no,yes
2030,-1.555570,0.11982706,-0.021999,295095.79,295121.07,1005.93,1276.36,no,yes
2031,-0.459914,0.64558295,-0.006504,294780.10,294793.52,1991.45,2133.19,no,yes
2032,-0.784363,0.43283766,-0.011093,295131.15,295173.57,3069.97,4451.21,no,yes
2033,1.899527,0.05751632,0.026863,294922.20,294878.49,2111.89,913.86,no,yes
2034,-0.206179,0.83665337,-0.002916,295061.39,295064.55,972.38,1184.12,no,yes
2035,-0.375529,0.70727086,-0.005311,295136.56,295146.25,1970.32,1663.19,no,yes
2036,-0.390468,0.69619503,-0.005522,295400.61,295441.88,7051.09,7871.56,no,yes
2037,-0.684871,0.49343329,-0.009686,301155.20,301165.77,977.64,1193.47,no,yes
2038,0.004348,0.99653075,0.000061,294940.91,294940.67,4255.39,3745.72,no,yes
2039,0.564498,0.57242173,0.007983,295077.76,295069.83,1053.31,927.73,no,yes
2040,0.077974,0.93784948,0.001103,295197.83,295196.83,843.87,953.43,no,yes
2041,-1.478743,0.13923734,-0.020913,295057.47,295110.78,847.57,3503.92,no,yes
2042,0.508820,0.61088436,0.007196,294752.36,294739.29,1873.33,1758.19,no,yes
2043,-1.478362,0.13932870,-0.020907,294999.42,295034.69,1341.31,1973.18,no,yes
2044,-0.656999,0.51118909,-0.009291,307514.06,307522.48,842.13,965.19,no,yes
2045,0.823457,0.41025817,0.011645,295078.64,295068.24,933.77,850.88,no,yes
2046,1.205478,0.22803440,0.017048,295105.72,295088.07,1177.15,870.06,no,yes
2047,1.873825,0.06097132,0.026500,294945.70,294916.87,1280.64,852.89,no,yes
2048,-0.080924,0.93550335,-0.001144,294910.09,294912.48,1789.22,2349.10,no,yes
2049,-0.873017,0.38266434,-0.012346,294863.48,294882.61,1434.47,1656.84,no,yes
2050,0.169232,0.86561568,0.002393,294965.28,294962.70,1144.69,1007.18,no,yes
2051,-0.208173,0.83509566,-0.002944,295103.86,295106.69,956.73,964.58,no,yes
2052,-0.033384,0.97336859,-0.000472,295137.63,295138.80,2385.26,2565.26,no,yes
2053,-0.385307,0.70001415,-0.005449,295019.25,295039.02,3782.18,3466.81,no,yes
2054,0.070859,0.94351108,0.001002,295097.45,295096.06,1007.54,1688.39,no,yes
2055,0.964628,0.33474294,0.013642,294866.45,294853.39,996.09,917.56,no,yes
2056,0.523932,0.60033155,0.007410,294834.14,294826.95,960.54,978.13,no,yes
2057,-1.025949,0.30492837,-0.014509,295028.91,295043.90,976.50,1086.08,no,yes
2058,-0.197242,0.84364049,-0.002789,295285.25,295287.74,883.84,897.20,no,yes
2059,-1.572644,0.11581730,-0.022241,294880.09,294902.62,943.13,1078.21,no,yes
2060,0.020186,0.98389498,0.000285,294903.35,294902.94,1690.39,1118.82,no,yes
2061,0.592274,0.55367410,0.008376,295068.01,295059.97,1017.78,899.39,no,yes
2062,0.393975,0.69360431,0.005572,295153.80,295143.77,1568.69,2003.10,no,yes
2063,0.426623,0.66965827,0.006033,294990.56,294983.08,1297.45,1180.60,no,yes
2064,0.727659,0.46683273,0.010291,295115.85,295097.20,2189.25,1335.03,no,yes
2065,-0.452995,0.65055756,-0.006406,294847.01,294867.90,3305.23,3213.57,no,yes
2066,-0.019740,0.98425091,-0.000279,301056.51,301056.95,1628.97,1481.81,no,yes
2067,-1.109315,0.26730857,-0.015688,294972.53,295021.26,2651.35,3503.31,no,yes
2068,0.348936,0.72714114,0.004935,297866.67,297861.70,1117.26,882.97,no,yes
2069,-0.556458,0.57790391,-0.007870,295149.78,295163.08,1626.86,1752.44,no,yes
2070,-0.080520,0.93582446,-0.001139,295165.55,295170.84,4559.97,4718.52,no,yes
2071,-1.311619,0.18966457,-0.018549,295038.48,295061.03,1071.22,1344.28,no,yes
2072,-1.117755,0.26368534,-0.015807,294815.93,294832.59,982.37,1120.87,no,yes
2073,1.053069,0.29232208,0.014893,294791.39,294777.28,936.03,958.72,no,yes
2074,-0.120440,0.90413553,-0.001703,294964.50,294975.10,6191.89,6246.20,no,yes
2075,0.525398,0.59931243,0.007430,295102.27,295090.89,1651.65,1399.28,no,yes
2076,0.550380,0.58206488,0.007784,294851.25,294844.24,964.06,834.24,no,yes
2077,0.032193,0.97431851,0.000455,294872.01,294871.26,1692.32,1587.53,no,yes
2078,0.283735,0.77661604,0.004013,295111.31,295085.20,6651.26,6357.91,no,yes
2079,0.420510,0.67411765,0.005947,295031.66,295025.95,1007.23,910.73,no,yes
2080,-0.516500,0.60551116,-0.007304,301215.65,301222.80,920.02,1035.19,no,yes
2081,-0.252771,0.80044805,-0.003575,294730.08,294733.68,1045.24,967.92,no,yes
2082,-0.634324,0.52587684,-0.008971,295234.35,295249.93,1556.54,1898.77,no,yes
2083,0.322819,0.74683539,0.004565,295003.40,294982.23,4787.43,4478.32,no,yes
2084,-0.704398,0.48119381,-0.009962,294848.88,294865.65,1488.09,1858.75,no,yes
2085,-1.418708,0.15600156,-0.020064,295098.20,295118.54,818.70,1176.13,no,yes
2086,-0.504979,0.61357946,-0.007141,295134.40,295153.31,2576.47,2716.55,no,yes
2087,-0.527695,0.59771723,-0.007463,304876.14,304885.40,1191.43,1287.99,no,yes
2088,-0.131341,0.89550672,-0.001857,295058.45,295064.14,3426.33,2641.66,no,yes
2089,0.839206,0.40136395,0.011868,295096.92,295084.91,1038.32,984.46,no,yes
2090,-1.243987,0.21351992,-0.017593,295047.31,295065.32,877.25,1151.90,no,yes
2091,-0.481046,0.63048897,-0.006803,294921.99,294934.30,1665.34,1943.09,no,yes
2092,-0.608402,0.54292989,-0.008604,295125.84,295142.65,1311.24,2432.71,no,yes
2093,-0.242824,0.80814407,-0.003434,295244.29,295258.90,4233.83,4277.63,no,yes
2094,0.724230,0.46893291,0.010242,295148.68,295136.85,1181.17,1128.99,no,yes
2095,-0.032315,0.97422127,-0.000457,295050.77,295053.62,6197.35,6292.41,no,yes
2096,0.322562,0.74703033,0.004562,295040.73,295036.66,946.78,834.35,no,yes
2097,-0.785055,0.43243111,-0.011102,294830.04,294839.95,822.76,956.87,no,yes
2098,-0.188754,0.85028732,-0.002669,294912.00,294917.52,2063.81,2070.46,no,yes
2099,-0.204753,0.83776683,-0.002896,294984.91,295003.01,6251.79,6252.68,no,yes
2100,0.803010,0.42197996,0.011356,294885.68,294867.90,1866.44,1190.52,no,yes
2101,1.209499,0.22648569,0.017105,294833.67,294818.53,926.65,841.81,no,yes
2102,0.686763,0.49224010,0.009712,294759.82,294740.39,2176.77,1807.21,no,yes
2103,-0.700744,0.48347064,-0.009910,303860.55,303870.05,968.25,948.70,no,yes
2104,1.323450,0.18570903,0.018716,295068.14,295033.61,2425.62,960.13,no,yes
2105,0.942384,0.34600753,0.013327,295150.88,295132.72,1434.41,1286.74,no,yes
2106,0.186011,0.85243836,0.002631,295049.95,295047.10,1087.24,1082.31,no,yes
2107,-0.277448,0.78143934,-0.003924,295118.82,295125.80,1678.07,1876.27,no,yes
2108,-0.304249,0.76094142,-0.004303,295094.34,295099.82,1270.32,1276.98,no,yes
2109,0.607160,0.54375298,0.008587,294925.35,294905.65,2733.97,1747.14,no,yes
2110,0.693165,0.48821534,0.009803,294860.72,294842.87,2182.27,1367.40,no,yes
2111,0.230231,0.81791466,0.003256,295059.32,295053.44,2035.04,1541.05,no,yes
2112,-0.373934,0.70845735,-0.005288,310528.28,310565.80,7130.70,7058.45,no,yes
2113,0.179570,0.85749201,0.002540,308847.63,308841.23,2662.46,2369.20,no,yes
2114,0.261699,0.79355631,0.003701,294837.98,294826.30,3413.90,2874.93,no,yes
2115,0.158453,0.87410182,0.002241,294931.54,294927.56,2166.28,1270.96,no,yes
2116,-0.135071,0.89255722,-0.001910,303784.81,303786.56,885.00,951.21,no,yes
2117,-1.675083,0.09393438,-0.023689,305515.96,305536.71,772.87,968.54,no,yes
2118,0.042805,0.96585707,0.000605,294855.31,294854.71,917.91,1036.35,no,yes
2119,-0.054785,0.95631017,-0.000775,295146.38,295148.04,2180.56,2099.63,no,yes
2120,-0.934907,0.34985006,-0.013222,294878.83,294910.23,1737.56,2874.13,no,yes
2121,0.538227,0.59042680,0.007612,294843.82,294836.88,1003.82,809.35,no,yes
2122,-0.267303,0.78923883,-0.003780,294949.23,294953.07,1035.94,991.49,no,yes
2123,0.293645,0.76903237,0.004153,294771.83,294767.82,1008.51,917.91,no,yes
2124,-0.062329,0.95030146,-0.000881,294961.59,294963.08,1847.54,1525.57,no,yes
2125,-0.559004,0.57616520,-0.007906,294852.67,294860.26,913.24,1006.04,no,yes
2126,-0.704348,0.48122404,-0.009961,294947.45,294957.09,922.18,1012.78,no,yes
2127,-0.360475,0.71849629,-0.005098,294913.81,294922.21,1325.85,1916.31,no,yes
2128,-2.078974,0.03764030,-0.029401,294995.22,295064.28,1093.13,3136.96,yes,yes
2129,0.712495,0.47616666,0.010076,294898.77,294878.76,2154.85,1799.19,no,yes
2130,-0.713740,0.47539654,-0.010094,294753.04,294766.21,1183.05,1415.28,no,yes
2131,0.294015,0.76874950,0.004158,294952.05,294941.68,2565.42,2422.43,no,yes
2132,0.647800,0.51712196,0.009161,294930.49,294920.94,1104.20,976.14,no,yes
2133,0.267566,0.78903635,0.003784,301007.89,300980.07,7707.15,6980.13,no,yes
2134,0.173715,0.86209128,0.002457,295111.33,295108.59,1152.91,1073.96,no,yes
2135,-1.737914,0.08224561,-0.024578,294993.92,295042.19,1355.66,2423.92,no,yes
2136,-0.623808,0.53276060,-0.008822,295034.19,295042.10,902.26,891.34,no,yes
2137,0.755310,0.45007224,0.010682,294896.55,294887.52,876.14,812.78,no,yes
2138,1.325292,0.18508951,0.018742,294882.78,294862.15,1162.83,1034.85,no,yes
2139,0.355428,0.72227257,0.005027,295095.66,295090.65,1002.98,992.05,no,yes
2140,0.041407,0.96697160,0.000586,295084.28,295082.72,3047.14,2213.07,no,yes
2141,0.580324,0.56170286,0.008207,294996.06,294969.36,3655.30,2794.66,no,yes
2142,-0.562923,0.57349385,-0.007961,295037.26,295044.58,883.54,954.28,no,yes
2143,-0.471678,0.63716192,-0.006671,294855.14,294862.37,1072.55,1095.34,no,yes
2144,-0.188472,0.85050881,-0.002665,295039.30,295041.87,945.91,977.45,no,yes
2145,0.038956,0.96892603,0.000551,342565.19,342538.27,48994.44,48730.45,no,yes
2146,0.405764,0.68492027,0.005738,294857.40,294850.15,1274.89,1250.59,no,yes
2147,0.327145,0.74356137,0.004627,295031.19,295023.00,1819.65,1722.22,no,yes
2148,0.154719,0.87704498,0.002188,295030.07,295026.98,1807.24,858.80,no,yes
2149,-0.210814,0.83303442,-0.002981,295023.81,295030.88,2237.16,2499.27,no,yes
2150,-0.944501,0.34492637,-0.013357,312232.05,312260.04,1741.67,2398.80,no,yes
2151,0.063704,0.94920639,0.000901,294984.45,294983.53,992.32,1048.83,no,yes
2152,-0.525813,0.59902427,-0.007436,295025.68,295042.69,2236.10,2336.74,no,yes
2153,-0.244955,0.80649346,-0.003464,295052.58,295056.31,1106.61,1046.12,no,yes
2154,0.147363,0.88284734,0.002084,294893.60,294888.99,2162.77,2260.10,no,yes
2155,0.055207,0.95597433,0.000781,294833.64,294832.30,1341.51,2022.39,no,yes
2156,-0.400652,0.68868051,-0.005666,295102.14,295114.46,2155.46,2195.55,no,yes
2157,0.736069,0.46169780,0.010410,295099.52,295082.80,1823.59,1354.68,no,yes
2158,-0.375633,0.70719379,-0.005312,305205.15,305210.14,896.01,984.07,no,yes
2159,-0.089987,0.92829839,-0.001273,294977.08,294979.34,2176.91,1242.80,no,yes
2160,0.827555,0.40793250,0.011703,295075.15,295063.39,1083.27,918.43,no,yes
2161,0.384697,0.70046590,0.005440,295093.51,295081.09,2463.78,2085.12,no,yes
2162,-0.440511,0.65957219,-0.006230,295060.28,295066.42,950.11,1017.88,no,yes
2163,0.148791,0.88172004,0.002104,295177.95,295176.10,907.56,851.14,no,yes
2164,-1.399452,0.16169339,-0.019791,295141.22,295163.11,1031.05,1176.76,no,yes
2165,-0.203394,0.83882929,-0.002876,294899.04,294904.45,1540.34,2168.10,no,yes
2166,-0.649284,0.51616261,-0.009182,294993.14,295008.29,1557.60,1738.13,no,yes
2167,-0.194349,0.84590475,-0.002749,294927.86,294934.31,2133.17,2544.42,no,yes
2168,-1.071559,0.28393145,-0.015154,294778.77,294793.02,887.22,990.21,no,yes
2169,-0.746750,0.45522344,-0.010561,294871.92,294883.85,1028.13,1222.71,no,yes
2170,0.067364,0.94629246,0.000953,294877.73,294876.47,1593.25,990.83,no,yes
2171,0.404024,0.68619939,0.005714,294834.22,294828.29,1034.78,1040.62,no,yes
2172,-0.970857,0.33163155,-0.013730,295069.63,295083.62,959.93,1075.59,no,yes
2173,0.581934,0.56061757,0.008230,294844.23,294835.43,1044.84,1091.56,no,yes
2174,-0.366421,0.71405501,-0.005182,294851.19,294856.10,927.59,966.01,no,yes
2175,-0.545528,0.58539649,-0.007715,294921.12,294952.90,3868.83,4356.83,no,yes
2176,-0.224281,0.82254062,-0.003172,294815.81,294819.18,1079.96,1044.78,no,yes
2177,0.581207,0.56110844,0.008220,303962.28,303929.07,4618.40,3364.40,no,yes
2178,-0.000762,0.99939235,-0.000011,295053.18,295053.20,2069.21,2376.79,no,yes
2179,1.250696,0.21106156,0.017688,295000.28,294984.05,1060.42,748.28,no,yes
2180,0.589947,0.55523316,0.008343,295024.53,295016.99,975.61,825.88,no,yes
2181,-0.203859,0.83846615,-0.002883,295222.05,295225.41,1086.10,1242.74,no,yes
2182,-0.167429,0.86703419,-0.002368,294795.65,294800.01,1644.14,2018.27,no,yes
2183,-0.300072,0.76412560,-0.004244,295058.75,295066.98,1836.80,2036.91,no,yes
2184,0.041297,0.96705940,0.000584,294766.75,294766.15,959.40,1071.64,no,yes
2185,0.436122,0.66275268,0.006168,295075.10,295069.22,1018.34,883.39,no,yes
2186,-0.292686,0.76976543,-0.004139,294859.41,294863.79,946.10,1157.39,no,yes
2187,0.642585,0.52050079,0.009088,295030.93,295015.39,1847.94,1559.00,no,yes
2188,-0.558036,0.57682609,-0.007892,295184.21,295198.03,1663.58,1835.40,no,yes
2189,0.367941,0.71292151,0.005203,295119.67,295114.79,1005.36,868.35,no,yes
2190,0.077453,0.93826386,0.001095,294794.30,294793.20,1025.84,981.61,no,yes
2191,-1.105726,0.26885845,-0.015637,294932.42,294959.45,1689.51,1767.24,no,yes
2192,0.015521,0.98761633,0.000220,295334.89,295333.27,7611.95,7093.75,no,yes
2193,-0.136237,0.89163560,-0.001927,295087.22,295088.92,865.26,900.84,no,yes
2194,0.038019,0.96967274,0.000538,294928.74,294928.14,1046.48,1168.95,no,yes
2195,-0.322253,0.74726417,-0.004557,294853.95,294864.03,2271.45,2149.67,no,yes
2196,-0.137925,0.89030079,-0.001951,295330.82,295343.07,6206.24,6354.42,no,yes
2197,-0.573910,0.56603566,-0.008116,294962.87,294977.74,1569.78,2061.70,no,yes
2198,-0.328305,0.74268430,-0.004643,294800.23,294804.93,952.16,1066.67,no,yes
2199,0.067715,0.94601288,0.000958,295038.01,295036.25,1728.15,1930.08,no,yes
2200,-0.564341,0.57252885,-0.007981,294820.52,294838.87,2140.79,2445.57,no,yes
2201,0.047597,0.96203824,0.000673,294983.59,294982.44,1578.41,1817.63,no,yes
2202,1.250513,0.21113046,0.017685,294861.12,294823.41,2601.83,1524.51,no,yes
2203,0.022174,0.98230902,0.000314,294789.86,294789.55,996.36,970.34,no,yes
2204,-1.053502,0.29212787,-0.014899,294869.41,294893.71,1083.79,2035.29,no,yes
2205,-0.765239,0.44413829,-0.010822,294980.85,294990.93,914.00,948.86,no,yes
2206,0.357097,0.72102288,0.005050,295049.16,295044.18,928.09,1042.53,no,yes
2207,1.265624,0.20566597,0.017899,295001.48,294977.80,1611.65,950.77,no,yes
2208,0.021470,0.98287118,0.000304,294921.88,294921.22,2207.11,2127.74,no,yes
2209,-0.068632,0.94528293,-0.000971,393185.83,393186.83,1027.64,1031.89,no,yes
2210,0.188510,0.85047874,0.002666,295194.38,295187.86,2594.59,2283.55,no,yes
2211,-0.565354,0.57184119,-0.007995,294796.48,294811.36,1287.35,2294.85,no,yes
2212,-0.462565,0.64368090,-0.006542,294791.32,294798.76,1105.91,1168.67,no,yes
2213,-0.472903,0.63628770,-0.006688,295123.63,295170.95,6603.64,7518.35,no,yes
2214,0.169366,0.86551080,0.002395,295006.70,295004.55,819.60,970.87,no,yes
2215,-1.509447,0.13120062,-0.021347,295057.88,295078.67,903.41,1039.38,no,yes
2216,-0.323475,0.74633924,-0.004575,294903.41,294914.07,2249.41,2410.53,no,yes
2217,0.066273,0.94716102,0.000937,295245.43,295241.31,4691.04,4090.88,no,yes
2218,1.621002,0.10503360,0.022924,302692.44,302669.92,1072.51,882.39,no,yes
2219,0.217863,0.82753835,0.003081,296141.11,296138.16,910.63,1001.44,no,yes
2220,-0.539626,0.58946100,-0.007631,294971.13,294978.41,877.55,1024.76,no,yes
2221,0.503899,0.61433793,0.007126,294819.56,294812.65,1006.15,933.82,no,yes
2222,0.883777,0.37683218,0.012498,307493.49,307470.01,2425.22,1083.72,no,yes
2223,-0.452485,0.65092427,-0.006399,295095.73,295109.10,2188.63,1985.42,no,yes
2224,0.047096,0.96243701,0.000666,294790.87,294789.34,2518.26,2047.32,no,yes
2225,-1.121450,0.26211035,-0.015860,294901.54,294928.69,1548.34,1860.74,no,yes
2226,-0.010435,0.99167421,-0.000148,294971.74,294972.09,1918.42,2666.68,no,yes
2227,0.107924,0.91405691,0.001526,294787.02,294785.21,1221.44,1142.20,no,yes
2228,0.249812,0.80273535,0.003533,295124.03,295116.06,2283.12,2227.83,no,yes
2229,1.598461,0.10995863,0.022606,294939.67,294899.84,2076.18,1377.62,no,yes
2230,-0.779703,0.43557707,-0.011027,294932.77,294949.48,1119.90,1826.57,no,yes
2231,0.041258,0.96709043,0.000583,295086.28,295085.13,1983.38,1969.77,no,yes
2232,-0.051313,0.95907686,-0.000726,294731.72,294732.50,1083.60,1064.12,no,yes
2233,0.380269,0.70375040,0.005378,294726.62,294715.66,2341.01,1677.28,no,yes
2234,-0.118690,0.90552183,-0.001679,295186.62,295199.50,7512.56,7828.16,no,yes
2235,-0.982798,0.32571937,-0.013899,295038.02,295063.31,1631.68,1989.85,no,yes
2236,-0.034354,0.97259493,-0.000486,295099.97,295100.80,1924.72,1456.45,no,yes
2237,-0.196361,0.84432937,-0.002777,294873.59,294882.35,3236.11,3072.32,no,yes
2238,-0.088431,0.92953501,-0.001251,295151.65,295152.86,924.67,1011.03,no,yes
2239,0.494814,0.62073810,0.006998,295082.47,295069.42,2311.65,1268.35,no,yes
2240,-0.443996,0.65705011,-0.006279,294736.01,294750.75,2371.78,2322.69,no,yes
2241,-0.777243,0.43702731,-0.010992,294729.28,294747.53,1138.31,2053.77,no,yes
2242,0.557394,0.57726479,0.007883,295011.80,295004.72,949.56,842.68,no,yes
2243,-0.250647,0.80208968,-0.003545,294848.14,294854.25,1814.36,1627.06,no,yes
2244,-0.184323,0.85376208,-0.002607,294747.55,294753.24,1961.60,2383.18,no,yes
2245,-0.610406,0.54160058,-0.008632,294820.18,294834.94,1417.29,1958.15,no,yes
2246,-0.056512,0.95493465,-0.000799,295344.77,295353.80,11279.73,11323.64,no,yes
2247,-0.681789,0.49538028,-0.009642,295075.67,295097.43,2034.02,2460.30,no,yes
2248,-0.459105,0.64616399,-0.006493,294833.83,294847.21,1847.22,2255.05,no,yes
2249,0.020457,0.98367876,0.000289,294894.52,294893.83,2655.23,2063.22,no,yes
2250,-0.086229,0.93128501,-0.001219,301189.55,301192.01,2329.64,1637.82,no,yes
2251,0.247149,0.80479554,0.003495,294810.93,294802.73,2566.35,2100.20,no,yes
2252,0.540287,0.58900548,0.007641,294869.64,294855.08,1931.73,1877.85,no,yes
2253,-0.269257,0.78773458,-0.003808,294923.83,294938.38,3278.68,4298.80,no,yes
2254,0.596814,0.55063958,0.008440,294855.81,294839.02,2387.51,1486.53,no,yes
2255,0.846813,0.39711183,0.011976,295134.88,295108.31,2696.85,1604.20,no,yes
2256,-0.850576,0.39501494,-0.012029,294868.53,294881.43,1032.53,1109.54,no,yes
2257,-1.200168,0.23008904,-0.016973,294835.51,294851.62,839.17,1047.26,no,yes
2258,0.607733,0.54337141,0.008595,305183.06,305160.14,2739.80,2591.17,no,yes
2259,-1.289703,0.19717357,-0.018239,294970.66,295010.86,1430.88,2768.81,no,yes
2260,-0.529466,0.59648810,-0.007488,302489.21,302496.47,891.35,1040.36,no,yes
2261,-0.179431,0.85760090,-0.002538,294978.77,294981.72,1270.89,1043.08,no,yes
2262,-0.232250,0.81634605,-0.003285,294904.38,294911.68,2010.33,2418.55,no,yes
2263,-1.597045,0.11027728,-0.022586,295159.30,295211.72,1450.39,2944.18,no,yes
2264,0.590797,0.55466349,0.008355,294909.65,294899.02,1397.02,1134.13,no,yes
2265,0.001845,0.99852758,0.000026,294876.27,294876.24,1013.04,915.66,no,yes
2266,0.051948,0.95857074,0.000735,294742.66,294741.81,1182.58,1141.97,no,yes
2267,-1.121889,0.26192445,-0.015866,295115.48,295144.47,1510.49,2096.73,no,yes
2268,-0.316463,0.75165472,-0.004475,294945.59,294953.08,1602.41,1741.83,no,yes
2269,-0.364343,0.71560616,-0.005153,295032.89,295037.60,804.78,1013.12,no,yes
2270,-1.190309,0.23393922,-0.016834,294943.09,294959.19,890.32,1017.47,no,yes
2271,0.097438,0.92237958,0.001378,294889.82,294885.36,3286.69,3180.16,no,yes
2272,-0.432622,0.66529428,-0.006118,295001.73,295041.32,6370.07,6570.40,no,yes
2273,0.095597,0.92384134,0.001352,294858.54,294857.38,900.53,819.05,no,yes
2274,-0.414068,0.67882925,-0.005856,295172.97,295194.03,3152.22,3990.50,no,yes
2275,0.262342,0.79306056,0.003710,295252.30,295247.93,1200.67,1157.54,no,yes
2276,0.221151,0.82497711,0.003128,295023.90,295020.43,1140.16,1081.58,no,yes
2277,-0.341840,0.73247457,-0.004834,294829.71,294833.99,920.73,848.84,no,yes
2278,-1.709414,0.08739017,-0.024175,295040.56,295066.11,980.57,1128.24,no,yes
2279,-0.243034,0.80798163,-0.003437,294866.61,294871.86,1349.87,1686.45,no,yes
2280,-0.066594,0.94690538,-0.000942,295132.74,295134.82,2085.69,2314.47,no,yes
2281,0.188630,0.85038477,0.002668,295109.86,295107.33,939.83,953.93,no,yes
2282,-0.596908,0.55057548,-0.008442,294840.20,294847.42,887.16,821.89,no,yes
2283,0.045003,0.96410548,0.000636,294875.83,294875.15,1037.88,1124.62,no,yes
2284,-0.580362,0.56167700,-0.008208,295142.66,295161.08,2003.27,2461.48,no,yes
2285,-0.186617,0.85196300,-0.002639,295384.25,295386.54,866.14,872.05,no,yes
2286,-0.126151,0.89961406,-0.001784,294891.43,294894.52,1632.58,1826.06,no,yes
2287,-0.112702,0.91026774,-0.001594,294852.17,294855.75,2574.83,1859.01,no,yes
2288,0.311216,0.75563940,0.004401,294957.52,294950.21,1758.93,1555.28,no,yes
2289,-1.614053,0.10653258,-0.022826,294970.79,295001.51,1180.82,1492.95,no,yes
2290,0.703319,0.48186534,0.009946,295120.80,295108.62,1346.86,1090.82,no,yes
2291,-0.159066,0.87361874,-0.002250,295180.38,295188.95,3492.71,4101.09,no,yes
2292,0.513281,0.60776048,0.007259,295071.79,295064.66,984.21,980.14,no,yes
2293,-0.335207,0.73747277,-0.004741,295120.77,295154.23,6830.31,7279.67,no,yes
2294,-0.477817,0.63278580,-0.006757,303834.90,303850.63,2497.84,2146.13,no,yes
2295,0.163722,0.86995156,0.002315,294787.95,294783.95,1840.47,1611.13,no,yes
2296,0.511803,0.60879489,0.007238,294847.03,294828.44,2597.01,2539.32,no,yes
2297,-0.317080,0.75118644,-0.004484,295033.10,295037.94,1029.23,1126.04,no,yes
2298,0.302868,0.76199346,0.004283,295074.24,295069.92,1064.60,949.88,no,yes
2299,0.314115,0.75343694,0.004442,294800.74,294792.52,1590.15,2079.77,no,yes
2300,0.341146,0.73299702,0.004825,294815.46,294810.21,1188.55,977.11,no,yes
2301,0.522487,0.60133838,0.007389,294937.82,294921.15,2777.98,1569.29,no,yes
2302,0.040428,0.96775247,0.000572,295105.70,295105.12,1044.51,1002.15,no,yes
2303,-0.773103,0.43947066,-0.010933,294959.00,294968.76,826.42,953.62,no,yes
2304,0.188201,0.85072107,0.002662,295454.72,295451.68,1116.08,1162.78,no,yes
2305,1.095225,0.27343222,0.015489,297848.36,297827.44,1531.63,1142.53,no,yes
2306,0.391162,0.69568212,0.005532,294991.28,294978.64,2651.46,1847.97,no,yes
2307,0.546796,0.58452529,0.007733,363895.67,363887.19,1135.32,1055.32,no,yes
2308,-0.626217,0.53117975,-0.008856,295117.74,295126.13,916.64,976.92,no,yes
2309,-0.945537,0.34440029,-0.013372,300653.97,300674.81,1010.03,1959.40,no,yes
2310,0.269014,0.78792167,0.003804,294907.48,294900.26,1892.23,1905.84,no,yes
2311,-0.635726,0.52496228,-0.008991,295100.56,295109.55,928.23,1066.80,no,yes
2312,-0.009499,0.99242100,-0.000134,295008.28,295008.84,4401.71,4014.39,no,yes
2313,-1.035257,0.30056146,-0.014641,294995.46,295026.97,2161.40,2142.80,no,yes
2314,-0.217207,0.82804945,-0.003072,294963.39,294982.71,6236.41,6340.87,no,yes
2315,0.427997,0.66865759,0.006053,294950.42,294938.89,1959.49,1848.03,no,yes
2316,1.294817,0.19539824,0.018311,294956.08,294934.42,1170.06,1195.38,no,yes
2317,-0.020862,0.98335615,-0.000295,294992.14,294992.44,973.43,1016.41,no,yes
2318,-0.631467,0.52774397,-0.008930,295260.17,295283.25,1827.41,3166.43,no,yes
2319,0.266581,0.78979475,0.003770,294846.12,294837.40,2410.46,2207.72,no,yes
2320,-0.865222,0.38692756,-0.012236,310318.32,310330.43,937.06,1038.66,no,yes
2321,-0.395375,0.69257049,-0.005591,295111.29,295119.91,1454.76,1621.34,no,yes
2322,-0.590564,0.55481937,-0.008352,295100.52,295109.18,1000.00,1071.97,no,yes
2323,-0.418176,0.67582288,-0.005914,295148.18,295157.67,1551.27,1655.77,no,yes
2324,-0.325856,0.74453665,-0.004608,295071.49,295081.43,2352.16,1939.53,no,yes
2325,-0.198028,0.84302530,-0.002801,295020.84,295023.28,878.40,868.88,no,yes
2326,-0.199297,0.84203297,-0.002818,294844.65,294850.60,2439.19,1725.15,no,yes
2327,-0.615403,0.53829592,-0.008703,295079.84,295088.31,935.87,1008.67,no,yes
2328,0.149547,0.88112397,0.002115,294900.76,294895.68,2600.48,2185.98,no,yes
2329,0.346444,0.72901283,0.004899,296086.93,296082.82,850.83,824.95,no,yes
2330,0.388234,0.69784709,0.005490,295286.43,295270.32,2956.11,2910.44,no,yes
2331,1.068594,0.28526548,0.015112,294912.41,294896.99,1056.22,983.64,no,yes
2332,0.492863,0.62211481,0.006970,294892.74,294886.87,852.34,830.76,no,yes
2333,0.754607,0.45049395,0.010672,295278.53,295268.82,970.87,844.75,no,yes
2334,0.547724,0.58388780,0.007746,294771.02,294757.59,1907.64,1539.33,no,yes
2335,-0.174652,0.86135462,-0.002470,295145.77,295161.29,6230.96,6337.88,no,yes
2336,0.217494,0.82782580,0.003076,295205.52,295199.73,1890.00,1873.31,no,yes
2337,-0.101341,0.91928081,-0.001433,294961.55,294964.05,1391.61,2038.96,no,yes
2338,0.282749,0.77737233,0.003999,295100.76,295091.88,2231.53,2209.99,no,yes
2339,-1.052217,0.29271266,-0.014881,294771.67,294785.12,918.59,889.76,no,yes
2340,-1.156245,0.24759994,-0.016352,294750.99,294802.05,1955.66,3959.42,no,yes
2341,0.193802,0.84633315,0.002741,294908.69,294903.44,2290.34,1439.28,no,yes
2342,0.386097,0.69942902,0.005460,294883.18,294876.49,1329.15,1114.13,no,yes
2343,0.348740,0.72728929,0.004932,294790.19,294780.71,2377.01,1318.54,no,yes
2344,-0.735641,0.46195788,-0.010404,295077.68,295087.43,935.22,939.37,no,yes
2345,-0.080697,0.93568358,-0.001141,294720.13,294721.45,1054.17,1252.05,no,yes
2346,-0.600981,0.54785963,-0.008499,294845.83,294854.65,989.90,1083.56,no,yes
2347,1.000032,0.31730962,0.014143,295105.30,295080.61,2102.55,1293.90,no,yes
2348,-0.051427,0.95898563,-0.000727,295194.02,295195.74,2341.12,2382.80,no,yes
2349,0.505920,0.61291813,0.007155,295073.63,295065.74,1129.21,1076.25,no,yes
2350,0.452347,0.65102443,0.006397,295289.65,295262.69,4767.74,3575.66,no,yes
2351,-0.893704,0.37149180,-0.012639,295024.52,295049.51,1698.15,2221.47,no,yes
2352,-0.024201,0.98069225,-0.000342,294906.71,294907.93,4071.86,2999.13,no,yes
2353,-0.689522,0.49050320,-0.009751,295071.42,295082.86,1117.95,1225.88,no,yes
2354,0.073493,0.94141475,0.001039,294955.59,294954.63,927.07,909.58,no,yes
2355,-0.155002,0.87682154,-0.002192,295065.71,295070.46,2050.91,2277.02,no,yes
2356,-0.581599,0.56084308,-0.008225,295098.81,295107.63,1025.96,1116.67,no,yes
2357,0.049838,0.96025167,0.000705,294891.46,294889.85,2002.47,2540.55,no,yes
2358,0.572677,0.56686970,0.008099,295102.13,295087.43,1763.59,1864.52,no,yes
2359,-0.377996,0.70543804,-0.005346,294797.53,294806.46,1364.33,1931.14,no,yes
2360,0.910234,0.36271019,0.012873,305478.87,305466.93,1004.20,844.68,no,yes
2361,1.054023,0.29188514,0.014906,295008.84,294992.51,1147.97,1040.52,no,yes
2362,0.654221,0.51297814,0.009252,295085.82,295069.02,2156.99,1393.62,no,yes
2363,-0.278926,0.78030459,-0.003945,294879.91,294886.47,1562.51,1760.16,no,yes
2364,-0.325441,0.74485042,-0.004602,295026.25,295040.40,2989.28,3155.95,no,yes
2365,0.356401,0.72154457,0.005040,294895.57,294885.32,2285.80,1745.98,no,yes
2366,-0.311271,0.75559782,-0.004402,295057.37,295064.56,1771.19,1484.86,no,yes
2367,0.667271,0.50460711,0.009437,295188.90,295172.58,1898.94,1541.98,no,yes
2368,0.901855,0.36714624,0.012754,294889.34,294872.09,1575.08,1086.49,no,yes
2369,0.490938,0.62347579,0.006943,295068.62,295061.85,1006.81,942.05,no,yes
2370,-0.556153,0.57811242,-0.007865,295173.67,295182.39,1081.78,1135.69,no,yes
2371,0.101083,0.91948557,0.001430,295104.76,295103.56,888.08,796.56,no,yes
2372,-0.185404,0.85291381,-0.002622,294837.02,294843.19,2315.12,2391.19,no,yes
2373,0.019588,0.98437251,0.000277,295245.06,295243.33,6271.74,6220.79,no,yes
2374,0.167059,0.86732523,0.002363,294793.81,294788.30,2283.48,2378.02,no,yes
2375,-0.003923,0.99687020,-0.000055,295202.34,295202.45,1968.66,1921.08,no,yes
2376,-0.164524,0.86932061,-0.002327,295001.00,295003.25,970.20,971.51,no,yes
2377,0.438319,0.66116014,0.006199,294962.31,294946.27,2713.70,2455.64,no,yes
2378,-0.916444,0.35944529,-0.012960,294858.01,294869.37,879.80,873.79,no,yes
2379,-0.522113,0.60159741,-0.007384,294772.46,294793.07,2607.61,2963.48,no,yes
2380,0.696488,0.48613200,0.009850,295301.59,295255.52,5130.43,4175.94,no,yes
2381,-0.405668,0.68499096,-0.005737,294836.70,294850.60,2342.37,2501.68,no,yes
2382,-1.081826,0.27934307,-0.015299,295092.15,295106.17,862.96,967.03,no,yes
2383,0.029979,0.97608406,0.000424,295075.78,295075.31,1140.10,1082.44,no,yes
2384,-0.333788,0.73854314,-0.004720,295122.84,295127.20,924.37,921.08,no,yes
2385,-0.439300,0.66044877,-0.006213,295144.90,295160.14,2468.21,2439.41,no,yes
2386,-0.628738,0.52952774,-0.008892,295090.46,295100.50,1041.01,1209.83,no,yes
2387,-0.410230,0.68164162,-0.005802,295078.67,295084.85,1060.68,1069.36,no,yes
2388,-1.598508,0.10995155,-0.022606,294806.27,294873.96,1878.56,3795.37,no,yes
2389,-1.016488,0.30940958,-0.014375,294880.48,294918.23,2375.57,2854.94,no,yes
2390,-0.202944,0.83918071,-0.002870,295023.84,295033.73,3689.80,3185.06,no,yes
2391,0.220078,0.82581289,0.003112,294890.00,294887.24,890.39,887.36,no,yes
2392,-0.012244,0.99023087,-0.000173,294764.02,294764.19,980.77,970.00,no,yes
2393,0.153925,0.87767027,0.002177,294868.88,294865.45,1787.99,1330.89,no,yes
2394,-0.204946,0.83761673,-0.002898,295161.56,295168.34,2180.60,2485.85,no,yes
2395,-0.477097,0.63329903,-0.006747,294994.74,295007.60,2198.80,1558.83,no,yes
2396,-0.932732,0.35097001,-0.013191,295023.59,295036.52,926.83,1031.67,no,yes
2397,-0.630670,0.52826433,-0.008919,294859.04,294877.79,1730.69,2418.49,no,yes
2398,0.534926,0.59270809,0.007565,294858.23,294840.49,2808.27,1765.00,no,yes
2399,0.471004,0.63764536,0.006661,294821.73,294809.26,2436.30,1037.26,no,yes
2400,0.232662,0.81602688,0.003290,294977.76,294971.64,1406.89,2220.23,no,yes
2401,-0.423619,0.67184840,-0.005991,294869.54,294888.74,2873.02,3505.54,no,yes
2402,-0.018194,0.98548434,-0.000257,294901.16,294901.72,2472.90,1838.16,no,yes
2403,0.733021,0.46355711,0.010366,295112.08,295075.58,4421.94,2289.61,no,yes
2404,-0.628483,0.52969616,-0.008888,295155.94,295172.94,1477.59,2264.61,no,yes
2405,0.527441,0.59789318,0.007459,295005.83,294997.72,1161.50,1007.75,no,yes
2406,-0.296923,0.76652824,-0.004199,294978.10,294989.82,2976.12,2591.69,no,yes
2407,0.019857,0.98415801,0.000281,295325.49,295323.73,6334.90,6185.67,no,yes
2408,-0.069494,0.94459674,-0.000983,295104.91,295108.41,3863.85,3224.60,no,yes
2409,0.385656,0.69975609,0.005454,295204.06,295182.69,4309.30,3482.38,no,yes
2410,0.062607,0.95008006,0.000885,294758.47,294757.02,1937.01,1267.60,no,yes
2411,-0.494892,0.62068187,-0.006999,294985.66,294992.69,986.20,1022.63,no,yes
2412,-0.517859,0.60456228,-0.007324,294885.59,294902.55,2125.45,2492.72,no,yes
2413,1.346156,0.17826764,0.019038,294999.25,294980.78,1014.09,925.01,no,yes
2414,0.270209,0.78700277,0.003821,294929.74,294922.15,2409.32,1442.69,no,yes
2415,-0.040993,0.96730224,-0.000580,295250.79,295251.73,1393.80,1831.93,no,yes
2416,-0.820505,0.41193841,-0.011604,296017.30,296027.75,819.21,975.06,no,yes
2417,-0.999094,0.31776150,-0.014129,296248.77,296264.42,1046.63,1165.51,no,yes
2418,1.351660,0.17649966,0.019115,294763.71,294744.46,1048.17,964.90,no,yes
2419,-0.625508,0.53164500,-0.008846,294871.28,294886.58,1754.41,1705.05,no,yes
2420,0.170081,0.86494778,0.002405,295250.52,295241.19,3978.28,3781.11,no,yes
2421,0.399327,0.68965633,0.005647,294728.50,294722.81,1034.58,981.57,no,yes
2422,1.784802,0.07430912,0.025241,294905.04,294879.08,1121.28,926.79,no,yes
2423,1.069476,0.28487235,0.015125,295150.56,295098.54,4308.55,2256.92,no,yes
2424,-0.729602,0.46564198,-0.010318,295029.04,295039.68,948.10,1107.64,no,yes
2425,-0.110786,0.91178684,-0.001567,294935.18,294936.59,915.05,883.16,no,yes
2426,0.786887,0.43135724,0.011128,295020.43,295000.98,1695.14,1797.89,no,yes
2427,-1.116559,0.26419690,-0.015791,294861.52,294876.75,883.23,1038.63,no,yes
2428,0.227264,0.82022048,0.003214,304760.89,304752.32,2784.33,2539.34,no,yes
2429,-0.496702,0.61940459,-0.007024,295428.47,295451.20,2935.54,3512.48,no,yes
2430,-0.994157,0.32015988,-0.014060,305151.75,305194.14,2399.25,3524.78,no,yes
2431,-0.234602,0.81451995,-0.003318,294814.48,294823.39,2696.53,2677.52,no,yes
2432,-1.339256,0.18050260,-0.018940,294731.98,294750.10,911.56,999.60,no,yes
2433,-0.123022,0.90209101,-0.001740,294807.84,294811.34,2108.60,1908.75,no,yes
2434,-0.398176,0.69050498,-0.005631,294729.44,294735.10,957.06,1049.87,no,yes
2435,0.759660,0.44746727,0.010743,294755.95,294737.47,1954.32,1448.38,no,yes
2436,-0.638543,0.52312771,-0.009030,295108.63,295120.89,1354.91,1358.56,no,yes
2437,0.160475,0.87250832,0.002269,301133.32,301131.38,838.82,871.75,no,yes
2438,0.017231,0.98625211,0.000244,295265.84,295265.61,933.49,994.23,no,yes
2439,-0.310653,0.75606753,-0.004393,294920.12,294930.08,2499.96,2007.23,no,yes
2440,0.344599,0.73039991,0.004873,294905.18,294896.69,1935.83,1525.36,no,yes
2441,-0.039198,0.96873261,-0.000554,295036.05,295037.31,2288.04,2254.10,no,yes
2442,-0.047566,0.96206240,-0.000673,295275.38,295276.57,1631.52,1900.73,no,yes
2443,-0.082316,0.93439633,-0.001164,295002.68,295007.59,4044.93,4391.24,no,yes
2444,-1.364129,0.17254403,-0.019292,294917.18,294941.65,1039.89,1461.33,no,yes
2445,-0.262919,0.79261549,-0.003718,294966.66,294970.51,900.11,1152.98,no,yes
2446,1.218389,0.22309045,0.017231,294942.52,294918.52,1415.18,1369.18,no,yes
2447,-0.998164,0.31821201,-0.014116,294982.73,294995.88,936.98,926.01,no,yes
2448,0.188190,0.85072961,0.002661,295053.01,295050.70,870.51,867.96,no,yes
2449,-0.117819,0.90621246,-0.001666,295233.40,295243.93,6258.75,6377.53,no,yes
2450,-0.031174,0.97513133,-0.000441,294907.37,294909.04,3783.09,3807.00,no,yes
2451,-0.079450,0.93667556,-0.001124,294854.81,294856.00,1071.82,1055.76,no,yes
2452,-0.024343,0.98057912,-0.000344,295087.63,295088.28,1922.11,1842.76,no,yes
2453,-0.010535,0.99159438,-0.000149,295012.64,295012.80,1025.11,1060.63,no,yes
2454,-1.142722,0.25316771,-0.016161,295085.54,295100.60,896.52,965.47,no,yes
2455,1.978732,0.04786111,0.027984,295042.86,295016.00,1096.30,799.93,yes,yes
2456,-0.802968,0.42200308,-0.011356,295122.56,295133.07,890.97,957.60,no,yes
2457,-0.848031,0.39643115,-0.011993,294889.38,294906.45,1306.44,1530.99,no,yes
2458,0.321640,0.74772858,0.004549,294736.98,294733.03,855.96,880.42,no,yes
2459,-0.775729,0.43791813,-0.010970,363829.93,363840.57,922.21,1014.49,no,yes
2460,-0.743408,0.45724375,-0.010513,295039.62,295049.95,879.86,1074.80,no,yes
2461,-0.909495,0.36310010,-0.012862,294813.46,294835.69,1578.47,1866.44,no,yes
2462,-0.715320,0.47441950,-0.010116,295076.97,295087.61,1028.55,1075.23,no,yes
2463,-1.386478,0.16561959,-0.019608,295020.99,295045.41,916.49,1504.19,no,yes
2464,0.760499,0.44696675,0.010755,295323.09,295281.74,4537.62,2996.61,no,yes
2465,1.363341,0.17279162,0.019281,295109.51,295088.54,1225.29,930.13,no,yes
2466,0.563032,0.57342222,0.007962,295102.39,295087.65,2410.90,1023.03,no,yes
2467,-1.225523,0.22039269,-0.017332,295078.11,295094.15,930.66,919.55,no,yes
2468,-0.004056,0.99676367,-0.000057,309915.05,309918.87,66644.54,66625.12,no,yes
2469,0.013631,0.98912472,0.000193,294902.04,294901.69,1784.93,1845.87,no,yes
2470,-0.668123,0.50406335,-0.009449,295151.58,295170.14,1683.07,2209.36,no,yes
2471,0.187483,0.85128352,0.002651,294889.67,294884.89,1930.23,1667.06,no,yes
2472,-0.669601,0.50312065,-0.009470,295135.16,295155.71,1735.58,2529.72,no,yes
2473,-0.028043,0.97762787,-0.000397,299415.10,299429.69,36743.94,36828.76,no,yes
2474,-0.082745,0.93405500,-0.001170,295025.30,295026.47,983.58,1024.06,no,yes
2475,-0.243826,0.80736782,-0.003448,295113.78,295121.60,2058.04,2458.19,no,yes
2476,-0.526078,0.59884001,-0.007440,295082.88,295093.25,1478.17,1303.69,no,yes
2477,0.460784,0.64495889,0.006516,294781.02,294775.13,872.79,933.37,no,yes
2478,-0.268632,0.78821601,-0.003799,294873.53,294881.06,1953.20,2008.07,no,yes
2479,0.218752,0.82684545,0.003094,295019.48,295016.14,1124.75,1037.70,no,yes
2480,0.228194,0.81949773,0.003227,294771.24,294764.71,2372.12,1598.83,no,yes
2481,0.195520,0.84498787,0.002765,294815.89,294811.03,1802.45,1710.77,no,yes
2482,-0.528007,0.59750015,-0.007467,294895.88,294916.80,2876.15,2724.97,no,yes
2483,0.422309,0.67280432,0.005972,294827.95,294821.77,1029.05,1041.09,no,yes
2484,-0.339314,0.73437660,-0.004799,295046.31,295057.21,2291.14,2251.02,no,yes
2485,-0.415653,0.67766808,-0.005878,294944.22,294951.86,1283.81,1315.28,no,yes
2486,-1.383064,0.16666131,-0.019559,305403.26,305421.99,852.74,1051.57,no,yes
2487,1.099244,0.27167690,0.015546,295013.99,294986.89,2041.10,1383.70,no,yes
2488,-0.683739,0.49414794,-0.009670,295758.88,295770.30,1139.46,1219.84,no,yes
2489,-1.271867,0.20343542,-0.017987,295151.69,295179.04,1427.38,1608.62,no,yes
2490,0.751890,0.45212596,0.010633,295135.47,295123.65,1104.95,1119.36,no,yes
2491,0.098693,0.92138276,0.001396,295136.24,295127.90,5984.99,5961.38,no,yes
2492,0.472952,0.63625416,0.006689,294995.42,294982.98,2281.20,1312.67,no,yes
2493,0.122383,0.90259669,0.001731,304854.02,304852.36,1002.89,903.75,no,yes
2494,0.719988,0.47154120,0.010182,295076.38,295067.43,927.48,826.95,no,yes
2495,-0.920633,0.35725421,-0.013020,295052.96,295082.18,1859.50,2572.01,no,yes
2496,0.253321,0.80002248,0.003583,295180.81,295177.12,982.10,1080.00,no,yes
2497,-1.204315,0.22848259,-0.017032,294947.73,294963.59,854.72,1001.35,no,yes
2498,0.040879,0.96739303,0.000578,300675.70,300651.67,41664.87,41468.31,no,yes
2499,0.132311,0.89473964,0.001871,294871.77,294867.06,2738.08,2273.57,no,yes
2500,-0.550193,0.58219349,-0.007781,294904.88,294912.83,988.31,1054.45,no,yes
2501,-0.237508,0.81226494,-0.003359,294879.72,294885.69,1760.66,1791.23,no,yes
2502,-0.383777,0.70114813,-0.005427,294938.02,294946.13,1423.25,1561.88,no,yes
2503,-0.029443,0.97651164,-0.000416,305554.22,305554.74,1471.01,1012.57,no,yes
2504,-0.307919,0.75814758,-0.004355,393327.40,393349.20,4759.38,5241.71,no,yes
2505,-1.061827,0.28832746,-0.015017,295067.69,295081.53,830.09,1004.95,no,yes
2506,-0.474068,0.63545635,-0.006704,295128.46,295150.57,3430.03,3158.92,no,yes
2507,-0.279763,0.77966226,-0.003956,294740.54,294749.11,2206.01,2123.09,no,yes
2508,-0.393037,0.69429641,-0.005558,295119.49,295137.12,3245.82,3096.79,no,yes
2509,0.204114,0.83826669,0.002887,295011.14,295008.09,1046.33,1066.30,no,yes
2510,-0.473332,0.63598136,-0.006694,294876.69,294882.75,891.68,918.83,no,yes
2511,-0.637606,0.52373773,-0.009017,295081.78,295089.98,843.81,970.29,no,yes
2512,-0.671638,0.50182276,-0.009498,295134.58,295157.36,1986.87,2749.00,no,yes
2513,-0.521076,0.60232027,-0.007369,295021.51,295035.17,1448.86,2183.67,no,yes
2514,0.129620,0.89686864,0.001833,294917.18,294911.35,3241.11,3111.62,no,yes
2515,0.455811,0.64853099,0.006446,294772.10,294764.72,1237.15,1046.72,no,yes
2516,-0.628819,0.52947501,-0.008893,294782.56,294795.28,1561.65,1286.71,no,yes
2517,0.910894,0.36236290,0.012882,294900.70,294884.69,1385.32,1081.99,no,yes
2518,0.339665,0.73411262,0.004804,295034.10,295029.11,1036.34,1040.73,no,yes
2519,0.036914,0.97055385,0.000522,294932.30,294931.75,1103.90,995.01,no,yes
2520,1.064996,0.28689064,0.015061,295158.66,295132.79,1800.28,1630.23,no,yes
2521,-0.305286,0.76015135,-0.004317,295008.47,295022.34,3333.77,3087.32,no,yes
2522,0.184351,0.85373996,0.002607,295096.03,295090.13,2693.81,1735.23,no,yes
2523,-0.340760,0.73328782,-0.004819,295138.29,295153.36,2879.78,3358.09,no,yes
2524,-0.171700,0.86367522,-0.002428,294799.87,294803.84,1639.97,1631.65,no,yes
2525,0.327984,0.74292697,0.004638,294729.87,294715.95,2961.90,3040.30,no,yes
2526,-0.253484,0.79989722,-0.003585,294906.47,294912.48,1927.97,1377.42,no,yes
2527,-0.968885,0.33261449,-0.013702,294830.60,294843.27,845.92,997.38,no,yes
2528,-1.261000,0.20732502,-0.017833,294814.16,294842.48,1301.99,1830.29,no,yes
2529,0.896779,0.36984777,0.012682,294707.46,294696.58,925.05,785.86,no,yes
2530,0.053562,0.95728494,0.000757,295178.94,295178.24,901.52,943.08,no,yes
2531,-1.365042,0.17225586,-0.019305,294966.74,295002.01,1641.28,1995.83,no,yes
2532,-0.298031,0.76568237,-0.004215,295166.68,295176.89,2505.25,2336.35,no,yes
2533,-0.331626,0.74017501,-0.004690,294846.10,294851.06,1026.36,1088.75,no,yes
2534,-0.762537,0.44574985,-0.010784,294992.01,295008.95,1239.22,1844.07,no,yes
2535,-0.326872,0.74376862,-0.004623,304920.24,304928.69,2138.85,1451.34,no,yes
2536,-0.301018,0.76340370,-0.004257,294875.48,294882.21,1396.16,1745.75,no,yes
2537,-1.535286,0.12473161,-0.021712,295032.16,295100.29,2497.64,3668.05,no,yes
2538,0.208015,0.83521969,0.002942,294873.71,294862.76,3968.10,3459.55,no,yes
2539,0.289232,0.77240690,0.004090,295083.89,295076.74,1994.74,1461.63,no,yes
2540,-0.789437,0.42986653,-0.011164,295446.71,295460.59,1126.32,1351.51,no,yes
2541,-0.334752,0.73781588,-0.004734,294909.80,294921.96,2488.33,2650.36,no,yes
2542,0.067343,0.94630952,0.000952,295195.81,295192.38,3628.16,3561.17,no,yes
2543,-0.565691,0.57161027,-0.008000,294944.28,294958.44,1643.81,1886.83,no,yes
2544,-0.697552,0.48546571,-0.009865,294991.65,295002.61,1103.33,1118.12,no,yes
2545,-0.400248,0.68897841,-0.005660,295191.37,295211.35,3333.57,3713.82,no,yes
2546,-0.683344,0.49439739,-0.009664,295000.04,295032.66,3278.66,3470.50,no,yes
2547,0.115711,0.90788289,0.001636,294848.05,294846.28,1059.61,1103.60,no,yes
2548,-0.279385,0.77995191,-0.003951,294751.54,294755.52,1005.18,1009.69,no,yes
2549,0.679596,0.49676983,0.009611,295093.06,295074.95,2285.37,1371.67,no,yes
2550,-1.006486,0.31419476,-0.014234,295146.94,295162.83,989.24,1229.63,no,yes
2551,0.308482,0.75771914,0.004363,295036.27,295031.42,1238.05,970.80,no,yes
2552,-0.570031,0.56866406,-0.008061,294852.36,294866.93,1405.32,2134.52,no,yes
2553,-0.246145,0.80557276,-0.003481,295000.84,295007.02,1839.25,1709.36,no,yes
2554,-0.915247,0.36007375,-0.012944,295134.85,295160.07,1658.10,2200.79,no,yes
2555,0.354429,0.72302154,0.005012,294993.62,294982.09,2630.09,1915.06,no,yes
2556,-0.680723,0.49605466,-0.009627,304268.94,304278.23,885.71,1036.97,no,yes
2557,-0.581379,0.56099213,-0.008222,295378.84,295407.27,2896.21,3939.92,no,yes
2558,-0.438686,0.66089361,-0.006204,303760.63,303771.98,1927.50,1724.69,no,yes
2559,0.576513,0.56427537,0.008153,295105.81,295089.84,2131.05,1770.50,no,yes
2560,-0.408164,0.68315824,-0.005772,294850.58,294862.01,1464.01,2387.83,no,yes
2561,-0.652435,0.51412815,-0.009227,294923.13,294933.53,1121.94,1133.88,no,yes
2562,-0.295663,0.76749067,-0.004181,294901.30,294909.88,1746.23,2318.35,no,yes
2563,0.537652,0.59082407,0.007604,305416.60,305402.83,2109.87,1451.06,no,yes
2564,0.952858,0.34067355,0.013475,295101.56,295088.01,1069.82,936.78,no,yes
2565,0.397821,0.69076656,0.005626,295042.13,295037.25,870.65,865.34,no,yes
2566,-0.310908,0.75587377,-0.004397,303953.92,303970.15,3776.94,3600.27,no,yes
2567,0.067978,0.94580345,0.000961,295048.49,295047.57,1002.57,902.30,no,yes
2568,-0.329904,0.74147566,-0.004666,294887.38,294895.51,1655.88,1824.84,no,yes
2569,-0.099282,0.92091522,-0.001404,295150.51,295153.71,2066.01,2480.85,no,yes
2570,-0.216647,0.82848581,-0.003064,295079.03,295082.17,965.18,1078.02,no,yes
2571,-0.479551,0.63155246,-0.006782,295105.38,295116.42,1847.72,1374.66,no,yes
2572,1.201887,0.22942238,0.016997,294767.31,294744.50,1505.73,1155.19,no,yes
2573,-1.579414,0.11425788,-0.022336,301082.76,301103.39,804.10,1029.88,no,yes
2574,0.744075,0.45684014,0.010523,294861.35,294843.21,1724.24,1723.03,no,yes
2575,0.036264,0.97107206,0.000513,294988.22,294986.39,3669.61,3459.55,no,yes
2576,0.079228,0.93685221,0.001120,294914.32,294913.21,1070.53,913.15,no,yes
2577,0.917526,0.35887824,0.012976,294877.58,294866.67,871.61,808.59,no,yes
2578,0.171762,0.86362605,0.002429,295075.22,295065.64,4239.42,3624.30,no,yes
2579,0.198754,0.84245716,0.002811,295075.19,295072.14,1204.93,953.11,no,yes
2580,-0.074513,0.94060319,-0.001054,294971.59,294976.03,4074.32,4361.73,no,yes
2581,-0.057616,0.95405495,-0.000815,294906.05,294906.97,1109.05,1155.77,no,yes
2582,-0.143739,0.88570805,-0.002033,393155.97,393163.22,3300.36,3807.58,no,yes
2583,0.235592,0.81375162,0.003332,294767.28,294762.92,1360.58,1255.68,no,yes
2584,-0.077160,0.93849704,-0.001091,295051.83,295053.13,1220.81,1155.10,no,yes
2585,1.017474,0.30894676,0.014389,294761.95,294736.63,2316.13,910.32,no,yes
2586,-0.327779,0.74308213,-0.004635,294942.39,294946.31,839.32,851.97,no,yes
2587,0.279187,0.78010451,0.003948,295194.70,295180.61,3544.67,3591.62,no,yes
2588,0.163608,0.87004156,0.002314,294909.82,294903.59,2683.16,2701.19,no,yes
2589,-0.055035,0.95611124,-0.000778,295023.00,295024.40,1872.08,1734.66,no,yes
2590,0.646929,0.51768535,0.009149,295086.18,295077.57,981.34,897.67,no,yes
2591,-0.011541,0.99079222,-0.000163,294839.90,294840.16,1313.86,1825.86,no,yes
2592,-0.410815,0.68121223,-0.005810,294863.24,294874.53,1934.36,1952.54,no,yes
2593,0.251905,0.80111717,0.003562,294936.04,294929.62,1926.69,1667.06,no,yes
2594,-0.138989,0.88946064,-0.001966,295094.79,295099.19,2331.29,2143.31,no,yes
2595,-0.662114,0.50790700,-0.009364,294793.82,294808.76,1198.82,1911.76,no,yes
2596,0.068640,0.94527659,0.000971,295081.61,295078.77,3410.47,2359.76,no,yes
2597,-0.634310,0.52588600,-0.008970,295078.29,295087.01,966.31,979.00,no,yes
2598,0.160314,0.87263532,0.002267,295110.93,295105.75,2381.42,2181.83,no,yes
2599,-0.220525,0.82546468,-0.003119,295135.62,295142.69,2332.83,2201.99,no,yes
2600,-0.231741,0.81674189,-0.003277,294836.72,294842.21,1675.79,1674.88,no,yes
2601,0.156386,0.87573011,0.002212,294882.12,294874.45,3770.43,3134.99,no,yes
2602,-0.067572,0.94612700,-0.000956,295157.62,295158.80,1338.61,1132.70,no,yes
2603,-0.628656,0.52958151,-0.008891,294866.50,294874.62,861.67,962.39,no,yes
2604,2.050808,0.04029999,0.029003,295134.69,295106.99,1095.55,789.99,yes,yes
2605,-0.344571,0.73042039,-0.004873,295155.80,295187.72,6146.83,6932.09,no,yes
2606,1.216086,0.22396662,0.017198,295010.41,294994.56,945.75,896.84,no,yes
2607,0.225380,0.82168619,0.003187,294823.03,294815.60,2730.72,1845.73,no,yes
2608,0.495093,0.62053988,0.007002,295212.40,295204.01,1283.61,1106.00,no,yes
2609,-0.166726,0.86758701,-0.002358,295206.51,295221.58,6309.10,6467.65,no,yes
2610,-0.628319,0.52980251,-0.008886,294933.56,294954.28,2422.01,2238.30,no,yes
2611,0.645833,0.51839490,0.009133,295158.96,295147.12,1311.29,1281.87,no,yes
2612,0.407655,0.68353235,0.005765,303878.67,303863.71,3166.45,1857.31,no,yes
2613,0.614189,0.53909857,0.008686,294950.71,294937.16,1845.58,1208.35,no,yes
2614,0.364872,0.71521101,0.005160,363878.64,363873.90,944.93,892.88,no,yes
2615,-0.259111,0.79555246,-0.003664,295208.91,295213.49,1171.82,1324.15,no,yes
2616,0.286061,0.77483452,0.004046,294971.32,294967.40,1025.70,907.56,no,yes
2617,0.501767,0.61583717,0.007096,294883.97,294869.23,2283.36,1848.66,no,yes
2618,0.029999,0.97606782,0.000424,295018.05,295016.55,3664.08,3404.24,no,yes
2619,0.273836,0.78421319,0.003873,295087.36,295082.89,1214.25,1091.34,no,yes
2620,0.569871,0.56877182,0.008059,294930.13,294915.38,1882.16,1775.56,no,yes
2621,0.015267,0.98781912,0.000216,295030.54,295030.16,1781.06,1827.52,no,yes
2622,0.044094,0.96482987,0.000624,295142.15,295139.35,4895.40,4059.48,no,yes
2623,0.099406,0.92081716,0.001406,295134.56,295132.63,1371.54,1371.51,no,yes
2624,0.289577,0.77214268,0.004095,294978.32,294970.70,2005.47,1706.22,no,yes
2625,0.253899,0.79957655,0.003591,295123.57,295117.17,1945.48,1602.37,no,yes
2626,-0.541895,0.58789669,-0.007664,295059.35,295076.46,2280.37,2183.61,no,yes
2627,0.209016,0.83443828,0.002956,294872.35,294866.61,2230.27,1604.97,no,yes
2628,1.261216,0.20725346,0.017836,295055.29,295019.99,2596.79,1043.37,no,yes
2629,-0.693220,0.48818004,-0.009804,295170.35,295202.17,2896.98,3561.10,no,yes
2630,0.042320,0.96624384,0.000598,294821.07,294820.49,1019.53,916.23,no,yes
2631,1.124441,0.26083957,0.015902,294911.31,294892.82,1239.53,1081.23,no,yes
2632,-0.227323,0.82017483,-0.003215,294777.17,294784.72,2006.49,2647.37,no,yes
2633,1.448171,0.14758599,0.020480,295083.08,295062.99,1100.45,845.30,no,yes
2634,-0.380114,0.70386515,-0.005376,294878.63,294891.74,2422.90,2453.87,no,yes
2635,-0.202978,0.83915438,-0.002871,295059.35,295062.14,916.11,1026.00,no,yes
2636,0.199498,0.84187566,0.002821,295098.71,295093.59,2135.27,1422.73,no,yes
2637,1.454247,0.14589400,0.020566,295013.81,294994.45,1019.47,855.72,no,yes
2638,-0.540448,0.58889405,-0.007643,295135.05,295146.72,1485.42,1566.89,no,yes
2639,0.215211,0.82960570,0.003044,295012.32,295007.30,1981.11,1234.08,no,yes
2640,-0.175142,0.86097013,-0.002477,295074.82,295079.41,1803.71,1903.33,no,yes
2641,0.629556,0.52899223,0.008903,294885.25,294876.81,966.87,926.89,no,yes
2642,0.301259,0.76322047,0.004260,294974.85,294970.12,1152.13,1068.32,no,yes
2643,-0.120069,0.90442939,-0.001698,295050.82,295052.51,999.47,985.48,no,yes
2644,-1.027073,0.30439898,-0.014525,294925.91,294939.43,831.18,1020.78,no,yes
2645,-0.230370,0.81780664,-0.003258,295099.72,295107.84,2401.05,2581.50,no,yes
2646,-0.653032,0.51374331,-0.009235,295100.13,295110.44,1047.48,1180.93,no,yes
2647,-0.181331,0.85610926,-0.002564,295133.85,295150.73,6417.09,6740.99,no,yes
2648,-0.534061,0.59330572,-0.007553,295078.66,295087.20,996.10,1250.52,no,yes
2649,0.893629,0.37153170,0.012638,295024.98,295002.43,1991.13,1549.90,no,yes
2650,0.899695,0.36829560,0.012724,294891.16,294870.92,1915.87,1178.04,no,yes
2651,-0.186709,0.85189039,-0.002640,295130.73,295140.68,3370.24,4133.42,no,yes
2652,-0.122907,0.90218162,-0.001738,295455.92,295459.93,2188.52,2418.96,no,yes
2653,0.471353,0.63739354,0.006666,308786.91,308778.85,1281.68,1132.39,no,yes
2654,-0.242987,0.80801844,-0.003436,294910.63,294925.14,3759.43,4640.38,no,yes
2655,-0.229566,0.81843143,-0.003247,294921.17,294927.42,1834.47,2012.39,no,yes
2656,-0.399962,0.68918918,-0.005656,294860.99,294866.23,861.92,983.81,no,yes
2657,1.217078,0.22358926,0.017212,294789.33,294769.26,1228.39,1099.83,no,yes
2658,0.174625,0.86137602,0.002470,294854.07,294851.91,881.03,871.96,no,yes
2659,-0.322246,0.74726954,-0.004557,295118.68,295126.38,1579.19,1793.63,no,yes
2660,-0.356769,0.72126880,-0.005045,295028.72,295060.18,6128.20,6340.24,no,yes
2661,-0.086563,0.93101987,-0.001224,294907.86,294910.19,1722.98,2061.35,no,yes
2662,-0.223934,0.82281130,-0.003167,294951.00,294956.71,1602.89,1981.69,no,yes
2663,0.666084,0.50536568,0.009420,295111.85,295101.74,1207.42,919.25,no,yes
2664,0.010574,0.99156360,0.000150,308462.40,308452.59,65620.84,65601.06,no,yes
2665,-0.047580,0.96205152,-0.000673,295096.88,295097.46,854.04,869.82,no,yes
2666,-0.469617,0.63863463,-0.006641,294794.92,294806.28,1384.45,1984.11,no,yes
2667,-0.567497,0.57038290,-0.008026,294861.18,294877.06,1821.98,2123.87,no,yes
2668,0.438119,0.66130540,0.006196,295033.38,295020.26,2449.01,1723.36,no,yes
2669,0.968504,0.33280529,0.013697,294967.77,294945.21,1855.67,1407.99,no,yes
2670,-0.485117,0.62759906,-0.006861,294911.17,294926.42,2458.97,1957.00,no,yes
2671,-0.776670,0.43736317,-0.010984,295065.87,295076.43,855.69,1057.76,no,yes
2672,-0.187187,0.85151591,-0.002647,294902.09,294906.31,1810.51,1342.60,no,yes
2673,0.129150,0.89724044,0.001826,294909.93,294904.18,3415.51,2855.20,no,yes
2674,-0.592297,0.55365828,-0.008376,302632.36,302640.51,911.97,1031.21,no,yes
2675,-0.850408,0.39510833,-0.012027,295080.18,295094.01,1135.79,1165.34,no,yes
2676,0.107849,0.91411633,0.001525,362420.89,362352.88,45183.62,43981.16,no,yes
2677,0.142735,0.88650069,0.002019,294934.05,294932.03,1030.75,963.28,no,yes
2678,1.085495,0.27771553,0.015351,294806.82,294793.52,901.15,830.81,no,yes
2679,-1.641646,0.10068273,-0.023216,305703.95,305746.34,1319.09,2219.91,no,yes
2680,-0.521987,0.60168510,-0.007382,294952.42,294961.16,1176.83,1192.10,no,yes
2681,-0.302397,0.76235278,-0.004277,295135.26,295143.20,1890.23,1826.29,no,yes
2682,-0.730485,0.46510631,-0.010331,295079.50,295103.86,1380.11,3036.03,no,yes
2683,-0.372517,0.70951180,-0.005268,295244.16,295267.46,4376.01,4470.29,no,yes
2684,0.302657,0.76215427,0.004280,294808.97,294792.24,4102.17,3706.13,no,yes
2685,0.069901,0.94427299,0.000989,294782.89,294781.92,950.03,996.90,no,yes
2686,0.156922,0.87530808,0.002219,294918.39,294916.31,963.07,913.61,no,yes
2687,0.746843,0.45516752,0.010562,295304.42,295272.77,3308.52,2649.04,no,yes
2688,0.780864,0.43489180,0.011043,295053.06,295038.08,1412.99,1298.02,no,yes
2689,-0.409150,0.68243383,-0.005786,294911.61,294947.59,6094.94,6340.66,no,yes
2690,0.719893,0.47159932,0.010181,295070.07,295051.44,1737.86,1918.09,no,yes
2691,-0.223669,0.82301689,-0.003163,295038.48,295042.18,1256.80,1075.60,no,yes
2692,0.589139,0.55577501,0.008332,295150.85,295134.63,2057.99,1828.60,no,yes
2693,0.010513,0.99161187,0.000149,302691.83,302691.56,1773.13,1838.06,no,yes
2694,-0.372185,0.70975939,-0.005263,295677.65,295690.44,2476.01,2383.35,no,yes
2695,0.378985,0.70470333,0.005360,295119.39,295110.12,1696.59,1764.13,no,yes
2696,-0.348814,0.72723296,-0.004933,295070.15,295079.97,2033.98,1947.02,no,yes
2697,0.111971,0.91084781,0.001584,294891.39,294888.82,1631.93,1614.11,no,yes
2698,-0.000560,0.99955350,-0.000008,295101.17,295101.19,2245.83,2474.40,no,yes
2699,-0.293571,0.76908894,-0.004152,294945.49,294952.94,1716.62,1866.52,no,yes
2700,0.701463,0.48302302,0.009920,294762.94,294752.80,1152.48,874.31,no,yes
2701,-0.088200,0.92971843,-0.001247,393189.87,393192.44,2207.60,1893.29,no,yes
2702,0.643056,0.52019562,0.009094,294935.24,294926.55,1096.12,792.39,no,yes
2703,-0.170729,0.86443860,-0.002414,295023.10,295025.25,880.88,900.44,no,yes
2704,-0.713016,0.47584611,-0.010084,294865.34,294906.35,2909.77,4962.45,no,yes
2705,-0.717736,0.47293046,-0.010150,295089.90,295113.27,1627.46,2818.98,no,yes
2706,-0.195529,0.84498116,-0.002765,295013.67,295030.99,6204.16,6323.23,no,yes
2707,2.235435,0.02540072,0.031614,295034.18,295004.58,1064.33,787.81,yes,yes
2708,-0.041577,0.96683611,-0.000588,294843.59,294844.16,922.31,1022.10,no,yes
2709,0.433141,0.66491707,0.006126,295120.94,295104.25,2844.75,2598.61,no,yes
2710,0.000206,0.99983598,0.000003,295485.98,295485.96,6202.73,6317.04,no,yes
2711,-0.387660,0.69827167,-0.005482,294884.96,294890.82,1047.71,1090.36,no,yes
2712,1.109900,0.26705543,0.015696,294863.10,294848.00,1012.20,909.65,no,yes
2713,1.721755,0.08513097,0.024349,295069.15,295041.45,1308.39,936.22,no,yes
2714,0.683021,0.49460308,0.009659,294867.68,294840.26,3430.80,2086.44,no,yes
2715,-1.789894,0.07348672,-0.025313,297792.64,297817.25,872.78,1062.72,no,yes
2716,-1.106908,0.26834990,-0.015654,294768.71,294822.60,2478.93,4189.69,no,yes
2717,-0.365684,0.71460473,-0.005172,294838.48,294847.34,1748.14,1677.38,no,yes
2718,-0.062034,0.95053637,-0.000877,302792.30,302793.86,1877.65,1658.75,no,yes
2719,-0.594568,0.55213913,-0.008408,295004.85,295022.06,1821.85,2249.66,no,yes
2720,0.474149,0.63540005,0.006705,294791.63,294779.24,2197.90,1414.99,no,yes
2721,-0.360714,0.71831733,-0.005101,295034.19,295042.86,1740.11,1657.78,no,yes
2722,-0.014218,0.98865623,-0.000201,295010.11,295010.40,1411.22,1502.71,no,yes
2723,0.681682,0.49544990,0.009640,294934.38,294910.28,3093.00,1713.24,no,yes
2724,-0.440577,0.65952448,-0.006231,295140.11,295163.21,3213.62,4141.36,no,yes
2725,-0.305637,0.75988407,-0.004322,294996.38,295003.66,1564.47,1796.05,no,yes
2726,-0.872679,0.38284847,-0.012342,294767.88,294798.32,2421.57,2510.13,no,yes
2727,0.294310,0.76852407,0.004162,295021.14,295005.80,3831.34,3537.81,no,yes
2728,-0.633826,0.52620152,-0.008964,294857.13,294867.32,1068.83,1200.79,no,yes
2729,-0.634895,0.52550418,-0.008979,363836.52,363850.75,1466.43,1695.06,no,yes
2730,0.370517,0.71100161,0.005240,294854.24,294845.35,1853.38,1525.22,no,yes
2731,0.110630,0.91191109,0.001565,295078.34,295076.83,935.81,997.95,no,yes
2732,0.973372,0.33038039,0.013766,294990.95,294976.26,1116.32,1015.39,no,yes
2733,-0.209687,0.83391498,-0.002965,294803.86,294808.58,1130.02,1946.61,no,yes
2734,0.270968,0.78641830,0.003832,294874.04,294869.85,1141.00,1041.61,no,yes
2735,0.535887,0.59204357,0.007579,294892.80,294877.48,2341.76,1639.29,no,yes
2736,-0.103920,0.91723408,-0.001470,294781.98,294784.56,1407.64,2049.14,no,yes
2737,1.077399,0.28131532,0.015237,294817.27,294803.29,987.72,841.29,no,yes
2738,-0.025908,0.97933077,-0.000366,294956.81,294957.50,1731.16,2020.29,no,yes
2739,-0.191605,0.84805360,-0.002710,295109.10,295111.81,1013.81,986.97,no,yes
2740,0.069784,0.94436624,0.000987,295082.67,295081.56,1082.65,1169.81,no,yes
2741,-0.344073,0.73079526,-0.004866,294797.85,294802.30,927.84,899.55,no,yes
2742,-0.835775,0.40329190,-0.011820,294936.24,294958.45,1723.90,2022.79,no,yes
2743,0.121284,0.90346768,0.001715,294862.74,294861.00,993.21,1036.06,no,yes
2744,-0.572749,0.56682160,-0.008100,294938.36,294974.50,3763.74,5064.45,no,yes
2745,-0.589576,0.55548160,-0.008338,295045.73,295060.58,1770.17,1790.44,no,yes
2746,0.082724,0.93407153,0.001170,294974.66,294969.96,3724.11,4287.40,no,yes
2747,1.993129,0.04626247,0.028187,295119.68,295089.80,1229.95,856.40,yes,yes
2748,-0.180518,0.85674761,-0.002553,295281.77,295297.82,6251.43,6322.64,no,yes
2749,0.178099,0.85864732,0.002519,295000.23,294997.73,1033.63,953.32,no,yes
2750,-0.388637,0.69754921,-0.005496,295104.90,295122.58,2895.17,3510.10,no,yes
2751,-0.389769,0.69671120,-0.005512,295168.99,295182.64,2523.98,2430.94,no,yes
2752,0.064220,0.94879545,0.000908,309058.95,309053.54,5965.82,5929.13,no,yes
2753,-0.379676,0.70419020,-0.005369,294835.89,294840.59,861.36,886.72,no,yes
2754,0.777394,0.43693546,0.010994,295148.16,295137.45,996.52,951.00,no,yes
2755,0.269827,0.78729579,0.003816,295124.46,295120.06,1209.82,1092.19,no,yes
2756,-1.066430,0.28624333,-0.015082,294947.93,294971.88,1338.15,1803.01,no,yes
2757,-0.596922,0.55056616,-0.008442,294968.97,294978.90,1105.33,1243.67,no,yes
2758,-0.492675,0.62224848,-0.006967,295092.05,295101.32,1595.00,999.27,no,yes
2759,0.753605,0.45109530,0.010658,295079.66,295069.73,993.67,864.99,no,yes
2760,-0.206359,0.83651275,-0.002918,294846.60,294850.42,962.17,1582.18,no,yes
2761,0.755796,0.44978082,0.010689,294848.38,294836.15,1288.96,978.54,no,yes
2762,-0.622674,0.53350589,-0.008806,294834.70,294843.96,1039.68,1062.70,no,yes
2763,-0.207925,0.83529004,-0.002940,295076.75,295079.94,943.68,1205.57,no,yes
2764,0.253087,0.80020337,0.003579,294843.31,294839.53,1096.23,1016.89,no,yes
2765,0.170921,0.86428733,0.002417,305449.52,305434.15,6500.72,6213.01,no,yes
2766,0.685548,0.49300633,0.009695,294900.59,294889.72,1121.77,1120.16,no,yes
2767,0.069381,0.94468740,0.000981,295096.62,295094.47,1883.02,2472.36,no,yes
2768,-1.279936,0.20058306,-0.018101,295325.91,295365.85,2015.37,2382.46,no,yes
2769,-0.628559,0.52964555,-0.008889,295181.86,295215.60,3138.38,4354.81,no,yes
2770,0.659075,0.50985550,0.009321,294721.40,294712.04,1014.95,993.80,no,yes
2771,0.062663,0.95003533,0.000886,300724.97,300723.04,2585.32,1654.23,no,yes
2772,-0.406932,0.68406326,-0.005755,294836.53,294849.54,1660.54,2730.28,no,yes
2773,-0.495234,0.62044106,-0.007004,295058.97,295070.09,1323.89,1814.00,no,yes
2774,-1.151913,0.24937400,-0.016291,295109.32,295156.79,2075.61,3559.75,no,yes
2775,-0.912548,0.36149129,-0.012905,294866.91,294882.16,1113.69,1245.31,no,yes
2776,0.021018,0.98323171,0.000297,294870.98,294870.48,1316.64,1960.77,no,yes
2777,-0.187394,0.85135373,-0.002650,294967.97,294972.98,1684.37,2077.97,no,yes
2778,0.304744,0.76056517,0.004310,294983.96,294979.05,1349.52,881.33,no,yes
2779,-0.263391,0.79225197,-0.003725,294764.36,294770.52,1446.94,1837.25,no,yes
2780,-0.368307,0.71264800,-0.005209,295038.08,295043.01,957.19,937.43,no,yes
2781,0.191651,0.84801718,0.002710,294884.80,294879.89,1767.85,1854.47,no,yes
2782,-0.557816,0.57697602,-0.007889,295310.85,295318.22,885.25,980.43,no,yes
2783,-1.796434,0.07244577,-0.025405,294843.17,294893.59,1280.58,2497.83,no,yes
2784,-0.073426,0.94146777,-0.001038,295060.08,295061.03,953.17,871.66,no,yes
2785,-0.459258,0.64605392,-0.006495,294865.04,294871.00,881.17,954.06,no,yes
2786,-0.534829,0.59277407,-0.007564,295216.57,295244.96,3307.96,4152.32,no,yes
2787,1.068586,0.28526985,0.015112,294914.49,294900.20,1037.54,843.47,no,yes
2788,-0.339690,0.73409327,-0.004804,295121.29,295143.16,4689.08,4408.18,no,yes
2789,0.017986,0.98565030,0.000254,294917.57,294917.28,1014.88,1242.15,no,yes
2790,-0.207559,0.83557527,-0.002935,295299.74,295318.40,6339.76,6368.69,no,yes
2791,0.260915,0.79416068,0.003690,294971.40,294967.50,1098.03,1013.73,no,yes
2792,-0.208589,0.83477158,-0.002950,363909.25,363919.60,3312.73,3692.64,no,yes
2793,0.165824,0.86829752,0.002345,295012.45,295005.55,3192.91,2666.86,no,yes
2794,-1.566323,0.11728921,-0.022151,294813.59,294849.35,1478.23,1739.55,no,yes
2795,-0.447446,0.65455837,-0.006328,294816.45,294827.37,1840.80,1601.86,no,yes
2796,0.240223,0.81016005,0.003397,295091.27,295083.34,2642.53,1977.35,no,yes
2797,-0.786007,0.43187265,-0.011116,294848.55,294867.17,1576.55,1767.30,no,yes
2798,1.003515,0.31562543,0.014192,294861.58,294828.44,2635.22,1991.43,no,yes
2799,0.615342,0.53833569,0.008702,295103.44,295070.07,4027.97,3630.79,no,yes
2800,-0.524906,0.59965409,-0.007423,294984.66,294991.58,902.71,960.84,no,yes
2801,0.886845,0.37517300,0.012542,295065.62,295053.45,1027.63,909.24,no,yes
2802,-0.899575,0.36835743,-0.012722,294824.28,294839.73,1105.21,1314.13,no,yes
2803,0.059608,0.95246861,0.000843,295258.76,295254.99,4438.78,4504.00,no,yes
2804,-1.207830,0.22712731,-0.017081,295052.03,295068.42,864.59,1045.64,no,yes
2805,0.798362,0.42467305,0.011291,294953.29,294910.43,4722.76,2554.21,no,yes
2806,-0.084581,0.93259553,-0.001196,294774.61,294775.67,913.72,861.03,no,yes
2807,0.046923,0.96257493,0.000664,294828.92,294826.58,3245.97,3799.86,no,yes
2808,0.003520,0.99719151,0.000050,295255.89,295255.71,3614.14,3540.98,no,yes
2809,-0.068411,0.94545919,-0.000967,295049.20,295050.28,1136.60,1090.57,no,yes
2810,0.197901,0.84312420,0.002799,295223.89,295212.94,4097.25,3720.01,no,yes
2811,-0.399769,0.68933130,-0.005654,295319.98,295330.13,1720.43,1868.84,no,yes
2812,0.994901,0.31979778,0.014070,294904.01,294875.25,2332.09,1706.68,no,yes
2813,0.249811,0.80273638,0.003533,295073.56,295067.84,1858.41,1337.20,no,yes
2814,-0.271081,0.78633129,-0.003834,295122.30,295128.99,1565.92,1906.45,no,yes
2815,0.723771,0.46921615,0.010236,295298.28,295281.01,1961.29,1358.45,no,yes
2816,-0.056647,0.95482699,-0.000801,294850.08,294850.83,955.10,915.13,no,yes
2817,0.836954,0.40262897,0.011836,294862.32,294850.15,1124.10,921.91,no,yes
2818,-1.359319,0.17406104,-0.019224,294756.60,294775.84,937.13,1061.15,no,yes
2819,-0.302524,0.76225550,-0.004278,294865.82,294870.40,988.19,1146.02,no,yes
2820,-0.348882,0.72718178,-0.004934,294866.46,294871.93,1079.96,1139.97,no,yes
2821,-1.219133,0.22280877,-0.017241,294806.70,294822.49,805.79,1014.30,no,yes
2822,-0.093329,0.92564279,-0.001320,295158.77,295161.10,1838.37,1688.79,no,yes
2823,0.834665,0.40391772,0.011804,295025.11,295010.24,1480.59,992.33,no,yes
2824,0.556737,0.57771394,0.007873,295170.67,295161.15,1336.12,1066.35,no,yes
2825,-2.508743,0.01212409,-0.035479,294796.37,294828.99,871.85,964.73,yes,yes
2826,0.150912,0.88004629,0.002134,295142.23,295135.13,3139.82,3505.29,no,yes
2827,0.437656,0.66164047,0.006189,294896.05,294882.44,2483.00,1869.04,no,yes
2828,-0.178387,0.85842104,-0.002523,294861.27,294864.98,1223.93,1677.03,no,yes
2829,-0.292098,0.77021504,-0.004131,294964.57,294969.37,1122.04,1199.47,no,yes
2830,-0.539703,0.58940791,-0.007633,294911.80,294927.79,2009.43,2176.53,no,yes
2831,-1.280972,0.20021827,-0.018116,295090.11,295123.33,1821.09,1846.15,no,yes
2832,0.927438,0.35371043,0.013116,295150.63,295134.71,1220.62,1207.35,no,yes
2833,-0.413986,0.67888897,-0.005855,294809.06,294819.48,1751.51,1804.65,no,yes
2834,0.202367,0.83963198,0.002862,294729.63,294726.76,1004.14,1002.29,no,yes
2835,-0.094825,0.92445478,-0.001341,295050.55,295052.93,1876.72,1674.65,no,yes
2836,0.568061,0.56999981,0.008034,294881.72,294873.78,1003.43,973.49,no,yes
2837,0.537487,0.59093752,0.007601,295003.09,294995.51,993.63,998.81,no,yes
2838,-1.452179,0.14646841,-0.020537,294808.71,294829.15,861.63,1113.42,no,yes
2839,-0.043992,0.96491123,-0.000622,294824.16,294825.52,2034.97,2344.43,no,yes
2840,-0.116401,0.90733559,-0.001646,295126.33,295130.48,2666.65,2365.52,no,yes
2841,0.341551,0.73269288,0.004830,298041.52,298020.83,5049.01,3346.26,no,yes
2842,0.237945,0.81192650,0.003365,295086.58,295083.08,1062.90,1019.83,no,yes
2843,-0.047965,0.96174424,-0.000678,304896.86,304899.41,3661.86,3852.66,no,yes
2844,-0.108537,0.91357081,-0.001535,295042.68,295045.39,1504.88,1991.91,no,yes
2845,-0.112976,0.91005060,-0.001598,294853.02,294854.47,945.98,873.81,no,yes
2846,0.268568,0.78826534,0.003798,295065.26,295058.61,1872.42,1618.17,no,yes
2847,-0.838166,0.40194866,-0.011853,294792.06,294808.30,1095.40,1598.20,no,yes
2848,-0.380257,0.70375938,-0.005378,294788.12,294797.32,1348.35,2009.37,no,yes
2849,-1.088732,0.27628775,-0.015397,295072.46,295111.82,1895.90,3078.56,no,yes
2850,-0.404105,0.68614012,-0.005715,305105.51,305114.83,1389.12,1838.98,no,yes
2851,-0.360827,0.71823372,-0.005103,295053.73,295062.78,2143.65,1304.08,no,yes
2852,-0.253178,0.80013351,-0.003580,294742.77,294748.50,1219.86,1905.22,no,yes
2853,0.884002,0.37670594,0.012502,294777.18,294753.36,2079.95,1713.15,no,yes
2854,1.112546,0.26591695,0.015734,297796.23,297781.64,957.42,896.85,no,yes
2855,-0.455488,0.64876336,-0.006442,294837.93,294843.78,794.08,1009.80,no,yes
2856,0.713259,0.47569378,0.010087,295010.69,294989.12,2151.09,2126.80,no,yes
2857,-0.785025,0.43245002,-0.011102,295039.06,295056.99,1232.66,1922.98,no,yes
2858,-0.166438,0.86781397,-0.002354,300643.12,300653.35,4129.95,4554.68,no,yes
2859,0.256748,0.79737629,0.003631,295046.92,295043.58,964.59,874.18,no,yes
2860,0.779877,0.43547443,0.011029,303863.05,303816.63,5118.57,3037.15,no,yes
2861,0.334293,0.73816187,0.004728,363974.71,363958.62,3396.96,3410.39,no,yes
2862,-0.169060,0.86575138,-0.002391,295085.22,295087.55,1017.88,929.71,no,yes
2863,0.321743,0.74765102,0.004550,294805.34,294793.54,2815.15,2347.53,no,yes
2864,0.188739,0.85029954,0.002669,294775.61,294769.38,2562.65,2085.71,no,yes
2865,-0.153330,0.87813995,-0.002168,295003.30,295005.08,784.52,851.53,no,yes
2866,-0.383123,0.70163283,-0.005418,295192.32,295197.71,985.81,1006.42,no,yes
2867,-0.063896,0.94905389,-0.000904,294949.82,294951.13,1846.88,913.69,no,yes
2868,-0.373270,0.70895124,-0.005279,295071.56,295082.40,2030.21,2077.20,no,yes
2869,0.158504,0.87406169,0.002242,294873.15,294869.70,1813.47,1194.57,no,yes
2870,-0.210213,0.83350354,-0.002973,294812.92,294821.84,2993.35,3006.38,no,yes
2871,-0.534704,0.59286042,-0.007562,295338.34,295363.29,3038.73,3542.21,no,yes
2872,-1.155683,0.24782528,-0.016344,294967.39,294984.09,906.02,1126.17,no,yes
2873,-1.237921,0.21575976,-0.017507,305222.42,305255.99,1948.95,1884.95,no,yes
2874,0.141886,0.88717137,0.002007,295121.60,295116.57,2573.10,2436.46,no,yes
2875,-0.113670,0.90950022,-0.001608,295020.41,295022.02,947.18,1062.76,no,yes
2876,-0.790950,0.42898272,-0.011186,295000.87,295011.37,895.04,980.22,no,yes
2877,-1.439415,0.15004945,-0.020356,294785.99,294805.05,828.76,1032.72,no,yes
2878,-0.192212,0.84757836,-0.002718,294924.13,294929.36,1638.76,2177.00,no,yes
2879,-0.325791,0.74458577,-0.004607,294886.07,294905.37,3945.64,4421.35,no,yes
2880,0.111218,0.91144424,0.001573,295028.36,295025.64,1626.73,1816.04,no,yes
2881,0.268003,0.78870003,0.003790,295097.36,295082.40,4748.57,2933.92,no,yes
2882,-0.478135,0.63255936,-0.006762,294816.41,294822.89,916.24,999.64,no,yes
2883,-0.380663,0.70345846,-0.005383,296297.93,296319.51,2782.17,4937.18,no,yes
2884,-1.437019,0.15072932,-0.020323,294916.27,294941.15,1058.67,1370.66,no,yes
2885,0.493969,0.62133446,0.006986,294862.86,294849.54,2321.42,1375.00,no,yes
2886,0.377835,0.70555700,0.005343,295028.62,295005.63,4586.25,3997.71,no,yes
2887,0.232592,0.81608077,0.003289,294717.76,294711.83,1954.34,1634.93,no,yes
2888,0.703719,0.48161840,0.009952,295113.19,295097.70,1924.58,1069.42,no,yes
2889,-0.187855,0.85099253,-0.002657,294922.99,294925.81,1137.05,979.77,no,yes
2890,-0.142666,0.88655594,-0.002018,295090.28,295094.21,1571.47,2265.90,no,yes
2891,0.318600,0.75003323,0.004506,295082.32,295076.08,1552.28,1197.62,no,yes
2892,-0.017943,0.98568485,-0.000254,295061.48,295061.71,863.46,958.71,no,yes
2893,-0.678965,0.49716792,-0.009602,294941.76,294951.73,941.39,1127.80,no,yes
2894,0.690063,0.49016301,0.009759,294877.44,294866.49,1211.21,1026.26,no,yes
2895,-0.837220,0.40248182,-0.011840,295114.32,295133.88,1118.48,2051.52,no,yes
2896,-0.024147,0.98073573,-0.000341,295031.86,295032.46,1597.36,1929.21,no,yes
2897,-0.285501,0.77526316,-0.004038,294924.10,294928.72,1187.98,1097.48,no,yes
2898,1.573642,0.11558671,0.022255,294890.14,294864.50,1265.69,1026.41,no,yes
2899,-0.807737,0.41925254,-0.011423,294919.00,294943.41,1832.64,2403.25,no,yes
2900,0.680549,0.49616459,0.009624,295247.05,295237.00,1056.12,1032.34,no,yes
2901,-0.324241,0.74575873,-0.004585,294825.31,294835.89,2458.81,2146.41,no,yes
2902,-0.185971,0.85246971,-0.002630,295199.54,295210.22,4057.52,4069.55,no,yes
2903,0.081367,0.93515089,0.001151,317101.91,316954.44,131784.51,124412.30,no,yes
2904,-0.022537,0.98201945,-0.000319,295378.20,295380.54,7461.83,7227.19,no,yes
2905,-0.636991,0.52413960,-0.009008,295150.73,295171.25,1728.93,2718.93,no,yes
2906,-0.073726,0.94122904,-0.001043,295129.60,295130.87,1256.87,1184.70,no,yes
2907,0.232356,0.81626383,0.003286,295126.69,295123.45,1051.56,918.18,no,yes
2908,0.185627,0.85273954,0.002625,295355.01,295336.22,7176.59,7131.83,no,yes
2909,-0.092090,0.92662755,-0.001302,321625.26,321792.24,127317.25,129103.90,no,yes
2910,-0.534459,0.59303089,-0.007558,294820.24,294832.66,1274.57,1942.05,no,yes
2911,-0.370562,0.71096763,-0.005241,294872.91,294881.83,1458.32,1916.13,no,yes
2912,0.541194,0.58838113,0.007654,295195.69,295178.60,2669.74,1686.64,no,yes
2913,-0.806949,0.41970600,-0.011412,294739.15,294758.75,1485.52,1921.43,no,yes
2914,0.554625,0.57915728,0.007844,295007.44,294985.96,2916.81,2545.78,no,yes
2915,-0.031366,0.97497796,-0.000444,294862.64,294863.45,2103.12,1473.16,no,yes
2916,0.512676,0.60818420,0.007250,295115.13,295086.05,4469.33,3489.79,no,yes
2917,-0.093589,0.92543669,-0.001324,294968.15,294970.55,1820.64,1807.02,no,yes
2918,-0.714510,0.47492345,-0.010105,294854.96,294875.02,1220.54,2528.50,no,yes
2919,-0.210223,0.83349593,-0.002973,294963.52,294970.55,2441.43,2283.55,no,yes
2920,-0.666643,0.50500845,-0.009428,294793.46,294812.19,1742.94,2204.65,no,yes
2921,-0.465426,0.64163162,-0.006582,294844.53,294855.24,1787.16,1449.07,no,yes
2922,-1.310252,0.19012592,-0.018530,295059.77,295075.67,801.63,911.00,no,yes
2923,-0.150872,0.88007793,-0.002134,295000.32,295002.45,972.75,1025.38,no,yes
2924,-0.397274,0.69116947,-0.005618,295102.69,295108.53,1016.96,1060.16,no,yes
2925,0.041799,0.96665922,0.000591,295040.28,295035.99,7317.73,7199.08,no,yes
2926,-0.050116,0.96003073,-0.000709,295067.48,295069.26,2641.01,2377.61,no,yes
2927,-0.501148,0.61627295,-0.007087,295029.16,295047.44,2083.20,2995.13,no,yes
2928,-0.620133,0.53517732,-0.008770,295155.27,295173.84,1984.42,2242.85,no,yes
2929,-1.023925,0.30588415,-0.014480,295211.37,295272.96,3570.73,4841.27,no,yes
2930,0.361702,0.71757852,0.005115,294895.79,294890.84,965.15,969.38,no,yes
2931,-0.011087,0.99115392,-0.000157,294974.07,294974.36,1764.22,1911.46,no,yes
2932,-0.199774,0.84165947,-0.002825,295065.08,295069.55,1188.05,1896.60,no,yes
2933,-0.450597,0.65228527,-0.006372,294911.82,294925.77,2103.27,2271.59,no,yes
2934,-0.590706,0.55472387,-0.008354,294807.16,294833.99,3094.51,3325.93,no,yes
2935,0.351116,0.72550516,0.004966,294859.01,294853.80,1028.93,1066.70,no,yes
2936,-0.009501,0.99241932,-0.000134,295073.16,295073.39,1369.86,1974.11,no,yes
2937,-1.022973,0.30633394,-0.014467,294851.40,294867.75,960.94,1277.62,no,yes
2938,-1.518281,0.12895980,-0.021472,294709.90,294731.18,897.44,1076.16,no,yes
2939,-1.312702,0.18931045,-0.018564,295152.23,295296.54,2473.92,10712.11,no,yes
2940,0.511914,0.60871668,0.007240,294755.07,294747.92,1000.78,973.99,no,yes
2941,-0.222324,0.82406432,-0.003144,295103.32,295109.25,1651.28,2095.19,no,yes
2942,-1.700034,0.08914222,-0.024042,295037.75,295080.73,1415.81,2094.84,no,yes
2943,0.425850,0.67022389,0.006022,305205.11,305194.50,2266.53,1033.39,no,yes
2944,0.265779,0.79041218,0.003759,295140.10,295126.13,3883.51,3546.85,no,yes
2945,-0.396683,0.69160577,-0.005610,294799.05,294811.45,2164.71,2254.32,no,yes
2946,0.227272,0.82021456,0.003214,390210.10,390197.16,3956.43,4100.38,no,yes
2947,-0.206569,0.83634863,-0.002921,359532.25,359890.51,120216.22,125010.35,no,yes
2948,0.284651,0.77591461,0.004026,294989.08,294968.95,5256.29,4728.19,no,yes
2949,0.505983,0.61287460,0.007156,294815.22,294806.55,1291.47,1126.02,no,yes
2950,0.493505,0.62166188,0.006979,294749.21,294731.57,2872.71,2127.44,no,yes
2951,-0.601588,0.54745583,-0.008508,294890.71,294904.77,1363.25,1899.03,no,yes
2952,-0.619866,0.53535345,-0.008766,295101.93,295124.08,2111.71,2883.88,no,yes
2953,0.126323,0.89947722,0.001786,295337.44,295325.96,6661.97,6182.61,no,yes
2954,0.169199,0.86564212,0.002393,297907.11,297904.78,977.02,972.80,no,yes
2955,0.285215,0.77548215,0.004034,294918.80,294914.04,1206.13,1155.06,no,yes
2956,0.086656,0.93094593,0.001225,295216.19,295211.37,3759.39,4090.51,no,yes
2957,-0.310249,0.75637479,-0.004388,295170.59,295174.72,935.36,946.24,no,yes
2958,0.234046,0.81495148,0.003310,295101.62,295080.58,6479.65,6228.96,no,yes
2959,-0.429153,0.66781704,-0.006069,294857.35,294867.42,1398.69,1884.14,no,yes
2960,0.326739,0.74386873,0.004621,294861.22,294856.20,1024.13,1144.78,no,yes
2961,-0.155802,0.87619049,-0.002203,295253.94,295261.98,3592.16,3702.72,no,yes
2962,-1.177058,0.23918746,-0.016646,294963.81,294985.49,1119.27,1462.71,no,yes
2963,-0.043374,0.96540386,-0.000613,295068.10,295070.52,3511.63,4354.63,no,yes
2964,-0.122332,0.90263742,-0.001730,295042.36,295043.92,877.01,920.02,no,yes
2965,-0.348095,0.72777238,-0.004923,294985.32,295005.23,3856.02,4223.80,no,yes
2966,0.570646,0.56824633,0.008070,295134.68,295121.96,1728.83,1408.23,no,yes
2967,0.005025,0.99599080,0.000071,295367.56,295367.26,4754.03,3677.03,no,yes
2968,-2.280525,0.02259347,-0.032251,295038.49,295099.53,882.60,2526.70,yes,yes
2969,-0.526982,0.59821162,-0.007453,294863.81,294871.16,963.21,1010.24,no,yes
2970,-0.762166,0.44597065,-0.010779,294833.14,294854.72,1737.16,2236.17,no,yes
2971,1.311215,0.18980044,0.018543,294895.96,294875.21,1205.04,1025.36,no,yes
2972,0.343488,0.73123515,0.004858,295294.46,295264.48,6343.32,5995.36,no,yes
2973,1.254884,0.20953554,0.017747,295081.62,295065.23,958.04,888.24,no,yes
2974,-0.050861,0.95943666,-0.000719,294899.87,294901.23,1881.93,1892.07,no,yes
2975,0.059852,0.95227392,0.000846,294784.04,294783.11,1130.90,1065.82,no,yes
2976,-0.250939,0.80186428,-0.003549,295128.59,295140.26,3045.40,3516.38,no,yes
2977,0.742018,0.45808527,0.010494,294840.35,294830.24,1019.97,904.07,no,yes
2978,-0.399819,0.68929431,-0.005654,301209.28,301221.49,2214.40,2104.93,no,yes
2979,0.285338,0.77538848,0.004035,302852.45,302846.10,1747.98,1375.04,no,yes
2980,0.321462,0.74786340,0.004546,294993.25,294984.86,1878.77,1809.71,no,yes
2981,-0.328796,0.74231331,-0.004650,295005.29,295009.59,919.74,930.98,no,yes
2982,0.405981,0.68476188,0.005741,294864.94,294854.37,1409.92,2188.56,no,yes
2983,-0.703526,0.48173643,-0.009949,296123.96,296140.83,1539.95,1837.35,no,yes
2984,-0.528415,0.59721724,-0.007473,294996.50,295002.37,760.87,811.23,no,yes
2985,0.287661,0.77360970,0.004068,295181.24,295166.96,3803.28,3186.86,no,yes
2986,0.509062,0.61071418,0.007199,294826.08,294819.48,915.80,917.76,no,yes
2987,-0.046548,0.96287414,-0.000658,294919.05,294921.84,4178.91,4302.84,no,yes
2988,0.170603,0.86453760,0.002413,294855.39,294851.24,1819.71,1620.03,no,yes
2989,-0.895236,0.37067206,-0.012661,294800.78,294848.64,3608.14,3944.76,no,yes
2990,1.002330,0.31619669,0.014175,295075.60,295062.77,972.13,832.69,no,yes
2991,1.028150,0.30389407,0.014540,295094.80,295076.90,1472.73,928.74,no,yes
2992,0.198144,0.84293437,0.002802,295319.44,295301.83,6362.82,6204.25,no,yes
2993,-0.308199,0.75793428,-0.004359,294931.32,294937.32,1176.42,1550.53,no,yes
2994,0.068434,0.94544066,0.000968,294898.83,294896.61,2299.67,2282.41,no,yes
2995,-0.028492,0.97727043,-0.000403,294914.23,294914.91,1758.79,1618.02,no,yes
2996,-0.551243,0.58147386,-0.007796,294839.11,294852.19,1428.67,1894.24,no,yes
2997,-0.454981,0.64912773,-0.006434,295124.07,295135.12,1603.89,1824.22,no,yes
2998,-0.209126,0.83435218,-0.002957,294937.68,294940.65,998.37,1010.53,no,yes
2999,0.247269,0.80470271,0.003497,294998.12,294994.24,1142.90,1072.80,no,yes
3000,0.946366,0.34397454,0.013384,294812.75,294789.32,1991.60,1470.62,no,yes
3001,-0.628406,0.52974614,-0.008887,295002.91,295023.55,1915.05,2669.04,no,yes
3002,-0.831121,0.40591548,-0.011754,294960.33,294977.15,1366.80,1492.06,no,yes
3003,0.263421,0.79222961,0.003725,294867.99,294861.15,2189.89,1399.15,no,yes
3004,-0.609197,0.54240074,-0.008615,295121.67,295132.42,1234.36,1260.22,no,yes
3005,0.510660,0.60959578,0.007222,294903.02,294889.46,2259.55,1396.64,no,yes
3006,-0.314883,0.75285404,-0.004453,294877.56,294882.56,1131.15,1113.27,no,yes
3007,-0.421668,0.67327157,-0.005963,294753.79,294763.87,1634.07,1743.27,no,yes
3008,-0.188576,0.85042728,-0.002667,295100.34,295111.24,3727.83,4411.04,no,yes
3009,0.101897,0.91883982,0.001441,294974.21,294971.73,1886.23,1541.35,no,yes
3010,-0.551001,0.58163945,-0.007792,295025.47,295055.10,3763.28,3839.89,no,yes
3011,-0.266977,0.78948964,-0.003776,295128.30,295136.88,2356.69,2185.34,no,yes
3012,0.811141,0.41729427,0.011471,294893.76,294877.41,1441.59,1409.14,no,yes
3013,-1.167116,0.24318196,-0.016506,294911.47,294970.40,2375.85,4455.63,no,yes
3014,-0.304985,0.76038110,-0.004313,294825.77,294830.27,1034.55,1048.26,no,yes
3015,0.149050,0.88151569,0.002108,295102.80,295097.87,2463.17,2213.84,no,yes
3016,0.258118,0.79631874,0.003650,294938.87,294933.04,1462.41,1720.80,no,yes
3017,-0.199126,0.84216652,-0.002816,294712.33,294714.97,966.72,900.98,no,yes
3018,0.348736,0.72729093,0.004932,294889.64,294871.76,3770.57,3472.68,no,yes
3019,-0.816143,0.41442921,-0.011542,295071.73,295094.82,1600.66,2332.43,no,yes
3020,0.611845,0.54064837,0.008653,294930.21,294914.20,2221.92,1381.86,no,yes
3021,0.482907,0.62916702,0.006829,294800.11,294785.45,2342.60,1932.22,no,yes
3022,0.101602,0.91907386,0.001437,294806.88,294803.48,2901.43,1657.64,no,yes
3023,2.205346,0.02744189,0.031188,305525.90,305497.40,1022.30,791.12,yes,yes
3024,0.513925,0.60731038,0.007268,294882.34,294871.19,1674.17,1379.20,no,yes
3025,-0.899571,0.36836056,-0.012722,294832.78,294852.89,1314.76,1808.46,no,yes
3026,0.466734,0.64069560,0.006601,295063.26,295056.35,1072.85,1017.59,no,yes
3027,0.199226,0.84208775,0.002817,294833.01,294830.22,1011.95,969.57,no,yes
3028,-0.281621,0.77823694,-0.003983,294757.73,294764.91,1958.37,1628.89,no,yes
3029,0.375627,0.70719907,0.005312,294908.11,294895.55,2869.21,1717.40,no,yes
3030,0.153218,0.87822767,0.002167,363915.85,363913.06,1361.94,1203.85,no,yes
3031,0.418301,0.67573182,0.005916,294932.85,294913.71,3767.53,2596.30,no,yes
3032,-0.130636,0.89606439,-0.001847,295348.40,295352.75,2578.41,2097.86,no,yes
3033,-0.569739,0.56886151,-0.008057,295669.59,295685.24,1735.01,2129.97,no,yes
3034,0.037763,0.96987703,0.000534,295000.89,294997.47,6360.73,6457.57,no,yes
3035,-0.619046,0.53589299,-0.008755,295188.78,295218.73,3217.57,3612.78,no,yes
3036,-0.602296,0.54698523,-0.008518,294971.87,294991.96,1763.45,2831.59,no,yes
3037,1.145072,0.25219295,0.016194,294793.60,294777.44,993.80,1002.26,no,yes
3038,-0.343360,0.73133141,-0.004856,295116.97,295130.05,2660.88,2725.68,no,yes
3039,-0.256511,0.79755887,-0.003628,294775.96,294787.71,3452.82,3012.38,no,yes
3040,-2.580804,0.00986902,-0.036498,294957.91,295032.23,831.25,2756.90,yes,yes
3041,0.462798,0.64351450,0.006545,295052.72,295042.37,1834.54,1279.98,no,yes
3042,-0.481973,0.62983194,-0.006816,295150.63,295165.29,1456.23,2671.22,no,yes
3043,-0.249834,0.80271846,-0.003533,295271.58,295274.94,980.63,923.71,no,yes
3044,0.577448,0.56364332,0.008166,294744.41,294736.78,981.38,884.53,no,yes
3045,0.266685,0.78971422,0.003772,294871.82,294858.96,3642.30,3160.84,no,yes
3046,-1.056584,0.29071429,-0.014942,295072.16,295086.40,890.89,1011.62,no,yes
3047,0.577740,0.56344648,0.008170,303814.66,303806.48,1017.93,985.64,no,yes
3048,-1.116786,0.26410227,-0.015794,294937.72,294966.93,1359.98,2233.89,no,yes
3049,-0.790892,0.42901850,-0.011185,295049.64,295063.55,923.63,1496.71,no,yes
3050,0.614720,0.53874737,0.008693,295018.38,294987.41,4066.05,2973.13,no,yes
3051,-0.092544,0.92626700,-0.001309,295096.10,295100.89,3774.82,3547.33,no,yes
3052,0.265841,0.79036497,0.003760,295202.04,295187.92,4434.31,2918.01,no,yes
3053,0.569285,0.56916906,0.008051,295049.71,295042.64,900.65,854.22,no,yes
3054,0.027606,0.97797651,0.000390,294916.19,294915.71,1249.57,1193.36,no,yes
3055,-0.270183,0.78702244,-0.003821,295307.45,295331.37,6163.42,6353.25,no,yes
3056,1.088105,0.27656198,0.015388,294862.81,294847.62,1040.57,930.40,no,yes
3057,0.483660,0.62863236,0.006840,294883.62,294876.46,1130.97,955.28,no,yes
3058,-0.553063,0.58022627,-0.007821,294700.94,294708.11,895.35,935.84,no,yes
3059,-0.131313,0.89552927,-0.001857,295097.64,295102.07,2539.01,2215.76,no,yes
3060,0.056153,0.95522043,0.000794,294921.47,294918.88,3069.42,3442.80,no,yes
3061,-0.945951,0.34418714,-0.013378,295015.52,295048.10,1805.62,2932.92,no,yes
3062,-0.488579,0.62514535,-0.006910,295041.17,295055.98,2111.02,2177.52,no,yes
3063,0.616642,0.53747844,0.008721,294920.10,294907.40,1624.96,1266.56,no,yes
3064,0.792326,0.42818067,0.011205,294915.09,294901.20,1357.92,1109.57,no,yes
3065,-1.373678,0.16955717,-0.019427,294874.93,294898.29,1146.73,1255.59,no,yes
3066,-1.151191,0.24966935,-0.016280,295098.42,295122.87,1202.17,1750.23,no,yes
3067,0.109064,0.91315272,0.001542,294876.47,294874.94,1000.39,984.90,no,yes
3068,-0.380006,0.70394529,-0.005374,295083.87,295090.35,1177.45,1235.25,no,yes
3069,0.512166,0.60854067,0.007243,295005.76,294992.60,1708.15,1920.14,no,yes
3070,0.014984,0.98804512,0.000212,295067.19,295067.00,883.62,884.16,no,yes
3071,0.536571,0.59156981,0.007588,295134.97,295128.00,982.71,848.99,no,yes
3072,-0.884087,0.37666334,-0.012503,310347.56,310374.30,1392.44,2685.24,no,yes
3073,-0.802572,0.42223217,-0.011350,294776.88,294790.05,1072.01,1243.70,no,yes
3074,0.101440,0.91920235,0.001435,294911.69,294909.04,1498.42,2139.81,no,yes
3075,-0.270747,0.78658805,-0.003829,294888.41,294893.70,1337.26,1425.64,no,yes
3076,-1.086302,0.27735896,-0.015363,296032.15,296046.18,836.71,983.97,no,yes
3077,1.024398,0.30565953,0.014487,294965.89,294952.57,947.86,889.75,no,yes
3078,1.332264,0.18279920,0.018841,295098.99,295052.32,3350.83,1023.11,no,yes
3079,0.039167,0.96875767,0.000554,295033.37,295032.12,2275.53,2245.37,no,yes
3080,-0.181558,0.85593140,-0.002568,294967.58,294974.67,2596.16,2916.84,no,yes
3081,-0.170052,0.86497103,-0.002405,294908.05,294917.43,4143.36,3638.62,no,yes
3082,-0.226995,0.82042972,-0.003210,295034.96,295038.16,962.50,1034.10,no,yes
3083,0.581925,0.56062396,0.008230,294895.04,294880.59,1655.79,1851.37,no,yes
3084,-0.159612,0.87318845,-0.002257,295115.15,295119.12,1824.76,1689.75,no,yes
3085,0.426662,0.66963088,0.006034,295939.55,295930.21,1795.00,1253.97,no,yes
3086,0.419971,0.67451161,0.005939,305227.71,305214.28,2577.32,1891.79,no,yes
3087,0.150666,0.88024098,0.002131,294955.29,294953.25,887.44,1023.84,no,yes
3088,-1.197208,0.23124204,-0.016931,294764.97,294786.64,984.89,1518.41,no,yes
3089,-0.375275,0.70745986,-0.005307,295075.07,295079.55,834.56,853.28,no,yes
3090,-0.811079,0.41733081,-0.011470,294932.42,294944.01,865.40,1136.63,no,yes
3091,-0.501196,0.61623899,-0.007088,295056.22,295081.56,3147.79,3954.63,no,yes
3092,0.325014,0.74517373,0.004596,295084.80,295072.26,3060.09,2350.05,no,yes
3093,0.037230,0.97030187,0.000527,294760.61,294758.70,3876.37,3347.40,no,yes
3094,-0.472527,0.63655610,-0.006683,295110.05,295123.47,2004.27,2013.09,no,yes
3095,-0.314929,0.75281859,-0.004454,294796.50,294801.11,1050.27,1021.98,no,yes
3096,-0.467943,0.63983079,-0.006618,304898.25,304905.38,991.76,1157.05,no,yes
3097,-0.231932,0.81659319,-0.003280,393191.78,393197.97,1724.21,2039.48,no,yes
3098,-0.455462,0.64878188,-0.006441,294943.69,294949.69,879.91,980.18,no,yes
3099,-0.143203,0.88613091,-0.002025,295030.08,295031.86,892.96,856.01,no,yes
3100,0.455939,0.64844068,0.006448,295150.81,295135.57,3032.51,1405.68,no,yes
3101,-0.328073,0.74285959,-0.004640,295176.35,295186.68,2306.14,2141.62,no,yes
3102,1.336015,0.18155968,0.018894,295070.05,295053.31,902.62,868.73,no,yes
3103,-0.104708,0.91660875,-0.001481,294931.85,294934.40,1705.80,1741.63,no,yes
3104,0.965125,0.33449400,0.013649,294777.58,294763.13,1139.62,971.17,no,yes
3105,-0.980897,0.32665574,-0.013872,295118.74,295154.01,2342.25,2728.12,no,yes
3106,0.016140,0.98712270,0.000228,294829.17,294828.95,956.36,930.81,no,yes
3107,-0.047990,0.96172461,-0.000679,295035.00,295035.63,935.81,920.07,no,yes
3108,0.358927,0.71965374,0.005076,294932.45,294928.02,852.32,891.34,no,yes
3109,0.183658,0.85428395,0.002597,295137.17,295134.26,1139.64,1104.88,no,yes
3110,0.835996,0.40316725,0.011823,295207.46,295195.65,1092.47,895.01,no,yes
3111,-1.175640,0.23975290,-0.016626,294985.65,295002.46,979.39,1042.31,no,yes
3112,0.178640,0.85822207,0.002526,294899.85,294896.72,1192.50,1290.42,no,yes
3113,0.254960,0.79875628,0.003606,295045.11,295035.88,2581.31,2540.88,no,yes
3114,-0.391889,0.69514443,-0.005542,294854.05,294859.46,986.85,966.65,no,yes
3115,0.047268,0.96229974,0.000668,294909.11,294907.85,1955.80,1813.37,no,yes
3116,-0.411396,0.68078689,-0.005818,294884.69,294900.68,2441.85,3024.27,no,yes
3117,0.514527,0.60688939,0.007277,295139.23,295127.63,1709.89,1467.07,no,yes
3118,0.188660,0.85036151,0.002668,295177.56,295173.86,1440.39,1330.15,no,yes
3119,0.794367,0.42699105,0.011234,295095.02,295083.49,1058.33,992.53,no,yes
3120,0.968778,0.33267282,0.013701,294825.34,294803.51,2052.86,929.60,no,yes
3121,-0.345502,0.72972101,-0.004886,393127.56,393139.21,2514.24,2247.08,no,yes
3122,-0.286658,0.77437698,-0.004054,294991.10,295016.70,6288.40,6341.22,no,yes
3123,-0.330067,0.74135321,-0.004668,294840.57,294849.18,1981.36,1695.92,no,yes
3124,0.625782,0.53146509,0.008850,295066.62,295056.95,1163.30,1015.41,no,yes
3125,-0.232039,0.81651048,-0.003282,294959.22,294969.25,2851.84,3247.79,no,yes
3126,-0.974079,0.33003074,-0.013776,295048.72,295071.54,1335.78,1924.32,no,yes
3127,0.404319,0.68598247,0.005718,294946.48,294940.94,984.24,952.25,no,yes
3128,-0.399526,0.68950981,-0.005650,294786.42,294797.50,2164.72,1734.12,no,yes
3129,0.096639,0.92301409,0.001367,295068.16,295066.58,1077.99,1223.17,no,yes
3130,0.475603,0.63436219,0.006726,294865.99,294858.01,1222.09,1149.21,no,yes
3131,-0.326368,0.74414977,-0.004616,295078.04,295087.98,2320.88,1972.46,no,yes
3132,0.558363,0.57660348,0.007896,295161.60,295134.66,4043.65,2631.11,no,yes
3133,-0.256070,0.79789947,-0.003621,294951.68,294958.58,1545.66,2208.94,no,yes
3134,1.945784,0.05169495,0.027518,294924.87,294891.03,1318.83,1133.46,no,yes
3135,-1.142077,0.25343588,-0.016151,294694.12,294709.38,909.90,977.71,no,yes
3136,-0.052040,0.95849700,-0.000736,294856.95,294857.70,1029.88,1012.55,no,yes
3137,0.275892,0.78263416,0.003902,294958.06,294949.43,2320.53,2094.70,no,yes
3138,0.173922,0.86192851,0.002460,295069.12,295064.71,1611.36,1957.85,no,yes
3139,0.892736,0.37200916,0.012625,294844.05,294832.20,952.48,924.27,no,yes
3140,-0.501389,0.61610298,-0.007091,294836.85,294843.16,886.98,893.85,no,yes
3141,0.058234,0.95356330,0.000824,294906.99,294905.28,2685.88,1188.60,no,yes
3142,2.031289,0.04223925,0.028727,295345.15,295319.23,976.96,820.89,yes,yes
3143,-1.884344,0.05953304,-0.026649,294770.36,294805.36,1274.63,1350.79,no,yes
3144,-0.170628,0.86451824,-0.002413,295550.28,295558.61,3272.02,3622.80,no,yes
3145,-1.104291,0.26948019,-0.015617,295108.95,295126.09,1089.66,1105.51,no,yes
3146,-0.305626,0.75989281,-0.004322,295111.89,295121.72,2250.59,2297.22,no,yes
3147,1.376008,0.16883527,0.019460,294922.72,294898.88,1357.97,1075.86,no,yes
3148,1.004676,0.31506511,0.014208,294843.64,294831.50,881.01,825.97,no,yes
3149,0.089930,0.92834349,0.001272,295047.57,295042.92,4202.73,3011.53,no,yes
3150,-0.512959,0.60798578,-0.007254,294811.49,294834.08,3124.40,3101.96,no,yes
3151,0.300897,0.76349650,0.004255,295091.90,295074.94,4057.51,3908.11,no,yes
3152,-0.165562,0.86850342,-0.002341,295034.81,295041.92,2800.94,3260.42,no,yes
3153,-0.274409,0.78377332,-0.003881,295118.56,295122.28,970.89,946.32,no,yes
3154,0.481431,0.63021590,0.006808,294778.42,294756.45,3601.49,2803.55,no,yes
3155,-0.311021,0.75578793,-0.004399,294932.53,294938.68,1207.78,1563.85,no,yes
3156,-0.186879,0.85175710,-0.002643,294932.65,294935.28,986.49,1005.87,no,yes
3157,1.154018,0.24850705,0.016320,294884.07,294863.28,1377.46,1161.97,no,yes
3158,1.758159,0.07873878,0.024864,295090.22,295062.76,1328.04,822.99,no,yes
3159,-0.349939,0.72638882,-0.004949,295171.12,295182.50,1664.35,2796.01,no,yes
3160,0.344944,0.73014028,0.004878,294838.06,294829.37,1764.29,1799.73,no,yes
3161,0.036620,0.97078809,0.000518,294793.35,294792.27,2152.47,2013.28,no,yes
3162,1.003784,0.31549493,0.014196,295080.29,295067.71,879.15,893.22,no,yes
3163,-0.155931,0.87608891,-0.002205,295121.79,295124.51,1314.97,1150.73,no,yes
3164,0.246382,0.80538899,0.003484,294929.59,294924.75,1382.04,1392.73,no,yes
3165,0.732490,0.46387802,0.010359,295080.59,295071.22,947.85,859.07,no,yes
3166,0.254585,0.79904669,0.003600,294824.51,294821.09,1019.87,870.31,no,yes
3167,-0.853976,0.39312984,-0.012077,294762.97,294809.64,3041.68,4540.33,no,yes
3168,0.078478,0.93744824,0.001110,294890.05,294884.69,4942.65,4709.50,no,yes
3169,1.213189,0.22507223,0.017157,294931.76,294899.74,2026.65,1691.10,no,yes
3170,-1.325589,0.18499138,-0.018747,295094.92,295111.90,817.24,986.62,no,yes
3171,-0.005206,0.99584668,-0.000074,294851.66,294851.73,911.07,873.44,no,yes
3172,0.048195,0.96156119,0.000682,295086.57,295085.80,1204.00,1059.97,no,yes
3173,-0.527523,0.59783602,-0.007460,294887.14,294900.05,1787.45,1671.04,no,yes
3174,0.615042,0.53853448,0.008698,294835.47,294813.07,2904.29,2198.52,no,yes
3175,0.392166,0.69493952,0.005546,294882.21,294876.34,1099.11,1015.29,no,yes
3176,-0.053135,0.95762522,-0.000751,302629.38,302630.11,1036.18,925.47,no,yes
3177,-0.301507,0.76303100,-0.004264,302772.51,302798.33,6063.82,6045.40,no,yes
3178,0.599982,0.54852503,0.008485,295051.39,295043.62,925.37,905.73,no,yes
3179,-0.419302,0.67500024,-0.005930,294805.17,294812.14,991.02,1334.54,no,yes
3180,-0.284690,0.77588499,-0.004026,294956.43,294965.19,2000.47,2336.48,no,yes
3181,-0.642933,0.52027555,-0.009092,295094.87,295124.65,2831.02,3667.25,no,yes
3182,-0.449405,0.65314470,-0.006356,294875.14,294881.85,931.08,1165.93,no,yes
3183,1.058697,0.28975365,0.014972,295014.66,294994.92,1605.21,947.14,no,yes
3184,0.322338,0.74719988,0.004559,294812.86,294802.59,2493.66,1981.75,no,yes
3185,-0.254183,0.79935700,-0.003595,295116.43,295130.25,3940.76,3743.38,no,yes
3186,-0.186725,0.85187841,-0.002641,295085.16,295087.93,1085.28,1010.81,no,yes
3187,-0.881745,0.37792550,-0.012470,295181.81,295205.53,1754.63,2038.23,no,yes
3188,-0.275087,0.78325231,-0.003890,295081.12,295085.26,1091.98,1032.89,no,yes
3189,0.221979,0.82433249,0.003139,294934.24,294931.29,1013.26,858.36,no,yes
3190,-0.647367,0.51740219,-0.009155,295070.49,295080.95,1099.02,1183.91,no,yes
3191,-0.020184,0.98389663,-0.000285,295019.46,295019.75,934.31,1132.91,no,yes
3192,-0.719895,0.47159855,-0.010181,294843.09,294864.98,1904.36,2371.06,no,yes
3193,-0.924591,0.35519168,-0.013076,294832.28,294858.59,1584.68,2363.52,no,yes
3194,0.036894,0.97057009,0.000522,312192.39,312189.14,6344.17,6109.24,no,yes
3195,-1.159542,0.24624971,-0.016398,294855.27,294874.49,1055.60,1277.55,no,yes
3196,-0.266344,0.78997695,-0.003767,294804.95,294813.53,2501.37,2030.39,no,yes
3197,-0.209274,0.83423626,-0.002960,296103.76,296113.37,3029.01,3451.01,no,yes
3198,-0.257264,0.79697767,-0.003638,294948.61,294955.22,1749.80,1886.25,no,yes
3199,-0.212549,0.83168095,-0.003006,295094.96,295100.56,2093.41,1594.86,no,yes
3200,-0.378666,0.70494024,-0.005355,294863.06,294869.05,1052.39,1181.51,no,yes
3201,-0.272263,0.78542308,-0.003850,295078.11,295083.11,1019.71,1525.45,no,yes
3202,0.114406,0.90891749,0.001618,294938.50,294936.10,1712.16,1219.83,no,yes
3203,0.095244,0.92412199,0.001347,295083.62,295082.41,917.10,873.98,no,yes
3204,0.456907,0.64774377,0.006462,295020.24,294998.76,3892.52,2635.57,no,yes
3205,-0.094762,0.92450485,-0.001340,302759.93,302761.97,1236.29,1761.73,no,yes
3206,0.270704,0.78662180,0.003828,295168.77,295164.65,1205.79,928.07,no,yes
3207,-0.146744,0.88333556,-0.002075,295146.70,295150.37,1762.32,1770.61,no,yes
3208,0.210293,0.83344130,0.002974,294933.33,294919.49,4512.63,4787.90,no,yes
3209,0.455168,0.64899302,0.006437,294845.37,294833.98,1858.13,1677.71,no,yes
3210,-1.019342,0.30805427,-0.014416,294763.84,294784.26,1173.02,1624.71,no,yes
3211,-1.832839,0.06684194,-0.025920,307529.88,307554.45,844.91,1040.84,no,yes
3212,0.081401,0.93512412,0.001151,295070.82,295068.86,1487.06,1890.95,no,yes
3213,-0.140394,0.88835044,-0.001985,295153.60,295158.53,2631.24,2320.58,no,yes
3214,-0.742281,0.45792629,-0.010497,295094.50,295105.04,915.20,1085.89,no,yes
3215,0.085946,0.93150998,0.001215,295049.72,295048.65,901.03,866.52,no,yes
3216,-0.809499,0.41823799,-0.011448,294916.49,294927.33,856.12,1029.66,no,yes
3217,-0.228951,0.81890932,-0.003238,294798.34,294808.98,3057.66,3499.59,no,yes
3218,0.015263,0.98782235,0.000216,295098.61,295098.09,2753.17,2010.05,no,yes
3219,1.826980,0.06772581,0.025837,295129.53,295022.53,5463.86,2108.83,no,yes
3220,-0.016085,0.98716688,-0.000227,295428.40,295428.86,1944.37,2091.23,no,yes
3221,0.320959,0.74824513,0.004539,294866.62,294855.97,2459.38,2225.10,no,yes
3222,0.139236,0.88926472,0.001969,294866.64,294864.59,1093.65,988.83,no,yes
3223,-0.145031,0.88468757,-0.002051,294891.87,294896.31,2324.52,1987.84,no,yes
3224,-1.217328,0.22349442,-0.017216,295228.37,295246.06,920.49,1124.47,no,yes
3225,0.147681,0.88259601,0.002089,295050.58,295048.14,1223.40,1111.05,no,yes
3226,0.094818,0.92446021,0.001341,295127.60,295124.68,2328.75,2001.23,no,yes
3227,-0.345865,0.72944803,-0.004891,295119.30,295124.51,1046.09,1080.56,no,yes
3228,1.039811,0.29844204,0.014705,294947.71,294920.84,2137.86,1451.43,no,yes
3229,0.068997,0.94499272,0.000976,294859.10,294856.83,2469.94,2190.87,no,yes
3230,0.545487,0.58542477,0.007714,295079.67,295072.54,990.28,855.68,no,yes
3231,0.663933,0.50674111,0.009389,294869.95,294859.93,1127.36,1003.35,no,yes
3232,-0.222418,0.82399107,-0.003145,294983.64,294986.68,964.21,966.45,no,yes
3233,-0.623967,0.53265723,-0.008824,294751.33,294771.37,1821.51,2643.91,no,yes
3234,-0.285789,0.77504243,-0.004042,295000.62,295008.09,1757.73,1934.01,no,yes
3235,-0.417263,0.67649079,-0.005901,294847.50,294861.09,1830.05,2694.52,no,yes
3236,-0.193950,0.84621695,-0.002743,295070.53,295087.62,6226.90,6234.14,no,yes
3237,-0.042949,0.96574234,-0.000607,295032.49,295033.03,921.86,850.16,no,yes
3238,-0.679003,0.49714386,-0.009603,294828.46,294837.30,903.66,936.57,no,yes
3239,0.186435,0.85210605,0.002637,294867.30,294862.77,1946.71,1456.02,no,yes
3240,-0.017684,0.98589087,-0.000250,295375.39,295377.22,7313.86,7380.46,no,yes
3241,1.011892,0.31160219,0.014310,294732.94,294705.82,2068.97,1703.83,no,yes
3242,-0.692510,0.48862902,-0.009794,294930.15,294964.28,1932.46,4534.08,no,yes
3243,-1.231307,0.21822693,-0.017413,294848.10,294878.75,1193.94,2184.56,no,yes
3244,-0.915058,0.36017233,-0.012941,295053.63,295065.01,840.46,916.41,no,yes
3245,1.729278,0.08377492,0.024456,294863.19,294841.32,918.25,869.21,no,yes
3246,-0.253631,0.79978305,-0.003587,294829.90,294833.20,865.54,969.70,no,yes
3247,-0.048802,0.96107789,-0.000690,294994.63,294995.94,1748.23,2024.29,no,yes
3248,-0.421646,0.67328772,-0.005963,295033.00,295040.52,1168.39,1345.68,no,yes
3249,-0.143906,0.88557629,-0.002035,294904.07,294908.12,2021.81,1954.95,no,yes
3250,0.437337,0.66187167,0.006185,294837.13,294830.87,977.90,1045.52,no,yes
3251,-0.462452,0.64376248,-0.006540,295086.68,295092.88,924.42,973.19,no,yes
3252,0.372758,0.70933356,0.005272,294905.06,294895.21,2250.81,1382.27,no,yes
3253,-0.086127,0.93136594,-0.001218,295287.98,295295.61,6214.24,6307.80,no,yes
3254,-0.675888,0.49912057,-0.009558,294999.78,295030.41,2588.96,3719.35,no,yes
3255,-0.534565,0.59295665,-0.007560,294958.75,294965.83,936.25,936.32,no,yes
3256,0.218089,0.82736190,0.003084,294936.36,294929.19,2353.74,2293.95,no,yes
3257,0.104848,0.91649728,0.001483,294868.80,294866.93,1124.52,1388.77,no,yes
3258,0.256842,0.79730315,0.003632,294820.11,294810.07,3041.17,2459.66,no,yes
3259,0.244201,0.80707758,0.003454,295076.46,295063.76,4135.49,3151.36,no,yes
3260,-0.169734,0.86522119,-0.002400,295039.24,295047.22,3158.74,3482.75,no,yes
3261,-0.187502,0.85126901,-0.002652,295044.97,295054.16,3172.38,3734.72,no,yes
3262,-0.995621,0.31944702,-0.014080,295017.12,295031.27,863.02,1128.72,no,yes
3263,1.280881,0.20025057,0.018114,295081.30,295065.00,959.18,836.37,no,yes
3264,-0.457028,0.64765667,-0.006463,295089.16,295099.87,1240.20,1989.09,no,yes
3265,-0.398444,0.69030746,-0.005635,295077.25,295082.73,996.81,946.73,no,yes
3266,-1.594993,0.11073059,-0.022557,294929.33,294955.11,987.79,1279.26,no,yes
3267,0.514162,0.60714451,0.007271,294849.92,294840.89,1303.69,1176.78,no,yes
3268,0.518139,0.60436710,0.007328,294856.43,294849.43,1062.22,834.69,no,yes
3269,-0.086460,0.93110151,-0.001223,295059.04,295060.47,1295.23,1027.05,no,yes
3270,-1.004397,0.31519972,-0.014204,295063.02,295077.22,932.83,1062.23,no,yes
3271,-1.280887,0.20025145,-0.018114,295010.29,295034.11,960.13,1592.61,no,yes
3272,-0.216570,0.82854594,-0.003063,294912.70,294920.01,2837.22,1834.90,no,yes
3273,-0.247667,0.80439493,-0.003503,295087.31,295093.51,1687.25,1849.99,no,yes
3274,-0.549837,0.58243764,-0.007776,295105.30,295122.75,2007.93,2459.06,no,yes
3275,-0.890323,0.37330361,-0.012591,295079.24,295095.97,1195.75,1448.97,no,yes
3276,0.016556,0.98679104,0.000234,295259.86,295258.98,3486.37,4009.00,no,yes
3277,1.706912,0.08785531,0.024139,295080.34,295053.34,1271.12,942.06,no,yes
3278,0.017529,0.98601473,0.000248,294864.53,294864.22,1293.23,1179.36,no,yes
3279,1.231956,0.21798100,0.017422,295097.57,295077.54,1285.97,995.21,no,yes
3280,-0.999904,0.31736893,-0.014141,295120.35,295136.45,1126.71,1150.11,no,yes
3281,0.225407,0.82166484,0.003188,295076.66,295069.13,2190.63,2521.49,no,yes
3282,-0.471521,0.63727454,-0.006668,294916.19,294940.11,2869.51,4184.82,no,yes
3283,-0.081932,0.93470142,-0.001159,294827.41,294829.39,1737.32,1668.22,no,yes
3284,-1.181823,0.23729040,-0.016713,294774.27,294788.87,816.84,926.76,no,yes
3285,-0.360852,0.71821418,-0.005103,301068.98,301073.84,904.67,995.94,no,yes
3286,-0.621808,0.53407579,-0.008794,295022.69,295047.23,2445.42,3098.09,no,yes
3287,0.591521,0.55417810,0.008365,294891.31,294882.64,1084.78,987.24,no,yes
3288,1.607211,0.10802408,0.022729,294836.48,294815.36,975.06,881.14,no,yes
3289,0.301361,0.76314202,0.004262,294985.61,294981.65,913.70,947.88,no,yes
3290,-0.348011,0.72783567,-0.004922,302884.27,302896.04,2227.61,2547.39,no,yes
3291,-0.749962,0.45328890,-0.010606,294953.64,294981.11,1807.00,3186.72,no,yes
3292,-0.098208,0.92176817,-0.001389,302697.94,302703.21,3887.04,3692.46,no,yes
3293,0.272693,0.78509175,0.003856,294940.71,294933.76,1756.66,1847.31,no,yes
3294,0.216880,0.82830407,0.003067,295239.02,295224.43,4674.10,4838.40,no,yes
3295,0.914959,0.36022461,0.012939,302637.06,302619.45,1464.22,1249.50,no,yes
3296,-0.281479,0.77834603,-0.003981,295067.94,295071.52,914.33,886.59,no,yes
3297,0.781144,0.43472715,0.011047,294829.56,294819.01,1031.14,871.54,no,yes
3298,0.321436,0.74788345,0.004546,296274.49,296264.66,2468.15,1805.43,no,yes
3299,0.027871,0.97776494,0.000394,295078.99,295078.60,901.91,1062.32,no,yes
3300,1.240217,0.21491003,0.017539,294878.76,294859.78,1148.02,1012.25,no,yes
3301,0.458390,0.64667759,0.006483,294882.07,294867.37,2124.61,2400.82,no,yes
3302,-0.459058,0.64619741,-0.006492,294931.88,294943.30,1843.29,1669.15,no,yes
3303,-0.679980,0.49652533,-0.009616,294816.25,294847.73,3111.44,3427.50,no,yes
3304,-0.365952,0.71440462,-0.005175,294958.31,294963.39,977.72,985.88,no,yes
3305,0.321442,0.74787877,0.004546,294877.09,294863.18,3426.76,2643.44,no,yes
3306,-0.002802,0.99776458,-0.000040,300462.03,300463.50,36998.44,37070.70,no,yes
3307,0.199586,0.84180623,0.002823,295112.89,295105.52,2891.13,2292.24,no,yes
3308,2.225778,0.02604687,0.031477,294831.81,294752.82,3345.69,1183.33,yes,yes
3309,-1.201405,0.22960853,-0.016990,295084.16,295100.02,896.88,969.19,no,yes
3310,-1.531231,0.12572840,-0.021655,295122.54,295146.52,1045.31,1166.72,no,yes
3311,-0.000597,0.99952337,-0.000008,294963.87,294963.89,2328.31,2678.35,no,yes
3312,0.018472,0.98526272,0.000261,295114.58,295112.93,6255.19,6382.85,no,yes
3313,1.387928,0.16517533,0.019628,295024.09,295004.53,1115.05,862.42,no,yes
3314,0.779886,0.43546814,0.011029,295102.84,295088.30,1539.42,1051.45,no,yes
3315,0.547156,0.58427810,0.007738,294831.49,294815.09,2351.62,1858.77,no,yes
3316,-0.132128,0.89488424,-0.001869,295013.81,295021.17,4251.70,3592.19,no,yes
3317,-0.899047,0.36863970,-0.012714,295012.41,295051.40,2526.35,3525.16,no,yes
3318,0.540380,0.58894094,0.007642,295120.82,295112.68,1107.56,1023.46,no,yes
3319,-0.014404,0.98850763,-0.000204,295242.66,295243.58,4871.30,4199.28,no,yes
3320,0.142273,0.88686602,0.002012,295010.28,295008.48,889.01,906.39,no,yes
3321,0.434713,0.66377560,0.006148,295008.47,294984.84,3954.11,3729.23,no,yes
3322,0.002196,0.99824767,0.000031,295473.33,295473.20,4328.62,3902.58,no,yes
3323,1.368195,0.17126683,0.019349,294757.26,294737.01,1140.35,943.13,no,yes
3324,-0.718323,0.47256633,-0.010159,304875.28,304887.61,1226.86,1198.80,no,yes
3325,0.217323,0.82795856,0.003073,295142.44,295139.15,1097.71,1043.98,no,yes
3326,0.594193,0.55238950,0.008403,295114.19,295105.24,1106.54,1022.15,no,yes
3327,0.450855,0.65209862,0.006376,295062.71,295055.61,1086.52,1139.55,no,yes
3328,0.860442,0.38955631,0.012168,294881.37,294868.83,1147.13,899.39,no,yes
3329,-0.946832,0.34373568,-0.013390,300521.37,300535.60,1036.25,1087.46,no,yes
3330,0.759489,0.44756932,0.010741,295054.94,295042.69,1158.19,1121.61,no,yes
3331,0.088969,0.92910775,0.001258,294833.47,294832.10,1075.08,1101.67,no,yes
3332,-0.022152,0.98232663,-0.000313,295095.23,295095.64,1391.21,1229.56,no,yes
3333,0.186589,0.85198493,0.002639,304198.35,304179.89,7157.38,6829.80,no,yes
3334,0.062310,0.95031672,0.000881,295096.04,295093.14,3481.03,3073.78,no,yes
3335,0.076654,0.93889941,0.001084,294822.20,294819.60,2300.98,2493.26,no,yes
3336,-0.475013,0.63478389,-0.006718,294879.25,294889.71,1146.32,1880.47,no,yes
3337,-0.118075,0.90600968,-0.001670,295000.79,295004.87,2577.86,2300.01,no,yes
3338,-0.390910,0.69586820,-0.005528,294874.05,294880.37,1075.97,1207.35,no,yes
3339,-0.344914,0.73016273,-0.004878,294940.57,294951.69,2290.24,2269.17,no,yes
3340,-0.268036,0.78867451,-0.003791,294880.50,294884.98,1103.95,1256.80,no,yes
3341,-0.503757,0.61443798,-0.007124,294891.98,294908.32,2400.82,2181.46,no,yes
3342,-0.048334,0.96145082,-0.000684,393180.33,393181.65,1945.53,1923.67,no,yes
3343,0.446996,0.65488257,0.006321,295135.48,295128.63,1142.33,1020.58,no,yes
3344,-1.101956,0.27049450,-0.015584,294776.30,294803.94,1626.63,1908.77,no,yes
3345,0.307102,0.75876904,0.004343,294962.33,294952.46,2119.24,2415.82,no,yes
3346,-0.810500,0.41766265,-0.011462,294762.39,294779.84,1395.66,1640.29,no,yes
3347,-0.612189,0.54042085,-0.008658,295309.97,295323.60,1900.99,1161.09,no,yes
3348,-0.376751,0.70636296,-0.005328,294957.39,294967.47,2226.86,1483.19,no,yes
3349,-0.224987,0.82199139,-0.003182,294926.02,294934.42,2602.58,2675.94,no,yes
3350,-0.102203,0.91859644,-0.001445,295330.31,295339.36,6265.30,6255.91,no,yes
3351,-1.065038,0.28687529,-0.015062,295102.62,295139.11,1622.81,3017.73,no,yes
3352,0.157087,0.87517770,0.002222,295165.02,295157.05,3557.20,3612.81,no,yes
3353,-1.795407,0.07260619,-0.025391,304759.63,304785.55,806.01,1197.40,no,yes
3354,0.233777,0.81516052,0.003306,294943.10,294936.94,1924.84,1802.55,no,yes
3355,0.045962,0.96334135,0.000650,294925.64,294923.55,3396.47,3045.41,no,yes
3356,0.501220,0.61622153,0.007088,294961.11,294953.77,1019.37,1050.78,no,yes
3357,-0.268546,0.78828158,-0.003798,295009.22,295016.81,1979.48,2020.61,no,yes
3358,-0.326417,0.74411246,-0.004616,295035.59,295053.11,3717.50,3872.22,no,yes
3359,-0.505988,0.61287038,-0.007156,295017.18,295024.19,953.26,1006.42,no,yes
3360,1.071251,0.28406985,0.015150,295043.94,295030.86,922.02,799.91,no,yes
3361,0.356331,0.72159685,0.005039,295111.06,295101.87,2083.72,1520.38,no,yes
3362,-0.747732,0.45463108,-0.010575,294866.81,294877.98,922.10,1174.21,no,yes
3363,-0.088713,0.92931095,-0.001255,295054.73,295056.10,1127.72,1054.23,no,yes
3364,0.177971,0.85874745,0.002517,295068.68,295066.30,960.90,933.38,no,yes
3365,0.566267,0.57121926,0.008008,294782.75,294768.66,2046.44,1415.05,no,yes
3366,0.202995,0.83914134,0.002871,295107.23,295104.62,913.23,905.07,no,yes
3367,-0.182647,0.85507704,-0.002583,294918.44,294923.07,1734.78,1852.36,no,yes
3368,0.655741,0.51199847,0.009274,295061.92,295053.27,959.75,905.05,no,yes
3369,0.233261,0.81556078,0.003299,294943.59,294939.85,1116.83,1150.34,no,yes
3370,-0.158447,0.87410648,-0.002241,294859.25,294862.06,1425.25,1062.59,no,yes
3371,-0.195769,0.84479315,-0.002769,363929.62,363934.48,1647.11,1856.58,no,yes
3372,0.645852,0.51838285,0.009134,294851.85,294843.23,952.64,933.74,no,yes
3373,-0.001787,0.99857417,-0.000025,295089.02,295089.11,3695.63,3640.18,no,yes
3374,0.200041,0.84145043,0.002829,294791.45,294788.71,987.77,951.44,no,yes
3375,0.229685,0.81833900,0.003248,310468.09,310454.87,4707.31,3312.31,no,yes
3376,-0.252172,0.80091110,-0.003566,294885.82,294893.79,2314.09,2154.37,no,yes
3377,0.934056,0.35028646,0.013210,295039.06,295027.33,943.17,829.22,no,yes
3378,0.058709,0.95318486,0.000830,295112.53,295110.48,2593.72,2323.82,no,yes
3379,-0.781608,0.43445448,-0.011054,305434.02,305445.60,1116.44,974.01,no,yes
3380,-0.645183,0.51881574,-0.009124,295087.26,295107.64,2319.54,2142.56,no,yes
3381,0.056472,0.95496636,0.000799,295095.04,295094.32,910.78,892.71,no,yes
3382,0.898243,0.36906713,0.012703,295072.98,295060.75,993.74,930.58,no,yes
3383,-0.621769,0.53410108,-0.008793,295079.52,295096.32,1869.20,1952.02,no,yes
3384,-0.798180,0.42477568,-0.011288,295109.97,295119.93,908.80,855.07,no,yes
3385,0.009387,0.99251061,0.000133,294856.73,294856.60,1012.14,948.41,no,yes
3386,-0.094357,0.92482627,-0.001334,295048.47,295050.86,1724.79,1854.51,no,yes
3387,0.031656,0.97474663,0.000448,294909.20,294908.42,1557.98,1920.71,no,yes
3388,-0.050686,0.95957642,-0.000717,295042.25,295046.73,6301.26,6213.97,no,yes
3389,0.699996,0.48393905,0.009899,294997.51,294974.99,2647.50,1827.65,no,yes
3390,-1.878880,0.06027575,-0.026571,295105.80,295132.47,920.22,1080.96,no,yes
3391,-0.006385,0.99490559,-0.000090,294760.88,294760.96,852.55,859.55,no,yes
3392,-0.603847,0.54595339,-0.008540,295058.53,295070.71,1106.45,1685.32,no,yes
3393,-0.949060,0.34260159,-0.013422,295154.52,295166.37,873.38,892.83,no,yes
3394,0.299180,0.76480624,0.004231,294964.68,294960.77,986.56,856.29,no,yes
3395,-0.291117,0.77096578,-0.004117,294998.63,295004.95,1155.69,1839.44,no,yes
3396,0.107505,0.91438946,0.001520,308774.09,308771.82,1653.66,1317.78,no,yes
3397,-0.914309,0.36056653,-0.012930,294826.58,294838.85,811.32,1069.63,no,yes
3398,0.088525,0.92946051,0.001252,295033.74,295032.29,1221.44,1101.82,no,yes
3399,0.666946,0.50481456,0.009432,294839.41,294830.13,1053.95,907.26,no,yes
3400,-0.130905,0.89585159,-0.001851,294889.85,294894.56,2651.17,2433.63,no,yes
3401,-0.001409,0.99887556,-0.000020,294863.99,294864.02,1721.82,1113.80,no,yes
3402,-0.485668,0.62720771,-0.006868,294924.00,294930.88,982.47,1018.06,no,yes
3403,0.007770,0.99380070,0.000110,295076.64,295076.47,1539.16,1633.74,no,yes
3404,-1.684884,0.09203052,-0.023828,294785.19,294870.31,2511.26,4383.59,no,yes
3405,0.187561,0.85122249,0.002653,295120.67,295117.66,1188.73,1080.97,no,yes
3406,0.226374,0.82091289,0.003201,295167.77,295162.15,1454.21,2012.18,no,yes
3407,0.057771,0.95393200,0.000817,295064.12,295062.23,2379.60,2239.33,no,yes
3408,-0.093770,0.92529284,-0.001326,297900.03,297901.28,904.95,983.75,no,yes
3409,-0.156396,0.87572244,-0.002212,295074.96,295080.69,2623.03,2564.79,no,yes
3410,0.532683,0.59426173,0.007533,294904.26,294888.51,2696.25,1214.38,no,yes
3411,0.775908,0.43781257,0.010973,295110.33,295098.56,1128.50,1014.33,no,yes
3412,0.451761,0.65144629,0.006389,294840.75,294834.02,1030.60,1073.99,no,yes
3413,-0.234306,0.81474993,-0.003314,295065.30,295070.38,1516.75,1546.67,no,yes
3414,-0.300701,0.76364579,-0.004253,294935.04,294938.72,851.03,878.67,no,yes
3415,0.062011,0.95055447,0.000877,294726.44,294725.69,814.38,883.91,no,yes
3416,-0.139803,0.88881697,-0.001977,295111.29,295114.75,1761.19,1741.44,no,yes
3417,1.231003,0.21834565,0.017409,294926.13,294818.44,8330.79,2669.10,no,yes
3418,1.327793,0.18426603,0.018778,294979.96,294947.99,2103.93,1170.37,no,yes
3419,0.316449,0.75166497,0.004475,294830.22,294826.04,989.29,873.69,no,yes
3420,0.108080,0.91393298,0.001528,294926.11,294922.67,2317.78,2190.91,no,yes
3421,0.414265,0.67868593,0.005859,294958.60,294944.64,2936.97,1656.10,no,yes
3422,0.466819,0.64063446,0.006602,294872.08,294857.48,2133.24,2287.05,no,yes
3423,0.415713,0.67762433,0.005879,294989.84,294980.02,1808.09,1520.70,no,yes
3424,0.333650,0.73864732,0.004719,363869.80,363865.26,968.43,955.90,no,yes
3425,-0.112278,0.91060375,-0.001588,294884.89,294886.48,999.37,993.49,no,yes
3426,-0.009442,0.99246637,-0.000134,307471.63,307471.77,1008.30,1053.60,no,yes
3427,-0.446794,0.65502893,-0.006319,294903.98,294909.86,877.59,980.77,no,yes
3428,-0.246182,0.80554402,-0.003482,294837.64,294848.72,3288.24,3074.56,no,yes
3429,-1.373174,0.16971377,-0.019420,301145.65,301175.69,1458.79,1630.21,no,yes
3430,-0.403960,0.68624614,-0.005713,294884.31,294891.48,1194.12,1311.04,no,yes
3431,-0.622198,0.53381863,-0.008799,295131.73,295148.22,1871.91,1877.13,no,yes
3432,-0.512797,0.60809894,-0.007252,363891.66,363900.38,1090.74,1303.81,no,yes
3433,-0.594995,0.55185414,-0.008415,294870.55,294890.11,1854.28,2714.93,no,yes
3434,-0.077878,0.93792599,-0.001101,295298.44,295305.46,6341.82,6406.80,no,yes
3435,-1.287001,0.19810912,-0.018201,294840.88,294859.59,979.94,1073.88,no,yes
3436,0.492482,0.62238530,0.006965,294928.49,294902.33,4544.57,2747.27,no,yes
3437,-0.538660,0.59012741,-0.007618,294861.50,294874.79,1788.37,1700.99,no,yes
3438,0.096799,0.92288692,0.001369,295182.34,295180.45,1408.79,1360.51,no,yes
3439,-0.765217,0.44415167,-0.010822,294929.21,294939.08,846.89,972.73,no,yes
3440,0.082441,0.93429708,0.001166,295559.18,295556.49,2315.86,2299.30,no,yes
3441,-1.117947,0.26360384,-0.015810,294840.45,294854.99,802.04,1023.65,no,yes
3442,0.102222,0.91858142,0.001446,294703.68,294700.52,2343.77,2010.41,no,yes
3443,-0.560806,0.57493618,-0.007931,295101.17,295115.90,1882.06,1832.69,no,yes
3444,-0.114415,0.90891001,-0.001618,295045.87,295049.70,2464.75,2266.48,no,yes
3445,0.768860,0.44198640,0.010873,295158.71,295139.27,2083.72,1430.75,no,yes
3446,-1.571347,0.11611934,-0.022222,295075.60,295108.23,1216.45,1682.75,no,yes
3447,-0.247321,0.80466261,-0.003498,294777.82,294783.70,1850.39,1488.81,no,yes
3448,-0.643381,0.51998588,-0.009099,295076.65,295092.66,1331.31,2101.44,no,yes
3449,0.107384,0.91448541,0.001519,295096.47,295095.07,966.17,882.27,no,yes
3450,0.160210,0.87271776,0.002266,294882.28,294877.83,2221.51,1666.41,no,yes
3451,-0.003131,0.99750160,-0.000044,294996.26,294996.43,3912.88,3758.84,no,yes
3452,0.049681,0.96037716,0.000703,295091.66,295090.89,1183.94,995.85,no,yes
3453,0.347155,0.72847925,0.004910,294941.21,294921.77,4545.10,3272.85,no,yes
3454,0.742331,0.45789550,0.010498,294989.29,294979.86,890.93,905.10,no,yes
3455,-0.635143,0.52534228,-0.008982,295093.93,295109.50,1617.58,1842.65,no,yes
3456,-0.258948,0.79567794,-0.003662,294858.15,294861.57,897.47,967.64,no,yes
3457,-1.265092,0.20585410,-0.017891,294954.88,294973.68,913.69,1171.57,no,yes
3458,0.850361,0.39513693,0.012026,294768.38,294749.93,1882.01,1078.42,no,yes
3459,-0.082123,0.93455002,-0.001161,295078.48,295080.04,1348.28,1339.17,no,yes
3460,0.384890,0.70032318,0.005443,295089.86,295085.09,858.34,894.79,no,yes
3461,0.000845,0.99932553,0.000012,294888.34,294888.32,1403.69,2035.30,no,yes
3462,0.847725,0.39660527,0.011989,294911.25,294887.38,2539.25,1216.65,no,yes
3463,1.462384,0.14365304,0.020681,295105.83,295086.15,1084.18,797.30,no,yes
3464,0.560669,0.57502948,0.007929,295057.70,295050.23,1025.94,849.98,no,yes
3465,-0.010849,0.99134427,-0.000153,294825.54,294825.70,1012.19,1003.12,no,yes
3466,-1.046887,0.29516427,-0.014805,295026.13,295038.30,810.98,831.90,no,yes
3467,-1.063609,0.28751863,-0.015042,294841.72,294856.51,979.40,986.39,no,yes
3468,-0.208999,0.83445095,-0.002956,295040.30,295043.23,1019.11,964.79,no,yes
3469,0.757089,0.44900545,0.010707,295048.08,295036.05,1179.53,1066.27,no,yes
3470,0.301283,0.76320231,0.004261,295227.09,295210.27,4479.29,3334.10,no,yes
3471,-0.826587,0.40848138,-0.011690,294870.56,294882.13,922.49,1053.72,no,yes
3472,-0.210380,0.83337344,-0.002975,295176.47,295181.72,1840.69,1682.07,no,yes
3473,-0.062705,0.95000195,-0.000887,295169.60,295170.43,957.30,916.21,no,yes
3474,-0.124578,0.90085944,-0.001762,295149.08,295155.42,2918.38,4169.98,no,yes
3475,-1.189683,0.23418575,-0.016825,294824.97,294856.46,1640.75,2076.97,no,yes
3476,-0.024864,0.98016402,-0.000352,294877.34,294877.95,1833.50,1633.17,no,yes
3477,1.045208,0.29594514,0.014781,295104.68,295066.35,3342.24,1509.47,no,yes
3478,-0.374501,0.70803585,-0.005296,294896.48,294903.92,1252.75,1541.91,no,yes
3479,-0.012366,0.99013357,-0.000175,294759.96,294760.13,967.15,974.69,no,yes
3480,-0.329240,0.74197773,-0.004656,295057.62,295063.07,1173.73,1167.37,no,yes
3481,0.554680,0.57911981,0.007844,294972.86,294963.99,1230.90,1020.67,no,yes
3482,-0.389670,0.69678512,-0.005511,295094.65,295100.75,986.59,1215.53,no,yes
3483,-0.257730,0.79661814,-0.003645,294884.67,294888.50,1011.81,1087.81,no,yes
3484,0.256866,0.79728514,0.003633,298434.68,298420.32,4041.89,3863.60,no,yes
3485,-0.078497,0.93743351,-0.001110,294768.54,294770.60,1557.86,2100.47,no,yes
3486,-0.483300,0.62888843,-0.006835,295669.60,295690.38,2780.00,3279.98,no,yes
3487,-0.051904,0.95860610,-0.000734,305139.28,305140.61,1615.09,1984.66,no,yes
3488,-0.406230,0.68457772,-0.005745,295005.81,295011.48,1011.77,964.49,no,yes
3489,0.041772,0.96668119,0.000591,294973.44,294971.08,4187.13,3801.33,no,yes
3490,-0.962943,0.33558787,-0.013618,294798.88,294812.11,999.04,943.13,no,yes
3491,-0.085828,0.93160397,-0.001214,295445.84,295450.35,3593.65,3828.93,no,yes
3492,-0.038046,0.96965172,-0.000538,295166.95,295168.65,3134.68,3206.38,no,yes
3493,-0.549449,0.58270386,-0.007770,295131.95,295161.24,3063.72,4362.85,no,yes
3494,-0.060742,0.95156524,-0.000859,295693.69,295694.53,921.83,1039.44,no,yes
3495,0.331193,0.74050212,0.004684,294983.29,294978.99,880.93,952.47,no,yes
3496,-0.637734,0.52365419,-0.009019,294824.98,294839.34,1702.23,1473.95,no,yes
3497,0.142448,0.88672754,0.002015,294838.32,294834.73,1903.53,1648.46,no,yes
3498,-1.053199,0.29226253,-0.014894,294878.29,294892.78,918.63,1023.58,no,yes
3499,-1.191768,0.23337319,-0.016854,295038.32,295070.94,1085.45,2512.08,no,yes
3500,-0.193903,0.84625395,-0.002742,294950.42,294953.92,1176.30,1369.10,no,yes
3501,-0.296392,0.76693398,-0.004192,294876.10,294881.34,1257.79,1243.69,no,yes
3502,0.335464,0.73727853,0.004744,295051.54,295047.02,998.19,905.87,no,yes
3503,-2.020031,0.04339921,-0.028568,295000.96,295057.74,1169.71,2555.68,yes,yes
3504,0.674488,0.50000886,0.009539,295056.98,295048.06,990.69,876.09,no,yes
3505,0.598318,0.54963459,0.008461,294842.28,294834.31,1009.77,869.50,no,yes
3506,-1.547339,0.12179854,-0.021883,294803.71,294835.96,1263.01,1657.70,no,yes
3507,0.303439,0.76155833,0.004291,296302.58,296298.45,996.26,928.17,no,yes
3508,-0.126278,0.89951335,-0.001786,295129.87,295134.18,2345.76,2477.30,no,yes
3509,-0.333251,0.73894817,-0.004713,295128.99,295137.14,1579.60,1866.84,no,yes
3510,0.011061,0.99117453,0.000156,296453.58,296453.02,3583.77,3614.16,no,yes
3511,-0.318033,0.75046367,-0.004498,295131.00,295140.39,1765.03,2369.54,no,yes
3512,0.557002,0.57753234,0.007877,305519.04,305510.95,1006.30,1048.74,no,yes
3513,-0.028616,0.97717103,-0.000405,294946.68,294948.04,3437.80,3254.13,no,yes
3514,1.316296,0.18809107,0.018615,294818.58,294801.78,1024.57,761.25,no,yes
3515,-0.316197,0.75185604,-0.004472,297921.67,297925.66,876.87,908.70,no,yes
3516,0.239691,0.81057227,0.003390,294857.58,294854.52,916.03,886.58,no,yes
3517,0.505789,0.61301080,0.007153,295112.83,295105.99,1057.40,843.63,no,yes
3518,0.570476,0.56836125,0.008068,393415.24,393406.71,1100.97,1013.14,no,yes
3519,0.349490,0.72672481,0.004943,295049.58,295045.36,868.06,842.33,no,yes
3520,-0.244813,0.80660388,-0.003462,295022.63,295026.42,1051.76,1134.10,no,yes
3521,-0.188254,0.85067947,-0.002662,295085.34,295088.52,1207.54,1180.61,no,yes
3522,-0.060406,0.95183312,-0.000854,294874.81,294878.29,4079.14,4057.41,no,yes
3523,-0.810206,0.41783292,-0.011458,296262.59,296292.39,1982.93,3097.65,no,yes
3524,0.418460,0.67561510,0.005918,294846.45,294840.98,931.53,917.92,no,yes
3525,0.599143,0.54908431,0.008473,294930.69,294923.01,938.53,874.90,no,yes
3526,-0.409994,0.68181508,-0.005798,295122.96,295135.72,2169.87,2231.05,no,yes
3527,-0.727932,0.46666412,-0.010295,294874.88,294887.76,1146.13,1349.36,no,yes
3528,-0.493907,0.62137770,-0.006985,294864.49,294877.09,1631.12,1959.48,no,yes
3529,0.752418,0.45180882,0.010641,294843.11,294819.36,2075.57,2378.13,no,yes
3530,0.541421,0.58822450,0.007657,294918.12,294903.03,2311.49,1557.12,no,yes
3531,-0.102035,0.91872980,-0.001443,296586.95,296596.65,6804.52,6631.98,no,yes
3532,1.162498,0.24504752,0.016440,294805.12,294779.31,1669.38,1464.71,no,yes
3533,0.145928,0.88397962,0.002064,294948.70,294946.73,998.44,908.10,no,yes
3534,-0.399462,0.68955738,-0.005649,294919.14,294934.09,2200.22,3029.36,no,yes
3535,-0.863222,0.38802621,-0.012208,294987.83,294998.73,819.84,960.90,no,yes
3536,0.592201,0.55372248,0.008375,294923.25,294915.23,981.78,933.55,no,yes
3537,-0.518076,0.60441122,-0.007327,295088.94,295095.71,904.81,944.94,no,yes
3538,0.339602,0.73415980,0.004803,294912.71,294907.25,1219.09,1048.47,no,yes
3539,0.850475,0.39507322,0.012028,295008.45,294964.65,4362.01,2738.41,no,yes
3540,-0.015199,0.98787333,-0.000215,294725.42,294725.62,924.51,936.34,no,yes
3541,0.606907,0.54391949,0.008583,294986.14,294977.29,1037.67,1023.98,no,yes
3542,0.534637,0.59290787,0.007561,294894.26,294880.50,2156.60,1405.00,no,yes
3543,-0.490644,0.62368399,-0.006939,294939.24,294955.47,2135.60,2526.01,no,yes
3544,0.211301,0.83265452,0.002988,294750.81,294748.25,847.14,869.04,no,yes
3545,-0.568023,0.57002579,-0.008033,295110.57,295132.52,2573.87,2880.43,no,yes
3546,0.594501,0.55218420,0.008408,295070.82,295062.20,1079.08,967.42,no,yes
3547,0.819443,0.41254519,0.011589,295088.09,295068.30,2013.30,1333.23,no,yes
3548,0.623846,0.53273590,0.008823,310291.86,310272.43,2432.89,1945.39,no,yes
3549,0.394897,0.69292304,0.005585,295010.26,295004.91,974.43,941.56,no,yes
3550,-0.120236,0.90429730,-0.001700,294933.02,294938.95,3792.57,3153.53,no,yes
3551,0.092632,0.92619701,0.001310,294972.08,294968.77,2724.69,2311.64,no,yes
3552,0.095082,0.92425112,0.001345,295213.25,295207.37,4976.30,3666.60,no,yes
3553,0.875180,0.38148677,0.012377,295047.94,295036.93,920.48,858.07,no,yes
3554,0.033760,0.97306875,0.000477,294871.80,294869.87,4088.95,3973.21,no,yes
3555,0.115668,0.90791654,0.001636,295228.10,295222.66,3262.20,3386.72,no,yes
3556,-1.407248,0.15936954,-0.019901,295108.02,295127.70,955.43,1021.65,no,yes
3557,-0.954882,0.33965274,-0.013504,295114.20,295133.40,911.53,1793.13,no,yes
3558,-0.180793,0.85653217,-0.002557,295052.06,295054.44,924.97,934.36,no,yes
3559,-0.641144,0.52143712,-0.009067,294942.32,294963.94,2002.55,2712.93,no,yes
3560,0.205845,0.83691443,0.002911,295104.51,295099.28,2046.90,1504.05,no,yes
3561,-0.749435,0.45360417,-0.010599,294819.15,294828.70,821.68,974.20,no,yes
3562,-0.623768,0.53278910,-0.008821,294754.58,294769.78,1226.88,2106.18,no,yes
3563,-0.021844,0.98257260,-0.000309,294874.13,294874.47,1058.73,1113.94,no,yes
3564,0.134297,0.89316886,0.001899,322171.28,322086.68,45270.92,43804.69,no,yes
3565,0.073142,0.94169421,0.001034,295076.61,295075.62,1008.60,900.00,no,yes
3566,0.165588,0.86848343,0.002342,294879.13,294874.84,1440.68,2155.88,no,yes
3567,0.295828,0.76736479,0.004184,294925.35,294920.84,1051.33,1105.16,no,yes
3568,0.013899,0.98891041,0.000197,295451.43,295450.06,6855.51,7026.77,no,yes
3569,-0.717467,0.47309456,-0.010147,294891.59,294924.12,2825.85,3546.59,no,yes
3570,-0.310647,0.75607249,-0.004393,295160.31,295164.19,807.20,954.64,no,yes
3571,0.890260,0.37333737,0.012590,295554.04,295535.51,1601.60,1329.61,no,yes
3572,-0.167171,0.86723693,-0.002364,294826.86,294829.16,950.81,1000.13,no,yes
3573,-0.134483,0.89302190,-0.001902,295569.24,295572.20,1541.40,1567.94,no,yes
3574,-0.835730,0.40331690,-0.011819,294822.25,294832.98,916.53,900.05,no,yes
3575,-1.563535,0.11794341,-0.022112,294890.65,294914.96,970.94,1214.03,no,yes
3576,-1.144404,0.25246991,-0.016184,294855.60,294871.23,924.01,1006.24,no,yes
3577,0.162211,0.87114159,0.002294,295174.00,295159.76,6212.57,6210.07,no,yes
3578,-0.208118,0.83513892,-0.002943,295083.65,295086.62,989.78,1028.85,no,yes
3579,-0.403668,0.68646147,-0.005709,301103.93,301114.30,1757.66,1874.27,no,yes
3580,-1.304527,0.19206963,-0.018449,308842.63,308874.04,1497.84,1885.01,no,yes
3581,-0.034490,0.97248717,-0.000488,294962.46,294963.16,1710.80,1126.10,no,yes
3582,-0.775092,0.43829467,-0.010961,294838.74,294848.63,916.34,888.48,no,yes
3583,-0.815923,0.41455390,-0.011539,294848.62,294868.37,1602.57,1815.43,no,yes
3584,0.197897,0.84312814,0.002799,294878.50,294873.96,1364.76,1844.60,no,yes
3585,0.000743,0.99940685,0.000011,294810.98,294810.96,1580.47,1558.30,no,yes
3586,-0.424228,0.67140572,-0.005999,294877.66,294888.18,1190.22,2176.81,no,yes
3587,-0.271243,0.78620701,-0.003836,295069.18,295073.68,1153.87,1192.14,no,yes
3588,-1.074783,0.28248799,-0.015200,294797.73,294831.28,1555.57,2706.29,no,yes
3589,-0.572417,0.56704717,-0.008095,294894.18,294913.26,1856.90,2768.39,no,yes
3590,-0.027574,0.97800196,-0.000390,295147.57,295150.03,6344.19,6265.08,no,yes
3591,0.721380,0.47068488,0.010202,294759.30,294744.61,1655.02,1185.03,no,yes
3592,-0.082140,0.93453607,-0.001162,295019.43,295021.60,1715.57,2006.44,no,yes
3593,-0.156086,0.87596708,-0.002207,294890.81,294897.59,3156.01,2988.44,no,yes
3594,0.599466,0.54886974,0.008478,294968.78,294937.74,4221.32,2998.39,no,yes
3595,0.205795,0.83695293,0.002910,294903.67,294896.94,2368.57,2253.58,no,yes
3596,0.105612,0.91589128,0.001494,316803.57,316632.67,114443.82,114404.22,no,yes
3597,-0.451171,0.65187126,-0.006381,363884.60,363897.08,1748.42,2143.26,no,yes
3598,-0.099586,0.92067438,-0.001408,295237.82,295246.67,6140.75,6425.75,no,yes
3599,0.701220,0.48317447,0.009917,295028.31,295006.61,2436.72,1907.46,no,yes
3600,-0.448362,0.65389757,-0.006341,294810.61,294822.61,1576.70,2162.85,no,yes
3601,-0.359203,0.71944725,-0.005080,295341.92,295376.94,6706.31,7078.83,no,yes
3602,-0.093482,0.92552163,-0.001322,294858.38,294859.66,983.50,954.35,no,yes
3603,0.165585,0.86848528,0.002342,294929.80,294927.44,1056.57,959.25,no,yes
3604,-0.164980,0.86896134,-0.002333,297722.72,297731.65,3826.93,3827.54,no,yes
3605,0.444140,0.65694672,0.006281,294964.47,294938.62,4638.18,3515.70,no,yes
3606,0.114674,0.90870505,0.001622,295070.29,295067.14,1945.22,1945.44,no,yes
3607,0.259441,0.79529801,0.003669,294955.70,294942.61,4029.93,3037.00,no,yes
3608,-0.680154,0.49641504,-0.009619,294938.77,294949.20,1049.84,1118.14,no,yes
3609,0.818622,0.41301170,0.011577,295111.55,295100.86,969.25,874.93,no,yes
3610,-0.020828,0.98338270,-0.000295,295215.25,295216.12,2631.09,3234.86,no,yes
3611,-0.085526,0.93184444,-0.001210,295052.21,295054.44,1757.62,1926.76,no,yes
3612,0.906175,0.36485664,0.012815,294789.82,294767.16,2132.57,1305.59,no,yes
3613,-1.253948,0.20987968,-0.017734,294953.81,295019.37,2518.39,4581.27,no,yes
3614,-0.105060,0.91632929,-0.001486,294795.81,294798.31,1624.17,1738.08,no,yes
3615,-0.066306,0.94713521,-0.000938,295110.60,295112.65,2224.28,2154.60,no,yes
3616,0.021502,0.98284519,0.000304,294912.49,294911.83,1882.99,2409.26,no,yes
3617,-1.250994,0.21095240,-0.017692,295140.38,295156.47,768.63,1030.81,no,yes
3618,-0.506468,0.61253400,-0.007163,295270.52,295289.69,2661.50,2690.08,no,yes
3619,-0.744237,0.45674172,-0.010525,294749.48,294759.47,911.49,985.35,no,yes
3620,-1.455434,0.14556977,-0.020583,294921.47,294957.71,1160.18,2202.54,no,yes
3621,-0.125612,0.90004072,-0.001776,294870.93,294872.50,903.29,862.15,no,yes
3622,-0.042356,0.96621559,-0.000599,294792.90,294793.99,1523.58,2071.32,no,yes
3623,0.162556,0.87086974,0.002299,294801.16,294796.81,2048.17,1728.51,no,yes
3624,1.012143,0.31148231,0.014314,295072.77,295059.39,989.60,876.91,no,yes
3625,-0.277133,0.78168105,-0.003919,294857.44,294860.93,842.59,936.70,no,yes
3626,0.095267,0.92410388,0.001347,295030.10,295027.72,2071.25,1393.45,no,yes
3627,-0.046767,0.96269930,-0.000661,295118.31,295119.20,1206.50,1470.88,no,yes
3628,-1.176650,0.23935043,-0.016640,294854.57,294880.29,1288.23,1765.43,no,yes
3629,-0.145470,0.88434166,-0.002057,294879.13,294883.84,1933.32,2600.99,no,yes
3630,-0.704328,0.48123654,-0.009961,295085.31,295103.68,1843.80,1844.45,no,yes
3631,-0.228836,0.81899857,-0.003236,294852.55,294855.70,954.26,990.69,no,yes
3632,-0.451500,0.65163417,-0.006385,294928.08,294938.03,1598.69,1516.57,no,yes
3633,-0.408010,0.68327093,-0.005770,295078.23,295084.64,1015.91,1195.96,no,yes
3634,0.245806,0.80583533,0.003476,294770.34,294767.13,1000.40,841.43,no,yes
3635,-1.118607,0.26332139,-0.015819,295027.46,295042.92,900.69,1048.88,no,yes
3636,-0.190926,0.84858543,-0.002700,295036.81,295054.41,6567.69,6466.53,no,yes
3637,-0.376444,0.70659136,-0.005324,295114.95,295126.98,2545.90,1930.75,no,yes
3638,-0.347078,0.72853624,-0.004908,294792.80,294801.12,1613.52,1774.27,no,yes
3639,-0.667088,0.50472425,-0.009434,294852.46,294868.42,1404.75,1935.96,no,yes
3640,0.708102,0.47889012,0.010014,295029.12,295019.46,1031.58,893.14,no,yes
3641,-0.399700,0.68938195,-0.005653,295188.72,295199.90,1959.97,1996.20,no,yes
3642,0.119740,0.90469044,0.001693,299220.97,299213.78,4143.22,4347.76,no,yes
3643,-0.293376,0.76923761,-0.004149,294795.87,294803.67,1963.88,1793.58,no,yes
3644,0.044538,0.96447603,0.000630,296788.05,296785.44,4138.66,4136.49,no,yes
3645,0.019021,0.98482462,0.000269,297452.52,297451.49,3819.43,3800.72,no,yes
3646,-0.256509,0.79756066,-0.003628,294915.57,294922.64,1481.21,2323.15,no,yes
3647,-0.077980,0.93784486,-0.001103,295170.64,295174.36,3166.55,3563.32,no,yes
3648,0.507754,0.61163139,0.007181,298065.51,298052.99,1811.88,1673.08,no,yes
3649,-0.404654,0.68573616,-0.005723,305219.03,305227.42,1297.56,1614.63,no,yes
3650,-0.408418,0.68297165,-0.005776,295106.54,295120.11,2167.40,2520.61,no,yes
3651,0.273889,0.78417275,0.003873,295007.50,294999.85,2211.50,1703.80,no,yes
3652,-0.001723,0.99862564,-0.000024,294756.48,294756.51,1038.80,945.87,no,yes
3653,0.227993,0.81965426,0.003224,299427.43,299413.25,4365.44,4427.87,no,yes
3654,-0.490228,0.62397853,-0.006933,295013.69,295025.82,1534.22,1941.46,no,yes
3655,-0.465649,0.64147210,-0.006585,294881.47,294887.99,1039.13,939.67,no,yes
3656,-1.028050,0.30393919,-0.014539,295076.73,295092.02,960.77,1135.00,no,yes
3657,-0.494065,0.62126579,-0.006987,295025.84,295039.68,1932.89,2029.17,no,yes
3658,-0.027884,0.97775531,-0.000394,294940.02,294940.65,1647.44,1529.93,no,yes
3659,0.154949,0.87686321,0.002191,295119.65,295117.49,980.80,993.69,no,yes
3660,-1.744897,0.08101874,-0.024677,294822.83,294850.19,994.13,1213.05,no,yes
3661,-1.384092,0.16634749,-0.019574,302786.88,302807.35,858.73,1203.92,no,yes
3662,-0.341707,0.73257473,-0.004832,294887.96,294896.52,1790.43,1751.72,no,yes
3663,0.300976,0.76343616,0.004256,294987.57,294977.72,2096.80,2513.70,no,yes
3664,0.023967,0.98087932,0.000339,294807.08,294806.31,2742.86,1697.61,no,yes
3665,-0.182986,0.85481073,-0.002588,294853.60,294856.03,929.94,949.08,no,yes
3666,0.657587,0.51081259,0.009300,295094.23,295055.10,4981.09,3254.84,no,yes
3667,0.338727,0.73482020,0.004790,295092.20,295083.03,2410.36,1230.11,no,yes
3668,-0.856447,0.39176459,-0.012112,294971.88,295013.95,2129.76,4426.36,no,yes
3669,-0.381779,0.70262920,-0.005399,294851.96,294865.07,2291.22,2557.79,no,yes
3670,0.536063,0.59192138,0.007581,298991.39,298945.58,6366.05,5700.53,no,yes
3671,-0.015357,0.98774767,-0.000217,294817.89,294818.30,2283.91,1368.76,no,yes
3672,1.225272,0.22049077,0.017328,295505.91,295481.42,1736.19,990.10,no,yes
3673,0.124686,0.90077366,0.001763,297873.91,297867.04,3828.99,3962.54,no,yes
3674,-0.299473,0.76458260,-0.004235,294812.99,294819.91,1801.87,1445.66,no,yes
3675,-0.105910,0.91565468,-0.001498,295065.61,295068.14,2033.59,1239.45,no,yes
3676,0.282774,0.77735310,0.003999,295097.27,295090.68,1744.31,1546.40,no,yes
3677,0.011527,0.99080326,0.000163,294877.42,294877.12,1802.58,1944.12,no,yes
3678,-0.138072,0.89018505,-0.001953,295144.87,295157.53,6443.85,6520.39,no,yes
3679,0.231570,0.81687440,0.003275,295056.52,295052.57,1175.39,1237.03,no,yes
3680,-1.032561,0.30182210,-0.014603,294987.93,295002.56,971.30,1031.78,no,yes
3681,-0.290159,0.77169745,-0.004103,295524.19,295536.70,2957.42,3138.01,no,yes
3682,1.195677,0.23183733,0.016909,294968.00,294952.27,1017.82,833.42,no,yes
3683,-0.227568,0.81998407,-0.003218,296362.41,296372.92,3233.17,3299.19,no,yes
3684,-0.227807,0.81979864,-0.003222,294909.23,294912.86,1081.10,1167.02,no,yes
3685,-0.830899,0.40604194,-0.011751,294919.16,294939.26,1351.16,2006.87,no,yes
3686,-0.215746,0.82918775,-0.003051,294974.97,294980.27,1759.87,1712.57,no,yes
3687,0.475611,0.63435692,0.006726,294871.86,294864.20,1164.03,1111.62,no,yes
3688,-0.542139,0.58773003,-0.007667,294906.68,294925.62,1892.62,2935.54,no,yes
3689,-1.145968,0.25182204,-0.016206,294862.54,294876.78,835.15,920.60,no,yes
3690,-0.616424,0.53762165,-0.008718,295159.17,295181.16,2356.05,2679.83,no,yes
3691,0.334251,0.73819397,0.004727,295109.17,295100.19,1762.63,2027.68,no,yes
3692,0.440288,0.65973348,0.006227,295004.25,294990.44,2390.21,2031.90,no,yes
3693,-0.460465,0.64518726,-0.006512,294769.58,294776.89,1178.68,1062.68,no,yes
3694,0.017139,0.98632570,0.000242,294868.07,294867.82,1072.26,1030.59,no,yes
3695,-0.361758,0.71753641,-0.005116,295140.41,295150.92,1976.10,2129.26,no,yes
3696,0.588763,0.55602884,0.008326,294882.43,294862.67,2961.25,1579.02,no,yes
3697,-0.292864,0.76962947,-0.004142,295010.60,295017.68,1772.12,1642.86,no,yes
3698,0.537472,0.59094797,0.007601,294848.03,294834.89,1622.39,1828.70,no,yes
3699,-0.135099,0.89253551,-0.001911,295142.51,295146.04,1188.30,2326.64,no,yes
3700,-0.023602,0.98117009,-0.000334,295024.21,295024.78,1401.51,1962.58,no,yes
3701,0.181927,0.85564214,0.002573,297955.40,297950.09,1991.86,2131.50,no,yes
3702,0.233620,0.81528276,0.003304,294955.25,294942.46,4143.33,3578.18,no,yes
3703,0.089761,0.92847832,0.001269,294911.64,294908.77,2396.34,2117.48,no,yes
3704,-0.209096,0.83437533,-0.002957,294775.87,294787.61,3455.38,4420.83,no,yes
3705,-0.422432,0.67271433,-0.005974,294860.96,294867.29,1063.19,1054.20,no,yes
3706,0.475376,0.63452409,0.006723,295141.76,295134.73,1133.30,951.14,no,yes
3707,0.019209,0.98467424,0.000272,295062.90,295062.61,1137.47,982.29,no,yes
3708,1.109875,0.26706614,0.015696,294993.14,294978.75,923.67,910.23,no,yes
3709,0.529622,0.59637964,0.007490,294866.10,294855.89,1388.39,1338.86,no,yes
3710,0.477088,0.63330452,0.006747,294773.02,294765.55,1096.22,1119.59,no,yes
3711,-0.001747,0.99860647,-0.000025,294942.10,294942.13,1725.10,997.02,no,yes
3712,-1.367744,0.17140783,-0.019343,294954.80,294981.89,1288.17,1504.96,no,yes
3713,0.201260,0.84049746,0.002846,294996.06,294993.20,1028.95,981.56,no,yes
3714,0.526070,0.59884570,0.007440,295060.89,295051.73,1242.68,1219.47,no,yes
3715,-0.442516,0.65812088,-0.006258,295087.58,295094.91,945.02,1361.07,no,yes
3716,0.207342,0.83574486,0.002932,295044.31,295041.74,901.54,852.46,no,yes
3717,-0.401928,0.68774095,-0.005684,294924.77,294930.25,971.79,956.08,no,yes
3718,0.309262,0.75712573,0.004374,295013.91,295009.95,945.80,861.34,no,yes
3719,-1.105036,0.26915810,-0.015628,295049.80,295077.27,1513.94,1971.06,no,yes
3720,-0.492687,0.62223998,-0.006968,295198.05,295212.81,1755.86,2427.34,no,yes
3721,-0.077521,0.93820976,-0.001096,297367.02,297371.42,4000.45,4020.40,no,yes
3722,0.308786,0.75748723,0.004367,300553.15,300539.94,3217.57,2823.15,no,yes
3723,0.688308,0.49126693,0.009734,294876.22,294865.56,1170.32,1014.08,no,yes
3724,0.006575,0.99475409,0.000093,302818.92,302818.57,3740.46,3823.88,no,yes
3725,0.028541,0.97723097,0.000404,295123.18,295121.45,4380.71,4181.24,no,yes
3726,0.188629,0.85038560,0.002668,295250.13,295246.92,1355.28,1024.86,no,yes
3727,0.070012,0.94418463,0.000990,295983.28,295980.38,2917.58,2952.90,no,yes
3728,-0.542522,0.58746476,-0.007672,298506.54,298541.04,4539.12,4453.77,no,yes
3729,0.206247,0.83660026,0.002917,363952.86,363946.87,2194.65,1903.62,no,yes
3730,0.532816,0.59416745,0.007535,294915.28,294897.49,2761.19,1877.76,no,yes
3731,-0.077476,0.93824531,-0.001096,295033.11,295034.52,1273.00,1293.36,no,yes
3732,-0.144059,0.88545541,-0.002037,294941.55,294943.56,912.68,1055.44,no,yes
3733,-0.324907,0.74525470,-0.004595,295016.07,295045.45,6418.37,6369.63,no,yes
3734,0.518618,0.60403306,0.007334,294904.97,294891.91,1804.81,1756.15,no,yes
3735,-0.088456,0.92951518,-0.001251,294945.14,294946.26,860.55,932.17,no,yes
3736,-0.278048,0.78097825,-0.003932,295033.06,295037.42,1138.26,1079.37,no,yes
3737,-0.373923,0.70846538,-0.005288,295219.66,295252.63,6195.89,6270.77,no,yes
3738,-0.019322,0.98458428,-0.000273,295543.15,295543.66,2200.36,1405.58,no,yes
3739,0.468252,0.63961009,0.006622,294893.98,294877.38,2882.10,2063.88,no,yes
3740,-0.281577,0.77827051,-0.003982,308921.33,308929.82,2290.95,1960.28,no,yes
3741,1.305909,0.19159884,0.018468,294874.87,294858.23,969.96,827.15,no,yes
3742,0.929647,0.35256901,0.013147,295081.68,295056.38,2411.87,1259.41,no,yes
3743,0.134146,0.89328813,0.001897,294870.19,294868.18,1092.94,1022.90,no,yes
3744,0.208670,0.83470852,0.002951,295271.37,295260.70,4177.25,2948.13,no,yes
3745,0.229472,0.81850471,0.003245,294889.80,294886.69,1044.42,863.98,no,yes
3746,0.097482,0.92234459,0.001379,294923.38,294922.19,870.25,859.29,no,yes
3747,0.528176,0.59738437,0.007470,294927.06,294911.87,2418.85,1553.77,no,yes
3748,0.054545,0.95650124,0.000771,295169.61,295168.13,1980.01,1851.98,no,yes
3749,-0.082032,0.93462229,-0.001160,294893.00,294895.49,2116.62,2177.57,no,yes
3750,-0.265135,0.79090807,-0.003750,295945.88,295959.03,3510.99,3505.59,no,yes
3751,-0.525879,0.59897829,-0.007437,303764.82,303777.52,1661.63,1752.58,no,yes
3752,0.535743,0.59214208,0.007577,295377.41,295359.26,2453.24,2334.78,no,yes
3753,-1.004708,0.31504965,-0.014209,294979.92,295010.87,2100.76,2252.52,no,yes
3754,0.040458,0.96772872,0.000572,295000.23,294998.77,2756.10,2309.20,no,yes
3755,0.570626,0.56825979,0.008070,294887.76,294873.95,1854.79,1553.51,no,yes
3756,0.815680,0.41469525,0.011535,295054.96,295018.38,3883.62,2243.56,no,yes
3757,-0.205181,0.83743281,-0.002902,302539.41,302545.13,2068.63,1873.33,no,yes
3758,-1.134383,0.25664776,-0.016043,295046.83,295063.65,1074.92,1021.59,no,yes
3759,-0.173325,0.86239801,-0.002451,294872.16,294880.33,3210.48,3450.16,no,yes
3760,-0.079194,0.93687923,-0.001120,295069.49,295070.47,874.82,886.26,no,yes
3761,-0.350830,0.72571974,-0.004961,295061.12,295066.01,1028.26,940.27,no,yes
3762,-0.283646,0.77668477,-0.004011,295087.03,295090.93,1031.83,906.14,no,yes
3763,0.423476,0.67195238,0.005989,294717.35,294711.64,1042.44,854.51,no,yes
3764,-0.264870,0.79111251,-0.003746,294712.77,294716.18,865.31,955.50,no,yes
3765,0.972738,0.33069583,0.013757,294875.11,294859.54,1234.11,1018.76,no,yes
3766,0.213969,0.83057343,0.003026,294864.19,294861.07,1106.73,955.86,no,yes
3767,0.008116,0.99352434,0.000115,294870.97,294870.83,1357.64,1074.02,no,yes
3768,0.253020,0.80025527,0.003578,295116.10,295109.56,1828.47,1829.58,no,yes
3769,-0.123488,0.90172189,-0.001746,294871.48,294873.05,879.03,917.41,no,yes
3770,0.152151,0.87906925,0.002152,307501.23,307496.89,2135.69,1898.43,no,yes
3771,-0.040625,0.96759524,-0.000575,295168.88,295169.77,1635.68,1472.16,no,yes
3772,-0.001394,0.99888746,-0.000020,295191.98,295192.06,4154.72,3244.02,no,yes
3773,1.448443,0.14751052,0.020484,294981.26,294956.00,1421.81,1010.69,no,yes
3774,0.454184,0.64970145,0.006423,294893.60,294885.55,1370.04,1126.44,no,yes
3775,-0.323975,0.74596032,-0.004582,294883.93,294890.41,1243.86,1564.33,no,yes
3776,-0.069810,0.94434537,-0.000987,294994.71,294995.63,907.64,958.24,no,yes
3777,0.562558,0.57374264,0.007956,294840.66,294832.85,1059.18,898.14,no,yes
3778,0.499798,0.61722296,0.007068,294830.05,294814.17,2459.77,2011.67,no,yes
3779,-0.784848,0.43255189,-0.011099,294982.21,294994.39,1063.08,1130.85,no,yes
3780,-0.237562,0.81222306,-0.003360,296132.78,296144.00,3284.44,3396.12,no,yes
3781,-0.203842,0.83847879,-0.002883,294978.76,294984.08,1776.40,1909.67,no,yes
3782,-0.104680,0.91663108,-0.001480,308912.96,308916.35,2719.26,1772.07,no,yes
3783,-0.809652,0.41814980,-0.011450,295214.55,295226.39,1038.00,1030.19,no,yes
3784,1.218769,0.22294655,0.017236,294897.02,294878.79,1136.61,972.49,no,yes
3785,-0.453972,0.64985422,-0.006420,294874.24,294880.74,998.08,1027.34,no,yes
3786,-0.511046,0.60932485,-0.007227,295136.48,295163.08,3490.35,3861.67,no,yes
3787,-0.489031,0.62482518,-0.006916,294801.99,294816.18,2193.06,1900.56,no,yes
3788,0.636578,0.52440683,0.009003,294987.36,294977.06,1175.23,1112.17,no,yes
3789,-0.897937,0.36922978,-0.012699,295077.75,295090.52,1000.60,1009.84,no,yes
3790,0.787432,0.43103868,0.011136,294882.56,294871.89,1056.50,848.65,no,yes
3791,-0.835698,0.40333512,-0.011819,295023.29,295033.73,825.44,937.93,no,yes
3792,0.182363,0.85529986,0.002579,295272.38,295255.54,6795.48,6251.42,no,yes
3793,-0.188865,0.85020055,-0.002671,294939.05,294943.96,2035.96,1610.16,no,yes
3794,0.106508,0.91518018,0.001506,295071.41,295070.11,877.93,849.30,no,yes
3795,-0.741423,0.45844608,-0.010485,294738.80,294749.16,871.94,1091.71,no,yes
3796,-0.028610,0.97717557,-0.000405,294901.17,294901.52,880.32,853.98,no,yes
3797,-1.090255,0.27561443,-0.015419,294831.89,294848.69,1008.95,1164.92,no,yes
3798,0.572025,0.56731279,0.008090,295080.86,295064.49,2436.12,1502.40,no,yes
3799,0.024484,0.98046708,0.000346,294895.36,294894.57,1997.23,2519.12,no,yes
3800,-1.347505,0.17783845,-0.019057,294796.60,294824.75,935.25,1867.56,no,yes
3801,-0.022601,0.98196866,-0.000320,298410.46,298411.74,3977.42,4035.43,no,yes
3802,-0.342573,0.73192317,-0.004845,296595.56,296611.78,3301.79,3393.62,no,yes
3803,-0.208868,0.83455360,-0.002954,294915.07,294920.68,1954.32,1847.22,no,yes
3804,0.024868,0.98016057,0.000352,294829.67,294828.82,2377.92,2493.81,no,yes
3805,-0.200811,0.84084915,-0.002840,295234.28,295239.00,2000.57,1236.34,no,yes
3806,-0.339342,0.73435594,-0.004799,295321.19,295330.52,2104.04,1767.48,no,yes
3807,-0.335339,0.73737254,-0.004742,295516.26,295526.81,2222.16,2228.43,no,yes
3808,0.587227,0.55705830,0.008305,295032.74,295020.80,1662.42,1172.43,no,yes
3809,0.403966,0.68624189,0.005713,295750.26,295733.87,2973.39,2759.74,no,yes
3810,-0.638592,0.52309566,-0.009031,295092.14,295102.56,1101.23,1204.79,no,yes
3811,0.998012,0.31828595,0.014114,294892.19,294875.72,1224.16,1106.15,no,yes
3812,0.401339,0.68817523,0.005676,307448.00,307429.60,3858.10,2477.81,no,yes
3813,-1.118944,0.26317775,-0.015824,294773.39,294793.73,1187.46,1376.27,no,yes
3814,0.045698,0.96355137,0.000646,295299.85,295298.47,2147.90,2116.78,no,yes
3815,-1.000467,0.31709849,-0.014149,294806.99,294827.61,1154.10,1707.80,no,yes
3816,0.459000,0.64623927,0.006491,294843.34,294836.58,1073.77,1009.69,no,yes
3817,-0.326166,0.74430226,-0.004613,295003.98,295012.50,1814.12,1878.40,no,yes
3818,0.215028,0.82974746,0.003041,294874.33,294871.07,1125.30,1017.98,no,yes
3819,0.061450,0.95100120,0.000869,295095.21,295094.33,984.41,1023.19,no,yes
3820,-0.294436,0.76842769,-0.004164,301164.17,301180.93,3816.12,4223.78,no,yes
3821,-2.073563,0.03813352,-0.029325,304784.79,304813.66,852.94,1100.46,yes,yes
3822,-1.218180,0.22317014,-0.017228,295048.03,295064.64,935.18,992.59,no,yes
3823,0.504765,0.61372948,0.007138,296625.08,296618.51,912.69,927.96,no,yes
3824,0.024269,0.98063861,0.000343,295114.46,295113.27,3623.59,3356.54,no,yes
3825,-0.126132,0.89962877,-0.001784,294903.53,294905.49,1093.00,1111.90,no,yes
3826,-1.182172,0.23715811,-0.016718,294998.33,295026.35,948.65,2172.60,no,yes
3827,-1.203182,0.22892208,-0.017016,294742.69,294762.02,900.53,1330.52,no,yes
3828,0.275034,0.78329332,0.003890,294983.17,294977.13,1257.98,1798.85,no,yes
3829,-0.379761,0.70412711,-0.005371,296042.66,296061.56,3354.15,3676.60,no,yes
3830,0.128997,0.89736115,0.001824,297569.93,297562.20,4161.91,4308.04,no,yes
3831,0.398549,0.69022956,0.005636,296167.43,296149.53,3239.08,3113.81,no,yes
3832,-0.996583,0.31898010,-0.014094,294859.73,294874.27,850.18,1185.96,no,yes
3833,-0.145580,0.88425472,-0.002059,294868.11,294871.15,1346.67,1595.33,no,yes
3834,1.106198,0.26865424,0.015644,295106.65,295090.11,1128.83,981.26,no,yes
3835,-0.561085,0.57474632,-0.007935,295049.80,295058.59,1034.03,1176.72,no,yes
3836,-0.245284,0.80623926,-0.003469,298953.04,298967.00,3996.03,4055.16,no,yes
3837,0.102264,0.91854812,0.001446,297397.76,297391.86,4145.22,4011.30,no,yes
3838,-0.378392,0.70514345,-0.005351,294882.21,294888.11,928.56,1252.06,no,yes
3839,-0.101245,0.91935709,-0.001432,298103.02,298108.51,3825.94,3850.14,no,yes
3840,0.317690,0.75072330,0.004493,295052.05,295046.43,1411.13,1065.22,no,yes
3841,-0.026843,0.97858530,-0.000380,294778.00,294778.48,1182.02,1354.68,no,yes
3842,0.077261,0.93841659,0.001093,296733.27,296729.30,3675.12,3592.70,no,yes
3843,-0.091329,0.92723199,-0.001292,294700.07,294701.31,1004.16,900.60,no,yes
3844,0.065006,0.94817010,0.000919,294874.92,294874.06,899.75,966.94,no,yes
3845,-0.065076,0.94811401,-0.000920,295040.71,295042.01,1472.51,1357.44,no,yes
3846,-0.176704,0.85974271,-0.002499,295088.97,295093.89,1826.31,2097.77,no,yes
3847,-0.581103,0.56117758,-0.008218,295560.09,295580.91,2464.53,2598.96,no,yes
3848,0.044940,0.96415576,0.000636,294996.67,294996.01,1097.39,989.36,no,yes
3849,-0.480759,0.63069522,-0.006799,295095.99,295112.77,1370.44,3208.29,no,yes
3850,-0.436024,0.66282436,-0.006166,294905.75,294916.60,1781.13,1737.60,no,yes
3851,-0.690472,0.48990596,-0.009765,294822.34,294836.11,1227.93,1571.06,no,yes
3852,0.058392,0.95343709,0.000826,295061.55,295059.67,2601.32,1888.10,no,yes
3853,0.245428,0.80612768,0.003471,294987.18,294983.67,1072.20,945.20,no,yes
3854,-0.465773,0.64138309,-0.006587,295138.26,295153.30,2053.10,2493.98,no,yes
3855,-0.858684,0.39052540,-0.012144,295044.08,295072.25,2338.64,2300.28,no,yes
3856,0.866166,0.38641054,0.012249,302497.37,302485.03,1143.98,849.73,no,yes
3857,0.383838,0.70110278,0.005428,295057.27,295051.86,1039.26,949.86,no,yes
3858,-0.028252,0.97746108,-0.000400,294849.02,294850.10,2770.94,2612.80,no,yes
3859,-0.199608,0.84178920,-0.002823,294871.29,294875.73,1318.09,1789.46,no,yes
3860,-0.434813,0.66370301,-0.006149,294797.46,294820.26,3450.33,3950.27,no,yes
3861,-0.891926,0.37244402,-0.012614,295105.06,295119.16,978.72,1242.02,no,yes
3862,-0.894694,0.37096147,-0.012653,294838.63,294852.41,1025.08,1149.95,no,yes
3863,-0.489679,0.62436643,-0.006925,294950.62,294966.56,2270.76,2330.20,no,yes
3864,0.297819,0.76584441,0.004212,295082.45,295077.26,1267.00,1196.30,no,yes
3865,-0.420439,0.67416952,-0.005946,294917.39,294927.93,1825.26,1719.89,no,yes
3866,-0.438368,0.66112429,-0.006199,294862.66,294873.66,1828.04,1716.55,no,yes
3867,0.099813,0.92049352,0.001412,303855.55,303853.69,1508.29,1102.86,no,yes
3868,-0.097172,0.92259099,-0.001374,296914.06,296919.14,3651.07,3742.25,no,yes
3869,-0.438500,0.66102869,-0.006201,294943.26,294949.43,863.82,1112.06,no,yes
3870,0.524678,0.59981255,0.007420,295085.78,295077.10,1174.71,1165.43,no,yes
3871,-0.536235,0.59180186,-0.007584,296686.84,296713.46,3495.47,3523.86,no,yes
3872,0.462280,0.64388565,0.006538,297431.46,297406.81,3768.15,3772.44,no,yes
3873,0.424904,0.67091106,0.006009,294785.78,294780.02,1023.26,888.57,no,yes
3874,0.275567,0.78288354,0.003897,294729.24,294725.50,986.05,932.42,no,yes
3875,-0.498153,0.61838178,-0.007045,294840.93,294852.77,1882.98,1450.53,no,yes
3876,-0.313524,0.75388580,-0.004434,297643.25,297659.87,3762.37,3736.18,no,yes
3877,-0.223253,0.82334060,-0.003157,295118.34,295121.99,1043.58,1254.91,no,yes
3878,-0.526590,0.59848415,-0.007447,295086.84,295094.55,941.22,1120.17,no,yes
3879,0.229231,0.81869206,0.003242,295005.23,295001.99,1042.33,950.94,no,yes
3880,-0.661116,0.50854583,-0.009350,295403.34,295433.08,2808.23,3514.54,no,yes
3881,0.443002,0.65776901,0.006265,295000.76,294994.73,991.48,930.76,no,yes
3882,-0.297361,0.76619397,-0.004205,295071.91,295083.07,2558.73,2745.91,no,yes
3883,-0.592849,0.55328881,-0.008384,294978.38,294986.55,988.49,959.32,no,yes
3884,0.788602,0.43035494,0.011153,295190.76,295159.79,3209.25,2262.26,no,yes
3885,-1.359889,0.17388192,-0.019232,294924.07,294952.30,1208.93,1687.34,no,yes
3886,-0.339565,0.73418748,-0.004802,294861.54,294866.24,946.89,1009.11,no,yes
3887,-0.142503,0.88668379,-0.002015,294969.08,294970.95,963.90,898.80,no,yes
3888,-0.295244,0.76781098,-0.004175,295011.90,295025.55,2965.73,3542.72,no,yes
3889,-0.660899,0.50868459,-0.009347,294924.88,294949.53,2689.99,2584.02,no,yes
3890,-0.284653,0.77591328,-0.004026,294995.08,295002.28,1707.63,1867.93,no,yes
3891,0.343412,0.73129242,0.004857,295088.58,295080.84,1242.95,1878.21,no,yes
3892,-0.417644,0.67621223,-0.005906,294857.41,294867.87,1736.35,1804.69,no,yes
3893,-0.028969,0.97688985,-0.000410,298740.66,298742.30,4013.58,3983.85,no,yes
3894,-0.751845,0.45215371,-0.010633,294908.12,294953.99,3669.33,4874.01,no,yes
3895,-0.824764,0.40951679,-0.011664,294889.56,294912.45,1521.53,2320.89,no,yes
3896,0.414423,0.67856873,0.005861,294833.79,294828.18,913.96,997.23,no,yes
3897,-0.618238,0.53642526,-0.008743,307490.50,307498.27,858.02,917.90,no,yes
3898,0.355595,0.72214805,0.005029,299756.23,299728.54,6058.37,4891.67,no,yes
3899,-0.409892,0.68188958,-0.005797,294730.02,294737.85,1312.19,1389.36,no,yes
3900,-0.098864,0.92124741,-0.001398,294939.50,294940.81,918.72,946.26,no,yes
3901,-0.414126,0.67878644,-0.005857,294863.78,294872.63,1237.80,1741.82,no,yes
3902,-0.152005,0.87918496,-0.002150,295178.11,295184.34,3218.00,2539.63,no,yes
3903,0.360309,0.71862009,0.005096,294852.29,294847.24,1000.15,982.57,no,yes
3904,-0.221977,0.82433413,-0.003139,298854.16,298866.79,3942.20,4106.69,no,yes
3905,0.152309,0.87894441,0.002154,294762.55,294758.55,1874.07,1842.17,no,yes
3906,-0.489111,0.62476882,-0.006917,297232.66,297259.75,3923.24,3910.33,no,yes
3907,0.366572,0.71394226,0.005184,310269.70,310258.53,2141.59,2170.49,no,yes
3908,-0.275609,0.78285090,-0.003898,294926.16,294933.02,1776.96,1745.95,no,yes
3909,-0.120063,0.90443465,-0.001698,393180.25,393182.14,1134.69,1088.22,no,yes
3910,-0.171325,0.86397014,-0.002423,295239.81,295257.50,6984.96,7603.06,no,yes
3911,0.908086,0.36384380,0.012842,295016.51,295005.38,844.50,888.34,no,yes
3912,-0.570193,0.56855330,-0.008064,295063.34,295071.72,962.94,1111.46,no,yes
3913,-0.053552,0.95729298,-0.000757,295009.90,295011.15,1935.75,1312.02,no,yes
3914,0.200936,0.84075064,0.002842,295105.22,295085.08,7342.57,6823.12,no,yes
3915,0.158353,0.87418051,0.002239,294837.70,294828.16,4468.38,4036.43,no,yes
3916,-0.339288,0.73439669,-0.004798,294824.46,294831.91,1504.24,1601.65,no,yes
3917,-0.199602,0.84179380,-0.002823,294818.40,294824.64,2249.63,2172.90,no,yes
3918,-0.074044,0.94097648,-0.001047,294808.77,294809.96,1173.53,1107.75,no,yes
3919,0.532001,0.59473154,0.007524,294779.92,294771.19,1174.86,1144.47,no,yes
3920,-0.021260,0.98303851,-0.000301,297407.90,297415.61,25618.08,25654.95,no,yes
3921,0.105621,0.91588416,0.001494,294831.05,294829.20,1284.67,1182.65,no,yes
3922,0.546571,0.58468065,0.007730,295096.69,295086.07,1599.66,1103.66,no,yes
3923,0.797904,0.42493595,0.011284,294876.22,294861.75,1358.86,1200.00,no,yes
3924,-0.418981,0.67523464,-0.005925,295088.05,295094.69,1057.70,1179.10,no,yes
3925,0.204455,0.83799971,0.002891,295137.01,295130.32,2436.36,2185.98,no,yes
3926,-0.701795,0.48281509,-0.009925,294988.56,295000.85,1241.65,1235.89,no,yes
3927,0.158103,0.87437698,0.002236,294825.32,294816.69,4107.13,3591.18,no,yes
3928,-0.469653,0.63860785,-0.006642,295064.60,295076.84,1706.17,1967.69,no,yes
3929,0.392594,0.69462352,0.005552,294817.21,294803.74,2704.85,2111.26,no,yes
3930,0.498785,0.61793603,0.007054,295225.98,295219.21,965.64,952.89,no,yes
3931,-0.172784,0.86282329,-0.002444,295321.58,295337.17,6310.58,6449.95,no,yes
3932,0.941182,0.34662388,0.013310,294899.11,294870.79,2376.14,1845.47,no,yes
3933,-0.821117,0.41158930,-0.011612,294988.40,295008.32,1624.08,1802.67,no,yes
3934,-0.089859,0.92839990,-0.001271,294839.68,294841.24,1104.23,1330.21,no,yes
3935,0.051054,0.95928277,0.000722,295052.20,295051.48,954.90,1039.92,no,yes
3936,-0.389094,0.69721109,-0.005503,302927.53,302946.82,3430.28,3580.91,no,yes
3937,0.193825,0.84631509,0.002741,294991.20,294988.53,984.82,960.45,no,yes
3938,0.504540,0.61388787,0.007135,295351.91,295344.21,1124.47,1030.92,no,yes
3939,0.141287,0.88764453,0.001998,295063.98,295058.88,2388.45,2714.50,no,yes
3940,0.633904,0.52615100,0.008965,294885.35,294875.58,1093.48,1086.32,no,yes
3941,1.200579,0.22993909,0.016979,295058.48,295016.78,3339.87,955.10,no,yes
3942,-0.503591,0.61455451,-0.007122,295104.41,295111.29,943.48,988.75,no,yes
3943,0.560371,0.57523275,0.007925,294986.56,294976.35,1247.79,1326.89,no,yes
3944,0.398845,0.69001139,0.005641,294846.80,294839.97,1277.41,1139.54,no,yes
3945,0.446883,0.65496455,0.006320,296122.22,296115.55,1114.25,993.51,no,yes
3946,0.626326,0.53110817,0.008858,294840.91,294832.44,984.13,928.38,no,yes
3947,-0.150633,0.88026714,-0.002130,295196.62,295201.29,2198.18,2186.52,no,yes
3948,-0.979879,0.32715774,-0.013858,295019.83,295057.59,2526.91,2909.63,no,yes
3949,-0.701434,0.48304059,-0.009920,295071.37,295081.95,1012.48,1118.54,no,yes
3950,-0.459246,0.64606238,-0.006495,295027.62,295034.91,1133.76,1109.84,no,yes
3951,-0.163320,0.87026802,-0.002310,295241.60,295250.60,3697.16,4086.44,no,yes
3952,-0.107484,0.91440613,-0.001520,294886.82,294888.26,935.15,948.82,no,yes
3953,-0.863464,0.38789283,-0.012211,295096.37,295107.31,834.93,951.96,no,yes
3954,1.066899,0.28603029,0.015088,295033.72,295021.70,843.16,747.19,no,yes
3955,0.165928,0.86821554,0.002347,295075.55,295071.74,1689.08,1558.75,no,yes
3956,0.307148,0.75873376,0.004344,295069.66,295065.57,899.90,980.27,no,yes
3957,-0.037260,0.97027810,-0.000527,305260.36,305260.94,1116.63,1095.30,no,yes
3958,-0.742884,0.45756157,-0.010506,294997.81,295022.21,1837.42,2722.56,no,yes
3959,0.308681,0.75756804,0.004365,295054.83,295047.39,1943.90,1424.93,no,yes
3960,-1.510163,0.13101763,-0.021357,294866.30,294894.41,1266.12,1364.58,no,yes
3961,0.034792,0.97224600,0.000492,294816.19,294814.34,4006.23,3466.49,no,yes
3962,-1.071014,0.28417649,-0.015146,294814.08,294831.46,1049.50,1237.99,no,yes
3963,0.020108,0.98395749,0.000284,295172.87,295172.24,2118.46,2354.70,no,yes
3964,-0.090180,0.92814508,-0.001275,295083.39,295085.09,1139.39,1497.36,no,yes
3965,-0.428844,0.66804130,-0.006065,294947.35,294963.79,2400.26,2989.37,no,yes
3966,-0.016595,0.98675955,-0.000235,295100.79,295101.00,880.62,879.11,no,yes
3967,-0.534246,0.59317717,-0.007555,294980.09,294988.59,1075.13,1173.41,no,yes
3968,0.348288,0.72762746,0.004926,294812.65,294805.73,1438.14,1368.82,no,yes
3969,0.047325,0.96225429,0.000669,295289.97,295285.78,6249.76,6262.72,no,yes
3970,1.355119,0.17539486,0.019164,294995.08,294976.55,989.43,944.50,no,yes
3971,0.367720,0.71308653,0.005200,294971.49,294962.13,2014.97,1557.78,no,yes
3972,-0.393707,0.69380200,-0.005568,295091.92,295118.03,4257.18,5085.81,no,yes
3973,-1.101998,0.27047608,-0.015585,294999.16,295016.55,1028.65,1196.45,no,yes
3974,-0.773278,0.43937162,-0.010936,295026.61,295047.51,1046.33,2492.23,no,yes
3975,0.682755,0.49476988,0.009656,294782.43,294762.91,2118.61,1920.25,no,yes
3976,1.119004,0.26315391,0.015825,295109.56,295074.63,2592.08,1738.94,no,yes
3977,-0.271020,0.78637877,-0.003833,295039.46,295053.04,3315.94,3756.66,no,yes
3978,-1.468452,0.14199753,-0.020767,295007.15,295027.23,905.21,1024.75,no,yes
3979,-0.437459,0.66178314,-0.006187,294868.04,294875.72,1241.75,1241.03,no,yes
3980,-1.135456,0.25619858,-0.016058,295098.94,295114.49,849.53,1074.08,no,yes
3981,-0.162083,0.87124241,-0.002292,297289.11,297345.23,24238.20,24724.85,no,yes
3982,0.207166,0.83588225,0.002930,294871.79,294867.34,1762.72,1231.42,no,yes
3983,-1.115331,0.26472233,-0.015773,295067.22,295085.19,1082.78,1193.58,no,yes
3984,0.558569,0.57646194,0.007899,294841.93,294833.25,1167.18,1026.77,no,yes
3985,0.475631,0.63434344,0.006726,295010.73,294985.44,4415.15,2965.84,no,yes
3986,0.590555,0.55482583,0.008352,295233.98,295221.31,1714.64,1288.59,no,yes
3987,-0.295982,0.76724680,-0.004186,295073.29,295076.96,865.01,888.14,no,yes
3988,-0.117717,0.90629273,-0.001665,295079.99,295082.89,1759.58,1719.34,no,yes
3989,-0.145103,0.88463089,-0.002052,295065.81,295074.65,4297.08,4314.61,no,yes
3990,1.211829,0.22559245,0.017138,295014.98,294998.47,1018.30,905.91,no,yes
3991,-0.915685,0.35984497,-0.012950,294796.22,294850.82,3323.27,4950.08,no,yes
3992,-0.482834,0.62921879,-0.006828,294954.57,294961.13,966.38,954.14,no,yes
3993,-1.326834,0.18458636,-0.018764,294783.21,294834.57,1458.92,3585.25,no,yes
3994,0.858634,0.39055261,0.012143,294905.91,294888.89,1468.94,1331.13,no,yes
3995,0.487468,0.62593205,0.006894,294834.77,294828.25,926.75,962.97,no,yes
3996,0.210435,0.83333056,0.002976,294833.03,294830.06,1021.79,970.91,no,yes
3997,-0.234217,0.81481916,-0.003312,295067.53,295070.96,949.28,1111.03,no,yes
3998,-0.503588,0.61455646,-0.007122,294784.69,294794.24,1449.63,1222.58,no,yes
3999,2.124032,0.03368733,0.030038,295086.91,294983.43,4610.25,1575.03,yes,yes
4000,-0.292077,0.77023095,-0.004131,295081.50,295091.25,2288.69,2432.37,no,yes
4001,0.724236,0.46892982,0.010242,295146.15,295121.41,2666.54,2134.98,no,yes
4002,0.896049,0.37023764,0.012672,294919.50,294905.82,1159.73,992.33,no,yes
4003,-0.246128,0.80558596,-0.003481,294817.52,294824.27,1849.78,2025.88,no,yes
4004,-0.997568,0.31850178,-0.014108,295032.09,295103.02,4288.05,5672.54,no,yes
4005,0.376136,0.70682016,0.005319,294912.35,294906.39,1177.46,1058.49,no,yes
4006,0.813428,0.41598264,0.011504,294872.28,294861.08,1032.14,911.51,no,yes
4007,0.384455,0.70064524,0.005437,295163.79,295152.74,2100.86,1961.40,no,yes
4008,-1.135980,0.25597909,-0.016065,295070.81,295086.23,866.30,1044.50,no,yes
4009,-1.436258,0.15094510,-0.020312,294906.95,294927.65,922.91,1106.97,no,yes
4010,-0.058367,0.95345718,-0.000825,294909.78,294912.31,3133.32,2999.74,no,yes
4011,-0.364039,0.71583301,-0.005148,294841.62,294853.13,2075.99,2386.30,no,yes
4012,0.055589,0.95567001,0.000786,393238.45,393235.65,3598.49,3517.31,no,yes
4013,-0.471234,0.63747913,-0.006664,294969.85,294976.58,1036.93,984.31,no,yes
4014,0.460673,0.64503846,0.006515,295087.29,295063.56,4008.64,3235.00,no,yes
4015,-0.417126,0.67659067,-0.005899,295096.58,295103.96,1117.37,1374.11,no,yes
4016,-0.510359,0.60980646,-0.007218,295160.40,295190.02,3154.67,4870.30,no,yes
4017,-0.964129,0.33499456,-0.013635,294919.08,294951.50,1916.41,2762.65,no,yes
4018,-0.862430,0.38846187,-0.012197,294802.02,294823.95,1585.90,1988.40,no,yes
4019,0.721646,0.47052213,0.010206,294896.16,294884.18,1383.73,917.52,no,yes
4020,-0.278276,0.78080375,-0.003935,294833.29,294839.76,1801.80,1467.40,no,yes
4021,-0.420289,0.67427893,-0.005944,295383.05,295388.01,845.66,821.79,no,yes
4022,0.009703,0.99225797,0.000137,294747.94,294747.79,1054.24,1045.90,no,yes
4023,0.462300,0.64387154,0.006538,294910.70,294895.54,2524.60,2092.62,no,yes
4024,-1.282422,0.19971034,-0.018136,295144.08,295162.78,890.54,1154.39,no,yes
4025,-0.374716,0.70787611,-0.005299,295176.74,295194.64,3059.54,3669.70,no,yes
4026,-0.301217,0.76325190,-0.004260,295136.38,295142.26,1414.26,1345.59,no,yes
4027,0.551999,0.58095529,0.007806,294932.75,294925.82,906.34,868.87,no,yes
4028,0.123415,0.90177995,0.001745,294763.42,294761.53,1153.72,1005.22,no,yes
4029,-0.103432,0.91762118,-0.001463,294766.30,294767.97,1103.36,1175.06,no,yes
4030,0.538778,0.59004618,0.007619,294985.56,294977.68,1113.26,947.64,no,yes
4031,-0.078556,0.93738657,-0.001111,295011.33,295013.70,2027.32,2233.24,no,yes
4032,-1.306333,0.19145678,-0.018474,295037.33,295094.13,2381.84,3637.63,no,yes
4033,-0.564975,0.57209686,-0.007990,294883.76,294915.68,3815.38,4166.96,no,yes
4034,-0.252131,0.80094212,-0.003566,295073.65,295077.82,1136.43,1200.43,no,yes
4035,-1.380930,0.16731668,-0.019529,294947.91,294966.40,837.75,1044.57,no,yes
4036,-0.895590,0.37048943,-0.012666,295005.11,295035.27,1074.58,3190.81,no,yes
4037,0.008352,0.99333647,0.000118,294988.97,294988.78,1394.71,1765.38,no,yes
4038,1.002994,0.31587670,0.014184,295020.33,295005.79,1130.28,907.14,no,yes
4039,-0.505858,0.61296214,-0.007154,294738.25,294745.77,1038.81,1062.82,no,yes
4040,-0.039216,0.96871892,-0.000555,295093.15,295094.59,2723.62,2474.61,no,yes
4041,-0.374474,0.70805574,-0.005296,295005.19,295015.50,2002.65,1889.34,no,yes
4042,-1.155056,0.24808146,-0.016335,294896.82,294916.08,1103.11,1250.95,no,yes
4043,0.613428,0.53960050,0.008675,294873.27,294864.66,1037.17,947.72,no,yes
4044,0.084782,0.93243520,0.001199,363890.78,363888.59,1902.04,1751.04,no,yes
4045,-0.102207,0.91859342,-0.001445,295121.52,295123.52,1514.98,1243.78,no,yes
4046,-0.266941,0.78951738,-0.003775,295080.38,295092.87,3392.75,3222.23,no,yes
4047,-1.055581,0.29117295,-0.014928,295045.30,295059.42,864.57,1020.78,no,yes
4048,-0.006117,0.99511949,-0.000087,295078.02,295078.30,3524.77,3119.01,no,yes
4049,0.397656,0.69088839,0.005624,295372.61,295335.19,6847.95,6453.13,no,yes
4050,1.008144,0.31339778,0.014257,295057.48,295033.16,1760.19,1648.85,no,yes
4051,0.535641,0.59221340,0.007575,295184.81,295166.64,2859.51,1826.02,no,yes
4052,0.023440,0.98129914,0.000331,295404.15,295402.05,6865.34,5792.17,no,yes
4053,-0.895190,0.37069719,-0.012660,294960.31,294985.35,1671.06,2243.18,no,yes
4054,-0.074281,0.94078761,-0.001050,300662.91,300680.61,16932.63,16747.69,no,yes
4055,-0.062156,0.95043922,-0.000879,298493.08,298498.49,6343.22,5978.07,no,yes
4056,-0.339192,0.73446839,-0.004797,294933.26,294937.87,962.26,961.65,no,yes
4057,0.302735,0.76209479,0.004281,305402.75,305398.39,985.85,1047.67,no,yes
4058,-0.812348,0.41660153,-0.011488,295013.64,295025.00,958.29,1017.53,no,yes
4059,0.066127,0.94727734,0.000935,294884.68,294883.86,816.03,927.26,no,yes
4060,0.370653,0.71089982,0.005242,295071.88,295066.92,888.78,1003.31,no,yes
4061,-0.089114,0.92899190,-0.001260,295135.04,295136.30,1053.48,931.57,no,yes
4062,-0.297722,0.76591839,-0.004210,294839.68,294846.12,1484.46,1574.61,no,yes
4063,-0.117801,0.90622622,-0.001666,295172.27,295175.12,1628.19,1786.23,no,yes
4064,-0.132126,0.89488585,-0.001869,295058.23,295060.21,1124.41,992.50,no,yes
4065,0.636320,0.52457517,0.008999,295756.93,295746.37,1126.46,1219.25,no,yes
4066,-0.055303,0.95589758,-0.000782,295352.43,295356.55,5110.35,5416.29,no,yes
4067,-0.167603,0.86689694,-0.002370,294867.92,294879.12,4789.70,4658.35,no,yes
4068,-0.666519,0.50508706,-0.009426,302595.16,302602.89,775.02,863.96,no,yes
4069,0.352981,0.72410691,0.004992,295180.29,295161.21,4631.57,2788.42,no,yes
4070,-0.011771,0.99060829,-0.000166,295048.23,295048.41,1052.25,1121.22,no,yes
4071,0.950489,0.34187560,0.013442,295068.96,295056.37,999.34,869.04,no,yes
4072,-0.470300,0.63814598,-0.006651,294861.60,294871.58,1344.15,1643.95,no,yes
4073,0.258490,0.79603271,0.003656,294838.93,294831.90,2433.75,1213.81,no,yes
4074,-0.401140,0.68832178,-0.005673,295098.16,295103.51,863.97,1014.56,no,yes
4075,0.685452,0.49306691,0.009694,295055.77,295032.57,2455.78,2330.00,no,yes
4076,-1.015805,0.30973444,-0.014366,294875.70,294892.16,1098.27,1191.57,no,yes
4077,0.196753,0.84402263,0.002783,295096.38,295093.50,1070.16,997.86,no,yes
4078,-1.117524,0.26378563,-0.015804,295002.73,295049.88,2350.79,3503.99,no,yes
4079,0.786380,0.43165411,0.011121,295080.00,295066.72,1257.37,1126.73,no,yes
4080,-0.509613,0.61032863,-0.007207,294880.22,294887.05,892.57,997.38,no,yes
4081,0.438257,0.66120461,0.006198,294917.21,294911.23,1021.05,903.74,no,yes
4082,0.002792,0.99777223,0.000039,294969.19,294969.10,2133.81,2506.02,no,yes
4083,-0.273567,0.78441986,-0.003869,295264.08,295273.53,2328.33,2550.57,no,yes
4084,0.157713,0.87468472,0.002230,295083.80,295080.09,1595.56,1735.61,no,yes
4085,0.419925,0.67454486,0.005939,295079.51,295073.39,1018.40,1042.84,no,yes
4086,1.501638,0.13320687,0.021236,294860.62,294842.05,950.63,790.75,no,yes
4087,0.000000,1.00000000,0.000000,295085.01,295085.01,943.10,995.37,no,yes
4088,-0.068556,0.94534381,-0.000970,295118.13,295121.58,3774.27,3321.14,no,yes
4089,0.203730,0.83856692,0.002881,295125.99,295123.20,988.43,945.52,no,yes
4090,-0.577341,0.56371738,-0.008165,294900.46,294918.22,1551.97,2654.88,no,yes
4091,0.279536,0.77983638,0.003953,295064.46,295057.29,2106.75,1467.03,no,yes
4092,0.196081,0.84454893,0.002773,295170.58,295167.97,966.23,919.45,no,yes
4093,0.467124,0.64041626,0.006606,294917.57,294911.39,919.68,950.33,no,yes
4094,0.200448,0.84113263,0.002835,308929.64,308916.67,4922.26,4198.26,no,yes
4095,0.143551,0.88585670,0.002030,295078.35,295076.00,1153.11,1165.94,no,yes
4096,0.566837,0.57083119,0.008016,294982.06,294972.82,1171.97,1131.10,no,yes
4097,0.665628,0.50565633,0.009413,294804.66,294795.81,941.77,938.69,no,yes
4098,-0.354652,0.72285458,-0.005016,294773.35,294787.75,2505.31,3196.76,no,yes
4099,0.172216,0.86326973,0.002435,295173.22,295170.68,1076.10,1009.56,no,yes
4100,0.499406,0.61749916,0.007063,294995.79,294972.38,3716.49,2859.60,no,yes
4101,-0.898951,0.36868971,-0.012713,294954.62,294967.01,960.48,989.17,no,yes
4102,0.061510,0.95095383,0.000870,294848.46,294846.47,2111.97,2449.31,no,yes
4103,0.153210,0.87823435,0.002167,295126.06,295121.09,2347.47,2242.90,no,yes
4104,-0.256172,0.79782064,-0.003623,294871.46,294875.41,1096.39,1084.25,no,yes
4105,-0.130515,0.89616011,-0.001846,294950.99,294956.16,2569.91,3022.29,no,yes
4106,-0.910908,0.36235506,-0.012882,294857.35,294872.86,1158.63,1247.61,no,yes
4107,0.427491,0.66902673,0.006046,295193.13,295163.27,5187.55,4678.67,no,yes
4108,-0.320860,0.74832009,-0.004538,295038.96,295043.70,1105.41,980.58,no,yes
4109,-0.507611,0.61173250,-0.007179,295089.55,295118.66,3357.27,4648.82,no,yes
4110,-0.745710,0.45585163,-0.010546,294889.83,294910.42,1886.49,2016.14,no,yes
4111,-0.789730,0.42969541,-0.011168,295028.94,295073.51,3349.70,4543.49,no,yes
4112,0.612115,0.54046856,0.008657,294910.02,294895.81,1586.73,1695.32,no,yes
4113,-0.409022,0.68252813,-0.005784,304851.77,304858.10,1054.19,1132.78,no,yes
4114,-0.129143,0.89724551,-0.001826,294850.63,294852.55,967.54,1125.85,no,yes
4115,-0.363640,0.71613085,-0.005143,294982.18,294996.84,2609.95,3073.20,no,yes
4116,-0.649297,0.51615393,-0.009182,295140.14,295149.37,1053.42,955.17,no,yes
4117,-0.271429,0.78606399,-0.003839,294873.69,294879.34,1482.06,1458.77,no,yes
4118,0.007077,0.99435352,0.000100,295085.29,295085.18,1103.28,994.13,no,yes
4119,0.220964,0.82512301,0.003125,295011.92,295008.62,1018.11,1091.47,no,yes
4120,-0.694281,0.48751381,-0.009819,393204.77,393223.10,1828.19,1904.70,no,yes
4121,0.478887,0.63202476,0.006772,294924.96,294908.26,2744.21,2151.19,no,yes
4122,0.610388,0.54161182,0.008632,294828.58,294814.69,1769.08,1431.23,no,yes
4123,-0.537741,0.59076246,-0.007605,294898.24,294914.93,2532.53,1794.04,no,yes
4124,-1.014718,0.31025298,-0.014350,294811.54,294831.28,1274.46,1469.96,no,yes
4125,-0.272587,0.78517383,-0.003855,295000.33,295025.52,6539.49,6528.46,no,yes
4126,-0.771508,0.44041643,-0.010911,294887.21,294918.60,2280.55,3368.59,no,yes
4127,-0.643964,0.51960881,-0.009107,294964.53,294981.08,1119.44,2313.59,no,yes
4128,0.047828,0.96185359,0.000676,295004.58,295001.53,4525.13,4490.56,no,yes
4129,-0.110231,0.91222769,-0.001559,295254.25,295255.64,949.76,834.45,no,yes
4130,0.270905,0.78646720,0.003831,294949.28,294936.88,3502.95,2945.14,no,yes
4131,-0.877133,0.38042529,-0.012405,295041.41,295053.82,903.88,1088.46,no,yes
4132,-0.365539,0.71471288,-0.005170,295221.15,295242.74,3759.55,4556.82,no,yes
4133,0.310366,0.75628612,0.004389,294933.64,294925.35,2188.73,1530.42,no,yes
4134,-0.805034,0.42080987,-0.011385,295053.05,295078.61,2027.26,2443.56,no,yes
4135,0.104224,0.91699270,0.001474,295052.73,295050.01,2028.91,1648.47,no,yes
4136,-0.116636,0.90715012,-0.001649,294818.14,294820.97,1323.64,2036.48,no,yes
4137,-0.584179,0.55910683,-0.008262,294915.75,294939.53,2750.62,3000.07,no,yes
4138,0.580473,0.56160258,0.008209,295136.94,295107.56,3841.95,3294.77,no,yes
4139,-0.782731,0.43379498,-0.011069,295117.78,295143.41,2009.03,2585.72,no,yes
4140,0.238607,0.81141254,0.003374,294844.42,294840.94,1030.95,1033.29,no,yes
4141,0.135506,0.89221308,0.001916,294882.37,294877.35,2628.47,2607.50,no,yes
4142,-0.039267,0.96867768,-0.000555,295194.08,295195.22,1978.01,2118.11,no,yes
4143,-0.013855,0.98894616,-0.000196,294825.68,294825.85,968.91,850.29,no,yes
4144,1.222094,0.22168645,0.017283,393149.70,393133.21,1000.76,905.25,no,yes
4145,1.254954,0.20951026,0.017748,295057.43,295038.69,1100.13,1010.05,no,yes
4146,0.131160,0.89564968,0.001855,295339.52,295327.34,6734.54,6393.12,no,yes
4147,-0.083314,0.93360306,-0.001178,294971.65,294976.08,3224.33,4219.36,no,yes
4148,0.511612,0.60892909,0.007235,295744.92,295727.96,2785.47,1795.94,no,yes
4149,-0.773557,0.43920196,-0.010940,295176.09,295191.11,1347.83,1398.30,no,yes
4150,0.557802,0.57698610,0.007889,295109.03,295101.32,968.12,986.53,no,yes
4151,-0.011723,0.99064683,-0.000166,294968.13,294968.79,4183.41,3776.70,no,yes
4152,0.020565,0.98359287,0.000291,294815.53,294815.13,1021.43,1652.97,no,yes
4153,-0.004265,0.99659721,-0.000060,294775.29,294775.45,2713.66,2525.54,no,yes
4154,-0.364801,0.71526472,-0.005159,294842.22,294850.40,1164.41,1917.15,no,yes
4155,-0.337124,0.73602688,-0.004768,295056.07,295060.50,878.76,979.59,no,yes
4156,0.062430,0.95022129,0.000883,295029.59,295028.79,911.89,901.90,no,yes
4157,0.022463,0.98207854,0.000318,295016.74,295016.43,934.98,1013.21,no,yes
4158,0.247216,0.80474398,0.003496,295463.76,295458.69,1479.82,1419.36,no,yes
4159,-0.912957,0.36127720,-0.012911,295126.69,295148.28,1417.88,1893.36,no,yes
4160,-0.091895,0.92678290,-0.001300,294870.07,294872.59,1315.72,2400.44,no,yes
4161,-1.788456,0.07371793,-0.025293,294778.01,294803.38,927.02,1073.45,no,yes
4162,0.397406,0.69107287,0.005620,295094.31,295082.72,2376.76,1689.25,no,yes
4163,-1.152890,0.24897080,-0.016304,295031.66,295052.18,1018.33,1459.85,no,yes
4164,-0.423146,0.67219329,-0.005984,295011.74,295017.36,977.96,897.18,no,yes
4165,-1.301198,0.19320581,-0.018402,295076.96,295096.59,1024.08,1108.11,no,yes
4166,0.044182,0.96475965,0.000625,295080.13,295077.61,4572.93,3406.16,no,yes
4167,0.206386,0.83649136,0.002919,295372.14,295353.54,6455.33,6288.39,no,yes
4168,-0.023372,0.98135390,-0.000331,294864.81,294866.27,4533.20,4274.36,no,yes
4169,-0.499493,0.61743800,-0.007064,295007.59,295020.96,2032.18,1744.79,no,yes
4170,0.227006,0.82042167,0.003210,295021.14,295017.94,1078.19,910.14,no,yes
4171,-0.372333,0.70964865,-0.005266,294962.01,294973.82,2056.13,2416.79,no,yes
4172,-0.235835,0.81356351,-0.003335,295120.39,295123.37,835.67,949.10,no,yes
4173,-1.054343,0.29173944,-0.014911,294776.41,294793.21,964.53,1268.93,no,yes
4174,0.512334,0.60842298,0.007245,294840.41,294833.11,993.96,1019.84,no,yes
4175,0.426291,0.66990113,0.006029,295052.09,295036.25,2992.13,2203.76,no,yes
4176,0.303165,0.76176706,0.004287,295103.45,295094.69,2127.20,1958.50,no,yes
4177,1.463710,0.14328879,0.020700,295076.68,295055.42,1032.70,1021.74,no,yes
4178,-0.209427,0.83411725,-0.002962,294883.08,294886.12,1069.75,979.35,no,yes
4179,0.924883,0.35503947,0.013080,295553.93,295536.16,1602.80,1059.31,no,yes
4180,-0.699642,0.48415898,-0.009894,294888.69,294910.72,2288.98,2161.91,no,yes
4181,0.921965,0.35655847,0.013039,294877.54,294862.20,1320.99,1012.09,no,yes
4182,0.307777,0.75825524,0.004353,294785.03,294780.98,971.14,884.81,no,yes
4183,-0.249716,0.80280939,-0.003532,294888.23,294896.05,2132.69,2294.79,no,yes
4184,-0.974456,0.32984215,-0.013781,294773.38,294786.56,959.96,953.08,no,yes
4185,-1.208534,0.22685639,-0.017091,295762.98,295782.28,1073.24,1182.59,no,yes
4186,0.451807,0.65141317,0.006390,294854.02,294848.44,932.24,810.26,no,yes
4187,-0.064990,0.94818294,-0.000919,294947.39,294951.00,4047.80,3806.69,no,yes
4188,-0.563254,0.57326828,-0.007966,295059.38,295067.53,969.49,1075.87,no,yes
4189,0.493327,0.62178954,0.006977,295012.23,294999.46,2383.71,1008.64,no,yes
4190,-0.494758,0.62077650,-0.006997,294801.86,294818.65,2458.93,2338.34,no,yes
4191,0.690500,0.48988776,0.009765,296232.54,296222.74,1048.84,956.78,no,yes
4192,-0.067013,0.94657167,-0.000948,295003.70,295006.82,3383.31,3185.10,no,yes
4193,0.911262,0.36217322,0.012887,294752.58,294726.11,2644.70,1203.25,no,yes
4194,-0.167186,0.86722543,-0.002364,294956.71,294961.04,2109.63,1495.06,no,yes
4195,-0.705485,0.48051694,-0.009977,295133.79,295143.94,974.48,1058.07,no,yes
4196,-0.617286,0.53705352,-0.008730,294960.51,294985.27,2466.96,3163.73,no,yes
4197,0.802583,0.42222565,0.011350,294823.13,294805.66,1696.49,1363.00,no,yes
4198,0.085055,0.93221892,0.001203,295110.83,295108.55,2337.77,1309.31,no,yes
4199,0.085450,0.93190445,0.001208,295102.35,295100.39,1532.16,1708.06,no,yes
4200,0.245176,0.80632251,0.003467,294923.27,294913.19,3113.81,2687.25,no,yes
4201,-0.217183,0.82806773,-0.003071,295066.58,295069.94,1081.04,1107.10,no,yes
4202,-0.707168,0.47947025,-0.010001,294863.50,294875.93,1195.17,1289.78,no,yes
4203,0.308360,0.75781200,0.004361,295033.04,295028.69,1034.65,958.69,no,yes
4204,-0.265337,0.79075285,-0.003752,294931.86,294948.11,4373.83,4288.79,no,yes
4205,-0.266580,0.78979499,-0.003770,295005.21,295028.86,6183.54,6362.61,no,yes
4206,-1.050128,0.29367335,-0.014851,305526.31,305578.07,2873.77,4004.57,no,yes
4207,0.745157,0.45618551,0.010538,294833.44,294823.72,919.61,925.27,no,yes
4208,-0.354314,0.72310731,-0.005011,295235.99,295245.24,2022.66,1650.42,no,yes
4209,0.324381,0.74565338,0.004587,294899.38,294890.73,2210.84,1490.37,no,yes
4210,0.498583,0.61807901,0.007051,294923.74,294907.47,2666.13,1880.69,no,yes
4211,-0.317830,0.75061751,-0.004495,294971.42,294979.04,1720.67,1668.40,no,yes
4212,0.821559,0.41133774,0.011619,295087.74,295077.89,881.01,813.44,no,yes
4213,-0.617713,0.53677270,-0.008736,294981.41,294999.79,1653.61,2474.18,no,yes
4214,0.071086,0.94332967,0.001005,295063.53,295061.95,1517.99,1615.82,no,yes
4215,0.939787,0.34733877,0.013291,294946.10,294932.83,1097.75,886.63,no,yes
4216,0.172078,0.86337810,0.002434,295077.15,295072.20,2069.87,1999.46,no,yes
4217,-0.594571,0.55213738,-0.008409,295400.89,295417.12,1683.67,2147.86,no,yes
4218,0.299128,0.76484542,0.004230,295071.97,295067.27,1104.64,1118.84,no,yes
4219,-1.697585,0.08960272,-0.024007,294918.55,294939.55,746.96,985.65,no,yes
4220,0.527384,0.59793271,0.007458,295065.80,295058.34,947.95,1051.55,no,yes
4221,0.244115,0.80714438,0.003452,294821.64,294815.75,1575.12,1826.70,no,yes
4222,-0.159457,0.87331029,-0.002255,295345.89,295359.91,6131.15,6298.84,no,yes
4223,-0.269771,0.78733901,-0.003815,295368.88,295383.50,3832.13,3833.22,no,yes
4224,-0.238973,0.81112923,-0.003380,294986.53,294990.52,1030.95,1314.14,no,yes
4225,-0.183793,0.85417799,-0.002599,294948.69,294958.59,3752.95,3861.72,no,yes
4226,0.217110,0.82812459,0.003070,295007.50,295004.89,855.20,845.53,no,yes
4227,-0.305329,0.76011907,-0.004318,295220.46,295226.15,1243.80,1388.72,no,yes
4228,-0.669348,0.50328118,-0.009466,294945.59,294954.85,960.83,994.79,no,yes
4229,-0.890315,0.37330766,-0.012591,295285.60,295298.92,1035.88,1080.03,no,yes
4230,-0.330920,0.74070825,-0.004680,294992.38,294999.39,1428.60,1564.11,no,yes
4231,-0.102893,0.91804885,-0.001455,294909.91,294915.18,3612.36,3636.72,no,yes
4232,0.625938,0.53136255,0.008852,294910.24,294894.42,1800.56,1771.88,no,yes
4233,-0.922519,0.35626882,-0.013046,294711.92,294723.45,872.81,894.97,no,yes
4234,-0.145291,0.88448281,-0.002055,295200.17,295206.68,3178.43,3165.68,no,yes
4235,0.390448,0.69620920,0.005522,295076.10,295066.57,1705.40,1745.97,no,yes
4236,0.814507,0.41536475,0.011519,295233.96,295209.70,2355.19,1823.43,no,yes
4237,0.018124,0.98554051,0.000256,294840.17,294839.72,1856.53,1687.57,no,yes
4238,0.448314,0.65393127,0.006340,294829.43,294821.12,1353.48,1267.88,no,yes
4239,0.334603,0.73792808,0.004732,294852.67,294847.02,1201.23,1185.66,no,yes
4240,0.296299,0.76700506,0.004190,294857.33,294847.93,2257.47,2232.12,no,yes
4241,0.199459,0.84190546,0.002821,300680.65,300674.55,2269.28,2050.28,no,yes
4242,-0.362292,0.71713789,-0.005124,294925.13,294945.67,3703.88,4290.68,no,yes
4243,-1.727517,0.08409440,-0.024431,294783.79,294825.45,1182.16,2102.16,no,yes
4244,-0.255767,0.79813316,-0.003617,310306.86,310314.93,2294.70,2160.62,no,yes
4245,-0.312538,0.75463537,-0.004420,295162.28,295172.62,2691.91,1918.35,no,yes
4246,0.550248,0.58215560,0.007782,295067.79,295060.60,994.74,846.90,no,yes
4247,-1.526213,0.12697272,-0.021584,294748.19,294770.52,973.79,1091.71,no,yes
4248,1.067294,0.28585420,0.015094,295281.87,295258.33,1853.85,1193.45,no,yes
4249,0.522312,0.60145907,0.007387,295091.35,295084.48,956.51,902.51,no,yes
4250,-0.379422,0.70437865,-0.005366,294964.18,294969.31,983.81,925.69,no,yes
4251,-0.615070,0.53851534,-0.008698,294910.48,294925.63,1728.26,1754.51,no,yes
4252,0.732400,0.46393558,0.010358,305452.75,305434.40,2177.30,1239.00,no,yes
4253,0.012089,0.99035447,0.000171,295050.66,295050.51,849.71,950.15,no,yes
4254,0.286061,0.77483451,0.004046,294843.33,294836.53,1569.04,1787.12,no,yes
4255,0.326635,0.74394763,0.004619,295090.96,295079.62,2615.00,2284.79,no,yes
4256,-0.095235,0.92412937,-0.001347,302825.32,302833.71,6160.59,6297.91,no,yes
4257,-0.000261,0.99979209,-0.000004,294949.30,294949.31,3444.15,3714.63,no,yes
4258,0.647470,0.51733558,0.009157,295095.08,295086.64,957.95,883.93,no,yes
4259,0.687899,0.49152674,0.009728,295168.09,295133.72,4395.26,2377.21,no,yes
4260,0.062873,0.94986834,0.000889,295262.00,295256.46,6319.88,6140.52,no,yes
4261,-0.470789,0.63779635,-0.006658,300731.05,300743.97,1947.57,1933.68,no,yes
4262,0.072555,0.94216066,0.001026,295100.30,295097.98,2211.13,2314.40,no,yes
4263,-0.760964,0.44668810,-0.010762,294723.34,294741.20,1461.27,1837.25,no,yes
4264,-0.316461,0.75165601,-0.004475,294940.31,294950.89,2019.59,2663.13,no,yes
4265,-0.349593,0.72664774,-0.004944,294897.74,294903.61,1239.71,1133.35,no,yes
4266,-0.152182,0.87904493,-0.002152,295150.31,295153.63,1575.51,1511.59,no,yes
4267,-0.521925,0.60172833,-0.007381,295068.06,295074.81,823.65,998.56,no,yes
4268,-0.919457,0.35786761,-0.013003,295088.33,295114.60,1968.39,2070.39,no,yes
4269,-0.850605,0.39500190,-0.012029,294788.30,294812.92,1386.70,2540.38,no,yes
4270,-0.184469,0.85364743,-0.002609,295052.50,295054.96,891.96,987.63,no,yes
4271,0.428581,0.66823318,0.006061,294858.62,294845.50,2413.59,1885.94,no,yes
4272,-0.879607,0.37908387,-0.012440,295116.35,295138.47,1444.23,2058.83,no,yes
4273,-0.906477,0.36469536,-0.012820,295067.12,295081.25,921.63,1257.57,no,yes
4274,-0.556586,0.57781645,-0.007871,295025.30,295051.88,3343.85,3409.14,no,yes
4275,-0.069054,0.94494733,-0.000977,294913.93,294916.41,3027.48,1948.85,no,yes
4276,0.658007,0.51054180,0.009306,294889.64,294876.28,1565.49,1291.52,no,yes
4277,-0.014505,0.98842689,-0.000205,294835.66,294835.85,965.80,852.88,no,yes
4278,0.078491,0.93743811,0.001110,294804.73,294802.14,2559.12,2069.71,no,yes
4279,-0.295661,0.76749174,-0.004181,294919.67,294924.43,1102.59,1174.85,no,yes
4280,-1.453032,0.14623393,-0.020549,295036.49,295093.87,2037.95,3382.61,no,yes
4281,-0.261615,0.79362102,-0.003700,295082.08,295086.15,1047.36,1147.71,no,yes
4282,1.338043,0.18089800,0.018923,294990.59,294968.44,1259.34,1074.44,no,yes
4283,0.216516,0.82858746,0.003062,310334.42,310329.26,1822.06,1536.91,no,yes
4284,-0.143815,0.88564793,-0.002034,295076.20,295081.23,2455.27,2493.32,no,yes
4285,0.200613,0.84100326,0.002837,294976.97,294971.65,1967.49,1776.77,no,yes
4286,-0.478617,0.63221617,-0.006769,294896.90,294903.13,882.74,957.92,no,yes
4287,0.278972,0.78026892,0.003945,294929.95,294921.38,2120.81,2220.07,no,yes
4288,1.474580,0.14034201,0.020854,294852.68,294832.58,1062.35,854.53,no,yes
4289,-0.680969,0.49589895,-0.009630,294984.22,295000.24,1618.28,1708.25,no,yes
4290,1.323503,0.18568346,0.018717,305282.49,305263.76,1049.87,948.85,no,yes
4291,-0.313137,0.75418041,-0.004428,295242.30,295247.63,1346.88,1041.90,no,yes
4292,0.363823,0.71599442,0.005145,295097.86,295092.99,982.21,906.65,no,yes
4293,-0.675933,0.49909122,-0.009559,294953.56,294980.64,2804.11,2862.05,no,yes
4294,0.162473,0.87093471,0.002298,295077.47,295075.14,1003.87,1022.48,no,yes
4295,0.149305,0.88131468,0.002111,295007.14,295003.52,1707.55,1717.61,no,yes
4296,-0.751732,0.45222121,-0.010631,295086.39,295095.68,834.30,912.23,no,yes
4297,-0.149045,0.88151936,-0.002108,295073.43,295075.43,899.48,998.48,no,yes
4298,0.306998,0.75884782,0.004342,295022.46,294994.63,6601.74,6210.42,no,yes
4299,0.921955,0.35656346,0.013038,295008.24,294995.72,1017.93,898.64,no,yes
4300,-0.452226,0.65111088,-0.006395,295031.92,295039.07,1108.78,1125.90,no,yes
4301,-0.815578,0.41475105,-0.011534,294819.32,294839.71,1791.33,1744.56,no,yes
4302,0.641075,0.52148143,0.009066,295119.75,295111.46,924.98,901.78,no,yes
4303,-0.610274,0.54168767,-0.008631,295033.81,295061.44,2912.62,3464.79,no,yes
4304,-0.532804,0.59417543,-0.007535,295029.26,295038.65,1304.89,1185.16,no,yes
4305,-0.435849,0.66295092,-0.006164,294830.18,294835.96,874.00,997.66,no,yes
4306,-0.421146,0.67365323,-0.005956,302650.57,302659.51,1415.19,1583.27,no,yes
4307,-0.304258,0.76093484,-0.004303,294978.99,294983.21,1023.51,935.88,no,yes
4308,0.013798,0.98899124,0.000195,304727.77,304718.24,48822.46,48799.80,no,yes
4309,0.437212,0.66196327,0.006183,294997.26,294982.99,2818.71,1647.72,no,yes
4310,0.495957,0.61993042,0.007014,295118.43,295100.70,2682.92,2360.22,no,yes
4311,0.177664,0.85898895,0.002513,294793.14,294787.41,2476.92,2062.00,no,yes
4312,0.505642,0.61311445,0.007151,295173.65,295145.37,4728.16,2987.60,no,yes
4313,-0.535351,0.59241387,-0.007571,294874.50,294882.63,916.54,1210.30,no,yes
4314,0.247358,0.80463405,0.003498,295014.86,295011.26,955.53,1101.84,no,yes
4315,-0.053547,0.95729694,-0.000757,294916.08,294916.91,1161.02,1051.07,no,yes
4316,0.581933,0.56061896,0.008230,294819.12,294792.41,3638.73,2795.89,no,yes
4317,0.165768,0.86834129,0.002344,295107.50,295103.12,2044.81,1665.76,no,yes
4318,0.016237,0.98704539,0.000230,295149.64,295149.02,2991.39,2326.29,no,yes
4319,0.070827,0.94353655,0.001002,294954.36,294953.17,1154.90,1215.84,no,yes
4320,-1.260836,0.20738266,-0.017831,294815.25,294831.15,875.98,907.53,no,yes
4321,0.800649,0.42334479,0.011323,294865.77,294852.52,1247.36,1086.43,no,yes
4322,0.358812,0.71974064,0.005074,295602.82,295594.92,1967.35,989.38,no,yes
4323,-1.213643,0.22489953,-0.017164,295096.26,295128.15,1582.75,2097.93,no,yes
4324,0.096031,0.92349684,0.001358,295056.28,295053.31,2241.65,2135.89,no,yes
4325,-1.052290,0.29268035,-0.014882,295085.97,295099.46,750.44,1040.16,no,yes
4326,-0.228343,0.81938222,-0.003229,294998.66,295005.51,1662.53,2496.20,no,yes
4327,-0.550026,0.58230781,-0.007779,294893.40,294908.47,2007.39,1863.92,no,yes
4328,-0.694615,0.48730597,-0.009823,294683.96,294695.64,894.94,1422.68,no,yes
4329,-0.198719,0.84248427,-0.002810,294776.14,294783.80,2885.71,2555.63,no,yes
4330,-1.742303,0.08147139,-0.024640,294712.31,294737.28,912.91,1104.65,no,yes
4331,0.547210,0.58424169,0.007739,294879.08,294861.82,2598.55,1787.95,no,yes
4332,0.352604,0.72438873,0.004987,295035.81,295031.30,942.68,864.27,no,yes
4333,1.177575,0.23898153,0.016653,294771.45,294752.97,1266.60,925.67,no,yes
4334,1.028121,0.30390729,0.014540,294884.51,294865.40,1564.27,1004.62,no,yes
4335,-0.273935,0.78413753,-0.003874,294876.01,294894.36,4882.19,4585.86,no,yes
4336,0.681122,0.49580269,0.009633,295117.80,295103.48,1696.03,1241.66,no,yes
4337,0.671397,0.50197556,0.009495,294995.58,294985.39,1164.54,973.18,no,yes
4338,0.335600,0.73717597,0.004746,294712.19,294707.73,965.01,911.17,no,yes
4339,0.122585,0.90243716,0.001734,295123.92,295120.10,2181.55,2219.16,no,yes
4340,-0.026115,0.97916547,-0.000369,294857.35,294857.71,954.13,950.94,no,yes
4341,-1.291641,0.19650074,-0.018267,294713.63,294766.25,1970.20,3566.07,no,yes
4342,0.525168,0.59947191,0.007427,295005.03,294997.69,973.77,1003.95,no,yes
4343,0.739482,0.45962359,0.010458,294795.83,294784.19,1266.89,934.41,no,yes
4344,-0.263936,0.79183163,-0.003733,294773.24,294779.25,1582.87,1640.14,no,yes
4345,1.193665,0.23262346,0.016881,294883.84,294867.93,986.41,896.72,no,yes
4346,0.327339,0.74341630,0.004629,294915.48,294907.03,2286.12,1201.48,no,yes
4347,-0.451210,0.65184319,-0.006381,307499.23,307505.52,928.11,1039.89,no,yes
4348,0.496041,0.61987120,0.007015,294867.75,294858.51,1514.28,1085.03,no,yes
4349,-1.305388,0.19177610,-0.018461,308739.39,308757.57,905.35,1057.70,no,yes
4350,-1.594329,0.11088052,-0.022547,295080.06,295104.73,858.16,1287.33,no,yes
4351,-0.076885,0.93871547,-0.001087,294868.15,294869.28,1024.37,1063.87,no,yes
4352,-0.598468,0.54953438,-0.008464,295128.31,295141.99,1601.22,1632.40,no,yes
4353,-1.177581,0.23897948,-0.016654,294722.15,294754.48,1576.91,2247.18,no,yes
4354,-0.413016,0.67959936,-0.005841,295048.12,295062.28,2155.96,2667.21,no,yes
4355,-0.502708,0.61517514,-0.007109,294803.36,294810.54,1030.58,991.10,no,yes
4356,-0.264003,0.79178063,-0.003734,295138.13,295146.86,2329.58,2344.11,no,yes
4357,0.018090,0.98556732,0.000256,294978.55,294976.93,6356.53,6287.63,no,yes
4358,0.272707,0.78508146,0.003857,294766.17,294761.80,1173.78,1088.17,no,yes
4359,0.324287,0.74572390,0.004586,294859.95,294851.08,2004.72,1861.30,no,yes
4360,0.289569,0.77214946,0.004095,295171.59,295160.71,3237.31,1901.22,no,yes
4361,-2.265965,0.02346771,-0.032046,295094.62,295147.34,1069.29,2066.25,yes,yes
4362,-0.456543,0.64800473,-0.006456,294998.74,295010.26,1686.99,1876.24,no,yes
4363,0.031426,0.97493000,0.000444,295019.89,295019.04,1863.22,1938.19,no,yes
4364,0.080163,0.93610865,0.001134,295226.18,295219.00,6219.83,6447.23,no,yes
4365,-0.712033,0.47645275,-0.010070,294843.40,294870.21,2407.06,2895.67,no,yes
4366,-0.884419,0.37648069,-0.012508,294908.01,294919.50,855.00,976.96,no,yes
4367,-0.254469,0.79913571,-0.003599,294821.90,294826.47,1218.99,1319.15,no,yes
4368,-0.342143,0.73224689,-0.004839,295026.99,295035.49,1732.28,1778.37,no,yes
4369,-0.659222,0.50976182,-0.009323,295000.00,295037.74,3168.50,4768.71,no,yes
4370,0.486752,0.62644050,0.006884,295111.01,295094.89,2820.35,1734.63,no,yes
4371,-0.397364,0.69110356,-0.005620,295176.33,295182.50,1181.08,1006.12,no,yes
4372,0.929278,0.35275665,0.013142,295006.49,294988.58,1445.03,1276.45,no,yes
4373,-0.062179,0.95042059,-0.000879,294900.50,294902.66,2582.10,2325.03,no,yes
4374,-0.147331,0.88287216,-0.002084,295051.27,295055.30,1474.36,2297.53,no,yes
4375,0.424730,0.67103974,0.006007,294794.64,294773.62,4451.57,2161.04,no,yes
4376,-0.080759,0.93563475,-0.001142,294977.55,294978.68,961.99,1012.16,no,yes
4377,-0.893231,0.37174596,-0.012632,295041.19,295077.68,2261.25,3402.86,no,yes
4378,-0.309565,0.75689529,-0.004378,294977.97,294986.71,1944.49,2044.44,no,yes
4379,-0.493870,0.62140315,-0.006984,294900.38,294908.96,1174.50,1278.65,no,yes
4380,0.413444,0.67928572,0.005847,295169.78,295156.89,1913.62,2459.40,no,yes
4381,-0.714414,0.47498215,-0.010103,294881.97,294909.79,1855.26,3422.62,no,yes
4382,-0.167912,0.86665425,-0.002375,295036.87,295039.21,952.43,1020.67,no,yes
4383,0.185458,0.85287207,0.002623,294741.32,294738.94,891.92,927.04,no,yes
4384,-0.698722,0.48473409,-0.009881,294878.45,294888.32,913.90,1076.57,no,yes
4385,-0.194876,0.84549226,-0.002756,295089.91,295092.49,989.35,883.53,no,yes
4386,-0.788552,0.43038368,-0.011152,294890.38,294935.00,3705.79,4274.73,no,yes
4387,0.722024,0.47028834,0.010211,295086.28,295075.79,1067.28,987.41,no,yes
4388,-0.509638,0.61031075,-0.007207,294886.75,294904.48,2470.76,2451.02,no,yes
4389,0.151345,0.87970481,0.002140,294853.12,294849.21,2014.62,1612.36,no,yes
4390,-0.100553,0.91990664,-0.001422,295126.56,295132.17,4090.76,3793.06,no,yes
4391,-0.697075,0.48576522,-0.009858,295063.03,295080.60,1426.01,2078.27,no,yes
4392,-0.455142,0.64901184,-0.006437,294783.75,294790.27,989.57,1037.46,no,yes
4393,-0.797832,0.42497775,-0.011283,295001.75,295013.13,916.34,1092.32,no,yes
4394,-0.910820,0.36240240,-0.012881,295090.12,295140.16,3127.49,4516.01,no,yes
4395,0.314017,0.75351105,0.004441,294882.61,294878.11,1034.23,991.49,no,yes
4396,0.872256,0.38308487,0.012336,294987.87,294959.93,2985.58,1159.03,no,yes
4397,0.772143,0.44004017,0.010920,295132.71,295107.33,2740.20,1815.81,no,yes
4398,-0.181410,0.85604725,-0.002566,294771.69,294777.13,2191.65,2043.64,no,yes
4399,-1.001896,0.31640782,-0.014169,294992.46,295011.21,1044.21,1554.16,no,yes
4400,0.072170,0.94246774,0.001021,295083.29,295082.13,1226.19,1027.60,no,yes
4401,-0.217809,0.82758022,-0.003080,294851.41,294858.60,2660.87,1952.01,no,yes
4402,0.275868,0.78265240,0.003901,294932.57,294924.86,2134.92,1804.14,no,yes
4403,-0.545047,0.58572736,-0.007708,295212.26,295231.87,2533.78,2552.90,no,yes
4404,-0.304705,0.76059402,-0.004309,295192.39,295196.23,878.58,905.87,no,yes
4405,0.487739,0.62574011,0.006898,294872.36,294856.96,2056.43,2396.73,no,yes
4406,-0.133072,0.89413741,-0.001882,294760.63,294762.40,950.77,921.77,no,yes
4407,0.344010,0.73084247,0.004865,294946.41,294932.80,3088.80,2472.09,no,yes
4408,-0.331344,0.74038814,-0.004686,295060.42,295066.39,1180.33,1360.22,no,yes
4409,-0.421291,0.67354722,-0.005958,295034.05,295056.08,3229.60,4111.62,no,yes
4410,0.603255,0.54634638,0.008531,294864.05,294855.02,1204.26,890.19,no,yes
4411,-1.118782,0.26324880,-0.015822,295045.61,295107.79,3076.64,4628.80,no,yes
4412,0.491951,0.62275917,0.006957,295046.28,295039.40,976.67,999.24,no,yes
4413,-0.286573,0.77444200,-0.004053,295135.45,295152.07,3835.54,4348.12,no,yes
4414,-0.666202,0.50528999,-0.009422,294971.84,294988.36,1730.62,1775.91,no,yes
4415,-0.185532,0.85281361,-0.002624,295072.24,295081.57,3183.99,3891.77,no,yes
4416,-0.771101,0.44065621,-0.010905,294872.60,294883.05,910.92,1003.49,no,yes
4417,0.163421,0.87018902,0.002311,294997.02,294994.69,1113.35,894.38,no,yes
4418,0.001405,0.99887877,0.000020,295111.03,295110.99,2405.41,2435.12,no,yes
4419,0.259442,0.79529678,0.003669,295121.85,295117.84,1137.00,1049.32,no,yes
4420,-0.210236,0.83348551,-0.002973,310373.36,310379.18,1955.20,1955.75,no,yes
4421,0.683939,0.49402413,0.009672,295105.42,295082.75,2926.91,1555.93,no,yes
4422,0.584495,0.55889445,0.008266,294853.82,294843.24,1388.21,1160.24,no,yes
4423,-0.142006,0.88707701,-0.002008,295088.24,295092.86,1912.45,2628.19,no,yes
4424,0.028386,0.97735460,0.000401,294774.22,294773.68,1499.57,1179.70,no,yes
4425,0.111405,0.91129624,0.001576,295048.55,295047.16,896.76,879.48,no,yes
4426,-1.186962,0.23525993,-0.016786,295069.49,295101.53,1387.93,2314.91,no,yes
4427,0.028222,0.97748515,0.000399,294948.37,294947.82,1110.19,1598.65,no,yes
4428,-0.190990,0.84853504,-0.002701,295113.96,295120.03,2198.25,2296.91,no,yes
4429,-0.566074,0.57135018,-0.008005,295113.57,295137.11,2675.14,3182.06,no,yes
4430,-0.630359,0.52846755,-0.008915,294861.75,294901.85,3761.06,5131.43,no,yes
4431,0.403049,0.68691673,0.005700,295813.42,295800.54,2217.17,2300.58,no,yes
4432,0.574754,0.56546413,0.008128,294880.51,294873.34,931.53,830.27,no,yes
4433,0.041625,0.96679840,0.000589,295285.56,295281.84,6396.54,6221.41,no,yes
4434,-0.148035,0.88231641,-0.002094,294847.66,294849.37,824.64,814.57,no,yes
4435,-0.227096,0.82035135,-0.003212,294742.53,294745.52,933.12,925.30,no,yes
4436,-0.250005,0.80258618,-0.003536,295115.97,295129.67,3695.59,4043.18,no,yes
4437,-0.074045,0.94097543,-0.001047,294794.79,294795.63,759.31,855.72,no,yes
4438,-1.204627,0.22836179,-0.017036,295067.05,295082.32,827.26,960.08,no,yes
4439,-0.308243,0.75790164,-0.004359,294979.43,294987.47,1354.57,2230.05,no,yes
4440,-0.617132,0.53715496,-0.008728,295135.78,295151.00,1949.88,1510.21,no,yes
4441,-0.444402,0.65675690,-0.006285,294816.28,294833.33,2290.98,3077.53,no,yes
4442,-0.323352,0.74643235,-0.004573,295207.43,295212.54,1077.93,1154.54,no,yes
4443,0.775930,0.43779943,0.010973,295156.85,295145.72,1030.30,997.60,no,yes
4444,-0.266727,0.78968213,-0.003772,294997.28,295002.03,1205.09,1311.89,no,yes
4445,-0.748111,0.45440239,-0.010580,294927.23,294958.30,2635.18,3209.39,no,yes
4446,0.556023,0.57820163,0.007863,294914.88,294906.74,1011.05,1057.85,no,yes
4447,-1.292844,0.19608090,-0.018284,294990.77,295008.96,871.60,1104.31,no,yes
4448,0.659390,0.50965563,0.009325,295017.15,294994.27,3104.47,1548.92,no,yes
4449,-1.249814,0.21138270,-0.017675,294808.26,294822.97,743.78,911.53,no,yes
4450,-0.102954,0.91800045,-0.001456,294973.16,294982.23,6232.43,6222.04,no,yes
4451,-0.380913,0.70327187,-0.005387,294868.43,294890.46,3790.94,4366.12,no,yes
4452,-0.816027,0.41449674,-0.011540,295055.10,295072.11,1033.82,1809.38,no,yes
4453,-0.313264,0.75408378,-0.004430,294979.55,294989.69,2109.03,2454.36,no,yes
4454,0.148359,0.88206109,0.002098,294986.05,294981.95,2147.25,1745.71,no,yes
4455,0.269274,0.78772198,0.003808,295150.48,295141.98,2255.65,2210.97,no,yes
4456,-0.552491,0.58061791,-0.007813,294873.74,294887.22,1673.21,1775.03,no,yes
4457,0.041147,0.96717945,0.000582,295254.83,295254.15,1241.77,1104.44,no,yes
4458,-0.558653,0.57640462,-0.007901,296282.96,296295.23,1452.43,1648.55,no,yes
4459,-0.089970,0.92831198,-0.001272,295062.44,295063.53,871.53,837.70,no,yes
4460,-1.016009,0.30963908,-0.014369,295017.94,295043.36,1419.55,2059.73,no,yes
4461,-0.845036,0.39810108,-0.011951,296157.88,296178.61,1746.98,1721.05,no,yes
4462,-0.702083,0.48263691,-0.009929,294999.91,295015.01,1221.40,1770.40,no,yes
4463,0.777329,0.43697371,0.010993,294948.62,294938.21,918.32,974.77,no,yes
4464,-0.056159,0.95521575,-0.000794,294965.52,294967.27,2276.04,2118.48,no,yes
4465,0.333392,0.73884261,0.004715,295137.74,295127.72,2626.70,1462.68,no,yes
4466,-0.647797,0.51712407,-0.009161,295141.42,295180.03,4012.58,4407.51,no,yes
4467,-0.060467,0.95178462,-0.000855,294938.47,294939.45,1226.94,1044.21,no,yes
4468,0.387131,0.69866409,0.005475,294893.33,294883.83,2125.19,1226.59,no,yes
4469,-1.330204,0.18346626,-0.018812,295115.92,295135.01,970.65,1057.15,no,yes
4470,-0.495811,0.62003297,-0.007012,294710.02,294724.66,2112.53,2061.01,no,yes
4471,0.577565,0.56356419,0.008168,294745.33,294737.06,1052.00,973.30,no,yes
4472,0.400302,0.68893849,0.005661,294964.25,294958.54,1011.77,1003.89,no,yes
4473,-0.975793,0.32918131,-0.013800,294924.64,294942.75,961.60,1587.52,no,yes
4474,-0.185553,0.85279753,-0.002624,295110.43,295115.48,1606.47,2198.43,no,yes
4475,0.059879,0.95225284,0.000847,295414.98,295409.72,6217.29,6208.83,no,yes
4476,0.366165,0.71424588,0.005178,295085.12,295080.75,831.53,856.96,no,yes
4477,0.439280,0.66046371,0.006212,294858.07,294850.38,1371.05,1089.36,no,yes
4478,-0.593367,0.55294209,-0.008391,294780.91,294788.94,955.18,958.07,no,yes
4479,0.698704,0.48474695,0.009881,295238.63,295218.11,2510.27,1524.65,no,yes
4480,0.677200,0.49828747,0.009577,295115.00,295098.93,1833.04,1509.03,no,yes
4481,0.088217,0.92970487,0.001248,295138.24,295135.49,2054.48,2334.70,no,yes
4482,-0.209443,0.83410501,-0.002962,295107.79,295113.80,1709.30,2306.36,no,yes
4483,0.329549,0.74174406,0.004661,295116.83,295107.48,2118.83,1888.12,no,yes
4484,0.040525,0.96767476,0.000573,294936.62,294934.55,3722.06,3504.65,no,yes
4485,-0.170450,0.86465776,-0.002411,295120.47,295129.55,3696.39,3838.70,no,yes
4486,-0.657403,0.51092960,-0.009297,294920.70,294930.28,885.82,1155.96,no,yes
4487,-0.126961,0.89897253,-0.001795,294847.47,294850.31,1572.21,1589.10,no,yes
4488,-0.497353,0.61894527,-0.007034,294892.72,294899.96,1017.90,1039.52,no,yes
4489,-0.100623,0.91985045,-0.001423,294933.33,294937.93,3288.42,3175.25,no,yes
4490,0.744729,0.45644440,0.010532,294856.31,294846.95,882.59,894.02,no,yes
4491,0.596076,0.55113210,0.008430,294796.75,294770.95,3563.48,2456.53,no,yes
4492,-0.784307,0.43286942,-0.011092,294913.46,294926.33,1080.95,1234.71,no,yes
4493,0.155494,0.87643385,0.002199,294898.14,294894.15,1916.67,1700.80,no,yes
4494,-0.173332,0.86239233,-0.002451,295080.83,295085.37,1802.98,1906.53,no,yes
4495,0.328350,0.74265021,0.004644,294879.36,294874.01,1152.27,1149.10,no,yes
4496,-0.242435,0.80844562,-0.003429,295048.73,295052.15,1025.39,968.46,no,yes
4497,0.217801,0.82758643,0.003080,294912.83,294907.14,1887.21,1802.19,no,yes
4498,0.559381,0.57590795,0.007911,295117.18,295103.18,1708.55,1829.69,no,yes
4499,0.386725,0.69896426,0.005469,294939.61,294934.67,953.87,850.91,no,yes
4500,0.496989,0.61920234,0.007028,295088.17,295077.71,1673.85,1275.95,no,yes
4501,0.602870,0.54660239,0.008526,294995.76,294986.77,1126.78,977.06,no,yes
4502,0.042949,0.96574244,0.000607,294828.09,294827.38,1231.80,1117.78,no,yes
4503,-0.352827,0.72422155,-0.004990,295077.58,295088.72,2177.05,2284.15,no,yes
4504,-0.298821,0.76508059,-0.004226,295149.53,295164.72,2476.02,4437.38,no,yes
4505,0.012523,0.99000852,0.000177,295177.24,295176.15,6174.10,6171.38,no,yes
4506,0.518478,0.60413152,0.007332,295151.83,295128.88,3645.31,2508.92,no,yes
4507,1.060297,0.28902244,0.014995,294926.05,294909.49,1185.47,1017.74,no,yes
4508,0.462100,0.64401503,0.006535,295151.24,295137.91,2275.47,1776.15,no,yes
4509,0.014103,0.98874776,0.000199,295298.45,295297.20,6269.52,6259.94,no,yes
4510,0.417312,0.67645592,0.005902,294805.05,294791.03,2941.92,1622.20,no,yes
4511,0.430533,0.66681299,0.006089,294981.68,294973.46,1517.09,1160.57,no,yes
4512,0.894004,0.37133188,0.012643,294907.68,294887.99,1795.98,1274.63,no,yes
4513,0.604645,0.54542235,0.008551,294745.21,294737.18,1051.34,811.86,no,yes
4514,-0.043843,0.96502985,-0.000620,295057.83,295059.22,2186.71,2294.95,no,yes
4515,1.804328,0.07119505,0.025517,295119.78,295096.55,954.39,864.17,no,yes
4516,-0.119736,0.90469347,-0.001693,294860.20,294863.01,1651.99,1664.78,no,yes
4517,0.087031,0.93064788,0.001231,294902.27,294900.34,1202.65,1859.47,no,yes
4518,-0.555692,0.57842783,-0.007859,295096.35,295104.61,1010.70,1090.14,no,yes
4519,0.020897,0.98332776,0.000296,294834.56,294833.36,4115.37,4015.77,no,yes
4520,0.272157,0.78550450,0.003849,294911.53,294900.87,3212.20,2239.79,no,yes
4521,-0.613314,0.53967572,-0.008674,294944.44,294954.14,1015.23,1214.62,no,yes
4522,0.355653,0.72210457,0.005030,295786.74,295781.69,1002.51,1005.88,no,yes
4523,0.574643,0.56553961,0.008127,294891.88,294853.12,4997.83,4528.64,no,yes
4524,0.228063,0.81959948,0.003225,295067.87,295064.90,948.76,891.09,no,yes
4525,0.929796,0.35248791,0.013149,294849.72,294837.11,988.83,928.75,no,yes
4526,0.188892,0.85017972,0.002671,295129.71,295112.94,6467.55,6077.59,no,yes
4527,-0.552537,0.58058688,-0.007814,295076.49,295093.40,2172.59,2155.71,no,yes
4528,-0.253835,0.79962603,-0.003590,294889.56,294896.36,2164.01,1579.85,no,yes
4529,-1.344239,0.17888755,-0.019010,294978.54,295008.53,1331.36,1790.35,no,yes
4530,0.160867,0.87219940,0.002275,295272.79,295258.57,6236.08,6267.12,no,yes
4531,0.230052,0.81805404,0.003253,294837.57,294829.58,2613.22,2286.15,no,yes
4532,-0.323130,0.74660060,-0.004570,307382.85,307392.98,1870.59,2515.57,no,yes
4533,-0.358871,0.71969566,-0.005075,294884.60,294892.25,1160.02,1788.72,no,yes
4534,-0.604002,0.54584899,-0.008542,294884.38,294899.13,1611.09,1834.83,no,yes
4535,0.452866,0.65065060,0.006404,294813.69,294793.94,3543.32,2542.37,no,yes
4536,0.480273,0.63103911,0.006792,295121.59,295110.16,1972.56,1331.31,no,yes
4537,-0.450851,0.65210170,-0.006376,295044.98,295051.39,942.89,1064.15,no,yes
4538,-0.875729,0.38119066,-0.012385,294994.03,295011.83,988.46,1776.42,no,yes
4539,-0.339816,0.73399895,-0.004806,294871.38,294876.97,1141.07,1181.03,no,yes
4540,0.072260,0.94239606,0.001022,295103.64,295101.42,2087.67,2265.84,no,yes
4541,-0.546679,0.58460541,-0.007731,295179.28,295187.93,1105.13,1131.42,no,yes
4542,-0.998129,0.31822911,-0.014116,295104.12,295120.70,1131.64,1215.54,no,yes
4543,0.703638,0.48166795,0.009951,294909.13,294885.29,2904.79,1743.50,no,yes
4544,-0.806930,0.41971643,-0.011412,295093.11,295106.54,1136.67,1216.83,no,yes
4545,1.048109,0.29460139,0.014823,294854.30,294839.18,1108.85,921.99,no,yes
4546,-0.029302,0.97662384,-0.000414,295102.94,295103.63,1533.33,1803.74,no,yes
4547,0.011199,0.99106501,0.000158,295140.63,295139.64,6270.78,6259.06,no,yes
4548,-0.281197,0.77856222,-0.003977,295070.60,295080.05,2564.99,2175.90,no,yes
4549,-0.811053,0.41734678,-0.011470,295025.54,295046.31,1314.32,2197.85,no,yes
4550,-0.706786,0.47970775,-0.009995,295014.79,295024.56,959.45,994.54,no,yes
4551,0.015366,0.98774035,0.000217,294978.64,294978.39,1101.96,1142.42,no,yes
4552,-1.016723,0.30929739,-0.014379,294916.32,294928.91,847.69,902.18,no,yes
4553,-0.720790,0.47104744,-0.010194,295026.66,295054.73,2662.42,2842.88,no,yes
4554,0.041586,0.96682923,0.000588,294858.27,294857.09,2162.38,1841.34,no,yes
4555,-0.154572,0.87716039,-0.002186,294967.35,294972.09,1918.09,2388.87,no,yes
4556,-1.097735,0.27233494,-0.015524,295051.70,295073.64,1151.56,1633.77,no,yes
4557,0.009156,0.99269500,0.000129,295176.86,295176.75,963.05,824.93,no,yes
4558,-0.153125,0.87830164,-0.002166,305106.75,305138.88,14722.71,14950.30,no,yes
4559,-0.857365,0.39125386,-0.012125,295069.95,295115.91,3444.55,4108.68,no,yes
4560,0.654075,0.51307202,0.009250,295491.06,295474.20,2106.86,1484.92,no,yes
4561,-1.033777,0.30125859,-0.014620,294997.70,295021.47,922.63,2106.11,no,yes
4562,0.949324,0.34246744,0.013425,298087.46,298074.52,1019.61,904.99,no,yes
4563,-0.824125,0.40988057,-0.011655,295117.55,295163.65,2807.43,4838.21,no,yes
4564,0.184396,0.85370499,0.002608,295231.64,295214.41,6730.71,6484.38,no,yes
4565,0.845265,0.39797318,0.011954,295041.13,295029.51,999.45,944.08,no,yes
4566,-0.536783,0.59142363,-0.007591,294850.32,294867.26,2228.14,2235.07,no,yes
4567,0.585322,0.55833891,0.008278,294865.86,294850.66,2186.64,1401.45,no,yes
4568,-1.679845,0.09300350,-0.023757,303067.83,303091.10,898.55,1054.61,no,yes
4569,0.263200,0.79239947,0.003722,294927.09,294920.22,1853.57,1835.39,no,yes
4570,-0.576633,0.56419406,-0.008155,295081.31,295089.31,960.03,1001.82,no,yes
4571,-0.618881,0.53600212,-0.008752,294943.94,294951.99,982.95,852.56,no,yes
4572,-0.270844,0.78651382,-0.003830,295116.12,295119.89,965.09,1002.79,no,yes
4573,-0.707918,0.47900476,-0.010011,295006.54,295015.82,837.99,1008.41,no,yes
4574,0.166541,0.86773277,0.002355,294958.29,294955.85,1069.20,1001.31,no,yes
4575,-0.020492,0.98365090,-0.000290,294763.52,294763.97,1636.92,1476.94,no,yes
4576,0.855722,0.39216307,0.012102,294929.77,294910.28,1864.98,1306.63,no,yes
4577,0.633113,0.52666691,0.008954,295036.12,295023.60,1448.68,1347.10,no,yes
4578,0.645135,0.51884789,0.009124,295103.99,295088.31,1998.08,1385.71,no,yes
4579,-0.602207,0.54704324,-0.008516,294905.27,294912.98,822.92,980.33,no,yes
4580,0.659841,0.50936448,0.009332,295127.34,295108.99,2340.34,1500.22,no,yes
4581,0.138817,0.88959641,0.001963,294843.88,294839.29,2528.67,2129.35,no,yes
4582,-1.294411,0.19553911,-0.018306,294751.70,294774.87,1112.71,1402.14,no,yes
4583,0.773094,0.43947594,0.010933,295127.28,295114.04,1291.35,1125.58,no,yes
4584,-0.200619,0.84099845,-0.002837,295013.11,295022.37,2970.68,3532.49,no,yes
4585,-1.063222,0.28769437,-0.015036,295077.88,295094.25,979.93,1186.86,no,yes
4586,0.282858,0.77728828,0.004000,294823.85,294820.03,946.07,964.88,no,yes
4587,-0.275322,0.78307213,-0.003894,295098.09,295103.85,1761.72,1131.66,no,yes
4588,-0.947657,0.34331591,-0.013402,294887.70,294901.68,949.30,1129.00,no,yes
4589,-0.098213,0.92176430,-0.001389,295154.35,295163.00,6218.92,6236.33,no,yes
4590,0.974537,0.32980259,0.013782,295110.26,295093.91,1336.54,1015.64,no,yes
4591,0.164008,0.86972673,0.002319,295512.88,295510.93,871.60,806.98,no,yes
4592,-0.566451,0.57109387,-0.008011,295058.69,295074.10,1941.96,1907.23,no,yes
4593,0.885069,0.37613251,0.012517,295084.13,295066.57,1691.80,1037.96,no,yes
4594,0.427781,0.66881555,0.006050,295064.90,295059.15,970.98,930.86,no,yes
4595,-1.094585,0.27371869,-0.015480,295068.41,295102.82,1139.46,2929.54,no,yes
4596,-0.338006,0.73536190,-0.004780,295051.36,295057.43,1268.12,1272.56,no,yes
4597,0.905663,0.36512714,0.012808,294914.53,294895.26,1786.64,1155.65,no,yes
4598,-0.491577,0.62302365,-0.006952,295000.59,295012.33,1616.04,1759.50,no,yes
4599,0.447191,0.65474354,0.006324,294963.42,294940.10,4536.77,2571.53,no,yes
4600,0.466613,0.64078176,0.006599,295052.45,295045.95,1087.67,871.66,no,yes
4601,-0.713040,0.47583228,-0.010084,295101.89,295137.78,2260.48,4498.21,no,yes
4602,-0.895592,0.37048151,-0.012666,294956.43,294979.61,1838.15,1823.29,no,yes
4603,0.826631,0.40845644,0.011690,295071.81,295057.46,1342.85,1100.72,no,yes
4604,-0.420019,0.67447659,-0.005940,294954.14,294968.14,2131.07,2564.92,no,yes
4605,1.409698,0.15864805,0.019936,294814.51,294769.92,2714.77,1623.56,no,yes
4606,-0.400986,0.68843499,-0.005671,295074.50,295110.24,6223.20,6381.13,no,yes
4607,0.515095,0.60649260,0.007285,294725.16,294718.97,841.06,858.78,no,yes
4608,1.444772,0.14853901,0.020432,294926.48,294904.98,1196.05,885.97,no,yes
4609,-0.137708,0.89047285,-0.001947,294885.24,294889.69,2623.65,1895.33,no,yes
4610,0.131050,0.89573680,0.001853,294874.54,294870.00,2321.11,2579.97,no,yes
4611,-0.060563,0.95170755,-0.000856,294900.95,294901.93,1137.53,1139.66,no,yes
4612,-0.018272,0.98542204,-0.000258,295090.61,295091.28,2811.91,2364.50,no,yes
4613,0.216711,0.82843603,0.003065,295038.43,295033.43,1987.24,1169.50,no,yes
4614,-0.251135,0.80171256,-0.003552,295139.22,295145.01,1809.45,1426.72,no,yes
4615,-0.419371,0.67494928,-0.005931,295059.75,295066.33,1054.66,1161.17,no,yes
4616,-0.442555,0.65809242,-0.006259,294745.19,294751.78,1061.02,1044.64,no,yes
4617,0.013341,0.98935573,0.000189,294871.89,294871.56,1776.14,1709.69,no,yes
4618,-1.031052,0.30252926,-0.014581,295151.99,295182.93,1904.91,2318.53,no,yes
4619,-0.087592,0.93020149,-0.001239,295065.56,295066.66,870.81,893.57,no,yes
4620,-0.438777,0.66082823,-0.006205,295147.98,295169.44,3207.70,3693.45,no,yes
4621,-0.440420,0.65963747,-0.006228,295061.39,295067.39,988.63,938.94,no,yes
4622,-0.488502,0.62519986,-0.006908,295046.52,295062.57,2302.00,2343.17,no,yes
4623,-0.034174,0.97273854,-0.000483,295306.48,295309.63,6510.32,6532.16,no,yes
4624,-0.778757,0.43613215,-0.011013,295051.69,295062.19,931.26,975.22,no,yes
4625,-0.273300,0.78462522,-0.003865,295306.89,295310.19,779.48,922.49,no,yes
4626,-1.299205,0.19389139,-0.018374,305511.08,305540.96,1216.27,1951.83,no,yes
4627,-0.408909,0.68261120,-0.005783,295077.13,295114.51,6210.57,6707.07,no,yes
4628,-0.215081,0.82970643,-0.003042,295136.47,295143.82,2536.59,2289.79,no,yes
4629,0.749714,0.45343643,0.010603,295176.30,295166.56,1009.11,818.03,no,yes
4630,0.450658,0.65224116,0.006373,295017.31,295006.70,1601.94,1723.56,no,yes
4631,-0.266269,0.79003448,-0.003766,295035.68,295040.94,1447.14,1342.91,no,yes
4632,-0.034864,0.97218860,-0.000493,295076.25,295076.72,959.50,971.30,no,yes
4633,-0.172006,0.86343432,-0.002433,295061.74,295065.93,1679.80,1765.50,no,yes
4634,-0.933978,0.35032650,-0.013208,294836.10,294866.25,2384.13,2176.91,no,yes
4635,-0.285007,0.77564141,-0.004031,294831.32,294838.28,1744.11,1708.38,no,yes
4636,0.272230,0.78544850,0.003850,294825.85,294815.96,2903.06,2187.36,no,yes
4637,-0.387273,0.69855797,-0.005477,294796.06,294801.64,1059.54,979.28,no,yes
4638,-0.426893,0.66946261,-0.006037,294750.04,294760.11,2023.66,1213.94,no,yes
4639,0.186686,0.85190842,0.002640,300580.03,300573.87,2354.15,2308.94,no,yes
4640,-0.192185,0.84759901,-0.002718,295168.01,295186.74,6818.29,6965.56,no,yes
4641,0.543056,0.58709764,0.007680,393138.13,393118.05,2999.04,2162.61,no,yes
4642,-0.137300,0.89079557,-0.001942,295218.01,295222.33,1825.11,2569.77,no,yes
4643,0.680158,0.49641255,0.009619,295097.32,295087.35,1014.37,1057.46,no,yes
4644,-0.050487,0.95973522,-0.000714,294845.96,294847.61,2494.18,2115.90,no,yes
4645,0.834765,0.40385980,0.011805,294933.52,294922.57,927.23,928.17,no,yes
4646,0.066842,0.94670816,0.000945,295014.99,295014.07,1055.61,882.54,no,yes
4647,-0.467471,0.64016841,-0.006611,295068.90,295075.17,881.50,1010.46,no,yes
4648,0.475901,0.63414988,0.006730,294954.23,294947.01,1068.91,1077.67,no,yes
4649,0.170809,0.86437569,0.002416,294744.44,294741.96,982.91,1070.84,no,yes
4650,0.289795,0.77197582,0.004098,295022.95,295019.15,875.91,977.48,no,yes
4651,-0.111245,0.91142304,-0.001573,294925.89,294929.61,1993.93,2680.43,no,yes
4652,0.358343,0.72009110,0.005068,295035.64,295021.25,3242.73,2368.91,no,yes
4653,-0.464970,0.64195768,-0.006576,295059.51,295091.51,4836.67,4894.48,no,yes
4654,-0.358351,0.72008419,-0.005068,295144.76,295149.42,886.32,951.64,no,yes
4655,0.581966,0.56059618,0.008230,294853.64,294838.76,1976.31,1620.92,no,yes
4656,0.016913,0.98650596,0.000239,295141.10,295140.11,4385.82,3924.47,no,yes
4657,-0.085887,0.93155749,-0.001215,294995.79,294997.88,1689.18,1748.43,no,yes
4658,-0.971857,0.33113379,-0.013744,307481.00,307494.89,950.84,1067.75,no,yes
4659,-0.335412,0.73731820,-0.004743,295022.83,295031.43,2044.06,1546.46,no,yes
4660,0.084807,0.93241606,0.001199,301173.76,301170.88,1954.99,2780.54,no,yes
4661,0.311008,0.75579766,0.004398,295070.71,295066.53,999.95,898.43,no,yes
4662,-0.048627,0.96121676,-0.000688,295165.74,295168.21,3360.74,3794.15,no,yes
4663,-1.415677,0.15688624,-0.020021,294842.07,294864.26,991.76,1213.26,no,yes
4664,0.171076,0.86416571,0.002419,295118.03,295111.64,2532.32,2743.80,no,yes
4665,0.499132,0.61769186,0.007059,295056.49,295049.65,983.19,954.26,no,yes
4666,-0.051807,0.95868317,-0.000733,295105.55,295106.24,910.69,959.66,no,yes
4667,-0.189185,0.84995009,-0.002675,294752.65,294755.73,1117.68,1181.59,no,yes
4668,1.539024,0.12381431,0.021765,294902.94,294883.60,918.54,857.30,no,yes
4669,-0.872103,0.38316400,-0.012333,307380.36,307402.37,1421.67,2084.88,no,yes
4670,-0.555497,0.57856096,-0.007856,295035.15,295053.40,2194.15,2445.99,no,yes
4671,1.375497,0.16899330,0.019452,294805.46,294785.07,1143.94,942.36,no,yes
4672,0.237669,0.81214056,0.003361,294898.70,294893.25,1882.02,1316.11,no,yes
4673,-0.495178,0.62048002,-0.007003,294945.77,294956.51,1679.27,1372.90,no,yes
4674,-0.533592,0.59362989,-0.007546,295135.61,295142.99,890.77,1059.01,no,yes
4675,-0.278552,0.78059162,-0.003939,295056.20,295059.71,882.92,896.93,no,yes
4676,-0.307843,0.75820477,-0.004354,297886.71,297891.26,1015.24,1075.47,no,yes
4677,-0.310312,0.75632692,-0.004388,295017.17,295026.95,2301.15,2154.52,no,yes
4678,-1.178307,0.23868898,-0.016664,294857.35,294873.69,877.99,1072.98,no,yes
4679,-0.229647,0.81836873,-0.003248,295043.74,295055.19,3385.44,3655.37,no,yes
4680,-0.192710,0.84718797,-0.002725,294857.27,294859.74,857.12,954.57,no,yes
4681,-0.575517,0.56494794,-0.008139,295197.65,295223.05,3100.78,3140.96,no,yes
4682,0.027899,0.97774281,0.000395,294881.42,294881.03,928.40,1042.18,no,yes
4683,-0.785843,0.43196996,-0.011114,295155.41,295200.31,3202.87,4730.69,no,yes
4684,-0.038397,0.96937158,-0.000543,295059.62,295060.14,949.02,955.89,no,yes
4685,0.011129,0.99112071,0.000157,295065.88,295065.63,1525.23,1609.85,no,yes
4686,-0.410310,0.68158330,-0.005803,294862.05,294867.88,990.78,1019.68,no,yes
4687,0.257609,0.79671137,0.003643,295095.06,295091.82,944.91,828.47,no,yes
4688,0.664602,0.50631279,0.009399,294822.78,294814.12,972.41,865.31,no,yes
4689,-0.193389,0.84665643,-0.002735,294941.61,294945.39,1372.38,1387.93,no,yes
4690,-0.133307,0.89395214,-0.001885,294891.75,294895.10,1909.79,1632.21,no,yes
4691,-0.103962,0.91720042,-0.001470,294806.49,294811.67,3660.13,3380.77,no,yes
4692,-0.487849,0.62566221,-0.006899,295072.08,295078.52,883.93,979.84,no,yes
4693,0.464128,0.64256114,0.006564,295136.95,295128.84,1371.37,1084.54,no,yes
4694,-0.546137,0.58497804,-0.007724,294789.16,294802.17,1604.25,1760.83,no,yes
4695,-0.365049,0.71507850,-0.005163,295072.65,295091.78,3772.22,3637.07,no,yes
4696,-1.713832,0.08657540,-0.024237,294770.64,294810.78,1515.48,1785.52,no,yes
4697,0.419709,0.67470265,0.005936,294930.80,294924.96,1011.81,953.43,no,yes
4698,0.170352,0.86473504,0.002409,301904.73,301896.28,3915.61,3041.85,no,yes
4699,-0.109625,0.91270811,-0.001550,294812.68,294815.42,1688.39,1851.12,no,yes
4700,-0.076066,0.93936698,-0.001076,294733.68,294734.99,1176.20,1256.15,no,yes
4701,0.526657,0.59843772,0.007448,294884.01,294876.09,1106.41,1020.66,no,yes
4702,-0.256981,0.79719600,-0.003634,294946.46,294956.68,2806.46,2818.27,no,yes
4703,0.202955,0.83917209,0.002870,294783.14,294780.34,1038.75,909.20,no,yes
4704,0.239461,0.81075068,0.003386,294871.67,294868.59,919.32,897.83,no,yes
4705,0.282565,0.77751310,0.003996,295095.12,295091.12,1011.82,990.73,no,yes
4706,-0.874421,0.38189988,-0.012366,295104.65,295120.51,1147.45,1405.21,no,yes
4707,0.099871,0.92044741,0.001412,307631.61,307623.12,6164.23,5850.84,no,yes
4708,-0.178691,0.85818182,-0.002527,295030.77,295033.23,928.72,1018.35,no,yes
4709,0.890777,0.37305955,0.012597,294768.61,294757.03,952.54,884.09,no,yes
4710,0.566806,0.57085228,0.008016,295109.10,295101.39,1000.35,921.97,no,yes
4711,0.039657,0.96836669,0.000561,295122.70,295121.44,2263.50,2223.17,no,yes
4712,-0.095142,0.92420280,-0.001346,295040.10,295042.39,1937.93,1433.67,no,yes
4713,-0.553995,0.57958879,-0.007835,294798.10,294805.60,910.42,1003.20,no,yes
4714,0.352146,0.72473234,0.004980,294800.69,294795.91,1023.75,891.44,no,yes
4715,0.325751,0.74461659,0.004607,295214.93,295203.31,2747.41,2274.22,no,yes
4716,-0.576769,0.56410236,-0.008157,295050.84,295059.40,937.42,1149.13,no,yes
4717,-0.491088,0.62336949,-0.006945,295170.22,295196.12,3594.45,3860.49,no,yes
4718,-0.655640,0.51206319,-0.009272,295090.07,295099.60,990.82,1062.78,no,yes
4719,0.135840,0.89194899,0.001921,295088.41,295085.40,1565.56,1575.07,no,yes
4720,1.237909,0.21576469,0.017507,295171.84,295153.14,1166.07,960.49,no,yes
4721,1.273172,0.20297489,0.018005,294966.49,294943.00,1568.26,970.54,no,yes
4722,-0.488895,0.62492180,-0.006914,294868.05,294879.30,1409.58,1817.37,no,yes
4723,0.647012,0.51763276,0.009150,295032.61,294992.13,5250.12,3402.91,no,yes
4724,-1.134709,0.25651430,-0.016047,294887.51,294918.77,1385.73,2381.88,no,yes
4725,0.674663,0.49989916,0.009541,295111.50,295089.39,2812.18,1683.60,no,yes
4726,0.770526,0.44099807,0.010897,294821.42,294806.27,1594.81,1151.14,no,yes
4727,-1.345855,0.17836490,-0.019033,295075.91,295093.17,819.87,986.05,no,yes
4728,0.906175,0.36485415,0.012815,294872.14,294854.89,1377.07,1313.39,no,yes
4729,1.780179,0.07506239,0.025176,295140.78,295115.56,1096.18,897.28,no,yes
4730,0.834867,0.40380695,0.011807,295020.38,295000.92,2127.89,948.91,no,yes
4731,0.175193,0.86093015,0.002478,294856.80,294852.92,1731.81,1381.69,no,yes
4732,-0.192455,0.84738804,-0.002722,295126.37,295132.06,1746.71,2386.62,no,yes
4733,-1.299438,0.19380925,-0.018377,294861.97,294877.92,764.31,960.01,no,yes
4734,-0.705277,0.48064618,-0.009974,295033.17,295044.85,1034.93,1293.23,no,yes
4735,0.596483,0.55086024,0.008436,295064.35,295046.23,2557.32,1639.07,no,yes
4736,-0.898974,0.36867771,-0.012713,294982.85,295037.48,3892.46,4667.03,no,yes
4737,-0.047680,0.96197171,-0.000674,294858.91,294859.64,1067.44,1073.15,no,yes
4738,-0.302525,0.76225540,-0.004278,295117.88,295132.36,3343.38,3424.78,no,yes
4739,-0.241147,0.80944335,-0.003410,295073.35,295079.37,1833.41,1692.39,no,yes
4740,-0.821788,0.41120893,-0.011622,294883.98,294929.97,2992.46,4729.33,no,yes
4741,-0.322884,0.74678653,-0.004566,295050.66,295061.93,2179.47,2729.87,no,yes
4742,0.893927,0.37137327,0.012642,295117.70,295067.58,4626.62,3167.15,no,yes
4743,-0.996521,0.31901027,-0.014093,294733.60,294749.40,927.84,1285.30,no,yes
4744,0.023962,0.98088347,0.000339,294985.04,294984.65,1214.98,1095.51,no,yes
4745,-1.235362,0.21671111,-0.017471,294897.70,294914.19,831.18,1045.01,no,yes
4746,-0.441496,0.65885848,-0.006244,295065.43,295075.78,1584.83,1727.69,no,yes
4747,-1.601758,0.10922493,-0.022652,294703.15,294725.13,934.62,1004.92,no,yes
4748,-0.571251,0.56783625,-0.008079,294915.83,294937.57,2432.75,2926.42,no,yes
4749,0.303896,0.76121040,0.004298,295154.42,295144.56,2437.48,2142.22,no,yes
4750,0.323876,0.74603553,0.004580,294829.85,294825.88,860.04,873.59,no,yes
4751,0.593992,0.55252401,0.008400,294919.75,294912.19,927.39,871.23,no,yes
4752,-0.193152,0.84684166,-0.002732,294919.09,294927.77,3156.65,3196.89,no,yes
4753,-0.153618,0.87791239,-0.002172,294811.90,294819.68,3778.85,3370.20,no,yes
4754,-0.401227,0.68825717,-0.005674,295016.15,295024.01,1364.73,1407.94,no,yes
4755,0.607571,0.54347901,0.008592,294817.38,294808.64,1004.77,1029.17,no,yes
4756,0.527318,0.59797899,0.007457,294923.81,294906.69,2389.24,2198.68,no,yes
4757,-0.738251,0.46037035,-0.010440,295065.53,295081.64,1497.53,1587.88,no,yes
4758,0.219102,0.82657305,0.003099,295467.68,295461.99,1766.41,1904.63,no,yes
4759,-1.304339,0.19213339,-0.018446,294723.24,294741.27,889.53,1058.05,no,yes
4760,-1.508130,0.13153729,-0.021328,294764.51,294788.31,1041.59,1184.92,no,yes
4761,1.422341,0.15494337,0.020115,294973.74,294951.97,1170.32,987.39,no,yes
4762,-0.627925,0.53006008,-0.008880,294737.14,294759.32,2411.60,2580.59,no,yes
4763,0.469655,0.63860653,0.006642,295189.96,295182.96,1107.85,994.61,no,yes
4764,0.330948,0.74068738,0.004680,294864.22,294859.90,947.50,895.01,no,yes
4765,0.473358,0.63596270,0.006694,295084.93,295078.09,1072.30,969.20,no,yes
4766,-0.420705,0.67397486,-0.005950,294981.40,294987.26,967.74,1001.63,no,yes
4767,-0.245075,0.80640115,-0.003466,294881.68,294887.46,1869.91,1441.23,no,yes
4768,-0.524754,0.59976000,-0.007421,294869.10,294877.22,1084.29,1102.63,no,yes
4769,-0.050452,0.95976307,-0.000713,303767.57,303768.27,994.62,954.53,no,yes
4770,-0.968975,0.33256957,-0.013703,294845.46,294879.11,2403.11,2507.88,no,yes
4771,-0.091855,0.92681435,-0.001299,294885.20,294886.57,1094.00,1014.88,no,yes
4772,0.071815,0.94275015,0.001016,295045.01,295043.73,1271.56,1249.98,no,yes
4773,0.245123,0.80636347,0.003467,295093.76,295088.28,1627.86,1532.80,no,yes
4774,0.246439,0.80534516,0.003485,295057.90,295051.50,2073.00,1566.12,no,yes
4775,-0.355713,0.72205939,-0.005031,294857.31,294869.62,2582.72,2304.80,no,yes
4776,0.210035,0.83364245,0.002970,294790.91,294785.61,2072.93,1440.56,no,yes
4777,-1.407845,0.15919347,-0.019910,295019.11,295038.97,863.59,1115.87,no,yes
4778,-1.499022,0.13388465,-0.021199,294781.40,294802.91,881.88,1131.56,no,yes
4779,0.643495,0.51991034,0.009100,295049.40,295040.99,945.64,902.53,no,yes
4780,-0.915538,0.35992037,-0.012948,295083.41,295100.84,1275.15,1413.00,no,yes
4781,0.019158,0.98471506,0.000271,294974.32,294974.02,1100.21,1121.59,no,yes
4782,0.254298,0.79926790,0.003596,294925.32,294921.07,1169.16,1199.02,no,yes
4783,-0.194504,0.84578329,-0.002751,295088.84,295091.53,938.94,1021.51,no,yes
4784,-0.184070,0.85396017,-0.002603,294821.36,294825.53,1795.48,1383.07,no,yes
4785,-0.733016,0.46355749,-0.010366,295062.84,295073.68,989.03,1099.83,no,yes
4786,-0.972900,0.33061497,-0.013759,294898.66,294912.01,913.84,1023.26,no,yes
4787,0.681155,0.49578165,0.009633,294947.60,294937.76,1138.08,887.86,no,yes
4788,-0.287346,0.77385063,-0.004064,295001.77,295005.38,865.95,910.35,no,yes
4789,0.357649,0.72060968,0.005058,294906.59,294897.63,1661.42,1876.32,no,yes
4790,-0.759881,0.44733521,-0.010746,294729.20,294753.02,1978.02,2431.55,no,yes
4791,-0.732619,0.46380028,-0.010361,295778.43,295791.39,1016.78,1447.77,no,yes
4792,-0.466220,0.64106342,-0.006593,295186.22,295199.60,1779.38,2252.12,no,yes
4793,0.278906,0.78031975,0.003944,295031.21,295026.76,1213.13,1036.12,no,yes
4794,-0.950336,0.34195334,-0.013440,294717.64,294735.39,1195.50,1433.97,no,yes
4795,-0.582456,0.56026748,-0.008237,294944.69,294978.49,3113.80,4897.66,no,yes
4796,0.294753,0.76818598,0.004168,294871.33,294863.22,2278.98,1539.31,no,yes
4797,0.118096,0.90599242,0.001670,363877.63,363875.21,1572.53,1315.98,no,yes
4798,-1.544000,0.12260522,-0.021835,307351.12,307376.49,1003.53,1301.53,no,yes
4799,-0.777776,0.43671157,-0.010999,294744.72,294765.98,1546.48,2253.17,no,yes
4800,-1.304169,0.19219505,-0.018444,294856.06,294879.58,880.57,1573.59,no,yes
4801,-0.834409,0.40406308,-0.011800,294896.81,294924.62,1677.27,2880.55,no,yes
4802,0.521099,0.60230363,0.007369,294850.65,294842.67,1080.12,1085.03,no,yes
4803,-0.088332,0.92961333,-0.001249,294792.24,294795.51,2763.12,2461.57,no,yes
4804,0.022461,0.98208022,0.000318,294870.10,294869.78,1075.44,949.28,no,yes
4805,0.204477,0.83798258,0.002892,303882.77,303872.61,3685.37,3335.00,no,yes
4806,-0.118657,0.90554796,-0.001678,294799.18,294800.93,965.44,1105.88,no,yes
4807,0.151787,0.87935688,0.002147,294869.89,294865.84,2006.66,1757.51,no,yes
4808,0.877522,0.38021411,0.012410,294805.39,294793.10,1092.17,876.07,no,yes
4809,-0.614583,0.53883763,-0.008692,294782.80,294801.24,2416.00,1779.09,no,yes
4810,0.517339,0.60492594,0.007316,294928.62,294914.61,2207.36,1568.92,no,yes
4811,-0.687464,0.49179840,-0.009722,303092.11,303149.96,5697.95,6191.39,no,yes
4812,-0.542108,0.58775008,-0.007667,393190.21,393202.19,1592.20,1534.90,no,yes
4813,0.883013,0.37724069,0.012488,294977.38,294963.28,1277.91,957.06,no,yes
4814,0.007626,0.99391554,0.000108,295205.09,295204.68,3662.53,3912.62,no,yes
4815,0.467614,0.64006575,0.006613,295094.82,295084.79,1307.39,1698.03,no,yes
4816,-0.627192,0.53054226,-0.008870,294930.44,294966.06,2891.25,4889.04,no,yes
4817,0.240687,0.80980024,0.003404,295108.42,295097.23,3435.35,3127.57,no,yes
4818,-1.015776,0.30974880,-0.014365,294739.28,294754.26,916.00,1156.32,no,yes
4819,-0.689048,0.49080114,-0.009745,295188.34,295198.21,935.61,1085.44,no,yes
4820,-0.352976,0.72411046,-0.004992,294814.88,294825.56,2191.28,2083.18,no,yes
4821,-0.305528,0.75996710,-0.004321,295108.57,295113.35,1060.09,1150.78,no,yes
4822,-0.266504,0.78985388,-0.003769,296071.39,296074.73,877.91,895.87,no,yes
4823,-0.371911,0.70996315,-0.005260,294903.24,294908.19,932.52,951.70,no,yes
4824,-0.048131,0.96161214,-0.000681,294914.37,294915.02,982.32,918.84,no,yes
4825,0.058978,0.95297033,0.000834,295004.56,294999.31,6442.29,6144.95,no,yes
4826,0.366514,0.71398545,0.005183,295107.97,295086.93,4051.17,4065.94,no,yes
4827,-0.123223,0.90193202,-0.001743,294916.82,294919.73,1647.34,1690.89,no,yes
4828,0.383140,0.70162018,0.005418,294843.91,294839.48,781.61,850.16,no,yes
4829,-0.066759,0.94677412,-0.000944,294895.91,294897.52,1539.94,1853.25,no,yes
4830,-0.337781,0.73553146,-0.004777,294863.79,294874.74,2415.94,2163.51,no,yes
4831,-0.598421,0.54956576,-0.008463,294918.65,294952.75,3763.71,4277.73,no,yes
4832,-1.120297,0.26260241,-0.015843,294825.78,294854.34,1445.64,2099.25,no,yes
4833,-0.153451,0.87804443,-0.002170,295077.70,295082.26,2005.70,2186.22,no,yes
4834,0.293115,0.76943720,0.004145,295096.42,295091.82,1037.35,1178.43,no,yes
4835,-0.034833,0.97221361,-0.000493,295104.72,295106.93,4231.73,4727.63,no,yes
4836,0.117675,0.90632673,0.001664,294931.96,294929.33,1637.60,1522.60,no,yes
4837,-1.025091,0.30533311,-0.014497,295238.97,295278.87,2433.01,3039.24,no,yes
4838,-0.255702,0.79818395,-0.003616,294979.12,294984.58,1497.94,1519.33,no,yes
4839,0.190770,0.84870782,0.002698,295103.36,295100.00,1239.28,1251.30,no,yes
4840,0.188174,0.85074180,0.002661,295103.08,295099.31,1429.88,1401.80,no,yes
4841,0.110632,0.91190930,0.001565,294782.21,294778.81,2041.50,2302.77,no,yes
4842,-0.821240,0.41151978,-0.011614,294890.53,294911.46,1969.24,1617.66,no,yes
4843,0.025738,0.97946695,0.000364,295096.78,295096.34,1284.58,1090.59,no,yes
4844,0.163473,0.87014760,0.002312,295102.08,295100.02,964.15,810.17,no,yes
4845,-1.749902,0.08015093,-0.024747,295002.25,295030.55,1041.75,1237.25,no,yes
4846,1.328912,0.18389259,0.018794,294730.93,294712.52,1054.73,897.21,no,yes
4847,-1.600778,0.10944219,-0.022638,295051.06,295073.44,912.04,1060.27,no,yes
4848,-0.467441,0.64019009,-0.006611,294996.47,295016.62,2590.76,3446.97,no,yes
4849,-0.423600,0.67186256,-0.005991,294861.41,294867.26,1044.32,901.79,no,yes
4850,-0.383606,0.70127493,-0.005425,295084.41,295094.63,1779.18,1985.56,no,yes
4851,0.170876,0.86432313,0.002417,294870.78,294866.26,1946.58,1790.10,no,yes
4852,0.434368,0.66402629,0.006143,295012.96,295006.70,1069.80,963.05,no,yes
4853,-0.288464,0.77299441,-0.004080,295120.01,295125.86,1402.94,1465.36,no,yes
4854,-0.004710,0.99624229,-0.000067,295068.81,295069.01,3095.38,2891.72,no,yes
4855,0.288323,0.77310255,0.004078,295040.80,295036.71,1105.29,888.11,no,yes
4856,-0.547864,0.58379119,-0.007748,294910.00,294917.07,866.91,956.28,no,yes
4857,-0.417884,0.67603668,-0.005910,294835.14,294840.27,872.19,861.99,no,yes
4858,0.051346,0.95905069,0.000726,294883.56,294882.29,2064.69,1366.55,no,yes
4859,-1.323376,0.18572763,-0.018715,310250.98,310285.57,1451.88,2173.64,no,yes
4860,-0.307748,0.75827751,-0.004352,294941.42,294947.13,1143.98,1459.87,no,yes
4861,0.659488,0.50959032,0.009327,295047.67,295025.84,2604.00,2043.88,no,yes
4862,-0.199110,0.84217848,-0.002816,295050.05,295055.56,1777.69,2117.79,no,yes
4863,-0.067475,0.94620440,-0.000954,295234.70,295240.72,6283.16,6317.64,no,yes
4864,-0.173560,0.86221325,-0.002455,295012.60,295018.55,2301.87,2540.32,no,yes
4865,-0.861227,0.38912309,-0.012180,294895.80,294909.74,1129.14,1160.56,no,yes
4866,0.107091,0.91471787,0.001514,294848.55,294845.36,2247.39,1941.40,no,yes
4867,-0.133551,0.89375927,-0.001889,295162.62,295170.07,4045.58,3846.92,no,yes
4868,0.575931,0.56466899,0.008145,294998.01,294989.89,1113.78,863.75,no,yes
4869,-0.753108,0.45139433,-0.010651,294944.65,294955.57,938.67,1104.71,no,yes
4870,-0.135925,0.89188212,-0.001922,294896.34,294901.28,2330.88,2793.17,no,yes
4871,-0.282108,0.77786401,-0.003990,294993.83,295002.51,1587.81,2637.67,no,yes
4872,0.178824,0.85807809,0.002529,294936.76,294934.39,994.93,882.06,no,yes
4873,0.219871,0.82597382,0.003109,294975.55,294963.69,3700.28,3925.09,no,yes
4874,-0.289252,0.77239149,-0.004091,295111.70,295115.54,887.12,984.34,no,yes
4875,-1.019167,0.30813617,-0.014413,294828.94,294858.42,1937.92,2148.12,no,yes
4876,-0.333250,0.73894887,-0.004713,294843.97,294848.48,871.79,1036.90,no,yes
4877,-0.294181,0.76862250,-0.004160,295026.30,295030.28,943.04,968.46,no,yes
4878,-0.242925,0.80806573,-0.003435,294851.02,294854.75,1003.63,1163.67,no,yes
4879,0.325913,0.74449401,0.004609,294792.85,294787.13,1144.89,1332.00,no,yes
4880,-0.171203,0.86406611,-0.002421,295083.30,295098.45,6061.85,6443.62,no,yes
4881,0.328076,0.74285785,0.004640,295253.90,295245.99,1989.70,1365.17,no,yes
4882,-0.402921,0.68701070,-0.005698,303751.50,303756.98,858.73,1054.27,no,yes
4883,-0.036165,0.97115131,-0.000511,294792.02,294792.51,1015.68,907.58,no,yes
4884,0.127143,0.89882861,0.001798,295124.45,295113.06,6435.12,6223.00,no,yes
4885,-0.129706,0.89680007,-0.001834,294958.75,294960.74,1119.08,1051.79,no,yes
4886,-0.898892,0.36872109,-0.012712,294801.51,294815.03,1053.20,1072.97,no,yes
4887,-1.071058,0.28415626,-0.015147,294739.16,294754.13,934.60,1039.51,no,yes
4888,-1.329737,0.18362108,-0.018805,302856.08,302886.97,1428.17,1832.22,no,yes
4889,-0.422318,0.67279714,-0.005972,294712.54,294718.35,937.36,1004.59,no,yes
4890,0.476742,0.63355119,0.006742,301172.29,301165.94,992.73,890.08,no,yes
4891,0.331790,0.74005125,0.004692,295029.44,295024.43,1069.23,1067.28,no,yes
4892,-0.576875,0.56403041,-0.008158,294956.06,294973.51,2001.69,2269.49,no,yes
4893,-0.292674,0.76977487,-0.004139,295128.46,295135.79,1480.34,2019.49,no,yes
4894,-1.549714,0.12122879,-0.021916,295031.26,295058.96,969.68,1501.94,no,yes
4895,0.045368,0.96381480,0.000642,294926.39,294925.60,1303.26,1158.87,no,yes
4896,0.437218,0.66195767,0.006183,305523.26,305516.97,1031.07,1002.27,no,yes
4897,-0.078558,0.93738497,-0.001111,295041.33,295042.44,1023.80,971.04,no,yes
4898,1.437359,0.15063226,0.020327,295158.34,295134.63,1270.26,1052.49,no,yes
4899,-1.411383,0.15814812,-0.019960,294962.37,294982.28,871.21,1109.19,no,yes
4900,-0.029286,0.97663640,-0.000414,294868.02,294868.74,1704.90,1757.02,no,yes
4901,0.147324,0.88287768,0.002083,295130.82,295117.79,6321.62,6178.68,no,yes
4902,0.018234,0.98545260,0.000258,296090.87,296090.44,1378.79,1924.69,no,yes
4903,-0.516285,0.60566103,-0.007301,295253.45,295283.04,4027.77,4077.87,no,yes
4904,-0.966203,0.33395431,-0.013664,307525.55,308033.81,37012.87,37379.26,no,yes
4905,-1.341926,0.17963519,-0.018978,302599.74,303044.85,23137.22,23767.62,no,yes
4906,-0.820370,0.41201504,-0.011602,306408.29,306772.35,31335.06,31422.65,no,yes
4907,0.032054,0.97442932,0.000453,295095.07,295092.95,4838.70,4543.58,no,yes
4908,-0.275490,0.78294293,-0.003896,295175.20,295187.12,3047.85,3073.39,no,yes
4909,-0.384710,0.70045716,-0.005441,302836.85,302857.72,2867.26,4603.92,no,yes
4910,1.076047,0.28192373,0.015218,295030.03,295005.50,2031.29,1032.94,no,yes
4911,-0.838987,0.40148929,-0.011865,294823.16,294869.67,2725.28,4827.08,no,yes
4912,0.177594,0.85904402,0.002512,295126.58,295122.12,2084.89,1408.61,no,yes
4913,0.726332,0.46764486,0.010272,295341.19,295299.64,4694.63,3269.47,no,yes
4914,-0.484740,0.62786618,-0.006855,294766.07,294772.52,959.79,923.59,no,yes
4915,0.061878,0.95066059,0.000875,295081.01,295079.11,2210.88,2123.35,no,yes
4916,0.280865,0.77881779,0.003972,294751.30,294743.76,2324.93,1344.52,no,yes
4917,-0.116913,0.90693012,-0.001653,295101.76,295104.34,1587.06,1543.64,no,yes
4918,0.530224,0.59596270,0.007499,295272.95,295259.44,1621.73,1965.12,no,yes
4919,0.662054,0.50794617,0.009363,294873.05,294850.84,2918.42,1655.55,no,yes
4920,-0.576549,0.56425035,-0.008154,304890.93,304899.19,990.94,1034.75,no,yes
4921,-0.058168,0.95361530,-0.000823,294905.68,294907.48,2406.02,1928.44,no,yes
4922,0.003530,0.99718380,0.000050,295026.63,295026.50,2602.45,2701.48,no,yes
4923,0.235425,0.81388146,0.003329,294873.87,294867.99,1630.52,1895.54,no,yes
4924,0.468584,0.63937237,0.006627,294822.81,294804.38,3158.01,2346.23,no,yes
4925,-0.179547,0.85751026,-0.002539,295126.30,295130.71,1463.29,1970.43,no,yes
4926,-0.415543,0.67774869,-0.005877,295905.46,295943.27,6259.63,6604.17,no,yes
4927,-0.559272,0.57598220,-0.007909,295059.65,295067.60,946.89,1059.75,no,yes
4928,-0.143204,0.88613079,-0.002025,295136.47,295138.46,983.18,985.51,no,yes
4929,0.274704,0.78354681,0.003885,295093.37,295087.39,1620.21,1455.25,no,yes
4930,0.561458,0.57449140,0.007940,295111.98,295101.56,1368.69,1253.10,no,yes
4931,-1.575026,0.11526703,-0.022274,294758.71,294782.67,959.72,1180.59,no,yes
4932,0.590218,0.55505141,0.008347,294904.55,294897.14,899.15,876.52,no,yes
4933,-0.389940,0.69658526,-0.005515,294850.29,294856.84,1111.69,1256.47,no,yes
4934,-0.945753,0.34428605,-0.013375,295154.29,295190.10,2662.04,2692.49,no,yes
4935,0.053659,0.95720738,0.000759,294943.60,294941.67,2346.00,2729.33,no,yes
4936,1.476310,0.13987812,0.020878,294988.08,294940.41,2638.23,1860.64,no,yes
4937,-0.459139,0.64613943,-0.006493,294864.83,294870.88,941.57,921.78,no,yes
4938,0.533911,0.59340992,0.007551,295007.45,294983.47,3621.66,2655.37,no,yes
4939,-0.435774,0.66300536,-0.006163,294735.30,294741.10,957.44,924.64,no,yes
4940,-0.351483,0.72522988,-0.004971,295099.84,295104.69,956.85,995.48,no,yes
4941,0.800106,0.42365919,0.011315,295023.58,295012.68,1005.84,920.53,no,yes
4942,-0.626274,0.53114317,-0.008857,294885.56,294919.59,3254.62,4350.63,no,yes
4943,-0.258017,0.79639672,-0.003649,295234.09,295256.65,6144.47,6222.11,no,yes
4944,-0.540821,0.58863700,-0.007648,294785.83,294792.78,918.54,899.42,no,yes
4945,-0.575237,0.56513741,-0.008135,295048.85,295058.06,1129.06,1134.29,no,yes
4946,-0.862145,0.38862064,-0.012193,294882.25,294900.74,1075.07,1856.13,no,yes
4947,-0.621865,0.53403837,-0.008794,294828.51,294842.42,1372.78,1765.86,no,yes
4948,0.122174,0.90276216,0.001728,294787.18,294785.46,985.29,999.72,no,yes
4949,-0.115928,0.90771058,-0.001639,295154.11,295160.31,4198.41,3308.11,no,yes
4950,0.382677,0.70196399,0.005412,295300.41,295292.22,1250.28,1736.79,no,yes
4951,0.229735,0.81830016,0.003249,294909.27,294900.95,2660.24,2453.75,no,yes
4952,0.112591,0.91035620,0.001592,294829.54,294827.77,1105.38,1119.20,no,yes
4953,-0.092535,0.92627361,-0.001309,295108.47,295111.37,2338.61,2085.28,no,yes
4954,1.035467,0.30046426,0.014644,295114.50,295096.69,1379.47,1027.05,no,yes
4955,-0.404951,0.68551763,-0.005727,294830.07,294846.38,2784.27,2908.38,no,yes
4956,-0.134896,0.89269558,-0.001908,294708.08,294711.45,1685.69,1844.10,no,yes
4957,-0.010645,0.99150667,-0.000151,294784.04,294784.40,2858.52,1807.08,no,yes
4958,-0.475270,0.63459956,-0.006721,301050.66,301057.58,943.44,1109.51,no,yes
4959,0.309347,0.75706069,0.004375,295363.31,295353.84,2293.39,2026.16,no,yes
4960,0.106976,0.91480923,0.001513,295248.82,295239.47,6268.25,6081.59,no,yes
4961,-0.826730,0.40839989,-0.011692,295016.33,295026.76,901.06,882.89,no,yes
4962,-0.434546,0.66389678,-0.006145,302597.82,302604.55,1157.60,1029.70,no,yes
4963,0.445735,0.65579387,0.006304,294948.36,294938.72,1721.55,1307.64,no,yes
4964,-0.078955,0.93706961,-0.001117,294887.30,294892.34,4820.65,4187.13,no,yes
4965,-0.027598,0.97798308,-0.000390,295046.96,295047.38,1215.36,929.11,no,yes
4966,0.988808,0.32277148,0.013984,295152.58,295104.64,4133.60,2533.45,no,yes
4967,-0.614886,0.53863889,-0.008696,295078.70,295092.48,1150.65,1922.32,no,yes
4968,0.657652,0.51076998,0.009301,295239.32,295197.31,5172.27,3748.03,no,yes
4969,-0.350504,0.72596446,-0.004957,363887.79,363893.24,1196.24,994.06,no,yes
4970,0.083977,0.93307587,0.001188,294891.76,294890.25,1394.36,1140.42,no,yes
4971,0.634367,0.52585006,0.008971,302580.08,302560.35,2679.07,1577.15,no,yes
4972,-0.389459,0.69694065,-0.005508,294959.90,294965.35,965.58,1013.23,no,yes
4973,-0.365924,0.71442577,-0.005175,295097.78,295102.29,852.48,890.47,no,yes
4974,0.381571,0.70278378,0.005396,294954.26,294948.66,1075.36,997.40,no,yes
4975,-0.653581,0.51338955,-0.009243,294845.79,294854.91,983.70,989.28,no,yes
4976,-0.182106,0.85550119,-0.002575,295015.93,295026.76,4372.33,4034.50,no,yes
4977,1.317076,0.18782938,0.018626,294917.38,294893.43,1449.10,1098.12,no,yes
4978,0.148621,0.88185435,0.002102,294807.23,294805.35,904.54,878.78,no,yes
4979,0.983678,0.32528703,0.013911,294853.09,294840.11,1074.78,764.87,no,yes
4980,1.133626,0.25696491,0.016032,295107.07,295092.17,954.24,903.36,no,yes
4981,0.025302,0.97981396,0.000358,295045.59,295045.25,941.16,928.39,no,yes
4982,-0.019501,0.98444139,-0.000276,393183.64,393183.90,904.87,965.15,no,yes
4983,0.078204,0.93766642,0.001106,295053.63,295051.52,1254.41,2393.19,no,yes
4984,0.692061,0.48890723,0.009787,295144.35,295135.30,968.63,879.34,no,yes
4985,-0.380660,0.70345992,-0.005383,295098.67,295133.33,6142.75,6720.35,no,yes
4986,0.018657,0.98511502,0.000264,294862.29,294861.71,2622.89,1674.78,no,yes
4987,1.251098,0.21091371,0.017693,295180.38,295164.27,976.95,839.25,no,yes
4988,0.070158,0.94406848,0.000992,295082.36,295081.38,1006.91,953.70,no,yes
4989,0.143736,0.88571027,0.002033,294874.88,294866.62,4632.37,3402.37,no,yes
4990,0.809951,0.41797804,0.011454,294887.84,294874.59,1252.76,1051.58,no,yes
4991,-0.373631,0.70868332,-0.005284,295003.09,295020.53,2948.95,3616.11,no,yes
4992,-1.150583,0.24991753,-0.016272,294861.57,294877.64,979.67,995.28,no,yes
4993,-0.215641,0.82926977,-0.003050,294770.39,294773.38,995.03,966.38,no,yes
4994,0.302979,0.76190877,0.004285,295160.46,295151.49,2157.83,2026.70,no,yes
4995,1.181313,0.23749295,0.016706,295074.20,295055.64,1219.73,989.75,no,yes
4996,-0.504346,0.61402408,-0.007133,294820.94,294828.46,1037.24,1072.10,no,yes
4997,-0.815168,0.41498610,-0.011528,294960.30,294973.44,1044.83,1227.09,no,yes
4998,-0.351129,0.72549506,-0.004966,295065.12,295069.71,928.61,920.04,no,yes
4999,0.947933,0.34317597,0.013406,295108.24,295074.46,2851.16,2138.06,no,yes
5000,-0.704296,0.48125715,-0.009960,295151.99,295170.88,1587.45,2163.23,no,yes
5001,0.607611,0.54345308,0.008593,295385.43,295365.08,2774.22,1876.95,no,yes
5002,-0.061688,0.95081210,-0.000872,295103.29,295108.88,6542.67,6285.37,no,yes
5003,-0.282641,0.77745502,-0.003997,294962.19,294966.24,1011.69,1016.10,no,yes
5004,-0.074143,0.94089737,-0.001049,294959.93,294960.96,976.38,981.96,no,yes
5005,-0.109322,0.91294805,-0.001546,295069.93,295073.47,1977.68,2560.22,no,yes
5006,-0.830680,0.40616633,-0.011748,294863.89,294908.47,2804.43,4575.29,no,yes
5007,-0.264989,0.79102094,-0.003748,294993.60,294997.62,964.15,1174.48,no,yes
5008,0.582662,0.56012748,0.008240,295104.34,295072.68,3921.90,3759.21,no,yes
5009,-0.874430,0.38189569,-0.012366,307374.68,307393.16,1226.12,1722.14,no,yes
5010,-0.932654,0.35101057,-0.013190,295102.48,295155.28,3491.05,4457.36,no,yes
5011,-1.458615,0.14469565,-0.020628,295226.70,295288.32,1497.36,3950.87,no,yes
5012,0.347693,0.72807473,0.004917,295098.40,295086.89,2583.59,2071.15,no,yes
5013,-0.103202,0.91780387,-0.001459,294737.21,294739.01,1337.75,1110.37,no,yes
5014,-0.819224,0.41266855,-0.011586,294776.47,294788.47,1070.80,999.66,no,yes
5015,-0.696630,0.48604416,-0.009852,294730.72,294759.04,2161.82,3442.80,no,yes
5016,0.463996,0.64265592,0.006562,294887.64,294879.41,1150.81,1350.08,no,yes
5017,0.706279,0.48002339,0.009988,294947.02,294937.24,1081.52,865.91,no,yes
5018,-0.662484,0.50766896,-0.009369,294938.94,294948.83,957.72,1144.50,no,yes
5019,-0.026416,0.97892545,-0.000374,295185.56,295188.01,6726.97,6390.23,no,yes
5020,0.011824,0.99056616,0.000167,295245.76,295245.46,1860.85,1769.21,no,yes
5021,-1.358465,0.17433243,-0.019212,294816.03,294832.22,721.99,948.01,no,yes
5022,0.829962,0.40657365,0.011737,295520.77,295498.16,2427.96,1237.26,no,yes
5023,-0.114558,0.90879688,-0.001620,295343.36,295354.10,6655.32,6608.92,no,yes
5024,0.464625,0.64220494,0.006571,295120.14,295107.12,2089.59,1865.24,no,yes
5025,-0.611726,0.54072635,-0.008651,295313.15,295332.62,2138.06,2356.72,no,yes
5026,-0.974776,0.32968326,-0.013785,294965.16,294978.40,878.05,1036.17,no,yes
5027,0.765388,0.44405025,0.010824,295084.19,295048.60,3749.83,2749.26,no,yes
5028,-0.408349,0.68302153,-0.005775,294970.64,294976.26,986.60,959.48,no,yes
5029,0.701314,0.48311672,0.009918,294797.83,294770.89,3270.67,2014.59,no,yes
5030,-0.080028,0.93621554,-0.001132,295097.61,295098.68,896.94,992.21,no,yes
5031,-0.342253,0.73216416,-0.004840,294933.61,294942.20,1576.98,1954.72,no,yes
5032,0.015592,0.98755991,0.000221,295160.48,295159.79,2963.57,3314.86,no,yes
5033,0.640088,0.52212303,0.009052,294810.61,294795.10,1854.39,1558.76,no,yes
5034,0.362542,0.71695112,0.005127,295083.89,295079.26,977.15,822.80,no,yes
5035,-2.119041,0.03410165,-0.029968,294944.12,294987.35,1082.03,1729.37,yes,yes
5036,-0.241089,0.80948891,-0.003410,295120.70,295123.93,897.88,997.10,no,yes
5037,-0.828610,0.40733483,-0.011718,294697.34,294708.04,903.45,924.26,no,yes
5038,-0.484889,0.62776032,-0.006857,294814.76,294830.53,2467.99,2117.10,no,yes
5039,-0.239962,0.81036215,-0.003394,294777.44,294783.17,1390.61,1939.63,no,yes
5040,-0.438746,0.66085003,-0.006205,294989.25,294994.98,881.82,961.14,no,yes
5041,-0.224459,0.82240216,-0.003174,294995.03,294998.23,1020.86,996.04,no,yes
5042,0.046105,0.96322731,0.000652,294838.88,294837.36,2608.30,2038.33,no,yes
5043,-0.771600,0.44036047,-0.010912,294780.85,294791.74,988.15,1007.74,no,yes
5044,-0.504095,0.61420019,-0.007129,294976.84,294989.66,1745.45,1848.98,no,yes
5045,-0.596356,0.55094407,-0.008434,295112.82,295131.88,2334.75,2181.91,no,yes
5046,0.097057,0.92268209,0.001373,295141.51,295136.16,4162.43,3619.66,no,yes
5047,-0.528508,0.59715270,-0.007474,393160.21,393182.62,2597.47,3352.99,no,yes
5048,-0.478101,0.63258367,-0.006761,294943.54,294951.02,1005.62,1196.94,no,yes
5049,0.730009,0.46539310,0.010324,294784.46,294774.13,987.07,1013.72,no,yes
5050,0.920612,0.35726455,0.013019,295087.69,295074.22,1094.46,969.49,no,yes
5051,0.283343,0.77691702,0.004007,294997.16,294990.34,1467.43,1908.86,no,yes
5052,0.295259,0.76779907,0.004176,295681.68,295677.37,1061.59,998.47,no,yes
5053,-0.038654,0.96916665,-0.000547,294927.51,294928.02,981.57,914.25,no,yes
5054,-0.246424,0.80535654,-0.003485,294736.20,294739.66,965.43,1016.21,no,yes
5055,-1.316012,0.18818613,-0.018611,305140.71,305158.31,817.97,1058.32,no,yes
5056,0.321052,0.74817428,0.004540,294833.22,294822.12,2370.58,2520.35,no,yes
5057,-0.020606,0.98356030,-0.000291,295047.63,295048.07,1744.41,1212.04,no,yes
5058,-1.374663,0.16925202,-0.019441,294689.80,294708.57,869.01,1053.39,no,yes
5059,0.705361,0.48059392,0.009975,295283.25,295260.72,2280.08,2237.90,no,yes
5060,-0.414909,0.67821335,-0.005868,295029.59,295035.18,901.95,1001.35,no,yes
5061,0.118653,0.90555150,0.001678,294979.55,294977.89,1027.10,948.07,no,yes
5062,0.332364,0.73961787,0.004700,295141.47,295137.16,906.19,926.75,no,yes
5063,-0.313815,0.75366464,-0.004438,295102.86,295111.84,1888.14,2151.79,no,yes
5064,-0.087940,0.92992542,-0.001244,294890.45,294891.72,1020.54,1018.13,no,yes
5065,0.256632,0.79746559,0.003629,295102.55,295097.58,1355.43,1384.27,no,yes
5066,-0.146637,0.88341970,-0.002074,295061.03,295064.87,1822.67,1879.72,no,yes
5067,-0.105009,0.91636979,-0.001485,294917.90,294923.62,3611.57,4081.31,no,yes
5068,0.545136,0.58566710,0.007709,294874.67,294857.43,2640.04,1742.31,no,yes
5069,-0.702320,0.48248791,-0.009932,294995.45,295015.34,1880.10,2117.01,no,yes
5070,-0.046945,0.96255725,-0.000664,295114.29,295115.80,2493.02,2035.12,no,yes
5071,-0.781939,0.43426009,-0.011058,294768.77,294780.05,931.68,1100.88,no,yes
5072,-0.606525,0.54417337,-0.008578,294700.01,294709.62,1130.60,1110.16,no,yes
5073,-0.474287,0.63530061,-0.006707,294868.66,294879.82,1699.45,1627.33,no,yes
5074,0.520385,0.60280367,0.007359,295185.05,295171.82,2316.09,1049.03,no,yes
5075,-0.014303,0.98858874,-0.000202,294831.00,294831.40,2636.66,1040.23,no,yes
5076,-0.187816,0.85102264,-0.002656,294873.69,294876.29,957.57,1001.34,no,yes
5077,-0.409095,0.68247462,-0.005785,294760.64,294767.45,1110.76,1241.97,no,yes
5078,-0.585413,0.55827655,-0.008279,294863.91,294872.10,949.30,1027.02,no,yes
5079,-0.779007,0.43598503,-0.011017,295078.56,295090.54,965.63,1197.47,no,yes
5080,-0.424946,0.67088054,-0.006010,295265.54,295273.66,1178.93,1503.97,no,yes
5081,-1.045446,0.29582955,-0.014785,294981.69,294997.76,1023.94,1145.70,no,yes
5082,-0.663028,0.50732058,-0.009377,295029.86,295050.93,2380.43,2106.34,no,yes
5083,1.013453,0.31085613,0.014332,294995.44,294982.41,951.11,864.30,no,yes
5084,-0.337480,0.73575861,-0.004773,294815.30,294832.20,3576.69,3503.59,no,yes
5085,-0.366971,0.71364485,-0.005190,294866.28,294871.93,1111.00,1066.30,no,yes
5086,-1.147589,0.25115303,-0.016229,307559.90,307634.67,3941.16,5189.02,no,yes
5087,0.755766,0.44980161,0.010688,294715.59,294700.29,1824.08,878.57,no,yes
5088,-0.088899,0.92916299,-0.001257,295081.83,295087.23,4434.70,4162.49,no,yes
5089,-0.101427,0.91921307,-0.001434,294932.66,294934.96,1896.36,1249.51,no,yes
5090,0.678901,0.49720855,0.009601,304838.25,304819.79,1967.45,1876.19,no,yes
5091,0.289148,0.77247146,0.004089,294901.98,294892.13,2623.57,2176.33,no,yes
5092,-0.196126,0.84451334,-0.002774,294856.22,294859.17,1131.95,987.80,no,yes
5093,-0.040883,0.96738967,-0.000578,294885.19,294885.80,1014.70,1103.57,no,yes
5094,-0.353168,0.72396630,-0.004995,295149.36,295157.40,1623.34,1594.27,no,yes
5095,-0.470423,0.63805788,-0.006653,295031.12,295037.79,1008.00,995.81,no,yes
5096,1.110375,0.26685083,0.015703,295081.96,295067.39,956.60,898.57,no,yes
5097,1.160662,0.24579414,0.016414,295049.01,295033.78,1027.62,814.91,no,yes
5098,0.077654,0.93810368,0.001098,295065.12,295064.07,952.26,954.14,no,yes
5099,-0.376091,0.70685325,-0.005319,294902.28,294909.54,1325.90,1405.22,no,yes
5100,-0.591421,0.55424512,-0.008364,295233.10,295241.86,976.53,1114.26,no,yes
5101,-1.633282,0.10242633,-0.023098,295106.18,295129.20,868.76,1110.16,no,yes
5102,1.107063,0.26828014,0.015656,294906.65,294889.84,1117.27,1028.55,no,yes
5103,-1.506149,0.13204479,-0.021300,294971.65,295009.71,1722.57,1848.90,no,yes
5104,0.124469,0.90094558,0.001760,294966.81,294960.01,3903.15,3825.35,no,yes
5105,0.307249,0.75865721,0.004345,294977.59,294973.62,924.87,906.04,no,yes
5106,-1.134967,0.25640565,-0.016051,294766.25,294816.37,2270.30,3787.86,no,yes
5107,-0.391097,0.69572998,-0.005531,294803.44,294810.69,1296.58,1326.64,no,yes
5108,0.241969,0.80880686,0.003422,295630.92,295625.86,1528.71,1425.09,no,yes
5109,-1.188659,0.23459718,-0.016810,294822.39,294854.09,822.70,2536.99,no,yes
5110,-0.154012,0.87760206,-0.002178,295083.14,295085.19,879.69,991.14,no,yes
5111,-1.852310,0.06399753,-0.026196,298229.37,298255.54,821.58,1149.96,no,yes
5112,0.081754,0.93484343,0.001156,294851.13,294849.90,1101.07,1027.44,no,yes
5113,0.081109,0.93535630,0.001147,304858.08,304856.89,1003.82,1056.62,no,yes
5114,-0.519916,0.60312863,-0.007353,295099.86,295113.49,2143.98,1507.28,no,yes
5115,0.261711,0.79354703,0.003701,295109.23,295104.29,1228.59,1432.45,no,yes
5116,-0.102339,0.91848844,-0.001447,296511.46,296520.41,6069.61,6305.03,no,yes
5117,-0.291894,0.77037076,-0.004128,294837.95,294845.90,1945.42,1907.15,no,yes
5118,-0.081438,0.93509420,-0.001152,303782.23,303784.89,2025.63,2550.71,no,yes
5119,0.849352,0.39569571,0.012012,294852.00,294839.29,1139.90,969.16,no,yes
5120,-0.147039,0.88310303,-0.002079,295003.84,295017.55,6685.86,6497.31,no,yes
5121,0.122829,0.90224382,0.001737,294866.56,294860.26,3768.74,3482.58,no,yes
5122,0.589300,0.55566784,0.008334,295046.47,295030.92,2181.72,1485.77,no,yes
5123,0.122866,0.90221453,0.001738,294997.14,294995.55,962.91,856.76,no,yes
5124,-0.013531,0.98920408,-0.000191,295090.90,295091.65,4343.33,3414.81,no,yes
5125,-1.059931,0.28919086,-0.014990,294817.84,294838.37,1075.43,1611.56,no,yes
5126,0.058559,0.95330437,0.000828,295074.71,295071.71,4096.63,3079.13,no,yes
5127,-0.162982,0.87053461,-0.002305,295085.67,295089.59,1960.38,1401.51,no,yes
5128,0.749127,0.45378970,0.010594,294913.90,294901.94,1258.49,981.13,no,yes
5129,-0.780522,0.43509634,-0.011038,295145.13,295171.15,1430.74,3010.50,no,yes
5130,0.005570,0.99555616,0.000079,294973.22,294973.15,880.95,996.98,no,yes
5131,-1.496530,0.13453290,-0.021164,294963.16,295013.60,1983.33,2724.68,no,yes
5132,-0.666465,0.50512149,-0.009425,295029.29,295055.41,2682.90,2858.19,no,yes
5133,1.383027,0.16667251,0.019559,295090.59,295072.33,999.71,862.36,no,yes
5134,0.069956,0.94422904,0.000989,295006.89,295004.69,2213.60,2239.23,no,yes
5135,0.465906,0.64128834,0.006589,295121.35,295108.87,2186.56,1548.71,no,yes
5136,0.057285,0.95431845,0.000810,294912.80,294911.02,2257.55,2156.09,no,yes
5137,0.705682,0.48039408,0.009980,295076.03,295066.66,940.89,936.61,no,yes
5138,-0.220834,0.82522429,-0.003123,294871.26,294877.02,1819.69,1868.93,no,yes
5139,0.518852,0.60386972,0.007338,294813.71,294806.47,980.34,994.57,no,yes
5140,1.168135,0.24276661,0.016520,294752.49,294736.08,1087.34,888.71,no,yes
5141,-0.132229,0.89480463,-0.001870,295043.67,295051.13,3990.60,3985.87,no,yes
5142,-1.257292,0.20866300,-0.017781,294800.15,294818.87,982.23,1118.98,no,yes
5143,-0.235049,0.81417309,-0.003324,294977.67,294992.17,3726.31,4916.53,no,yes
5144,-0.700751,0.48346645,-0.009910,294847.91,294857.19,888.88,982.09,no,yes
5145,-0.145263,0.88450475,-0.002054,294844.12,294848.39,1922.54,2227.53,no,yes
5146,1.084237,0.27827804,0.015333,294944.57,294922.75,1811.11,876.39,no,yes
5147,-0.948178,0.34305069,-0.013409,295291.14,295306.72,1052.05,1262.50,no,yes
5148,-0.472772,0.63638111,-0.006686,295066.24,295077.41,1606.17,1733.15,no,yes
5149,-0.385561,0.69982597,-0.005453,294857.39,294867.73,1869.28,1924.69,no,yes
5150,-0.909374,0.36316476,-0.012860,294784.95,294813.57,1829.36,2559.75,no,yes
5151,-0.277616,0.78130996,-0.003926,295009.27,295012.71,840.63,907.72,no,yes
5152,-0.388798,0.69742947,-0.005498,294975.44,294981.92,1072.07,1275.34,no,yes
5153,-0.922886,0.35607800,-0.013052,294893.00,294913.74,1488.49,1682.70,no,yes
5154,1.070529,0.28439414,0.015140,295076.52,295063.60,892.30,813.33,no,yes
5155,-0.693871,0.48777142,-0.009813,295019.35,295028.33,940.17,888.10,no,yes
5156,-0.010025,0.99200126,-0.000142,295147.92,295148.09,1079.82,1247.38,no,yes
5157,0.797657,0.42508074,0.011281,295092.30,295070.08,2347.51,1499.38,no,yes
5158,-0.169130,0.86569599,-0.002392,294766.42,294770.11,1716.84,1346.10,no,yes
5159,0.962419,0.33585169,0.013611,295047.40,295032.66,1214.02,934.89,no,yes
5160,0.508102,0.61138779,0.007186,305497.97,305490.82,1074.14,909.81,no,yes
5161,-0.912774,0.36137268,-0.012909,295066.90,295079.87,925.88,1078.12,no,yes
5162,-0.041309,0.96705032,-0.000584,295225.26,295229.49,7140.63,7357.12,no,yes
5163,-0.894584,0.37102032,-0.012651,294837.74,294849.89,882.39,1031.98,no,yes
5164,0.024397,0.98053634,0.000345,305582.87,305581.66,3500.24,3482.46,no,yes
5165,-0.194075,0.84611968,-0.002745,294921.62,294929.92,3477.09,2489.37,no,yes
5166,0.169766,0.86519606,0.002401,295143.71,295139.68,1911.07,1412.95,no,yes
5167,-0.586245,0.55771775,-0.008291,294860.93,294869.65,908.42,1178.50,no,yes
5168,-0.274740,0.78351930,-0.003885,294956.36,294965.92,1743.17,3007.58,no,yes
5169,0.000947,0.99924440,0.000013,295068.18,295068.17,869.44,862.81,no,yes
5170,0.230251,0.81789922,0.003256,295101.37,295094.18,2221.32,2194.80,no,yes
5171,0.252900,0.80034811,0.003577,295052.51,295048.93,957.69,1044.81,no,yes
5172,-0.096376,0.92322254,-0.001363,294812.57,294815.00,1764.48,1801.51,no,yes
5173,-0.895890,0.37032233,-0.012670,294835.84,294848.17,904.95,1036.23,no,yes
5174,-0.126184,0.89958792,-0.001785,294904.86,294909.88,2871.21,2749.77,no,yes
5175,0.121483,0.90330995,0.001718,294892.37,294889.37,1402.33,2030.29,no,yes
5176,0.873261,0.38253201,0.012350,294867.69,294854.25,1211.58,947.97,no,yes
5177,-0.167729,0.86679847,-0.002372,294925.79,294930.21,1582.77,2107.45,no,yes
5178,-0.169623,0.86530862,-0.002399,294847.70,294849.84,839.94,941.46,no,yes
5179,0.275222,0.78314833,0.003892,295056.94,295050.20,1688.02,1776.47,no,yes
5180,-0.238140,0.81177527,-0.003368,295074.74,295078.96,1268.12,1237.12,no,yes
5181,-0.172684,0.86290159,-0.002442,294832.77,294834.96,926.27,859.11,no,yes
5182,0.617584,0.53685875,0.008734,294957.72,294942.17,2187.47,1245.40,no,yes
5183,0.070657,0.94367124,0.000999,294865.79,294863.79,1951.73,2062.38,no,yes
5184,-0.307348,0.75858134,-0.004347,294940.49,294944.74,976.47,975.37,no,yes
5185,0.485649,0.62722162,0.006868,294967.98,294955.31,1829.57,1861.56,no,yes
5186,-0.854324,0.39293599,-0.012082,294988.18,295000.86,937.92,1150.47,no,yes
5187,0.226694,0.82066459,0.003206,294815.53,294809.83,2114.46,1363.48,no,yes
5188,-0.473204,0.63607282,-0.006692,294878.34,294889.65,1449.41,1899.79,no,yes
5189,-0.305016,0.76035703,-0.004314,295059.32,295066.46,1690.73,1619.11,no,yes
5190,0.218721,0.82686962,0.003093,295143.61,295138.50,1674.00,1630.20,no,yes
5191,-0.331325,0.74040267,-0.004686,294807.18,294813.35,1511.81,1087.39,no,yes
5192,1.058503,0.28983915,0.014969,296087.44,296073.52,990.23,864.44,no,yes
5193,0.192145,0.84763079,0.002717,300708.68,300703.87,1602.42,1921.75,no,yes
5194,0.344494,0.73047830,0.004872,294861.60,294856.86,1000.27,944.42,no,yes
5195,-0.910858,0.36238122,-0.012881,295108.21,295138.00,2204.97,2415.68,no,yes
5196,-1.312718,0.18929329,-0.018565,295084.52,295102.09,880.80,1008.53,no,yes
5197,-0.336078,0.73681568,-0.004753,295155.56,295166.90,2646.37,2096.64,no,yes
5198,-0.113753,0.90943475,-0.001609,294784.84,294789.81,2963.53,3206.09,no,yes
5199,-0.287423,0.77379171,-0.004065,294971.83,294976.21,1115.32,1039.17,no,yes
5200,-0.254058,0.79945362,-0.003593,295033.53,295056.46,6225.10,6540.24,no,yes
5201,-0.615550,0.53819900,-0.008705,294997.77,295006.55,925.08,1086.06,no,yes
5202,0.163085,0.87045328,0.002306,295046.98,295044.53,1177.20,939.81,no,yes
5203,-1.008947,0.31301334,-0.014269,294758.22,294781.48,1393.16,1836.69,no,yes
5204,0.123068,0.90205429,0.001740,296021.30,296015.43,3879.64,2767.20,no,yes
5205,-1.071716,0.28386083,-0.015156,294840.36,294855.82,953.41,1082.70,no,yes
5206,-0.996985,0.31878599,-0.014099,294879.54,294914.04,1846.44,2925.80,no,yes
5207,-0.016112,0.98714485,-0.000228,294909.89,294910.35,2379.99,1558.74,no,yes
5208,-1.124438,0.26084248,-0.015902,295052.67,295071.52,963.50,1371.29,no,yes
5209,-0.213744,0.83074912,-0.003023,294814.79,294819.91,1657.44,1725.31,no,yes
5210,-0.929762,0.35250595,-0.013149,295010.50,295022.65,806.23,1029.38,no,yes
5211,-0.329955,0.74143746,-0.004666,295380.45,295388.50,1715.75,1732.32,no,yes
5212,-0.772278,0.43995941,-0.010922,294924.57,294960.35,2970.07,3555.82,no,yes
5213,0.305833,0.75973535,0.004325,294874.76,294867.12,2044.00,1435.76,no,yes
5214,-1.088568,0.27635785,-0.015395,295284.10,295298.16,857.80,965.56,no,yes
5215,-0.054102,0.95685453,-0.000765,303902.20,303903.62,1872.96,1832.40,no,yes
5216,-0.676478,0.49874526,-0.009567,295190.11,295226.58,3660.35,3956.48,no,yes
5217,-0.161665,0.87157123,-0.002286,294948.24,294962.83,6384.90,6376.91,no,yes
5218,-0.002135,0.99829625,-0.000030,294906.09,294906.14,1742.08,1721.59,no,yes
5219,0.947669,0.34331029,0.013402,294800.95,294785.83,1275.72,958.72,no,yes
5220,0.406560,0.68433616,0.005750,294859.12,294845.60,2837.14,1735.40,no,yes
5221,0.105554,0.91593764,0.001493,294900.36,294898.11,1609.84,1392.87,no,yes
5222,-0.403252,0.68676740,-0.005703,294962.80,294976.06,2012.92,2599.35,no,yes
5223,-0.814809,0.41519116,-0.011523,294864.54,294879.21,1210.22,1333.20,no,yes
5224,-2.062807,0.03914460,-0.029172,295072.36,295100.10,832.16,1056.81,yes,yes
5225,0.189145,0.84998097,0.002675,295087.64,295085.09,952.50,955.52,no,yes
5226,-1.056015,0.29097447,-0.014934,294838.25,294852.47,881.51,1017.46,no,yes
5227,-0.075095,0.94013989,-0.001062,301079.56,301081.35,1463.11,1890.37,no,yes
5228,0.115117,0.90835325,0.001628,294895.25,294893.63,997.23,989.85,no,yes
5229,-0.161662,0.87157385,-0.002286,300730.56,300736.32,2587.12,2450.11,no,yes
5230,0.245467,0.80609757,0.003471,295081.90,295078.75,997.32,804.69,no,yes
5231,-0.139190,0.88930161,-0.001968,294969.91,294975.19,2660.89,2701.58,no,yes
5232,-0.489004,0.62484399,-0.006916,294892.04,294898.67,970.94,947.28,no,yes
5233,0.556544,0.57784637,0.007871,294930.02,294920.49,1466.05,887.11,no,yes
5234,0.250541,0.80217181,0.003543,294776.59,294773.21,1050.01,844.45,no,yes
5235,0.670965,0.50225079,0.009489,295002.74,294979.22,2652.73,2292.68,no,yes
5236,0.530372,0.59586020,0.007501,295103.79,295094.96,1264.26,1083.43,no,yes
5237,-0.209691,0.83391133,-0.002965,294938.73,294942.02,1077.47,1146.21,no,yes
5238,-0.691464,0.48928302,-0.009779,294798.45,294828.98,2626.30,3549.97,no,yes
5239,0.364796,0.71526792,0.005159,295115.77,295110.85,1003.11,902.72,no,yes
5240,-1.065766,0.28654248,-0.015072,294805.04,294822.16,1035.08,1229.23,no,yes
5241,-0.262980,0.79256888,-0.003719,295112.44,295116.41,936.35,1180.89,no,yes
5242,-0.508445,0.61114721,-0.007190,295309.50,295358.30,6477.98,7082.34,no,yes
5243,1.265137,0.20584014,0.017892,294973.41,294949.66,1601.75,978.37,no,yes
5244,0.699758,0.48408760,0.009896,294889.26,294860.19,3361.96,2438.74,no,yes
5245,-0.466080,0.64116326,-0.006591,294725.11,294735.73,1590.84,1629.05,no,yes
5246,-0.336976,0.73613875,-0.004766,294845.45,294850.56,1135.90,1005.70,no,yes
5247,0.640451,0.52188666,0.009057,294832.56,294824.45,960.07,825.28,no,yes
5248,-0.261076,0.79403652,-0.003692,295208.78,295217.21,1930.77,2583.64,no,yes
5249,-0.297949,0.76574526,-0.004214,295145.29,295149.84,1105.17,1054.17,no,yes
5250,0.492282,0.62252601,0.006962,294824.65,294807.52,2780.70,2091.47,no,yes
5251,-0.395815,0.69224565,-0.005598,294998.03,295003.32,892.88,994.40,no,yes
5252,-0.676781,0.49855305,-0.009571,294891.40,294900.54,954.23,955.45,no,yes
5253,-0.678769,0.49729222,-0.009599,294757.97,294767.05,880.25,1007.96,no,yes
5254,-0.589528,0.55551368,-0.008337,295077.31,295091.42,1569.83,1806.70,no,yes
5255,-0.146115,0.88383241,-0.002066,295104.11,295116.95,6121.37,6305.81,no,yes
5256,0.997441,0.31856338,0.014106,294733.42,294720.36,1027.64,811.62,no,yes
5257,0.962263,0.33592939,0.013608,295089.37,295076.56,990.20,889.68,no,yes
5258,-0.155652,0.87630913,-0.002201,294940.30,294942.87,1179.91,1162.52,no,yes
5259,0.019380,0.98453818,0.000274,294981.76,294980.71,4335.66,3281.64,no,yes
5260,1.128583,0.25908869,0.015961,294968.11,294950.33,1272.49,928.13,no,yes
5261,-2.173573,0.02974975,-0.030739,294951.33,294988.41,1031.02,1359.32,yes,yes
5262,-1.743268,0.08130302,-0.024654,295097.34,295125.39,990.30,1267.71,no,yes
5263,-0.341617,0.73264309,-0.004831,295033.74,295041.89,1672.17,1699.97,no,yes
5264,-0.113468,0.90966037,-0.001605,294926.46,294928.01,975.06,954.93,no,yes
5265,-0.008598,0.99313973,-0.000122,294865.58,294865.70,989.85,940.47,no,yes
5266,0.883350,0.37706135,0.012492,294992.55,294967.70,2494.33,1302.27,no,yes
5267,0.927655,0.35359886,0.013119,295156.98,295142.92,1212.38,908.41,no,yes
5268,1.118699,0.26328229,0.015821,295017.74,295002.87,1009.85,864.05,no,yes
5269,-0.921873,0.35660610,-0.013037,295007.41,295019.84,942.73,963.98,no,yes
5270,-0.719589,0.47178640,-0.010177,294797.39,294821.47,2215.66,2509.30,no,yes
5271,-0.011202,0.99106251,-0.000158,295134.03,295134.19,985.58,1017.72,no,yes
5272,-0.077664,0.93809634,-0.001098,294929.83,294931.73,1951.84,1479.41,no,yes
5273,0.632857,0.52683476,0.008950,294905.46,294881.39,2888.24,2473.26,no,yes
5274,-0.491871,0.62281607,-0.006956,294772.35,294779.01,885.30,1025.06,no,yes
5275,-1.100433,0.27115790,-0.015562,295124.53,295138.97,775.02,1059.84,no,yes
5276,1.181642,0.23737006,0.016711,295082.09,295048.63,2659.57,971.03,no,yes
5277,0.680259,0.49634827,0.009620,295155.52,295146.94,952.97,826.86,no,yes
5278,0.165416,0.86861817,0.002339,294967.93,294960.05,3645.77,3066.58,no,yes
5279,0.051944,0.95857402,0.000735,295062.52,295059.94,3770.62,3219.72,no,yes
5280,0.104766,0.91656242,0.001482,294827.54,294824.67,2159.04,1698.36,no,yes
5281,0.336050,0.73683783,0.004752,295080.74,295072.23,2211.31,1234.15,no,yes
5282,0.745340,0.45607516,0.010541,294896.11,294884.52,1152.66,1043.03,no,yes
5283,-0.301729,0.76286170,-0.004267,294912.65,294918.11,1269.35,1290.57,no,yes
5284,-0.144989,0.88472104,-0.002050,294883.71,294885.70,923.46,1015.86,no,yes
5285,-0.096396,0.92320721,-0.001363,294821.48,294823.86,1708.42,1772.54,no,yes
5286,-0.896726,0.36987636,-0.012682,305482.55,305494.24,853.22,984.79,no,yes
5287,0.629418,0.52908239,0.008901,295123.96,295114.87,1002.26,1041.34,no,yes
5288,0.244745,0.80665632,0.003461,295022.82,295019.41,1010.79,958.93,no,yes
5289,-0.049534,0.96049389,-0.000701,295282.87,295283.81,1229.66,1434.22,no,yes
5290,-0.690708,0.48975703,-0.009768,294898.21,294906.96,847.87,941.69,no,yes
5291,-1.729904,0.08366450,-0.024465,295238.47,295261.16,763.48,1066.48,no,yes
5292,-1.090469,0.27551989,-0.015422,295050.49,295080.21,1996.06,1855.33,no,yes
5293,0.742999,0.45749130,0.010508,294804.26,294793.96,1035.11,922.53,no,yes
5294,0.761895,0.44613164,0.010775,295067.55,295056.42,1099.88,960.64,no,yes
5295,-1.224652,0.22072101,-0.017319,295102.46,295121.32,1041.64,1134.49,no,yes
5296,0.359730,0.71905329,0.005087,295052.33,295042.97,2090.87,1549.47,no,yes
5297,-0.522908,0.60104453,-0.007395,294886.63,294895.58,1070.06,1335.60,no,yes
5298,-0.581792,0.56071315,-0.008228,294830.38,294837.89,875.45,950.22,no,yes
5299,0.354239,0.72316349,0.005010,294858.55,294853.49,931.95,1081.36,no,yes
5300,0.551017,0.58162896,0.007793,295160.03,295142.75,2647.61,1682.73,no,yes
5301,-0.357680,0.72058683,-0.005058,294865.84,294874.72,1640.56,1865.28,no,yes
5302,0.958514,0.33781594,0.013555,294999.79,294986.32,1126.35,839.70,no,yes
5303,0.706336,0.47998737,0.009989,294806.38,294795.51,1160.83,1010.94,no,yes
5304,0.075255,0.94001253,0.001064,295084.50,295083.25,1241.85,1093.26,no,yes
5305,0.116026,0.90763305,0.001641,294887.86,294883.81,2285.71,2631.75,no,yes
5306,0.856708,0.39162005,0.012116,295052.79,295032.61,2100.78,1065.70,no,yes
5307,0.468612,0.63935296,0.006627,295132.87,295120.21,1549.73,2211.24,no,yes
5308,-0.970109,0.33200419,-0.013719,294738.88,294752.84,1049.94,983.66,no,yes
5309,0.876705,0.38065742,0.012398,294899.43,294884.58,1260.79,1130.15,no,yes
5310,-0.273990,0.78409523,-0.003875,295288.19,295296.75,2214.84,2206.23,no,yes
5311,0.353743,0.72353587,0.005003,294839.10,294830.44,1465.18,1960.79,no,yes
5312,0.516204,0.60571798,0.007300,294945.12,294936.66,1269.67,1035.18,no,yes
5313,-1.025843,0.30497872,-0.014508,295017.75,295031.70,835.36,1073.36,no,yes
5314,-0.080391,0.93592732,-0.001137,294862.40,294866.96,4268.20,3740.49,no,yes
5315,-0.424427,0.67125935,-0.006002,294966.23,294975.56,1536.76,1569.54,no,yes
5316,-0.412647,0.67987056,-0.005836,294789.71,294800.55,2155.41,1500.62,no,yes
5317,0.218973,0.82667355,0.003097,295358.32,295354.53,1294.47,1144.73,no,yes
5318,-0.709140,0.47824708,-0.010029,294997.73,295018.50,1569.23,2473.37,no,yes
5319,-0.331376,0.74036372,-0.004686,295080.76,295086.00,1048.07,1183.21,no,yes
5320,0.324661,0.74544105,0.004591,295074.77,295070.10,1115.63,911.19,no,yes
5321,-1.123734,0.26114340,-0.015892,302898.00,302931.33,1405.29,2612.01,no,yes
5322,0.150816,0.88012255,0.002133,295107.63,295103.87,2016.59,1462.65,no,yes
5323,-0.370762,0.71081906,-0.005243,294956.24,294967.81,2150.47,2263.20,no,yes
5324,0.287563,0.77368440,0.004067,294903.20,294899.54,985.67,805.71,no,yes
5325,0.083078,0.93379014,0.001175,294994.51,294992.39,1902.25,1701.48,no,yes
5326,0.330613,0.74094116,0.004676,294984.83,294978.97,1482.89,970.03,no,yes
5327,0.290312,0.77158064,0.004106,294798.28,294790.60,2067.91,1649.53,no,yes
5328,0.120575,0.90402880,0.001705,295075.43,295071.82,2082.81,2154.47,no,yes
5329,0.166692,0.86761381,0.002357,295184.72,295175.57,4150.75,3591.39,no,yes
5330,0.397216,0.69121227,0.005617,294872.52,294862.99,1680.65,1712.39,no,yes
5331,-1.283816,0.19922135,-0.018156,295177.43,295196.12,988.01,1069.22,no,yes
5332,-0.551087,0.58158019,-0.007794,294821.22,294839.01,2269.21,2296.46,no,yes
5333,-0.069967,0.94422039,-0.000989,295260.92,295264.21,3541.54,3102.79,no,yes
5334,0.645550,0.51857842,0.009129,295096.91,295088.00,993.57,958.25,no,yes
5335,-0.794225,0.42707403,-0.011232,295168.93,295215.05,3684.52,4487.75,no,yes
5336,0.308009,0.75807891,0.004356,295320.22,295315.20,1134.39,1169.66,no,yes
5337,0.267423,0.78914662,0.003782,294757.62,294751.40,1831.77,1434.61,no,yes
5338,1.376313,0.16874085,0.019464,294857.67,294838.59,1077.03,872.99,no,yes
5339,-0.047125,0.96241396,-0.000666,294861.78,294862.72,1501.63,1302.63,no,yes
5340,-0.339417,0.73429917,-0.004800,294871.33,294876.82,1111.15,1173.71,no,yes
5341,1.040930,0.29792073,0.014721,294866.32,294850.00,1178.22,1035.39,no,yes
5342,0.088205,0.92971428,0.001247,295013.17,295011.73,1166.66,1142.80,no,yes
5343,0.056318,0.95508884,0.000796,294841.45,294838.61,3695.80,3429.53,no,yes
5344,-1.401114,0.16119537,-0.019815,294760.83,294779.72,958.80,947.86,no,yes
5345,0.270920,0.78645553,0.003831,294964.16,294960.59,1007.12,846.52,no,yes
5346,-0.229386,0.81857098,-0.003244,294867.84,294871.66,1184.47,1172.02,no,yes
5347,-0.482633,0.62936194,-0.006825,295137.20,295152.97,2232.77,2385.76,no,yes
5348,-0.359195,0.71945334,-0.005080,294968.40,294988.28,3589.36,4210.43,no,yes
5349,1.406179,0.15968786,0.019886,308884.85,308859.57,1444.79,1069.56,no,yes
5350,-0.598406,0.54957620,-0.008463,295055.98,295081.97,2721.60,3385.19,no,yes
5351,-0.174993,0.86108677,-0.002475,294858.34,294860.63,905.42,949.50,no,yes
5352,-0.901053,0.36757130,-0.012743,294824.82,294874.87,3530.09,4288.89,no,yes
5353,-0.450435,0.65240201,-0.006370,294819.36,294846.42,4284.60,4213.20,no,yes
5354,-0.033100,0.97359535,-0.000468,294914.55,294915.25,1501.69,1478.77,no,yes
5355,1.341678,0.17972061,0.018974,296282.12,296225.40,3736.95,1976.56,no,yes
5356,0.130880,0.89587170,0.001851,295758.48,295746.81,6387.51,6213.34,no,yes
5357,-0.315317,0.75252485,-0.004459,294846.82,294857.13,1684.89,2799.30,no,yes
5358,-0.319168,0.74960251,-0.004514,294958.91,294963.24,903.64,1009.04,no,yes
5359,-0.438408,0.66109546,-0.006200,295027.06,295037.71,1533.31,1885.31,no,yes
5360,-0.726248,0.46769549,-0.010271,294978.34,294988.28,995.89,940.07,no,yes
5361,-0.016437,0.98688556,-0.000232,308849.93,308850.38,2098.57,1790.08,no,yes
5362,0.887617,0.37475763,0.012553,294850.12,294837.59,1048.60,944.68,no,yes
5363,-1.930458,0.05357564,-0.027301,294961.87,295042.33,927.38,4063.31,no,yes
5364,-0.277849,0.78113113,-0.003929,295085.79,295094.60,2093.10,2380.38,no,yes
5365,1.287007,0.19811106,0.018201,294965.55,294932.01,2290.13,1243.03,no,yes
5366,1.213457,0.22496964,0.017161,294920.66,294904.34,994.63,905.39,no,yes
5367,-0.426844,0.66949773,-0.006036,294977.46,294999.72,3094.38,4196.33,no,yes
5368,0.566336,0.57117191,0.008009,294950.25,294941.53,1116.88,1057.84,no,yes
5369,0.095837,0.92365072,0.001355,295010.72,295001.88,6555.35,6485.72,no,yes
5370,-0.505727,0.61305373,-0.007152,295091.09,295113.09,2857.96,3279.90,no,yes
5371,0.624993,0.53198284,0.008839,294881.28,294873.19,975.63,849.63,no,yes
5372,0.225227,0.82180502,0.003185,295026.37,295023.53,914.36,866.11,no,yes
5373,-0.050457,0.95975867,-0.000714,295112.67,295117.20,6312.28,6388.97,no,yes
5374,-0.027109,0.97837316,-0.000383,295128.21,295129.45,3446.34,2998.04,no,yes
5375,-0.901156,0.36751666,-0.012744,294777.36,294800.67,1627.30,2010.88,no,yes
5376,-0.490134,0.62404511,-0.006932,294881.21,294899.88,2335.53,3009.73,no,yes
5377,0.265415,0.79069314,0.003754,294759.86,294752.83,2210.36,1459.88,no,yes
5378,-0.722083,0.47025229,-0.010212,294828.51,294846.16,1601.56,1845.11,no,yes
5379,0.382331,0.70221999,0.005407,294836.38,294831.42,887.14,947.25,no,yes
5380,0.556771,0.57769003,0.007874,294926.93,294914.96,1598.59,1437.53,no,yes
5381,-0.015377,0.98773120,-0.000217,295108.14,295108.82,3399.47,2846.38,no,yes
5382,0.754357,0.45064401,0.010668,294926.75,294916.01,1026.88,987.93,no,yes
5383,0.091214,0.92732374,0.001290,295079.54,295078.20,1114.92,955.79,no,yes
5384,0.050708,0.95955844,0.000717,295246.26,295243.14,4583.36,4104.61,no,yes
5385,0.730089,0.46534530,0.010325,294876.31,294855.98,2236.26,1661.23,no,yes
5386,1.762394,0.07801836,0.024924,295022.39,294993.57,1245.26,1059.99,no,yes
5387,-0.862417,0.38846835,-0.012196,295070.04,295083.94,1087.44,1189.53,no,yes
5388,0.411514,0.68069997,0.005820,294935.95,294930.29,1069.91,863.27,no,yes
5389,-1.123110,0.26140439,-0.015883,294718.88,294733.27,902.61,909.47,no,yes
5390,-0.048523,0.96130008,-0.000686,295313.04,295317.57,6679.51,6527.70,no,yes
5391,0.396018,0.69209597,0.005601,295007.31,295002.25,971.17,827.23,no,yes
5392,-0.280435,0.77914680,-0.003966,295053.06,295059.43,1430.16,1764.58,no,yes
5393,-0.349777,0.72650981,-0.004947,310265.50,310271.12,1153.04,1119.92,no,yes
5394,-0.539011,0.58988587,-0.007623,294855.20,294870.76,1695.80,2336.36,no,yes
5395,-0.090378,0.92798776,-0.001278,294949.52,294950.85,1127.82,957.15,no,yes
5396,-0.365298,0.71489250,-0.005166,294762.64,294767.93,1064.85,980.52,no,yes
5397,-0.267573,0.78903042,-0.003784,295088.97,295096.60,2052.98,1981.26,no,yes
5398,-0.029254,0.97666234,-0.000414,294932.70,294933.08,848.95,970.02,no,yes
5399,-0.377012,0.70616877,-0.005332,295064.73,295076.41,1951.39,2405.38,no,yes
5400,0.562521,0.57376708,0.007955,294798.76,294791.97,850.62,856.29,no,yes
5401,-0.750230,0.45312596,-0.010610,294790.07,294804.14,1102.81,1516.32,no,yes
5402,0.216306,0.82875164,0.003059,295071.49,295066.83,1538.55,1512.90,no,yes
5403,1.442874,0.14907257,0.020405,294815.21,294792.03,1271.49,982.75,no,yes
5404,-0.822733,0.41067009,-0.011635,295089.98,295101.92,939.76,1105.61,no,yes
5405,-0.480922,0.63057723,-0.006801,295092.92,295104.11,1639.00,1653.92,no,yes
5406,-0.652113,0.51433585,-0.009222,294841.31,294872.15,3065.86,3600.88,no,yes
5407,0.591872,0.55394279,0.008370,295270.23,295213.31,7094.59,6492.38,no,yes
5408,0.136218,0.89165021,0.001926,294906.10,294903.96,1170.34,1047.26,no,yes
5409,-0.422435,0.67271212,-0.005974,294836.55,294842.36,989.29,953.36,no,yes
5410,-1.139832,0.25437679,-0.016120,294726.90,294757.33,1012.95,2469.66,no,yes
5411,0.093007,0.92589873,0.001315,295038.32,295029.84,6552.83,6332.48,no,yes
5412,-0.598222,0.54969866,-0.008460,295203.71,295227.25,2420.52,3102.20,no,yes
5413,-0.718624,0.47238132,-0.010163,294881.02,294891.44,980.69,1068.65,no,yes
5414,-0.399311,0.68966797,-0.005647,295079.65,295086.22,1152.59,1172.44,no,yes
5415,-0.500804,0.61651650,-0.007082,294862.89,294875.62,1220.67,2228.62,no,yes
5416,-0.482235,0.62964452,-0.006820,295049.37,295066.14,2115.03,2758.72,no,yes
5417,-0.606943,0.54389569,-0.008583,295144.97,295153.40,966.83,996.51,no,yes
5418,-1.815802,0.06941644,-0.025679,296215.15,296239.33,832.89,1039.38,no,yes
5419,0.364996,0.71511824,0.005162,294986.83,294979.68,1361.81,1405.82,no,yes
5420,0.379279,0.70448596,0.005364,294967.95,294955.54,2864.76,1583.86,no,yes
5421,0.633346,0.52651533,0.008957,294914.22,294906.45,932.62,796.53,no,yes
5422,-0.886924,0.37513196,-0.012543,294928.17,294977.30,3077.49,4605.37,no,yes
5423,-0.048021,0.96169968,-0.000679,305595.43,305596.51,1631.95,1547.80,no,yes
5424,1.371540,0.17022228,0.019397,294827.85,294809.48,1000.20,891.57,no,yes
5425,-0.645815,0.51840676,-0.009133,294913.84,294929.23,1765.45,1600.13,no,yes
5426,0.815972,0.41452624,0.011540,295082.92,295071.92,1017.23,884.65,no,yes
5427,-0.185056,0.85318738,-0.002617,295181.61,295191.47,3773.50,3763.90,no,yes
5428,0.137389,0.89072442,0.001943,294810.55,294807.12,1921.28,1598.64,no,yes
5429,-0.185607,0.85275452,-0.002625,295088.34,295094.37,2317.87,2277.89,no,yes
5430,-0.927886,0.35347777,-0.013122,295926.43,295939.24,986.85,965.66,no,yes
5431,0.274374,0.78380015,0.003880,295141.11,295132.73,2276.96,2036.44,no,yes
5432,0.374007,0.70840354,0.005289,305547.51,305539.69,1619.04,1320.68,no,yes
5433,-0.403497,0.68658661,-0.005706,294840.34,294845.77,961.00,943.05,no,yes
5434,0.377341,0.70592442,0.005336,294767.37,294759.39,1277.27,1685.78,no,yes
5435,0.146132,0.88381896,0.002067,307504.68,307502.48,981.67,1142.14,no,yes
5436,0.075138,0.94010541,0.001063,295273.31,295270.75,2708.30,2076.12,no,yes
5437,0.281577,0.77827049,0.003982,295105.41,295101.47,1014.14,962.68,no,yes
5438,-0.482161,0.62969718,-0.006819,294999.88,295014.96,2392.64,2015.06,no,yes
5439,1.024946,0.30540187,0.014495,295539.59,295509.17,2339.79,1826.82,no,yes
5440,-0.227675,0.81990130,-0.003220,294814.46,294823.52,3169.73,2405.33,no,yes
5441,0.125931,0.89978796,0.001781,294846.27,294843.08,1625.48,1945.11,no,yes
5442,-0.965664,0.33422423,-0.013657,294837.73,294850.58,917.70,963.39,no,yes
5443,0.319159,0.74960978,0.004514,294943.61,294927.78,4295.33,2477.88,no,yes
5444,0.128264,0.89794100,0.001814,294914.24,294911.36,1599.46,1572.65,no,yes
5445,-0.308617,0.75761593,-0.004365,294799.11,294810.41,2391.98,2768.92,no,yes
5446,-0.117699,0.90630724,-0.001665,294844.74,294846.55,1070.99,1109.96,no,yes
5447,0.372370,0.70962229,0.005266,295081.84,295074.32,1681.98,1117.15,no,yes
5448,0.286320,0.77463592,0.004049,307474.87,307470.94,1000.43,941.79,no,yes
5449,-0.932575,0.35105186,-0.013189,295065.71,295087.02,1330.85,1857.01,no,yes
5450,-0.344187,0.73070930,-0.004868,295093.33,295102.39,1764.19,1954.39,no,yes
5451,1.031818,0.30217091,0.014592,295041.33,295022.92,1422.64,1077.77,no,yes
5452,0.134381,0.89310252,0.001900,295070.75,295067.86,1350.33,1670.09,no,yes
5453,-0.387264,0.69856539,-0.005477,294917.33,294927.39,1578.90,2062.55,no,yes
5454,-1.489690,0.13632201,-0.021067,294849.45,294870.85,930.46,1094.99,no,yes
5455,-1.323713,0.18561793,-0.018720,295125.96,295160.47,1248.04,2289.30,no,yes
5456,0.153187,0.87825245,0.002166,295055.26,295050.10,2066.47,2656.69,no,yes
5457,-0.541973,0.58784352,-0.007665,294846.74,294856.19,1004.86,1424.70,no,yes
5458,0.025495,0.97966044,0.000361,295116.51,295116.20,893.77,846.24,no,yes
5459,-0.329891,0.74148564,-0.004665,294797.98,294803.21,1059.90,1181.27,no,yes
5460,0.492178,0.62259937,0.006960,294990.44,294976.39,2235.08,1776.24,no,yes
5461,1.194278,0.23238831,0.016890,294865.21,294814.07,3805.27,1963.49,no,yes
5462,-0.615626,0.53814864,-0.008706,294974.33,294983.25,939.24,1101.81,no,yes
5463,-0.254459,0.79914376,-0.003599,295195.69,295204.38,2394.42,2436.07,no,yes
5464,-0.790976,0.42896740,-0.011186,295200.30,295221.29,1759.51,1986.99,no,yes
5465,-0.067525,0.94616443,-0.000955,294833.11,294834.15,1197.95,982.32,no,yes
5466,-0.111681,0.91107758,-0.001579,295028.31,295030.66,1443.17,1529.60,no,yes
5467,-0.159002,0.87366883,-0.002249,295050.86,295053.15,979.65,1054.18,no,yes
5468,-0.646953,0.51767011,-0.009149,308784.80,308801.46,1903.06,1732.64,no,yes
5469,0.285461,0.77529378,0.004037,295148.00,295132.42,4126.07,3571.10,no,yes
5470,-0.167173,0.86723605,-0.002364,295044.85,295048.48,1688.77,1363.13,no,yes
5471,-0.198344,0.84277758,-0.002805,295167.50,295173.90,2155.08,2398.20,no,yes
5472,-1.224504,0.22078246,-0.017317,294881.99,294917.52,1249.19,2618.91,no,yes
5473,1.787670,0.07384570,0.025281,294875.03,294848.21,1205.36,892.76,no,yes
5474,-0.337854,0.73547692,-0.004778,295041.53,295047.03,1119.66,1181.32,no,yes
5475,-0.646608,0.51789281,-0.009144,295190.64,295200.31,1049.05,1066.51,no,yes
5476,0.663252,0.50717718,0.009380,295087.52,295077.51,1131.46,998.52,no,yes
5477,-0.384427,0.70066604,-0.005437,295143.02,295151.01,1341.46,1587.89,no,yes
5478,-0.364536,0.71546130,-0.005155,295078.74,295083.76,991.45,953.63,no,yes
5479,-0.768577,0.44215541,-0.010869,302710.04,302754.58,2958.87,4983.55,no,yes
5480,-0.158866,0.87377586,-0.002247,295109.36,295112.68,1284.56,1654.29,no,yes
5481,0.378909,0.70475951,0.005359,294912.97,294891.23,4211.69,3895.76,no,yes
5482,-0.895181,0.37070132,-0.012660,295092.47,295113.25,1497.75,1773.42,no,yes
5483,0.982797,0.32571966,0.013899,294956.13,294887.28,5374.00,4494.29,no,yes
5484,0.470544,0.63797137,0.006655,302633.93,302627.65,996.78,887.79,no,yes
5485,0.024293,0.98061931,0.000344,297971.09,297970.38,2264.08,1808.27,no,yes
5486,0.299252,0.76475066,0.004232,294732.52,294728.74,872.51,912.79,no,yes
5487,-0.003707,0.99704215,-0.000052,295299.85,295300.19,6341.78,6410.91,no,yes
5488,-0.894712,0.37095228,-0.012653,295046.71,295058.26,840.71,980.19,no,yes
5489,0.249592,0.80290532,0.003530,295058.49,295055.17,938.82,943.23,no,yes
5490,-0.480103,0.63116050,-0.006790,295023.31,295034.85,1304.87,2019.03,no,yes
5491,0.144500,0.88510726,0.002044,294769.43,294767.65,931.99,800.19,no,yes
5492,1.417198,0.15644077,0.020042,294765.06,294747.83,882.82,835.75,no,yes
5493,-0.076637,0.93891326,-0.001084,295026.88,295028.17,1153.54,1233.73,no,yes
5494,0.753673,0.45105588,0.010659,294969.59,294952.03,1942.08,1288.17,no,yes
5495,0.738513,0.46021181,0.010444,295010.15,294989.92,2180.45,1658.05,no,yes
5496,-0.302546,0.76223932,-0.004279,294870.44,294875.12,1051.64,1132.97,no,yes
5497,-0.141733,0.88729206,-0.002004,295094.04,295096.01,990.23,971.15,no,yes
5498,-0.328094,0.74284448,-0.004640,295094.80,295105.66,1882.52,2720.68,no,yes
5499,0.139999,0.88866218,0.001980,294829.34,294825.30,2040.75,2031.19,no,yes
5500,-0.233040,0.81573246,-0.003296,294756.62,294764.14,2334.58,2227.83,no,yes
5501,0.078972,0.93705570,0.001117,295016.79,295012.63,3492.52,3934.83,no,yes
5502,-0.764960,0.44430707,-0.010818,294853.39,294879.71,1664.94,3010.78,no,yes
5503,-0.000130,0.99989617,-0.000002,294814.59,294814.59,2191.98,1558.60,no,yes
5504,-0.165740,0.86836343,-0.002344,294797.61,294801.10,1554.60,1424.85,no,yes
5505,-0.361048,0.71806717,-0.005106,294896.30,294905.43,1841.38,1730.43,no,yes
5506,0.182966,0.85482622,0.002588,295124.38,295119.83,1790.18,1732.86,no,yes
5507,-0.818406,0.41313545,-0.011574,294925.30,294956.82,2478.22,2947.13,no,yes
5508,0.441404,0.65892551,0.006242,294989.14,294982.33,1101.60,1082.00,no,yes
5509,-0.196725,0.84404469,-0.002782,295169.66,295175.85,2171.79,2272.82,no,yes
5510,0.125576,0.90006888,0.001776,295002.03,295000.34,1019.19,887.39,no,yes
5511,-0.337167,0.73599433,-0.004768,295014.68,295025.39,2377.51,2107.71,no,yes
5512,-1.508084,0.13154953,-0.021328,294915.32,294938.40,973.15,1180.84,no,yes
5513,0.866425,0.38626833,0.012253,294787.85,294772.67,1414.22,1034.37,no,yes
5514,0.549436,0.58271244,0.007770,295078.37,295060.63,2305.33,2261.55,no,yes
5515,-0.617905,0.53664624,-0.008738,295081.50,295113.59,2915.61,4296.15,no,yes
5516,-0.012595,0.98995138,-0.000178,294897.23,294897.57,1977.08,1885.65,no,yes
5517,-0.127855,0.89826507,-0.001808,294955.27,294962.33,3241.80,4475.42,no,yes
5518,-0.507604,0.61173653,-0.007179,294704.31,294710.99,969.70,888.82,no,yes
5519,-0.596780,0.55066380,-0.008440,294860.45,294875.65,1022.45,2333.35,no,yes
5520,-0.642432,0.52060049,-0.009085,295031.50,295040.58,926.11,1067.96,no,yes
5521,0.682373,0.49501133,0.009650,295089.46,295076.67,1380.35,1267.75,no,yes
5522,0.730671,0.46498871,0.010333,295043.78,295033.54,1058.79,919.30,no,yes
5523,0.134478,0.89302588,0.001902,294850.28,294848.44,1011.55,920.69,no,yes
5524,-0.591494,0.55419612,-0.008365,295004.74,295031.79,3096.28,3366.30,no,yes
5525,0.833304,0.40468465,0.011785,295075.80,295057.60,1829.24,1193.38,no,yes
5526,-0.392927,0.69437752,-0.005557,295047.55,295052.94,908.09,1028.32,no,yes
5527,-0.352558,0.72442393,-0.004986,295099.96,295105.05,981.72,1056.61,no,yes
5528,-0.568385,0.56978039,-0.008038,294904.73,294916.44,1267.98,1623.58,no,yes
5529,0.201006,0.84069586,0.002843,309203.18,309200.55,957.28,890.20,no,yes
5530,0.858826,0.39044711,0.012146,310329.90,310318.71,978.88,859.97,no,yes
5531,0.290034,0.77179306,0.004102,294863.21,294859.29,1012.26,896.31,no,yes
5532,-0.260616,0.79439139,-0.003686,294994.08,294998.42,1190.85,1161.71,no,yes
5533,0.207852,0.83534637,0.002939,295114.34,295106.84,2544.94,2559.15,no,yes
5534,-0.149889,0.88085379,-0.002120,294994.72,294999.65,2433.85,2220.09,no,yes
5535,0.817892,0.41342837,0.011567,294779.15,294766.26,1153.12,1074.97,no,yes
5536,-0.255643,0.79822911,-0.003615,295138.57,295152.96,3694.57,4248.59,no,yes
5537,1.013669,0.31075800,0.014335,295011.34,294983.84,2451.99,1159.89,no,yes
5538,-0.416127,0.67732231,-0.005885,295183.50,295197.27,1914.21,2698.09,no,yes
5539,-0.471856,0.63703492,-0.006673,295092.06,295098.77,958.01,1050.34,no,yes
5540,0.267944,0.78874550,0.003789,295122.78,295105.16,4714.60,4582.39,no,yes
5541,0.168714,0.86602315,0.002386,294876.34,294873.69,1061.92,1155.73,no,yes
5542,0.026080,0.97919369,0.000369,295126.13,295125.29,2304.85,2256.36,no,yes
5543,0.073373,0.94151024,0.001038,294910.77,294908.48,2208.14,2201.25,no,yes
5544,0.250906,0.80188930,0.003548,295051.64,295047.40,1244.45,1140.89,no,yes
5545,-0.289866,0.77192152,-0.004099,294796.57,294807.14,2469.08,2683.13,no,yes
5546,0.837182,0.40250214,0.011840,294866.06,294839.28,2707.68,1702.93,no,yes
5547,-0.013721,0.98905277,-0.000194,295118.82,295119.13,1267.59,1843.76,no,yes
5548,0.937987,0.34826251,0.013265,294861.25,294849.67,891.74,853.33,no,yes
5549,-0.192889,0.84704762,-0.002728,294883.97,294886.79,1005.27,1061.44,no,yes
5550,-0.130143,0.89645495,-0.001840,295154.41,295156.10,904.97,926.80,no,yes
5551,0.922363,0.35635027,0.013044,294882.49,294870.79,926.30,867.07,no,yes
5552,-0.248039,0.80410671,-0.003508,294815.87,294820.66,1410.08,1321.36,no,yes
5553,0.098764,0.92132653,0.001397,295062.31,295060.95,992.30,954.74,no,yes
5554,-0.316661,0.75150404,-0.004478,295068.34,295072.65,933.27,990.55,no,yes
5555,-0.368245,0.71269478,-0.005208,294933.09,294952.68,3109.26,4317.14,no,yes
5556,0.265978,0.79025887,0.003761,294948.67,294945.22,963.24,870.77,no,yes
5557,-0.141817,0.88722585,-0.002006,295139.04,295142.43,1552.00,1816.94,no,yes
5558,-0.908484,0.36363334,-0.012848,295728.01,295757.52,2290.75,2303.57,no,yes
5559,-1.006312,0.31428021,-0.014231,295005.75,295023.95,959.42,1533.35,no,yes
5560,0.863236,0.38801819,0.012208,294849.30,294835.57,1138.67,1111.14,no,yes
5561,-0.647151,0.51754135,-0.009152,310315.64,310323.77,891.33,883.42,no,yes
5562,-0.931583,0.35156333,-0.013175,295108.18,295122.62,1016.50,1170.83,no,yes
5563,-0.726166,0.46774596,-0.010270,294845.09,294860.19,1290.31,1631.08,no,yes
5564,-0.080865,0.93555011,-0.001144,295262.07,295263.36,1106.11,1157.03,no,yes
5565,1.064075,0.28730887,0.015048,294853.97,294823.31,2348.57,1669.63,no,yes
5566,0.177640,0.85900790,0.002512,295164.46,295158.47,2544.80,2207.59,no,yes
5567,0.923874,0.35556367,0.013066,294972.40,294961.00,954.80,781.95,no,yes
5568,0.261648,0.79359548,0.003700,294981.23,294974.49,1928.48,1705.33,no,yes
5569,0.188702,0.85032841,0.002669,295247.94,295241.25,2490.27,2520.64,no,yes
5570,-0.425905,0.67018139,-0.006023,295065.77,295073.79,1336.65,1324.89,no,yes
5571,0.132279,0.89476486,0.001871,294926.83,294922.83,2266.22,1994.17,no,yes
5572,0.185503,0.85283669,0.002623,295110.25,295101.22,3748.40,3106.31,no,yes
5573,0.857403,0.39123294,0.012126,294784.42,294772.39,1087.26,887.04,no,yes
5574,-0.438769,0.66083397,-0.006205,295067.49,295073.60,979.37,991.52,no,yes
5575,0.482797,0.62924500,0.006828,295185.98,295172.00,2202.06,1882.17,no,yes
5576,-0.098545,0.92150088,-0.001394,295121.61,295124.90,2515.20,2197.90,no,yes
5577,-0.334752,0.73781552,-0.004734,294864.21,294868.64,903.77,965.96,no,yes
5578,0.621126,0.53452431,0.008784,294898.73,294887.24,1508.88,1068.97,no,yes
5579,1.004801,0.31500530,0.014210,294982.09,294969.88,921.62,792.76,no,yes
5580,-1.302727,0.19268332,-0.018423,294999.41,295028.35,1426.45,1702.45,no,yes
5581,0.604021,0.54583650,0.008542,300551.39,300542.95,1018.64,957.60,no,yes
5582,0.586189,0.55775542,0.008290,294868.84,294860.74,1011.84,941.40,no,yes
5583,-0.097898,0.92201461,-0.001384,295130.56,295132.57,1448.79,1442.39,no,yes
5584,-0.224033,0.82273366,-0.003168,294850.43,294853.15,843.03,873.01,no,yes
5585,-0.976620,0.32876947,-0.013811,295040.10,295055.35,997.01,1201.62,no,yes
5586,0.486727,0.62645711,0.006883,294786.48,294779.62,998.13,995.02,no,yes
5587,-0.385788,0.69965804,-0.005456,294848.93,294860.53,2440.26,1756.66,no,yes
5588,-0.080553,0.93579851,-0.001139,294761.15,294762.73,1258.15,1505.74,no,yes
5589,0.819682,0.41240730,0.011592,294836.60,294825.57,1013.51,886.50,no,yes
5590,-0.275104,0.78323931,-0.003891,294928.41,294932.72,1120.86,1093.62,no,yes
5591,-0.298454,0.76535993,-0.004221,294834.00,294837.91,977.98,870.75,no,yes
5592,-0.449912,0.65277902,-0.006363,295196.93,295213.49,2308.02,2867.84,no,yes
5593,-1.593588,0.11104486,-0.022537,295112.98,295137.56,971.22,1197.67,no,yes
5594,-2.112300,0.03467489,-0.029872,295083.35,295116.64,876.06,1310.30,yes,yes
5595,0.338756,0.73479699,0.004791,294846.22,294841.30,1068.42,986.07,no,yes
5596,-0.310498,0.75618547,-0.004391,294924.81,294940.36,3600.59,3478.72,no,yes
5597,0.317975,0.75050728,0.004497,294860.29,294849.46,2627.26,2167.26,no,yes
5598,-0.433025,0.66500144,-0.006124,295065.58,295070.85,825.92,894.34,no,yes
5599,-0.305945,0.75964976,-0.004327,294963.13,294967.07,858.56,957.94,no,yes
5600,1.081796,0.27935651,0.015299,296263.30,296244.85,1290.00,1114.48,no,yes
5601,0.558909,0.57623004,0.007904,294822.93,294813.54,1257.14,1112.87,no,yes
5602,-0.142528,0.88666448,-0.002016,295142.70,295144.92,1148.10,1044.37,no,yes
5603,0.438017,0.66137855,0.006195,294811.82,294806.05,994.10,863.03,no,yes
5604,-0.218018,0.82741705,-0.003083,294997.17,295004.97,2652.81,2397.08,no,yes
5605,-0.633004,0.52673806,-0.008952,294905.49,294924.06,1997.45,2147.60,no,yes
5606,-0.150970,0.88000137,-0.002135,294820.16,294822.64,1288.49,1009.34,no,yes
5607,-0.671088,0.50217219,-0.009491,294723.06,294732.74,946.57,1087.93,no,yes
5608,-1.022974,0.30633279,-0.014467,295004.46,295019.29,918.17,1121.99,no,yes
5609,-0.956125,0.33902073,-0.013522,297809.30,297835.02,1732.59,2058.04,no,yes
5610,0.395568,0.69242796,0.005594,295135.86,295129.88,1089.60,1046.15,no,yes
5611,-0.737273,0.46096486,-0.010427,294756.52,294775.60,1860.64,1798.53,no,yes
5612,0.749662,0.45346802,0.010602,294935.50,294925.47,1064.47,809.71,no,yes
5613,0.792368,0.42815551,0.011206,294742.04,294729.64,1165.37,1045.28,no,yes
5614,0.533429,0.59374244,0.007544,294935.48,294925.16,1458.11,1271.93,no,yes
5615,0.848102,0.39639171,0.011994,294984.92,294972.76,1133.58,877.62,no,yes
5616,0.748781,0.45399826,0.010589,294921.32,294911.26,983.39,916.94,no,yes
5617,1.212474,0.22534591,0.017147,295081.60,295062.56,1203.32,1008.48,no,yes
5618,-0.158094,0.87438453,-0.002236,295171.91,295176.88,2322.81,2119.11,no,yes
5619,-0.613514,0.53954334,-0.008676,294816.36,294824.84,1015.13,939.33,no,yes
5620,0.748092,0.45441374,0.010580,294920.51,294910.61,910.73,959.07,no,yes
5621,-0.338616,0.73490286,-0.004789,295020.30,295025.04,913.50,1062.61,no,yes
5622,-0.945722,0.34430203,-0.013375,294904.45,294918.70,1053.85,1077.09,no,yes
5623,-0.073401,0.94148748,-0.001038,294894.23,294896.52,2442.40,1939.61,no,yes
5624,-0.139164,0.88932193,-0.001968,294980.55,294983.10,1362.79,1223.29,no,yes
5625,-1.080307,0.28001886,-0.015278,294936.06,294951.62,957.40,1074.89,no,yes
5626,-0.093395,0.92559115,-0.001321,294987.99,294989.69,1078.32,1464.46,no,yes
5627,0.610834,0.54131662,0.008639,294827.40,294819.68,987.60,787.25,no,yes
5628,-1.029131,0.30343088,-0.014554,294895.77,294910.96,984.97,1098.77,no,yes
5629,-0.303504,0.76150932,-0.004292,295095.59,295103.06,1777.43,1701.13,no,yes
5630,0.435243,0.66339110,0.006155,295270.42,295262.40,1331.52,1274.34,no,yes
5631,-0.810463,0.41768420,-0.011462,295690.21,295703.96,1031.70,1346.99,no,yes
5632,0.251871,0.80114303,0.003562,295072.33,295069.08,942.22,878.92,no,yes
5633,-0.307094,0.75877540,-0.004343,295073.90,295078.67,1134.42,1063.21,no,yes
5634,0.109776,0.91258830,0.001552,295102.17,295099.55,1509.96,1852.31,no,yes
5635,0.039301,0.96865107,0.000556,295080.82,295080.02,1514.01,1393.56,no,yes
5636,0.127219,0.89876813,0.001799,295156.43,295152.06,2488.55,2360.60,no,yes
5637,-1.297809,0.19436916,-0.018354,304783.80,304802.59,877.43,1151.41,no,yes
5638,-1.410164,0.15850694,-0.019943,295097.31,295117.97,969.81,1098.92,no,yes
5639,-0.157577,0.87479167,-0.002228,294899.56,294901.64,935.95,933.39,no,yes
5640,-0.522009,0.60167013,-0.007382,295007.38,295020.52,1733.61,1827.05,no,yes
5641,-0.180236,0.85696877,-0.002549,294902.65,294905.16,1015.35,952.31,no,yes
5642,-0.024214,0.98068213,-0.000342,295082.52,295082.84,949.27,928.91,no,yes
5643,-0.000206,0.99983553,-0.000003,294941.36,294941.37,893.56,890.16,no,yes
5644,0.811167,0.41727939,0.011472,294903.80,294891.75,1078.44,1022.79,no,yes
5645,0.939940,0.34726048,0.013293,294854.38,294840.08,1206.79,926.29,no,yes
5646,0.079321,0.93677795,0.001122,294988.88,294984.22,4287.79,4016.98,no,yes
5647,0.204994,0.83757932,0.002899,296090.78,296086.32,1830.13,1176.78,no,yes
5648,-0.166568,0.86771149,-0.002356,294868.84,294872.59,1316.18,1826.44,no,yes
5649,0.211495,0.83250295,0.002991,295130.29,295124.72,1900.01,1820.58,no,yes
5650,-0.194253,0.84598005,-0.002747,295067.68,295070.50,1047.26,1005.28,no,yes
5651,0.166069,0.86810413,0.002349,294920.10,294914.65,2457.29,2171.88,no,yes
5652,-0.409583,0.68211677,-0.005792,295002.41,295022.27,2857.22,3918.28,no,yes
5653,-1.172553,0.24098947,-0.016582,294779.35,294801.36,1420.25,1227.35,no,yes
5654,-1.228420,0.21930792,-0.017372,294883.91,294909.26,990.28,1810.62,no,yes
5655,-0.367815,0.71301507,-0.005202,295043.10,295048.07,892.46,1016.94,no,yes
5656,-0.137541,0.89060438,-0.001945,295035.15,295038.62,1603.79,1943.17,no,yes
5657,0.363158,0.71649066,0.005136,295103.44,295097.53,1133.19,1168.18,no,yes
5658,0.061260,0.95115305,0.000866,301204.84,301202.94,2340.40,2022.77,no,yes
5659,0.464674,0.64217104,0.006571,295005.52,294991.24,2600.72,1637.45,no,yes
5660,0.315474,0.75240480,0.004461,294806.83,294802.72,986.43,848.50,no,yes
5661,-0.781094,0.43475665,-0.011046,294985.08,294996.51,974.42,1092.63,no,yes
5662,-0.141582,0.88741122,-0.002002,296005.82,296008.04,1106.24,1113.82,no,yes
5663,-0.389133,0.69718175,-0.005503,294856.15,294862.72,1179.11,1207.02,no,yes
5664,-0.295334,0.76774247,-0.004177,294852.06,294861.76,1885.54,2692.61,no,yes
5665,-0.855073,0.39252091,-0.012093,294837.33,294849.35,958.99,1028.41,no,yes
5666,0.421831,0.67315311,0.005966,305101.71,305091.90,1680.05,1608.88,no,yes
5667,0.396154,0.69199603,0.005602,294927.84,294909.03,3663.17,3022.62,no,yes
5668,-0.694480,0.48738948,-0.009821,294967.42,294992.23,2482.36,2570.00,no,yes
5669,0.071023,0.94338045,0.001004,295266.44,295263.20,3036.56,3413.34,no,yes
5670,-0.190004,0.84930822,-0.002687,295105.23,295108.37,1071.25,1258.72,no,yes
5671,-0.655911,0.51188944,-0.009276,294766.35,294776.08,939.74,1148.85,no,yes
5672,-0.008967,0.99284555,-0.000127,295172.50,295172.66,1435.50,1131.47,no,yes
5673,-0.315551,0.75234675,-0.004463,295123.41,295134.86,2529.05,2602.06,no,yes
5674,-0.484706,0.62789050,-0.006855,294718.77,294730.16,1582.49,1736.05,no,yes
5675,0.165694,0.86839930,0.002343,294994.92,294989.62,2237.21,2281.13,no,yes
5676,0.320047,0.74893625,0.004526,295248.63,295243.66,1103.61,1093.64,no,yes
5677,-0.046738,0.96272289,-0.000661,295121.90,295126.33,6709.85,6691.68,no,yes
5678,0.148387,0.88203867,0.002099,294967.20,294963.63,1990.95,1349.35,no,yes
5679,-0.085793,0.93163194,-0.001213,295005.67,295007.71,1816.48,1532.97,no,yes
5680,-0.720947,0.47095166,-0.010196,294881.21,294897.69,1295.68,1882.47,no,yes
5681,0.351200,0.72544215,0.004967,294906.20,294897.16,1870.06,1770.09,no,yes
5682,0.341140,0.73300199,0.004824,294763.41,294758.49,1102.46,932.20,no,yes
5683,0.688972,0.49084902,0.009744,295093.64,295084.08,1056.11,899.06,no,yes
5684,-0.126301,0.89949485,-0.001786,294850.73,294854.84,2186.76,2412.21,no,yes
5685,-0.059422,0.95261654,-0.000840,295056.01,295058.39,2972.79,2682.37,no,yes
5686,0.450421,0.65241230,0.006370,294885.38,294870.40,2099.81,2580.48,no,yes
5687,0.777660,0.43677881,0.010998,295080.17,295065.05,1448.14,1298.47,no,yes
5688,0.151252,0.87977826,0.002139,294961.99,294953.79,4135.72,3504.93,no,yes
5689,0.393259,0.69413223,0.005562,294922.00,294915.60,1172.74,1127.58,no,yes
5690,-0.876123,0.38097438,-0.012390,295069.20,295088.39,1311.98,1752.95,no,yes
5691,-0.103336,0.91769739,-0.001461,294852.77,294854.20,971.26,984.23,no,yes
5692,1.127363,0.25960324,0.015943,295079.77,295062.60,1196.41,942.38,no,yes
5693,0.071837,0.94273248,0.001016,294914.14,294911.92,2494.60,1821.92,no,yes
5694,-0.357155,0.72097943,-0.005051,294997.82,295011.59,2646.77,2803.94,no,yes
5695,-0.528035,0.59748103,-0.007468,295066.86,295092.54,3042.28,3793.33,no,yes
5696,0.586011,0.55787481,0.008287,294834.92,294820.15,1723.16,1838.86,no,yes
5697,0.498019,0.61847745,0.007043,295065.99,295054.69,1966.62,1134.87,no,yes
5698,-0.163954,0.86976925,-0.002319,294829.62,294831.92,928.95,1051.02,no,yes
5699,-0.201474,0.84033039,-0.002849,295114.03,295118.77,1755.67,1564.15,no,yes
5700,-0.148012,0.88233468,-0.002093,295136.38,295138.53,1090.89,965.27,no,yes
5701,0.974174,0.32998190,0.013777,294825.77,294813.25,957.09,857.35,no,yes
5702,-0.249618,0.80288516,-0.003530,305457.09,305467.49,2943.39,2948.17,no,yes
5703,0.155849,0.87615379,0.002204,295016.47,295009.13,3318.36,3339.40,no,yes
5704,-0.513770,0.60741872,-0.007266,295054.44,295077.17,2974.44,3274.83,no,yes
5705,-0.875314,0.38141629,-0.012379,295105.64,295138.94,1908.11,3291.39,no,yes
5706,-0.441501,0.65885550,-0.006244,294961.86,294969.10,1071.20,1242.42,no,yes
5707,-0.288172,0.77321799,-0.004075,295023.34,295032.37,2293.61,2136.83,no,yes
5708,-0.620444,0.53497252,-0.008774,295013.18,295028.76,1642.16,1899.49,no,yes
5709,-1.210448,0.22612200,-0.017118,302757.06,302775.06,918.02,1170.41,no,yes
5710,0.025443,0.97970201,0.000360,294672.54,294672.20,897.75,1025.65,no,yes
5711,0.683434,0.49434119,0.009665,296088.30,296070.90,2027.40,1539.98,no,yes
5712,-0.148317,0.88209451,-0.002098,295204.53,295211.32,3026.20,3435.83,no,yes
5713,0.648368,0.51675497,0.009169,294907.05,294888.51,2301.20,1698.23,no,yes
5714,-0.146404,0.88360415,-0.002070,294996.24,295003.33,3436.55,3413.58,no,yes
5715,0.153973,0.87763261,0.002178,295043.24,295041.02,976.61,1063.33,no,yes
5716,-0.241561,0.80912305,-0.003416,294858.81,294862.22,1006.58,988.61,no,yes
5717,-0.901583,0.36728929,-0.012750,294774.88,294787.07,942.78,970.45,no,yes
5718,0.723768,0.46921876,0.010236,303838.82,303823.86,1773.95,1059.16,no,yes
5719,-1.284100,0.19912310,-0.018160,294961.80,294978.10,751.19,1023.20,no,yes
5720,0.375017,0.70765158,0.005304,294897.99,294873.59,4825.05,4367.21,no,yes
5721,-0.500646,0.61662593,-0.007080,294733.82,294740.52,939.99,954.26,no,yes
5722,-0.468956,0.63910615,-0.006632,295191.35,295212.87,3331.07,3156.22,no,yes
5723,-0.690334,0.48999305,-0.009763,294999.76,295018.98,1606.13,2273.70,no,yes
5724,1.260758,0.20741311,0.017830,294953.06,294864.57,5867.53,3851.58,no,yes
5725,-0.337524,0.73572533,-0.004773,294909.38,294917.96,1762.98,1831.36,no,yes
5726,-0.053619,0.95723905,-0.000758,295024.98,295026.81,2265.19,2544.39,no,yes
5727,-1.279481,0.20074338,-0.018095,294999.08,295017.32,886.76,1116.06,no,yes
5728,0.093475,0.92552694,0.001322,295102.47,295093.80,6569.47,6547.60,no,yes
5729,0.269224,0.78775983,0.003807,294821.57,294817.74,1089.09,918.71,no,yes
5730,0.831174,0.40588523,0.011755,295097.30,295083.70,1215.28,1095.52,no,yes
5731,0.021932,0.98250249,0.000310,294758.70,294757.81,2884.07,2820.95,no,yes
5732,-0.314977,0.75278255,-0.004454,294791.38,294799.08,1655.38,1799.42,no,yes
5733,0.497126,0.61910596,0.007030,295139.14,295129.54,1478.04,1241.29,no,yes
5734,0.366679,0.71386269,0.005186,294835.40,294830.23,995.77,995.70,no,yes
5735,-0.319272,0.74952348,-0.004515,294804.94,294809.30,848.18,1069.50,no,yes
5736,1.340195,0.18019848,0.018953,294849.05,294827.25,1301.30,976.62,no,yes
5737,-0.057019,0.95453039,-0.000806,295187.67,295191.19,4208.95,4524.22,no,yes
5738,-0.746880,0.45514827,-0.010562,295030.66,295051.52,1189.51,2527.52,no,yes
5739,0.008259,0.99341042,0.000117,295008.46,295007.96,4896.67,3533.13,no,yes
5740,-0.947103,0.34359904,-0.013394,295006.49,295035.59,1789.22,2497.21,no,yes
5741,0.364716,0.71532794,0.005158,295135.34,295128.69,1548.38,964.62,no,yes
5742,0.489699,0.62435265,0.006925,294845.09,294839.03,939.91,807.41,no,yes
5743,0.399228,0.68972948,0.005646,294921.98,294914.14,1434.53,1342.48,no,yes
5744,-0.851095,0.39472767,-0.012036,294899.60,294923.29,1643.23,2246.97,no,yes
5745,-0.605005,0.54518247,-0.008556,294899.80,294916.68,1960.38,1984.21,no,yes
5746,-0.811528,0.41707204,-0.011477,295069.72,295080.51,910.20,968.03,no,yes
5747,-0.745281,0.45611081,-0.010540,295052.90,295063.20,931.96,1020.78,no,yes
5748,0.871730,0.38336692,0.012328,294805.91,294791.55,1294.22,1019.98,no,yes
5749,-0.075553,0.93977582,-0.001068,295104.24,295111.24,6533.86,6556.18,no,yes
5750,-0.750158,0.45316856,-0.010609,294894.27,294914.70,1885.00,1966.31,no,yes
5751,-0.627639,0.53024936,-0.008876,295163.63,295179.19,1227.43,2155.66,no,yes
5752,-0.104720,0.91659904,-0.001481,294985.95,294988.23,1334.71,1718.45,no,yes
5753,-0.519973,0.60308815,-0.007354,294816.72,294823.38,810.94,991.52,no,yes
5754,0.566950,0.57075428,0.008018,294910.64,294903.98,842.21,817.95,no,yes
5755,-0.211564,0.83244957,-0.002992,295024.10,295029.23,1816.36,1603.11,no,yes
5756,-0.414547,0.67847814,-0.005863,295041.41,295058.30,2734.25,3020.70,no,yes
5757,-0.268627,0.78821943,-0.003799,294857.81,294864.86,1844.04,1871.20,no,yes
5758,0.330663,0.74090403,0.004676,294736.24,294726.64,2692.21,1085.95,no,yes
5759,-0.313127,0.75418777,-0.004428,294808.77,294813.53,1052.86,1097.88,no,yes
5760,-0.939452,0.34751020,-0.013286,294902.73,294915.31,906.22,985.14,no,yes
5761,-0.069374,0.94469278,-0.000981,295066.81,295067.77,965.31,989.50,no,yes
5762,-0.929405,0.35269247,-0.013144,363961.41,364014.24,3048.44,4797.87,no,yes
5763,0.199808,0.84163286,0.002826,295074.57,295069.50,1688.55,1891.90,no,yes
5764,0.250030,0.80256652,0.003536,295060.31,295057.31,872.84,825.96,no,yes
5765,-0.025254,0.97985288,-0.000357,295085.02,295085.42,1104.93,1112.67,no,yes
5766,-0.259174,0.79550385,-0.003665,295318.19,295341.50,6333.66,6384.05,no,yes
5767,-0.726290,0.46766964,-0.010271,294783.33,294793.69,973.11,1043.86,no,yes
5768,-0.558699,0.57637390,-0.007901,301188.43,301206.05,1783.39,2602.55,no,yes
5769,-1.261679,0.20707914,-0.017843,294803.57,294824.18,1214.21,1093.74,no,yes
5770,-0.020063,0.98399298,-0.000284,295077.70,295079.51,6514.00,6251.35,no,yes
5771,-0.929670,0.35255344,-0.013148,294770.99,294785.13,995.11,1150.65,no,yes
5772,0.050186,0.95997486,0.000710,294989.91,294988.53,1644.20,2208.79,no,yes
5773,-0.149811,0.88091503,-0.002119,295091.25,295095.60,2044.08,2059.35,no,yes
5774,0.712352,0.47625744,0.010074,295053.61,295036.16,2114.22,1237.66,no,yes
5775,-1.027108,0.30438237,-0.014525,294733.14,294767.55,2210.51,2517.83,no,yes
5776,-0.793000,0.42778936,-0.011215,294768.23,294787.91,1276.54,2128.45,no,yes
5777,0.050864,0.95943403,0.000719,295050.43,295047.56,3850.43,4128.79,no,yes
5778,-0.471290,0.63743902,-0.006665,295176.45,295199.76,3345.31,3643.31,no,yes
5779,0.245288,0.80623596,0.003469,295185.25,295171.55,4537.80,3260.71,no,yes
5780,-0.416740,0.67687272,-0.005894,295090.76,295101.65,1849.33,1846.84,no,yes
5781,-0.392753,0.69450637,-0.005554,295105.60,295118.60,2317.58,2365.10,no,yes
5782,0.266527,0.78983580,0.003769,294829.24,294825.10,1119.36,1076.57,no,yes
5783,0.050649,0.95960607,0.000716,294958.96,294957.82,1670.60,1508.09,no,yes
5784,0.645579,0.51856211,0.009130,294827.75,294814.40,1841.56,940.26,no,yes
5785,0.508589,0.61104570,0.007193,295023.33,295016.27,1036.04,925.88,no,yes
5786,-0.022774,0.98183099,-0.000322,312708.76,312729.72,65053.37,65125.47,no,yes
5787,-0.160732,0.87230593,-0.002273,295031.01,295045.07,6073.10,6297.24,no,yes
5788,-0.228451,0.81929800,-0.003231,295029.57,295037.19,2266.90,2450.13,no,yes
5789,-0.399284,0.68968946,-0.005647,295090.33,295099.55,1150.57,2001.93,no,yes
5790,-0.109971,0.91243322,-0.001555,295127.24,295129.00,1120.49,1130.98,no,yes
5791,0.774744,0.43849990,0.010957,294846.59,294830.77,1488.47,1397.34,no,yes
5792,-0.231628,0.81682921,-0.003276,294894.67,294901.01,1862.46,2006.27,no,yes
5793,0.366241,0.71418902,0.005179,295064.25,295058.56,1164.56,1031.50,no,yes
5794,-0.539047,0.58986034,-0.007623,295166.71,295189.32,2889.17,3040.57,no,yes
5795,0.552593,0.58054807,0.007815,295158.71,295150.02,1071.51,1151.18,no,yes
5796,0.462948,0.64340678,0.006547,294859.46,294851.83,1127.59,1201.53,no,yes
5797,-0.526739,0.59838088,-0.007449,294990.22,295005.79,1779.26,2361.59,no,yes
5798,0.943981,0.34519056,0.013350,294763.01,294749.34,1036.61,1010.51,no,yes
5799,0.123041,0.90207585,0.001740,300692.58,300690.13,1405.68,1413.64,no,yes
5800,0.646368,0.51804870,0.009141,294959.09,294947.86,1297.52,1156.21,no,yes
5801,1.046527,0.29533550,0.014800,294927.58,294892.05,3079.32,1430.00,no,yes
5802,-0.055437,0.95579108,-0.000784,295069.64,295071.13,1520.19,2205.80,no,yes
5803,0.507360,0.61190869,0.007175,295042.13,295025.30,2738.89,1871.54,no,yes
5804,-0.678150,0.49768490,-0.009590,295135.77,295151.77,1541.10,1785.76,no,yes
5805,1.003311,0.31572832,0.014189,295148.94,295112.79,3274.99,1501.16,no,yes
5806,0.274308,0.78385050,0.003879,295079.62,295072.89,1810.98,1654.40,no,yes
5807,-1.067197,0.28589585,-0.015092,295119.46,295150.65,1913.27,2208.94,no,yes
5808,0.875333,0.38140559,0.012379,295109.18,295090.08,1877.30,1112.51,no,yes
5809,0.261485,0.79372102,0.003698,294874.05,294870.01,1109.43,1075.95,no,yes
5810,-1.297033,0.19463545,-0.018343,294860.74,294882.14,1035.40,1283.88,no,yes
5811,-0.091664,0.92696576,-0.001296,294901.89,294902.98,845.19,844.04,no,yes
5812,0.121309,0.90344774,0.001716,294997.11,294994.01,2028.07,1555.32,no,yes
5813,-0.233189,0.81561682,-0.003298,294772.56,294779.69,1899.09,2395.50,no,yes
5814,0.159061,0.87362270,0.002249,295073.00,295070.86,960.78,941.09,no,yes
5815,-0.324223,0.74577243,-0.004585,305526.01,305530.66,949.54,1074.73,no,yes
5816,-1.419830,0.15567756,-0.020079,295058.58,295109.17,1691.93,3136.11,no,yes
5817,-0.391582,0.69537164,-0.005538,393225.64,393239.91,2439.72,2707.60,no,yes
5818,-0.655287,0.51229081,-0.009267,295050.84,295059.55,904.24,974.93,no,yes
5819,-0.201779,0.84009143,-0.002854,295082.47,295087.30,1958.89,1381.13,no,yes
5820,-0.402859,0.68705600,-0.005697,294817.91,294824.76,1280.09,1119.81,no,yes
5821,-0.065429,0.94783344,-0.000925,294925.95,294929.41,4088.90,3332.75,no,yes
5822,-0.412078,0.68028714,-0.005828,295109.84,295119.49,1505.63,1792.86,no,yes
5823,0.066152,0.94725749,0.000936,295081.61,295078.25,3980.46,3142.62,no,yes
5824,-0.560254,0.57531372,-0.007923,294975.82,294999.11,2311.52,3454.85,no,yes
5825,0.885060,0.37613748,0.012517,295043.70,294998.93,4354.31,2574.72,no,yes
5826,1.002513,0.31610864,0.014178,294888.05,294872.45,1212.85,975.81,no,yes
5827,-0.092518,0.92628719,-0.001308,294838.39,294839.66,1048.30,884.03,no,yes
5828,0.018048,0.98560067,0.000255,295030.07,295029.65,1623.62,1656.29,no,yes
5829,0.772570,0.43978595,0.010926,295010.44,294993.91,1602.02,1417.30,no,yes
5830,-0.651966,0.51443253,-0.009220,294991.97,295009.16,1322.23,2281.19,no,yes
5831,0.962013,0.33605651,0.013605,298014.98,297983.89,2701.55,1772.80,no,yes
5832,-0.855380,0.39235115,-0.012097,294860.50,294893.50,2689.10,2766.98,no,yes
5833,-0.199532,0.84184872,-0.002822,294864.11,294867.93,1344.68,1366.55,no,yes
5834,-1.139652,0.25444667,-0.016117,308911.30,308959.10,2358.56,3468.09,no,yes
5835,-0.606288,0.54433035,-0.008574,295097.62,295110.30,1419.64,1536.73,no,yes
5836,-0.776688,0.43735205,-0.010984,294935.95,294947.02,993.39,1022.29,no,yes
5837,0.131941,0.89503203,0.001866,294883.27,294879.94,1773.24,1792.01,no,yes
5838,-1.108444,0.26768496,-0.015676,295071.99,295100.26,1455.27,2094.35,no,yes
5839,0.080829,0.93557853,0.001143,295433.01,295431.56,1370.85,1153.25,no,yes
5840,-0.276611,0.78208144,-0.003912,295195.35,295210.54,3892.83,3876.78,no,yes
5841,-1.032824,0.30169895,-0.014606,302620.36,302638.64,1201.95,1298.98,no,yes
5842,0.129115,0.89726821,0.001826,295076.66,295073.44,1836.67,1687.31,no,yes
5843,0.077731,0.93804292,0.001099,294857.93,294857.01,816.69,867.82,no,yes
5844,-0.272729,0.78506457,-0.003857,295054.00,295058.35,1076.23,1180.05,no,yes
5845,-0.203926,0.83841320,-0.002884,294818.14,294824.68,2172.35,2359.44,no,yes
5846,0.346682,0.72883400,0.004903,294792.39,294784.50,1534.97,1682.33,no,yes
5847,0.854681,0.39273875,0.012087,295161.86,295149.48,1171.69,850.91,no,yes
5848,0.643924,0.51963227,0.009106,295032.06,295022.39,1166.84,944.40,no,yes
5849,-0.051702,0.95876631,-0.000731,295134.50,295136.86,3194.76,3263.72,no,yes
5850,-0.899682,0.36830016,-0.012723,294956.27,294970.31,1096.59,1110.54,no,yes
5851,0.629160,0.52925164,0.008898,294908.66,294895.70,1430.46,1482.14,no,yes
5852,-0.049608,0.96043534,-0.000702,295095.36,295096.57,1806.57,1642.99,no,yes
5853,-0.020921,0.98330853,-0.000296,302600.34,302600.78,1289.26,1700.13,no,yes
5854,0.628264,0.52983820,0.008885,294806.11,294795.35,1315.64,1095.39,no,yes
5855,0.109016,0.91319071,0.001542,295067.95,295063.43,3010.16,2850.99,no,yes
5856,-0.032374,0.97417438,-0.000458,301039.02,301039.46,923.38,986.74,no,yes
5857,-0.165508,0.86854563,-0.002341,294776.40,294778.92,1131.37,1013.34,no,yes
5858,-1.183054,0.23680251,-0.016731,294741.39,294771.79,1574.05,2031.26,no,yes
5859,0.160203,0.87272250,0.002266,295301.99,295292.58,4290.94,4009.94,no,yes
5860,-0.192957,0.84699474,-0.002729,295126.86,295129.30,804.05,975.45,no,yes
5861,-0.518583,0.60405733,-0.007334,294923.64,294930.87,1050.65,915.60,no,yes
5862,-0.145572,0.88426038,-0.002059,295361.71,295366.96,2447.13,2642.05,no,yes
5863,-0.453062,0.65050928,-0.006407,303716.23,303722.21,921.39,946.23,no,yes
5864,0.914648,0.36038778,0.012935,294795.38,294781.09,1177.41,1026.89,no,yes
5865,0.163446,0.87016902,0.002311,294894.78,294892.52,1034.27,923.05,no,yes
5866,-1.082833,0.27889594,-0.015314,294909.50,294934.92,1505.56,1801.57,no,yes
5867,-1.005300,0.31476469,-0.014217,294867.88,294882.92,1013.46,1100.23,no,yes
5868,-0.569571,0.56897591,-0.008055,294898.42,294916.52,1769.69,2638.20,no,yes
5869,1.094358,0.27381390,0.015477,294824.54,294793.21,2436.39,1503.41,no,yes
5870,-1.179786,0.23809982,-0.016685,294861.14,294880.35,1055.91,1239.98,no,yes
5871,-0.498592,0.61807206,-0.007051,294871.52,294881.41,1383.55,1419.98,no,yes
5872,-0.488825,0.62497128,-0.006913,294796.81,294803.52,916.77,1022.86,no,yes
5873,-0.338837,0.73473641,-0.004792,295066.46,295074.80,1660.77,1814.63,no,yes
5874,-0.503702,0.61447771,-0.007123,295578.25,295605.14,2727.12,4590.43,no,yes
5875,-0.659675,0.50946983,-0.009329,294891.60,294900.31,949.97,915.05,no,yes
5876,-0.125495,0.90013309,-0.001775,295099.69,295106.26,3433.08,3959.65,no,yes
5877,0.098217,0.92176117,0.001389,295182.93,295181.53,1070.18,932.90,no,yes
5878,-0.935400,0.34959372,-0.013229,295070.94,295085.12,1018.32,1123.00,no,yes
5879,-0.744028,0.45687112,-0.010522,294947.23,294973.08,1596.04,3086.07,no,yes
5880,1.219665,0.22260650,0.017249,294999.05,294983.33,970.13,847.57,no,yes
5881,-0.405532,0.68509120,-0.005735,294868.49,294874.77,1035.18,1152.41,no,yes
5882,-0.507426,0.61186161,-0.007176,294808.64,294815.29,843.64,1001.62,no,yes
5883,-0.212948,0.83136980,-0.003012,295318.52,295324.73,1808.15,2288.04,no,yes
5884,-0.244165,0.80710567,-0.003453,294927.57,294932.55,1353.81,1526.94,no,yes
5885,0.266600,0.78977977,0.003770,295060.15,295053.55,1886.20,1600.63,no,yes
5886,-0.711268,0.47692625,-0.010059,294753.41,294762.45,871.10,925.34,no,yes
5887,-0.368881,0.71222022,-0.005217,295038.69,295048.02,1689.93,1880.86,no,yes
5888,-0.937546,0.34849041,-0.013259,294882.60,294919.17,2284.79,3161.85,no,yes
5889,-0.382323,0.70222654,-0.005407,294888.09,294896.76,1884.68,1262.43,no,yes
5890,0.309507,0.75693947,0.004377,295121.21,295115.83,1212.12,1244.74,no,yes
5891,-0.637130,0.52404743,-0.009010,294973.57,294982.76,1041.80,996.25,no,yes
5892,-0.247808,0.80428514,-0.003505,305228.00,305231.46,973.51,1001.90,no,yes
5893,-0.490704,0.62364097,-0.006940,295149.22,295176.54,3743.29,4123.51,no,yes
5894,0.344206,0.73069496,0.004868,294863.85,294855.16,1970.12,1578.01,no,yes
5895,-0.161578,0.87163944,-0.002285,294785.13,294788.25,1313.35,1417.46,no,yes
5896,-0.878372,0.37975305,-0.012422,294960.64,294993.73,2401.35,2902.31,no,yes
5897,-0.241071,0.80950236,-0.003409,294991.92,295006.95,4057.54,4728.68,no,yes
5898,-0.369952,0.71142237,-0.005232,295043.61,295049.25,1081.48,1073.63,no,yes
5899,0.327725,0.74312334,0.004635,295127.43,295116.50,2525.66,2178.83,no,yes
5900,0.959635,0.33725075,0.013571,294987.19,294972.39,1167.18,1008.51,no,yes
5901,-1.772222,0.07637552,-0.025063,307914.00,307966.64,1604.24,2500.32,no,yes
5902,0.489788,0.62428943,0.006927,294990.17,294982.85,1107.81,1002.36,no,yes
5903,0.307715,0.75830206,0.004352,294979.00,294974.94,950.32,918.40,no,yes
5904,-0.383181,0.70158948,-0.005419,295158.81,295168.29,1628.25,1861.37,no,yes
5905,-0.767728,0.44265911,-0.010857,294772.13,294794.30,1618.96,2391.26,no,yes
5906,-0.508225,0.61130139,-0.007187,294789.08,294801.84,1721.99,1828.34,no,yes
5907,-0.353798,0.72349409,-0.005003,295066.62,295071.99,1006.91,1135.96,no,yes
5908,-0.381125,0.70311451,-0.005390,294814.84,294819.69,877.14,920.40,no,yes
5909,0.854820,0.39266412,0.012089,295046.01,295017.52,2943.74,1562.98,no,yes
5910,0.594617,0.55210631,0.008409,294983.76,294956.96,3473.01,2873.08,no,yes
5911,0.520851,0.60247672,0.007366,295120.29,295111.62,1272.53,1072.01,no,yes
5912,-1.086302,0.27735874,-0.015363,294912.22,294930.53,1114.68,1263.86,no,yes
5913,-0.613312,0.53967740,-0.008674,295009.85,295028.66,2033.83,2295.94,no,yes
5914,0.231290,0.81709182,0.003271,295108.96,295096.90,3863.10,3502.22,no,yes
5915,-1.218149,0.22318200,-0.017227,295057.94,295090.67,1787.28,2006.18,no,yes
5916,0.092255,0.92649618,0.001305,295015.92,295011.73,3277.93,3142.42,no,yes
5917,0.174028,0.86184567,0.002461,294912.03,294907.95,1922.70,1335.69,no,yes
5918,-1.216321,0.22387706,-0.017201,294923.28,294942.24,1082.25,1122.08,no,yes
5919,0.057538,0.95411707,0.000814,295071.06,295070.22,1057.95,993.61,no,yes
5920,-0.270270,0.78695567,-0.003822,294888.45,294891.89,941.77,855.66,no,yes
5921,0.335394,0.73733135,0.004743,294849.20,294839.42,2157.69,1959.63,no,yes
5922,0.094322,0.92485407,0.001334,295134.46,295132.69,1395.18,1261.27,no,yes
5923,-1.178185,0.23873730,-0.016662,295061.60,295077.58,865.83,1043.65,no,yes
5924,-1.272985,0.20303833,-0.018003,294855.87,294874.65,1011.89,1073.89,no,yes
5925,-0.263658,0.79204633,-0.003729,294758.45,294763.34,1296.17,1326.29,no,yes
5926,-0.251057,0.80177282,-0.003550,303867.54,303875.22,1967.45,2343.07,no,yes
5927,0.184096,0.85394028,0.002604,295164.26,295159.59,1805.09,1782.46,no,yes
5928,1.126743,0.25986468,0.015935,295065.19,295050.17,964.70,920.60,no,yes
5929,-0.401094,0.68835502,-0.005672,294862.27,294887.58,4285.04,4632.20,no,yes
5930,0.574106,0.56590424,0.008119,308846.87,308830.14,2492.27,1512.60,no,yes
5931,-0.330339,0.74114755,-0.004672,294867.58,294871.84,932.10,890.14,no,yes
5932,-0.225563,0.82154372,-0.003190,295068.51,295071.94,1004.32,1140.44,no,yes
5933,0.227000,0.82042641,0.003210,295225.37,295212.54,4047.54,3944.74,no,yes
5934,-0.528712,0.59701202,-0.007477,294929.67,294948.34,2008.15,2904.72,no,yes
5935,0.344075,0.73079433,0.004866,295076.20,295055.56,5130.75,3112.16,no,yes
5936,-0.697963,0.48520834,-0.009871,295069.86,295081.47,1092.35,1255.16,no,yes
5937,-1.045397,0.29585227,-0.014784,294870.55,294883.58,885.39,877.34,no,yes
5938,0.761458,0.44639349,0.010769,294785.52,294772.81,1351.31,978.56,no,yes
5939,-0.447647,0.65441278,-0.006331,295090.39,295100.01,1462.41,1573.43,no,yes
5940,0.679047,0.49711631,0.009603,294896.32,294887.40,992.19,860.62,no,yes
5941,-1.583098,0.11342084,-0.022388,295048.11,295081.89,941.46,1914.75,no,yes
5942,0.325085,0.74512045,0.004597,294913.74,294908.58,1138.77,1109.23,no,yes
5943,0.101808,0.91890980,0.001440,295040.75,295031.52,6425.52,6395.08,no,yes
5944,-0.427804,0.66879848,-0.006050,295031.01,295052.25,3273.34,3730.46,no,yes
5945,-0.403279,0.68674755,-0.005703,294847.52,294853.18,939.00,1043.81,no,yes
5946,-0.658729,0.51007737,-0.009316,294872.20,294882.29,1022.07,1142.67,no,yes
5947,-0.128130,0.89804728,-0.001812,295176.78,295188.04,6154.44,6267.88,no,yes
5948,0.658507,0.51022038,0.009313,305228.11,305219.45,994.43,860.95,no,yes
5949,-1.099681,0.27148422,-0.015552,294941.98,294956.36,905.24,942.68,no,yes
5950,0.444407,0.65675364,0.006285,294910.31,294884.85,4767.02,3175.63,no,yes
5951,-0.384497,0.70061451,-0.005438,294887.80,294892.81,921.63,921.87,no,yes
5952,-1.085898,0.27753854,-0.015357,294848.23,294879.30,1669.05,2324.44,no,yes
5953,-0.303818,0.76126942,-0.004297,295192.87,295200.86,1726.48,1986.41,no,yes
5954,-0.020235,0.98385606,-0.000286,294954.61,294955.26,2249.54,2298.59,no,yes
5955,-0.424873,0.67093396,-0.006009,295134.98,295146.50,1779.09,2044.23,no,yes
5956,0.009016,0.99280663,0.000128,295169.23,295169.12,901.70,894.33,no,yes
5957,0.436348,0.66258935,0.006171,294743.83,294738.24,986.04,816.50,no,yes
5958,0.460418,0.64522240,0.006511,304893.42,304880.74,2364.83,1411.49,no,yes
5959,0.644599,0.51919475,0.009116,295247.30,295232.80,1646.39,1533.03,no,yes
5960,1.822653,0.06837285,0.025776,295046.37,295011.38,1585.71,1081.88,no,yes
5961,0.499799,0.61722231,0.007068,294917.50,294900.00,2666.91,2268.53,no,yes
5962,0.037083,0.97041908,0.000524,305509.13,305508.69,773.96,913.18,no,yes
5963,0.403166,0.68683068,0.005702,294860.24,294853.50,1275.69,1082.93,no,yes
5964,0.218773,0.82682955,0.003094,295083.79,295077.47,1675.74,2350.79,no,yes
5965,0.001969,0.99842885,0.000028,295110.39,295110.30,3192.82,3319.82,no,yes
5966,0.604202,0.54571927,0.008545,295003.63,294986.00,2670.10,1175.61,no,yes
5967,0.311432,0.75547548,0.004404,294797.97,294781.98,4029.51,3185.59,no,yes
5968,-0.332247,0.73970610,-0.004699,294846.21,294850.52,904.17,927.60,no,yes
5969,-0.119256,0.90507385,-0.001687,295103.09,295105.32,1062.95,1535.88,no,yes
5970,0.152602,0.87871347,0.002158,294872.43,294868.16,1624.52,2278.01,no,yes
5971,-0.208425,0.83489953,-0.002948,294981.52,294986.09,1167.63,1859.33,no,yes
5972,-0.064872,0.94827669,-0.000917,295057.66,295060.54,3257.62,2997.98,no,yes
5973,0.366813,0.71376274,0.005188,301190.59,301185.00,1152.86,994.44,no,yes
5974,-0.473545,0.63582989,-0.006697,295053.12,295059.92,922.87,1098.64,no,yes
5975,0.083778,0.93323382,0.001185,295090.44,295089.36,955.49,871.41,no,yes
5976,-0.204542,0.83793229,-0.002893,295069.70,295072.56,983.96,994.95,no,yes
5977,-1.306490,0.19140428,-0.018477,295103.47,295131.54,1100.37,1845.99,no,yes
5978,-0.080267,0.93602563,-0.001135,295067.95,295068.92,834.80,880.66,no,yes
5979,0.126231,0.89955047,0.001785,295021.96,295018.73,2111.42,1447.01,no,yes
5980,-2.442872,0.01458036,-0.034547,295082.02,295124.29,1011.62,1403.70,yes,yes
5981,-0.047460,0.96214726,-0.000671,295331.82,295336.08,6284.00,6420.60,no,yes
5982,0.690153,0.49010673,0.009760,295036.52,295012.69,2735.35,2105.28,no,yes
5983,-0.275030,0.78329633,-0.003890,294750.07,294758.96,2646.29,1858.90,no,yes
5984,-1.149626,0.25031389,-0.016258,294863.14,294881.62,887.77,1339.89,no,yes
5985,-0.374056,0.70836669,-0.005290,295141.87,295149.45,1359.39,1500.30,no,yes
5986,0.100525,0.91992885,0.001422,295042.28,295035.68,4749.95,4527.13,no,yes
5987,1.391670,0.16403884,0.019681,295519.72,295500.84,1066.49,838.83,no,yes
5988,1.134397,0.25664200,0.016043,294836.72,294819.58,1142.88,989.40,no,yes
5989,-0.247449,0.80456333,-0.003499,294881.97,294892.52,3164.80,2854.48,no,yes
5990,-1.120936,0.26232865,-0.015852,294754.80,294770.56,919.57,1063.18,no,yes
5991,-0.654630,0.51271420,-0.009258,295224.52,295245.65,1884.86,2621.45,no,yes
5992,-0.476772,0.63352990,-0.006743,310347.19,310354.10,1063.33,986.13,no,yes
5993,0.137029,0.89100938,0.001938,294958.55,294956.41,1124.32,1088.22,no,yes
5994,1.507846,0.13161015,0.021324,294888.55,294867.71,1054.48,893.26,no,yes
5995,-0.773559,0.43920070,-0.010940,294982.41,294995.95,1263.08,1210.44,no,yes
5996,0.227502,0.82003590,0.003217,294870.70,294866.98,1228.13,1079.81,no,yes
5997,-0.633327,0.52652775,-0.008957,294873.76,294895.54,2309.76,2548.40,no,yes
5998,-0.316300,0.75177841,-0.004473,295314.67,295342.98,6133.78,6517.21,no,yes
5999,0.354176,0.72321093,0.005009,295056.75,295043.14,2670.15,2763.60,no,yes
6000,-0.254416,0.79917662,-0.003598,294880.55,294884.44,1076.12,1089.10,no,yes
6001,-0.636063,0.52474255,-0.008995,295088.75,295099.63,1163.64,1254.15,no,yes
6002,1.000643,0.31701197,0.014151,300566.04,300550.60,1187.37,985.56,no,yes
6003,-0.197736,0.84325355,-0.002796,314603.02,314608.89,2250.60,1934.12,no,yes
6004,0.323685,0.74618016,0.004578,295143.92,295139.51,1024.29,900.52,no,yes
6005,-0.272020,0.78561007,-0.003847,294783.93,294790.42,1402.65,1929.59,no,yes
6006,-0.215308,0.82952949,-0.003045,294969.50,294975.09,1974.36,1687.92,no,yes
6007,-0.616895,0.53731188,-0.008724,294876.47,294889.21,1204.11,1678.66,no,yes
6008,-0.408136,0.68317866,-0.005772,295019.00,295026.89,1201.85,1515.87,no,yes
6009,0.413789,0.67903320,0.005852,305220.41,305214.50,1080.07,934.15,no,yes
6010,0.593004,0.55318699,0.008386,294725.09,294712.11,1926.34,1036.03,no,yes
6011,0.784435,0.43279470,0.011094,393255.89,393238.66,1668.26,1427.81,no,yes
6012,-0.828141,0.40760036,-0.011712,294911.58,294923.37,974.45,1038.58,no,yes
6013,0.028648,0.97714582,0.000405,294879.82,294879.16,1489.79,1752.76,no,yes
6014,-0.119587,0.90481187,-0.001691,295116.43,295120.55,2519.90,2349.49,no,yes
6015,0.510856,0.60945782,0.007225,295119.84,295109.13,1554.51,1404.99,no,yes
6016,-1.115060,0.26483933,-0.015769,295032.69,295050.65,958.20,1294.90,no,yes
6017,-0.788091,0.43065336,-0.011145,295039.40,295049.15,798.47,945.24,no,yes
6018,0.472902,0.63628869,0.006688,294819.25,294811.66,1212.02,1052.32,no,yes
6019,0.998416,0.31809108,0.014120,295022.07,295001.49,1672.47,1204.68,no,yes
6020,0.639122,0.52275085,0.009039,295005.61,294997.16,958.18,911.33,no,yes
6021,-0.231964,0.81656841,-0.003280,301080.96,301084.80,1138.13,1204.91,no,yes
6022,1.358124,0.17444027,0.019207,294965.88,294945.97,1145.51,914.83,no,yes
6023,0.245408,0.80614329,0.003471,295367.42,295345.74,6291.38,6205.52,no,yes
6024,0.095335,0.92404975,0.001348,295376.66,295372.32,3393.08,3032.77,no,yes
6025,0.091693,0.92694254,0.001297,295090.87,295088.77,1648.76,1590.84,no,yes
6026,0.136856,0.89114585,0.001935,295323.87,295321.74,1174.29,1027.45,no,yes
6027,-0.261672,0.79357739,-0.003701,294768.15,294771.88,1030.67,986.75,no,yes
6028,0.244325,0.80698254,0.003455,295142.52,295127.90,5121.00,3097.89,no,yes
6029,-0.248169,0.80400637,-0.003510,294701.74,294705.36,995.14,1067.01,no,yes
6030,0.588804,0.55599950,0.008327,294858.35,294850.29,949.18,986.06,no,yes
6031,-0.600836,0.54795622,-0.008497,294880.70,294895.72,1665.16,1864.40,no,yes
6032,-0.479755,0.63140699,-0.006785,295144.69,295163.12,2558.01,2865.87,no,yes
6033,0.086911,0.93074317,0.001229,294880.58,294878.18,2173.37,1699.25,no,yes
6034,-0.410904,0.68114827,-0.005811,294791.48,294801.56,2081.51,1296.80,no,yes
6035,0.939792,0.34733564,0.013291,294904.10,294891.02,1041.98,921.54,no,yes
6036,0.710131,0.47763201,0.010043,295045.86,295022.71,2627.80,1928.80,no,yes
6037,-0.206216,0.83662421,-0.002916,295036.10,295039.34,1031.40,1183.24,no,yes
6038,0.609529,0.54218070,0.008620,294952.72,294944.38,1018.01,913.20,no,yes
6039,-0.074479,0.94062987,-0.001053,295101.72,295104.56,2668.33,2725.12,no,yes
6040,-0.029332,0.97660035,-0.000415,294936.84,294937.65,2223.61,1602.22,no,yes
6041,0.190946,0.84856974,0.002700,295294.90,295288.00,2878.36,2188.19,no,yes
6042,0.186685,0.85190991,0.002640,294757.84,294755.27,1047.17,893.66,no,yes
6043,-1.257500,0.20859090,-0.017784,295053.16,295103.99,2029.95,3495.42,no,yes
6044,-0.812223,0.41667378,-0.011487,294760.61,294771.77,856.07,1074.73,no,yes
6045,-0.259719,0.79508343,-0.003673,294861.52,294868.07,1903.88,1653.64,no,yes
6046,-0.589119,0.55578791,-0.008331,294888.99,294903.20,1617.70,1789.95,no,yes
6047,0.079443,0.93668145,0.001123,295105.36,295103.55,1917.28,1236.44,no,yes
6048,0.029189,0.97671427,0.000413,294864.66,294864.28,938.54,896.27,no,yes
6049,0.201371,0.84041032,0.002848,295187.13,295176.55,4170.38,3189.76,no,yes
6050,-0.290727,0.77126351,-0.004111,294825.14,294830.52,1277.55,1337.97,no,yes
6051,-0.385071,0.70018872,-0.005446,295050.16,295070.61,3600.68,3903.78,no,yes
6052,-0.478934,0.63199076,-0.006773,295010.69,295021.62,1619.29,1607.82,no,yes
6053,-0.425026,0.67082247,-0.006011,295166.13,295179.41,2196.33,2221.46,no,yes
6054,0.358378,0.72006448,0.005068,295110.69,295095.04,3424.39,2709.78,no,yes
6055,0.790951,0.42898241,0.011186,294824.33,294813.42,1101.74,830.20,no,yes
6056,0.097558,0.92228427,0.001380,294845.44,294840.40,3942.74,3339.85,no,yes
6057,0.142296,0.88684800,0.002012,294913.03,294909.22,2126.86,1630.69,no,yes
6058,0.059565,0.95250301,0.000842,294892.62,294890.72,1989.36,2484.87,no,yes
6059,-0.154417,0.87728267,-0.002184,294837.57,294840.46,1064.93,1540.69,no,yes
6060,-0.974498,0.32982094,-0.013781,295040.71,295065.13,1746.77,1797.51,no,yes
6061,-0.270638,0.78667259,-0.003827,295209.97,295235.07,6453.09,6661.44,no,yes
6062,-1.167453,0.24304259,-0.016510,294764.33,294778.96,754.58,1000.58,no,yes
6063,-1.637652,0.10151192,-0.023160,294996.08,295020.53,858.92,1221.13,no,yes
6064,0.219880,0.82596712,0.003110,294932.12,294928.52,1212.98,1102.93,no,yes
6065,1.427015,0.15359192,0.020181,307540.43,307518.41,1192.87,978.44,no,yes
6066,-0.073513,0.94139848,-0.001040,294897.88,294899.68,1745.24,1715.47,no,yes
6067,-0.997597,0.31848682,-0.014108,295220.88,295233.51,853.25,934.63,no,yes
6068,-0.233685,0.81523204,-0.003305,295004.41,295010.27,1830.57,1713.04,no,yes
6069,0.494500,0.62095852,0.006993,294844.45,294838.70,862.21,780.09,no,yes
6070,0.658500,0.51022425,0.009313,294875.93,294866.76,941.76,1026.11,no,yes
6071,0.347823,0.72797658,0.004919,302629.56,302622.74,1432.50,1339.19,no,yes
6072,0.228020,0.81963290,0.003225,295241.33,295233.94,2351.84,2232.98,no,yes
6073,0.445418,0.65602284,0.006299,294848.24,294836.52,1958.62,1758.53,no,yes
6074,0.620004,0.53526314,0.008768,294996.04,294976.32,2671.82,1726.66,no,yes
6075,0.032411,0.97414469,0.000458,295037.53,295037.10,952.85,932.46,no,yes
6076,0.753766,0.45099856,0.010660,305401.99,305390.96,1055.59,1013.21,no,yes
6077,0.446227,0.65543829,0.006311,295028.83,295014.43,2406.38,2151.11,no,yes
6078,-0.304030,0.76110865,-0.004300,295067.97,295079.03,2300.86,2818.46,no,yes
6079,-0.164176,0.86959443,-0.002322,294886.56,294890.52,1589.98,1816.49,no,yes
6080,0.250696,0.80205205,0.003545,295303.41,295295.27,2381.31,2211.16,no,yes
6081,-0.114090,0.90916772,-0.001613,295124.98,295130.13,3055.18,3325.20,no,yes
6082,0.221357,0.82481683,0.003130,294887.82,294885.08,893.76,855.21,no,yes
6083,-0.258472,0.79604571,-0.003655,295015.08,295028.16,3698.20,3456.39,no,yes
6084,-0.884236,0.37658509,-0.012505,295028.02,295055.64,1144.04,2906.76,no,yes
6085,1.359894,0.17387904,0.019232,302616.38,302598.83,948.32,874.84,no,yes
6086,-0.040837,0.96742629,-0.000578,295065.82,295069.45,6229.81,6368.10,no,yes
6087,-0.386780,0.69892309,-0.005470,295146.14,295161.82,2760.81,2967.84,no,yes
6088,0.461651,0.64433661,0.006529,294919.79,294912.35,1166.24,1112.44,no,yes
6089,1.514114,0.13001411,0.021413,294798.40,294770.57,1478.35,1091.99,no,yes
6090,0.034307,0.97263293,0.000485,295195.02,295194.16,1693.47,1850.27,no,yes
6091,-0.292454,0.76994252,-0.004136,295064.65,295073.76,2229.72,2177.31,no,yes
6092,0.267858,0.78881175,0.003788,294998.69,294995.06,966.39,950.61,no,yes
6093,-0.308614,0.75761835,-0.004364,294911.31,294919.72,1896.81,1952.78,no,yes
6094,-1.231212,0.21825844,-0.017412,294777.77,294800.27,1160.98,1410.66,no,yes
6095,-0.992147,0.32113989,-0.014031,294828.50,294854.30,1395.51,2193.51,no,yes
6096,0.881432,0.37809774,0.012465,295076.21,295059.58,1652.92,908.16,no,yes
6097,0.033115,0.97358319,0.000468,294882.18,294881.71,1036.94,964.67,no,yes
6098,-0.023985,0.98086513,-0.000339,295108.72,295109.25,1510.97,1574.52,no,yes
6099,-0.067259,0.94637658,-0.000951,295076.45,295082.46,6295.19,6354.03,no,yes
6100,-0.325595,0.74473406,-0.004605,295082.00,295086.75,1059.56,998.70,no,yes
6101,-0.804179,0.42130356,-0.011373,295225.89,295235.96,815.05,950.10,no,yes
6102,0.224017,0.82274673,0.003168,294779.54,294771.60,2814.39,2156.55,no,yes
6103,-1.639128,0.10120535,-0.023181,307390.21,307471.80,2639.71,4220.18,no,yes
6104,0.125858,0.89984521,0.001780,294920.95,294918.91,1179.16,1112.69,no,yes
6105,-0.028637,0.97715423,-0.000405,307446.04,307446.41,935.03,860.50,no,yes
6106,0.896714,0.36988287,0.012681,295027.69,295014.19,1179.32,935.39,no,yes
6107,0.211895,0.83219123,0.002997,295058.24,295055.57,906.96,872.70,no,yes
6108,0.335509,0.73724489,0.004745,295117.91,295113.15,946.03,1057.96,no,yes
6109,-0.406163,0.68462748,-0.005744,295041.36,295047.77,1114.97,1115.80,no,yes
6110,-0.739452,0.45964193,-0.010457,294869.83,294885.88,1283.04,1751.37,no,yes
6111,0.025339,0.97978484,0.000358,295051.29,295050.95,990.14,888.53,no,yes
6112,-0.718123,0.47268980,-0.010156,295067.32,295076.23,856.57,896.29,no,yes
6113,-0.256780,0.79735125,-0.003631,294966.69,294972.08,1426.65,1542.18,no,yes
6114,0.181881,0.85567781,0.002572,296129.37,296126.75,1090.54,941.48,no,yes
6115,0.585800,0.55801705,0.008284,295283.42,295271.85,1611.81,1142.91,no,yes
6116,0.368078,0.71281930,0.005205,295014.07,295006.22,1619.28,1387.30,no,yes
6117,-0.561393,0.57453610,-0.007939,294982.90,294991.11,1023.34,1044.55,no,yes
6118,-0.174676,0.86133596,-0.002470,295015.45,295021.44,2529.16,2322.88,no,yes
6119,-1.802223,0.07152611,-0.025487,295050.51,295074.78,843.46,1049.55,no,yes
6120,-0.167563,0.86692921,-0.002370,295068.66,295074.21,2032.06,2621.04,no,yes
6121,-0.246364,0.80540299,-0.003484,295071.73,295083.83,3147.92,3769.13,no,yes
6122,0.148948,0.88159636,0.002106,295055.92,295051.31,2131.57,2248.30,no,yes
6123,-0.209117,0.83435897,-0.002957,295028.91,295043.97,5046.76,5133.70,no,yes
6124,-0.110524,0.91199504,-0.001563,295055.11,295065.29,6439.88,6580.75,no,yes
6125,-0.070335,0.94392755,-0.000995,295084.96,295089.31,4222.71,4511.33,no,yes
6126,-0.131748,0.89518528,-0.001863,295063.34,295065.06,891.03,960.82,no,yes
6127,0.062744,0.94997133,0.000887,294844.12,294842.17,2012.01,2378.74,no,yes
6128,2.382083,0.01723050,0.033688,294980.87,294914.62,2650.43,842.82,yes,yes
6129,-0.818331,0.41317811,-0.011573,294939.01,294951.74,1038.06,1158.97,no,yes
6130,-0.442561,0.65808830,-0.006259,295071.14,295077.48,970.89,1054.75,no,yes
6131,0.134926,0.89267148,0.001908,294928.96,294927.11,928.67,1010.74,no,yes
6132,0.688894,0.49089936,0.009742,294767.93,294755.05,1570.22,1015.55,no,yes
6133,0.787122,0.43122046,0.011132,294813.32,294791.67,2198.18,1654.46,no,yes
6134,-0.969738,0.33218929,-0.013714,294958.53,294971.93,869.02,1073.77,no,yes
6135,1.021007,0.30726384,0.014439,294735.68,294720.22,1154.29,979.50,no,yes
6136,1.342175,0.17955548,0.018981,294812.51,294787.30,1488.82,1144.57,no,yes
6137,-0.060782,0.95153378,-0.000860,295198.18,295203.58,6303.45,6258.63,no,yes
6138,-1.862147,0.06259793,-0.026335,294964.26,294993.57,971.28,1238.68,no,yes
6139,1.409671,0.15865335,0.019936,295149.96,295127.40,1255.41,992.67,no,yes
6140,-0.437124,0.66202676,-0.006182,295077.25,295094.84,2282.50,3314.62,no,yes
6141,0.520910,0.60243573,0.007367,295169.15,295161.27,1159.17,972.26,no,yes
6142,0.133764,0.89359057,0.001892,295190.81,295183.29,4046.50,3900.31,no,yes
6143,-0.168235,0.86640032,-0.002379,294778.95,294783.61,2094.44,1813.88,no,yes
6144,-0.855663,0.39219490,-0.012101,294827.72,294839.58,913.03,1042.03,no,yes
6145,-0.371193,0.71049790,-0.005249,294890.95,294896.05,941.84,999.90,no,yes
6146,0.567460,0.57040777,0.008025,295321.48,295306.61,1817.80,1887.19,no,yes
6147,-0.326909,0.74374055,-0.004623,295056.62,295064.42,1595.82,1774.85,no,yes
6148,-0.109992,0.91241680,-0.001556,311859.57,311861.80,1131.55,1688.40,no,yes
6149,0.028068,0.97760790,0.000397,295121.13,295120.34,2157.41,1802.01,no,yes
6150,-0.823564,0.41019714,-0.011647,294865.88,294883.44,1437.49,1575.59,no,yes
6151,-0.321103,0.74813593,-0.004541,294859.13,294865.06,1254.51,1354.58,no,yes
6152,0.179191,0.85778951,0.002534,294904.33,294901.90,1001.21,915.55,no,yes
6153,-0.591284,0.55433736,-0.008362,295066.57,295085.88,1858.08,2686.32,no,yes
6154,-0.699410,0.48430409,-0.009891,294903.25,294918.97,1463.78,1704.72,no,yes
6155,-0.788243,0.43056393,-0.011147,294745.58,294755.84,854.14,981.47,no,yes
6156,1.053582,0.29208734,0.014900,294852.11,294836.23,1141.57,985.04,no,yes
6157,-0.172588,0.86297686,-0.002441,294956.61,294965.40,3633.51,3570.42,no,yes
6158,0.409027,0.68252411,0.005785,295218.07,295201.48,3099.25,2615.06,no,yes
6159,-0.405211,0.68532735,-0.005731,294830.26,294853.53,3155.00,4796.90,no,yes
6160,0.005726,0.99543140,0.000081,294802.94,294802.87,891.20,950.33,no,yes
6161,-0.200850,0.84081801,-0.002840,294826.08,294837.14,3706.10,4073.58,no,yes
6162,0.399005,0.68989418,0.005643,295093.03,295080.57,2495.73,1879.14,no,yes
6163,-0.860018,0.38979114,-0.012162,294811.12,294832.85,1407.35,2098.60,no,yes
6164,0.139111,0.88936415,0.001967,295147.34,295145.61,937.04,825.39,no,yes
6165,-0.838117,0.40197524,-0.011853,295082.80,295094.41,963.10,994.75,no,yes
6166,-0.433704,0.66450846,-0.006133,294944.28,294958.01,2141.76,2330.53,no,yes
6167,0.273770,0.78426441,0.003872,300551.50,300544.86,1599.46,1822.23,no,yes
6168,-0.392768,0.69449503,-0.005555,294715.33,294724.73,1458.18,1895.05,no,yes
6169,0.910146,0.36275656,0.012871,294836.84,294824.44,1010.10,913.84,no,yes
6170,0.611415,0.54093159,0.008647,294817.47,294802.03,1776.66,1796.06,no,yes
6171,-0.206051,0.83675352,-0.002914,295112.49,295120.79,2961.38,2732.38,no,yes
6172,1.527758,0.12658847,0.021606,295124.23,295105.29,913.41,837.91,no,yes
6173,-1.529920,0.12605775,-0.021636,295000.97,295037.71,1088.23,2140.54,no,yes
6174,0.268557,0.78827300,0.003798,295094.27,295090.55,1001.50,954.55,no,yes
6175,0.504871,0.61365475,0.007140,295270.58,295263.18,1073.35,998.60,no,yes
6176,0.031102,0.97518825,0.000440,295120.08,295118.58,3505.22,3308.30,no,yes
6177,-0.290094,0.77174751,-0.004103,294932.14,294941.88,2708.26,1986.97,no,yes
6178,0.073466,0.94143617,0.001039,294799.50,294797.33,2144.78,2023.17,no,yes
6179,0.306403,0.75930143,0.004333,294765.33,294753.31,3079.27,2434.97,no,yes
6180,0.350626,0.72587327,0.004959,295097.14,295074.42,5339.65,3672.85,no,yes
6181,0.178497,0.85833483,0.002524,295025.77,295023.04,1060.86,1102.25,no,yes
6182,-0.952946,0.34063031,-0.013477,294830.25,294865.71,2131.85,3049.97,no,yes
6183,-0.112749,0.91023096,-0.001595,295012.60,295015.41,2046.63,1423.77,no,yes
6184,0.022311,0.98220058,0.000316,294950.71,294949.95,3071.10,1487.32,no,yes
6185,-0.237633,0.81216855,-0.003361,295074.95,295078.79,1092.12,1192.79,no,yes
6186,0.113001,0.91003126,0.001598,295125.80,295122.17,2299.08,2239.00,no,yes
6187,-0.537044,0.59124306,-0.007595,295115.13,295127.59,1608.84,1672.56,no,yes
6188,-0.783624,0.43327092,-0.011082,295152.07,295175.12,1780.48,2340.74,no,yes
6189,-1.661353,0.09665954,-0.023495,295495.71,295522.99,975.39,1320.67,no,yes
6190,0.093559,0.92546067,0.001323,294875.96,294872.83,2467.31,2248.90,no,yes
6191,-0.215588,0.82931139,-0.003049,294969.75,294973.33,1010.14,1315.60,no,yes
6192,0.657924,0.51059513,0.009304,294973.73,294960.48,1652.09,1152.79,no,yes
6193,-0.159573,0.87321894,-0.002257,295172.45,295176.72,1906.35,1882.28,no,yes
6194,-1.035315,0.30054009,-0.014642,295096.69,295124.92,1117.79,2487.41,no,yes
6195,0.109760,0.91260116,0.001552,295112.68,295110.05,1603.42,1775.70,no,yes
6196,0.908520,0.36361492,0.012848,297976.07,297961.24,1245.07,1055.44,no,yes
6197,-0.076315,0.93916927,-0.001079,297797.53,297798.53,980.45,868.75,no,yes
6198,-0.237535,0.81224438,-0.003359,295040.91,295047.24,2284.09,1375.11,no,yes
6199,-0.323229,0.74652488,-0.004571,295205.08,295218.88,2929.40,3104.10,no,yes
6200,-0.151132,0.87987323,-0.002137,295083.05,295086.71,1630.54,1790.91,no,yes
6201,0.626728,0.53084569,0.008863,295078.89,295051.15,3616.91,2550.90,no,yes
6202,1.110345,0.26686626,0.015703,294970.13,294918.97,3904.00,2446.43,no,yes
6203,0.162450,0.87095325,0.002297,295033.56,295024.80,4200.95,3381.76,no,yes
6204,0.036310,0.97103562,0.000513,294763.72,294763.12,1124.60,1214.85,no,yes
6205,-1.518170,0.12898749,-0.021470,294897.57,294923.77,1158.54,1278.27,no,yes
6206,-0.358055,0.72030607,-0.005064,294811.06,294824.27,2574.26,2644.57,no,yes
6207,-1.674431,0.09406673,-0.023680,295020.44,295098.88,2164.09,4155.10,no,yes
6208,0.192997,0.84696294,0.002729,294883.27,294877.71,2143.37,1923.69,no,yes
6209,-0.417847,0.67606325,-0.005909,295196.35,295206.76,1780.23,1745.02,no,yes
6210,-0.440745,0.65940234,-0.006233,295007.94,295014.83,1034.78,1170.94,no,yes
6211,-0.547669,0.58392527,-0.007745,295083.37,295091.40,1047.60,1027.60,no,yes
6212,-0.749262,0.45371145,-0.010596,294860.75,294895.36,2078.40,4125.74,no,yes
6213,-1.386888,0.16549218,-0.019614,294851.53,294870.91,874.69,1089.38,no,yes
6214,-0.041277,0.96707521,-0.000584,295034.70,295036.10,2487.11,2305.33,no,yes
6215,-0.759180,0.44775407,-0.010736,294941.01,294957.30,1535.03,1498.40,no,yes
6216,-0.539597,0.58948096,-0.007631,294888.80,294896.36,925.00,1050.85,no,yes
6217,-0.269109,0.78784890,-0.003806,295153.52,295179.91,6959.37,6909.95,no,yes
6218,-0.225834,0.82133293,-0.003194,294773.57,294776.62,1066.77,832.56,no,yes
6219,1.465025,0.14293170,0.020719,295109.93,295085.71,1360.72,939.21,no,yes
6220,-0.357670,0.72059410,-0.005058,295111.75,295120.86,1570.33,2005.53,no,yes
6221,-0.428666,0.66817113,-0.006062,294853.69,294859.58,976.94,964.81,no,yes
6222,-1.652065,0.09854019,-0.023364,294916.32,294963.40,1499.98,2423.61,no,yes
6223,0.025592,0.97958263,0.000362,295039.39,295039.04,1024.18,939.56,no,yes
6224,0.559228,0.57601262,0.007909,294870.93,294859.77,1437.78,1385.91,no,yes
6225,0.032064,0.97442100,0.000453,295227.92,295226.45,3591.42,2843.96,no,yes
6226,-0.130033,0.89654198,-0.001839,295089.88,295092.17,1297.77,1188.89,no,yes
6227,0.916133,0.35960799,0.012956,295019.51,295001.79,1406.09,1328.49,no,yes
6228,0.204283,0.83813453,0.002889,295022.50,295016.12,2207.47,2210.46,no,yes
6229,1.165015,0.24403286,0.016476,294923.08,294884.66,2999.05,1371.22,no,yes
6230,0.342557,0.73193585,0.004844,295064.57,295053.71,2568.32,1860.24,no,yes
6231,1.193446,0.23270911,0.016878,294873.08,294842.87,1657.17,1913.67,no,yes
6232,-0.145112,0.88462372,-0.002052,294915.52,294918.83,1630.17,1599.00,no,yes
6233,-0.324075,0.74588460,-0.004583,294874.95,294880.45,1134.46,1264.99,no,yes
6234,0.163498,0.87012802,0.002312,295320.90,295306.28,6353.20,6290.39,no,yes
6235,0.177645,0.85900326,0.002512,294912.33,294907.43,2107.29,1780.20,no,yes
6236,0.140329,0.88840150,0.001985,294841.97,294837.30,2345.38,2355.32,no,yes
6237,0.074632,0.94050844,0.001055,307531.38,307529.11,2424.75,1846.25,no,yes
6238,0.136043,0.89178846,0.001924,295078.72,295076.61,1113.89,1077.66,no,yes
6239,0.276594,0.78209458,0.003912,294917.05,294912.17,1285.28,1204.86,no,yes
6240,-1.501919,0.13313395,-0.021240,294851.75,294874.99,1029.43,1155.00,no,yes
6241,0.170123,0.86491531,0.002406,294905.04,294902.66,995.40,988.63,no,yes
6242,-0.235477,0.81384091,-0.003330,295415.72,295422.08,1978.29,1837.63,no,yes
6243,-0.290821,0.77119145,-0.004113,294908.81,294913.40,1110.96,1120.13,no,yes
6244,0.180013,0.85714417,0.002546,294940.29,294934.22,2503.94,2251.87,no,yes
6245,0.129743,0.89677115,0.001835,295141.28,295136.42,2817.15,2475.27,no,yes
6246,0.087801,0.93003613,0.001242,295127.76,295125.41,2056.51,1713.93,no,yes
6247,0.529557,0.59642498,0.007489,305198.48,305191.78,911.62,877.51,no,yes
6248,0.422035,0.67300460,0.005968,294917.48,294896.18,4136.44,2890.86,no,yes
6249,0.467438,0.64019145,0.006611,295179.29,295173.39,843.82,938.53,no,yes
6250,-0.114832,0.90857966,-0.001624,294845.66,294853.45,4997.50,4588.18,no,yes
6251,-0.661818,0.50809569,-0.009360,295009.57,295019.41,1034.36,1069.22,no,yes
6252,-0.407880,0.68336628,-0.005768,294820.80,294826.02,891.61,917.10,no,yes
6253,-0.309533,0.75691919,-0.004377,302697.90,302701.97,887.02,968.17,no,yes
6254,0.063795,0.94913428,0.000902,294821.46,294820.00,1789.22,1407.56,no,yes
6255,0.329389,0.74186483,0.004658,294926.39,294922.10,913.92,929.96,no,yes
6256,-0.456547,0.64800162,-0.006457,294986.31,295001.09,2367.90,2209.04,no,yes
6257,1.626932,0.10376826,0.023008,294903.14,294878.62,1185.92,930.11,no,yes
6258,0.379650,0.70420907,0.005369,294971.43,294966.02,1090.37,920.80,no,yes
6259,0.352079,0.72478246,0.004979,294817.59,294812.47,1089.22,964.19,no,yes
6260,-0.555053,0.57886450,-0.007850,294756.01,294767.21,1403.19,1450.99,no,yes
6261,-0.002404,0.99808224,-0.000034,295178.31,295178.34,946.16,936.63,no,yes
6262,2.021463,0.04325581,0.028588,295009.28,294935.74,3541.47,830.82,yes,yes
6263,-0.708535,0.47862154,-0.010020,295020.23,295047.62,2512.56,2936.94,no,yes
6264,0.313644,0.75379544,0.004436,295084.57,295076.86,2119.63,1246.97,no,yes
6265,0.169092,0.86572595,0.002391,295091.80,295089.35,1053.77,1000.38,no,yes
6266,0.219509,0.82625569,0.003104,294774.13,294769.72,1395.84,1442.58,no,yes
6267,0.498036,0.61846475,0.007043,295133.13,295116.67,2656.63,1967.41,no,yes
6268,0.004018,0.99679427,0.000057,295093.50,295093.14,6235.78,6270.11,no,yes
6269,-0.401858,0.68779319,-0.005683,294963.85,294974.08,1854.50,1746.12,no,yes
6270,-0.443231,0.65760315,-0.006268,294988.40,294995.07,1105.26,1020.77,no,yes
6271,0.330705,0.74087085,0.004677,294878.58,294862.66,3519.16,3283.79,no,yes
6272,0.575347,0.56506367,0.008137,295025.73,295016.57,1256.60,975.52,no,yes
6273,-1.929535,0.05368013,-0.027288,294725.65,294753.27,832.94,1163.76,no,yes
6274,-1.807595,0.07068661,-0.025563,295081.24,295117.40,1121.25,1656.74,no,yes
6275,-0.912270,0.36163746,-0.012901,294791.30,294811.42,1537.27,1581.48,no,yes
6276,-0.066566,0.94692778,-0.000941,294756.70,294757.60,1039.67,871.61,no,yes
6277,0.374193,0.70826477,0.005292,294826.30,294820.09,1204.67,1141.47,no,yes
6278,0.356244,0.72166224,0.005038,294859.95,294850.22,2204.20,1613.78,no,yes
6279,-0.882510,0.37751184,-0.012481,294819.93,294847.38,2263.31,2134.21,no,yes
6280,0.360575,0.71842146,0.005099,294827.15,294816.79,2262.58,1771.86,no,yes
6281,-0.122597,0.90242727,-0.001734,294848.64,294850.28,949.31,938.43,no,yes
6282,-0.043091,0.96562946,-0.000609,295117.06,295118.48,2229.58,2405.11,no,yes
6283,-0.888891,0.37407263,-0.012571,295048.45,295060.92,1018.62,964.56,no,yes
6284,-0.046068,0.96325681,-0.000651,295002.86,295004.38,2296.69,2390.06,no,yes
6285,0.003434,0.99726006,0.000049,294993.66,294993.52,2786.71,2768.71,no,yes
6286,0.357691,0.72057846,0.005059,294798.76,294789.60,1931.25,1683.59,no,yes
6287,-1.276391,0.20183230,-0.018051,295000.98,295017.76,870.35,984.78,no,yes
6288,0.175578,0.86062754,0.002483,294996.97,294988.54,3188.05,3590.62,no,yes
6289,-0.287546,0.77369765,-0.004067,300575.78,300584.70,1778.01,2541.12,no,yes
6290,-0.724447,0.46880023,-0.010245,294741.58,294759.40,1586.86,1879.45,no,yes
6291,-1.470285,0.14150040,-0.020793,295040.86,295060.43,947.74,934.83,no,yes
6292,0.582000,0.56057356,0.008231,294965.51,294936.77,3660.90,3314.47,no,yes
6293,0.261830,0.79345510,0.003703,294985.00,294977.21,2037.28,2169.21,no,yes
6294,0.806196,0.42013931,0.011401,300545.05,300534.27,984.68,905.01,no,yes
6295,0.309054,0.75728354,0.004371,294997.09,294992.74,1095.73,884.12,no,yes
6296,0.880933,0.37836612,0.012458,294945.09,294921.97,2179.96,1459.86,no,yes
6297,-0.232741,0.81596513,-0.003291,294961.41,294966.49,1255.43,1788.07,no,yes
6298,0.207658,0.83549819,0.002937,295095.92,295088.87,2176.99,2605.21,no,yes
6299,-0.550882,0.58172078,-0.007791,295015.24,295023.60,956.84,1178.58,no,yes
6300,0.552789,0.58041404,0.007818,294854.63,294847.61,907.69,887.04,no,yes
6301,0.302875,0.76198865,0.004283,295047.85,295041.10,1676.62,1469.86,no,yes
6302,-0.689833,0.49030731,-0.009756,294792.22,294825.19,3114.90,3625.38,no,yes
6303,-1.862789,0.06250665,-0.026344,297460.28,297708.85,9243.74,9623.60,no,yes
6304,0.802869,0.42206006,0.011354,297284.02,297191.91,8099.49,8125.87,no,yes
6305,0.377961,0.70546342,0.005345,297205.24,297159.05,8815.85,8464.57,no,yes
6306,-0.106850,0.91490928,-0.001511,297824.38,297837.75,8739.60,8953.17,no,yes
6307,-0.490854,0.62353549,-0.006942,296676.61,296779.14,14117.22,15394.06,no,yes
6308,0.114477,0.90886079,0.001619,300655.31,300623.22,19921.25,19711.04,no,yes
6309,0.188662,0.85035931,0.002668,297174.78,297148.98,9710.14,9634.94,no,yes
6310,-0.246548,0.80526042,-0.003487,297128.01,297171.43,12300.85,12607.45,no,yes
6311,-0.071802,0.94275994,-0.001015,295023.14,295024.02,854.58,872.46,no,yes
6312,0.637433,0.52384996,0.009015,294810.62,294801.07,1099.34,1018.16,no,yes
6313,-1.602565,0.10904732,-0.022664,294793.32,294817.86,951.57,1199.70,no,yes
6314,-0.000764,0.99939041,-0.000011,294877.44,294877.45,1033.38,945.24,no,yes
6315,0.284984,0.77565947,0.004030,295040.58,295036.96,909.41,884.79,no,yes
6316,0.284442,0.77607459,0.004023,295021.69,295012.15,2186.44,2542.14,no,yes
6317,-0.673042,0.50092808,-0.009518,295058.08,295068.91,1145.36,1131.51,no,yes
6318,-0.753525,0.45114430,-0.010656,295071.52,295085.20,1042.58,1484.89,no,yes
6319,0.548750,0.58318293,0.007761,294907.34,294898.74,1135.30,1080.47,no,yes
6320,-0.451773,0.65143775,-0.006389,295101.60,295109.09,1211.52,1132.42,no,yes
6321,-0.312260,0.75484611,-0.004416,294760.70,294764.73,916.44,908.76,no,yes
6322,-0.513653,0.60750008,-0.007264,295084.36,295092.12,1045.82,1091.99,no,yes
6323,0.040258,0.96788788,0.000569,295311.36,295307.59,6585.75,6675.77,no,yes
6324,-0.388402,0.69772262,-0.005493,294854.95,294871.91,3039.80,3134.72,no,yes
6325,0.011419,0.99088898,0.000161,294744.94,294744.77,966.88,1079.63,no,yes
6326,-0.030849,0.97539002,-0.000436,294869.69,294870.17,1151.78,1039.85,no,yes
6327,0.616928,0.53728940,0.008725,294840.26,294831.05,1098.51,1012.32,no,yes
6328,-0.191078,0.84846614,-0.002702,294870.14,294873.31,1126.94,1215.71,no,yes
6329,-0.080402,0.93591846,-0.001137,294869.99,294871.06,901.08,970.03,no,yes
6330,-0.610726,0.54138793,-0.008637,295362.10,295431.18,7828.52,8162.97,no,yes
6331,-0.516725,0.60535418,-0.007308,294758.65,294766.35,1002.95,1102.14,no,yes
6332,0.303104,0.76181379,0.004287,294877.75,294873.77,1040.68,803.43,no,yes
6333,-0.475488,0.63444457,-0.006724,295081.95,295087.94,891.79,890.50,no,yes
6334,-0.527368,0.59794413,-0.007458,295081.42,295089.55,1056.99,1120.65,no,yes
6335,-0.910951,0.36233248,-0.012883,294785.96,294803.15,1215.86,1443.04,no,yes
6336,0.311182,0.75566533,0.004401,294859.85,294855.54,1052.85,904.16,no,yes
6337,-0.043778,0.96508177,-0.000619,295112.81,295113.94,1912.19,1746.71,no,yes
6338,-0.457936,0.64700360,-0.006476,294803.26,294809.39,933.34,958.68,no,yes
6339,-1.534045,0.12503639,-0.021695,295077.50,295111.32,1259.36,1809.44,no,yes
6340,0.317084,0.75118330,0.004484,295357.69,295347.42,2342.24,2238.95,no,yes
6341,-0.177826,0.85886163,-0.002515,294987.44,294989.75,798.55,1024.73,no,yes
6342,-0.443525,0.65739203,-0.006272,294709.83,294718.64,1019.97,1703.20,no,yes
6343,0.903230,0.36641745,0.012774,295348.56,295274.51,7100.47,4097.19,no,yes
6344,-0.345956,0.72937995,-0.004893,295114.38,295131.14,2640.07,4061.39,no,yes
6345,0.404225,0.68605192,0.005717,294896.51,294884.83,2054.25,2030.56,no,yes
6346,-0.554320,0.57936625,-0.007839,295086.29,295092.98,838.65,866.06,no,yes
6347,0.040548,0.96765663,0.000573,295234.83,295233.63,2219.39,1981.50,no,yes
6348,-0.123434,0.90176475,-0.001746,295200.27,295202.66,1389.59,1352.46,no,yes
6349,0.513567,0.60756076,0.007263,295157.81,295141.34,2609.46,1863.72,no,yes
6350,-0.135648,0.89210111,-0.001918,294782.26,294784.15,947.72,1026.97,no,yes
6351,0.806711,0.41984293,0.011409,294886.85,294874.98,1079.52,999.65,no,yes
6352,-0.829828,0.40664634,-0.011736,294823.57,294835.14,871.85,1088.11,no,yes
6353,1.386711,0.16554911,0.019611,296008.55,295972.51,2240.87,1317.18,no,yes
6354,-0.043915,0.96497271,-0.000621,294846.92,294847.98,1861.45,1530.19,no,yes
6355,-0.724749,0.46861446,-0.010250,294912.56,294922.06,859.02,990.42,no,yes
6356,-0.316175,0.75187272,-0.004471,295078.06,295084.16,1388.56,1337.13,no,yes
6357,0.284774,0.77582016,0.004027,295267.39,295257.48,2771.65,2099.75,no,yes
6358,-0.513712,0.60745886,-0.007265,295240.87,295248.46,997.39,1088.29,no,yes
6359,-0.206630,0.83630106,-0.002922,294854.84,294858.32,1109.99,1264.51,no,yes
6360,0.294793,0.76815557,0.004169,294971.04,294965.97,1342.32,1072.49,no,yes
6361,-0.876477,0.38078117,-0.012395,294871.36,294883.89,1006.22,1014.99,no,yes
6362,-0.033979,0.97289404,-0.000481,294958.40,294958.86,1053.50,857.20,no,yes
6363,-0.103620,0.91747168,-0.001465,295089.23,295090.65,918.69,1023.21,no,yes
6364,-0.100302,0.92010547,-0.001418,295719.35,295724.72,3635.67,3925.98,no,yes
6365,-0.098845,0.92126245,-0.001398,295397.17,295405.82,6074.74,6307.29,no,yes
6366,0.544754,0.58592906,0.007704,294937.79,294929.53,1062.64,1081.60,no,yes
6367,-0.083519,0.93343940,-0.001181,294996.90,294998.23,1208.47,1042.93,no,yes
6368,0.814915,0.41513082,0.011525,295037.21,295024.23,1152.21,1100.17,no,yes
6369,-0.724963,0.46848344,-0.010253,295040.76,295052.26,1091.82,1150.34,no,yes
6370,0.134514,0.89299778,0.001902,294870.50,294867.27,1816.61,1575.08,no,yes
6371,0.054263,0.95672601,0.000767,294851.86,294850.09,2245.02,2376.53,no,yes
6372,0.528208,0.59736064,0.007470,295147.53,295138.67,1261.42,1105.10,no,yes
6373,-1.348893,0.17738749,-0.019076,294894.38,294923.54,1351.13,1687.24,no,yes
6374,0.119994,0.90448885,0.001697,295064.48,295062.08,1440.71,1385.67,no,yes
6375,0.264990,0.79101975,0.003748,295062.28,295058.27,1103.44,1037.16,no,yes
6376,-1.199202,0.23046459,-0.016959,295044.70,295058.99,720.01,949.15,no,yes
6377,-0.116930,0.90691703,-0.001654,294889.30,294896.26,4230.70,4180.08,no,yes
6378,0.062449,0.95020629,0.000883,311758.41,311757.39,1191.36,1122.49,no,yes
6379,-0.626785,0.53080718,-0.008864,294750.42,294758.60,929.27,916.61,no,yes
6380,0.151657,0.87945909,0.002145,294804.06,294799.56,2621.27,1394.93,no,yes
6381,-0.447603,0.65444495,-0.006330,295172.82,295193.96,3083.43,3577.98,no,yes
6382,-0.178006,0.85872015,-0.002517,295041.07,295050.36,2980.43,4288.35,no,yes
6383,-0.617591,0.53685256,-0.008734,294807.68,294841.47,3363.25,4314.40,no,yes
6384,-0.447719,0.65436067,-0.006332,294773.06,294788.25,2374.16,2422.35,no,yes
6385,-0.990849,0.32177153,-0.014013,294772.00,294785.85,889.00,1078.21,no,yes
6386,-0.000471,0.99962419,-0.000007,294956.25,294956.26,1048.64,1053.09,no,yes
6387,1.085721,0.27761683,0.015354,295226.09,295192.71,2469.77,1830.22,no,yes
6388,0.674907,0.49974234,0.009545,294920.40,294909.46,1146.23,1146.39,no,yes
6389,0.006336,0.99494508,0.000090,294889.82,294889.62,1867.38,2656.01,no,yes
6390,-0.061587,0.95089219,-0.000871,294792.64,294794.25,2160.24,1482.81,no,yes
6391,0.655962,0.51185625,0.009277,294810.64,294801.61,1029.88,913.86,no,yes
6392,0.454810,0.64925272,0.006432,294968.12,294956.05,2349.03,1233.50,no,yes
6393,-0.022607,0.98196402,-0.000320,294853.46,294854.21,1888.61,2710.28,no,yes
6394,0.476980,0.63338157,0.006746,294975.37,294960.03,2378.57,2163.82,no,yes
6395,1.710251,0.08723584,0.024187,295148.69,295124.67,1098.11,875.35,no,yes
6396,-0.319035,0.74970396,-0.004512,294905.65,294914.03,2132.70,1533.14,no,yes
6397,0.064651,0.94845266,0.000914,294747.99,294747.16,980.45,812.17,no,yes
6398,-0.253020,0.80025537,-0.003578,294880.17,294886.94,1676.51,2087.34,no,yes
6399,0.015784,0.98740664,0.000223,295200.86,295199.40,6549.28,6605.14,no,yes
6400,1.794302,0.07279059,0.025375,294865.11,294808.81,3004.69,903.79,no,yes
6401,-0.307205,0.75869070,-0.004345,294800.07,294804.53,1060.12,990.42,no,yes
6402,1.297147,0.19459728,0.018344,294850.56,294817.14,2097.09,1495.78,no,yes
6403,0.247249,0.80471817,0.003497,295291.31,295269.27,6378.61,6224.83,no,yes
6404,-0.745658,0.45588441,-0.010545,294867.61,294883.58,1141.49,1811.55,no,yes
6405,-0.788027,0.43069119,-0.011144,294927.36,294950.01,1657.20,2349.51,no,yes
6406,0.272976,0.78487479,0.003860,295193.52,295189.17,1173.05,1081.24,no,yes
6407,0.414409,0.67857876,0.005861,294900.02,294894.74,869.57,932.35,no,yes
6408,-0.027141,0.97834750,-0.000384,295119.23,295120.10,2448.77,2039.24,no,yes
6409,0.381640,0.70273316,0.005397,294881.96,294871.95,2260.35,1331.95,no,yes
6410,-0.659208,0.50976983,-0.009323,295105.09,295114.75,1104.32,964.07,no,yes
6411,-0.388872,0.69737508,-0.005499,295091.66,295102.08,1694.48,2075.71,no,yes
6412,-0.598374,0.54959804,-0.008462,295989.67,296005.63,2213.95,1488.20,no,yes
6413,-1.072897,0.28333076,-0.015173,295156.73,295174.29,1027.24,1274.00,no,yes
6414,0.039963,0.96812287,0.000565,294920.88,294919.93,1776.93,1609.44,no,yes
6415,0.318441,0.75015417,0.004503,295033.89,295026.07,2025.67,1390.23,no,yes
6416,0.286274,0.77467154,0.004049,294711.53,294701.37,2622.04,2389.30,no,yes
6417,-0.286723,0.77432716,-0.004055,294882.80,294886.36,801.60,948.09,no,yes
6418,-0.372028,0.70987574,-0.005261,295006.93,295016.65,1663.68,2016.46,no,yes
6419,-0.265174,0.79087808,-0.003750,295119.91,295131.83,3163.28,3193.60,no,yes
6420,0.118656,0.90554872,0.001678,295066.13,295064.18,1248.95,1078.60,no,yes
6421,0.282963,0.77720838,0.004002,295496.77,295487.64,2324.04,2236.89,no,yes
6422,-1.181207,0.23753506,-0.016705,295118.09,295139.64,1138.29,1426.16,no,yes
6423,0.228374,0.81935783,0.003230,294854.34,294851.09,1092.97,908.53,no,yes
6424,-0.706822,0.47968594,-0.009996,295083.68,295093.87,912.99,1114.76,no,yes
6425,-0.050469,0.95974890,-0.000714,295071.81,295073.19,2268.06,1504.06,no,yes
6426,0.971475,0.33132394,0.013739,294913.34,294900.34,1011.48,876.00,no,yes
6427,0.836005,0.40316254,0.011823,297933.17,297921.72,1055.17,873.24,no,yes
6428,0.374509,0.70802987,0.005296,295133.67,295119.23,3016.11,2401.58,no,yes
6429,0.559769,0.57564305,0.007916,294875.14,294866.22,1189.07,1061.07,no,yes
6430,-0.336237,0.73669681,-0.004755,294905.78,294916.93,1690.36,2849.73,no,yes
6431,-0.011117,0.99112983,-0.000157,295069.97,295070.15,1151.11,1141.13,no,yes
6432,-0.416131,0.67731870,-0.005885,295010.87,295036.32,4312.12,4337.59,no,yes
6433,0.106029,0.91556078,0.001499,294786.65,294784.26,1728.30,1444.41,no,yes
6434,-0.106417,0.91525266,-0.001505,294755.95,294757.59,1123.49,1060.37,no,yes
6435,-0.327307,0.74343926,-0.004629,294953.46,294957.78,941.42,925.07,no,yes
6436,0.467934,0.63983776,0.006618,295097.80,295084.78,2354.29,1484.17,no,yes
6437,-0.192009,0.84773695,-0.002715,295189.39,295206.47,6129.09,6447.98,no,yes
6438,-0.199617,0.84178231,-0.002823,295089.08,295098.41,3019.97,3563.55,no,yes
6439,-0.723818,0.46918643,-0.010236,294852.51,294870.58,1920.53,1594.32,no,yes
6440,-0.383733,0.70118018,-0.005427,294869.66,294886.88,2999.79,3338.65,no,yes
6441,-0.410997,0.68107898,-0.005812,294776.01,294781.67,965.57,983.26,no,yes
6442,-0.993936,0.32026586,-0.014056,294937.61,294951.26,959.06,983.64,no,yes
6443,-1.183841,0.23649023,-0.016742,294768.38,294784.16,876.77,1003.70,no,yes
6444,-0.422567,0.67261562,-0.005976,294975.09,294982.31,1225.98,1193.04,no,yes
6445,0.883096,0.37719739,0.012489,294998.15,294974.96,2258.87,1339.21,no,yes
6446,-1.000762,0.31695398,-0.014153,295042.91,295056.84,980.78,986.90,no,yes
6447,0.181812,0.85573187,0.002571,294899.53,294897.10,1006.38,883.85,no,yes
6448,0.085572,0.93180777,0.001210,294792.49,294791.40,903.33,908.48,no,yes
6449,-0.489142,0.62474681,-0.006918,295170.30,295183.21,1846.99,1886.02,no,yes
6450,0.609760,0.54202785,0.008623,295088.64,295080.14,1016.76,954.30,no,yes
6451,0.044596,0.96442950,0.000631,295192.23,295191.54,1056.25,1114.87,no,yes
6452,0.445162,0.65620729,0.006296,295120.81,295113.20,1272.74,1140.96,no,yes
6453,-0.161629,0.87159927,-0.002286,296262.75,296267.64,2146.94,2132.44,no,yes
6454,-1.444494,0.14861743,-0.020428,295008.18,295031.61,934.06,1326.33,no,yes
6455,-0.244509,0.80683886,-0.003458,294829.01,294832.26,850.85,1020.65,no,yes
6456,-0.158959,0.87370293,-0.002248,305427.55,305430.90,1456.43,1522.45,no,yes
6457,-1.134227,0.25671313,-0.016040,295011.06,295050.72,2291.66,2640.99,no,yes
6458,-0.332503,0.73951356,-0.004702,294811.14,294817.71,1054.43,1672.80,no,yes
6459,-0.447171,0.65475678,-0.006324,393090.48,393101.04,1432.91,1876.01,no,yes
6460,-0.329729,0.74160807,-0.004663,294817.67,294823.99,1524.76,1161.54,no,yes
6461,-0.399302,0.68967645,-0.005647,294850.60,294858.92,1822.75,1011.90,no,yes
6462,-0.592085,0.55380051,-0.008373,294954.13,294962.44,958.48,1026.03,no,yes
6463,-0.449285,0.65323082,-0.006354,295297.63,295312.69,2299.79,2438.06,no,yes
6464,-0.626401,0.53105907,-0.008859,295120.65,295131.48,1146.73,1295.12,no,yes
6465,-0.258548,0.79598708,-0.003656,295114.84,295123.27,1946.74,2616.72,no,yes
6466,0.119904,0.90456083,0.001696,294833.43,294831.11,1632.27,1035.25,no,yes
6467,-0.167923,0.86664520,-0.002375,295048.08,295053.52,2214.43,2361.29,no,yes
6468,0.258170,0.79627835,0.003651,294752.53,294748.75,1143.69,915.60,no,yes
6469,0.799657,0.42391954,0.011309,295113.97,295099.84,1365.99,1120.72,no,yes
6470,-1.174432,0.24023817,-0.016609,294971.29,294998.59,1293.67,1931.30,no,yes
6471,-0.326276,0.74421918,-0.004614,295097.46,295101.63,904.19,905.78,no,yes
6472,-0.237560,0.81222500,-0.003360,295060.85,295063.96,900.96,952.82,no,yes
6473,-0.457734,0.64714823,-0.006473,296126.61,296139.38,1876.18,2062.87,no,yes
6474,0.250337,0.80232940,0.003540,295046.09,295038.19,2211.22,2247.52,no,yes
6475,-0.195010,0.84538710,-0.002758,294906.10,294908.78,996.35,944.84,no,yes
6476,0.635603,0.52504488,0.008989,295154.51,295121.01,4727.66,2330.50,no,yes
6477,0.027296,0.97822352,0.000386,303911.30,303910.18,2893.91,2876.58,no,yes
6478,-0.020935,0.98329778,-0.000296,294753.71,294754.05,1098.28,1146.00,no,yes
6479,-0.169737,0.86521864,-0.002400,295068.32,295074.21,2245.33,2645.96,no,yes
6480,1.208152,0.22700441,0.017086,294833.77,294805.88,1868.04,1356.18,no,yes
6481,-0.226748,0.82062207,-0.003207,295031.29,295034.28,895.13,968.58,no,yes
6482,-0.322021,0.74744010,-0.004554,310394.29,310408.94,3167.86,3262.45,no,yes
6483,0.115003,0.90844397,0.001626,295025.82,295015.62,6302.21,6236.83,no,yes
6484,-0.394669,0.69309185,-0.005581,294871.21,294884.31,2114.40,2559.01,no,yes
6485,0.598089,0.54978737,0.008458,295090.66,295075.23,1876.90,1768.90,no,yes
6486,-0.668787,0.50363943,-0.009458,295036.80,295059.21,2030.88,2666.10,no,yes
6487,-0.223410,0.82321841,-0.003160,294997.50,295003.01,1808.36,1677.98,no,yes
6488,0.045414,0.96377800,0.000642,294960.61,294960.03,846.92,968.27,no,yes
6489,0.553471,0.57994708,0.007827,295030.31,295023.69,892.27,795.81,no,yes
6490,-0.258848,0.79575513,-0.003661,295035.94,295040.05,1049.03,1189.03,no,yes
6491,-1.138556,0.25490205,-0.016102,294767.07,294797.24,1820.01,1925.46,no,yes
6492,-1.745115,0.08098071,-0.024680,294856.81,294879.31,832.79,984.24,no,yes
6493,-0.172157,0.86331577,-0.002435,295153.83,295163.46,3761.06,4142.21,no,yes
6494,-0.651226,0.51490808,-0.009210,294710.33,294721.47,1200.43,1218.83,no,yes
6495,-0.460749,0.64498379,-0.006516,294943.86,294960.88,2355.10,2844.25,no,yes
6496,0.193192,0.84681095,0.002732,294767.29,294764.34,1127.72,1032.21,no,yes
6497,1.449648,0.14717481,0.020501,294811.71,294781.86,1716.46,1136.73,no,yes
6498,0.947574,0.34336016,0.013401,294829.92,294794.29,3193.76,1984.13,no,yes
6499,-0.449182,0.65330550,-0.006352,295048.46,295074.83,4149.78,4153.90,no,yes
6500,0.140126,0.88856212,0.001982,294993.54,294991.66,951.55,944.10,no,yes
6501,-0.820326,0.41204011,-0.011601,295001.54,295014.30,1113.91,1085.48,no,yes
6502,-0.536001,0.59196415,-0.007580,294769.33,294776.41,931.11,937.94,no,yes
6503,-0.279130,0.78014835,-0.003947,295073.25,295077.79,1025.95,1262.23,no,yes
6504,-0.148038,0.88231415,-0.002094,294903.06,294905.48,1170.63,1139.08,no,yes
6505,-0.918366,0.35843858,-0.012988,294861.40,294875.77,1062.16,1148.83,no,yes
6506,-0.141609,0.88738991,-0.002003,295079.47,295081.83,1186.55,1168.24,no,yes
6507,-0.493279,0.62182099,-0.006976,296093.95,296100.67,979.32,945.44,no,yes
6508,-0.749271,0.45370323,-0.010596,294919.15,294946.75,2329.39,2852.34,no,yes
6509,-0.436374,0.66257027,-0.006171,295057.28,295079.66,3542.93,3707.00,no,yes
6510,0.063249,0.94956920,0.000894,295082.49,295080.43,2634.24,1902.74,no,yes
6511,-0.494898,0.62067766,-0.006999,294869.41,294878.58,1221.06,1393.69,no,yes
6512,-0.370597,0.71094202,-0.005241,294920.05,294928.29,1759.30,1358.64,no,yes
6513,0.909303,0.36320311,0.012859,294891.84,294868.17,2188.97,1408.33,no,yes
6514,-0.437327,0.66187916,-0.006185,294833.58,294839.40,920.64,960.15,no,yes
6515,-0.205400,0.83726171,-0.002905,295000.35,295008.37,2571.29,2936.39,no,yes
6516,-0.104252,0.91697049,-0.001474,294871.26,294876.40,3365.69,3594.72,no,yes
6517,-0.195244,0.84520402,-0.002761,295259.04,295276.29,6174.77,6317.04,no,yes
6518,-1.554621,0.12005233,-0.021986,295119.89,295145.62,1106.83,1231.26,no,yes
6519,0.274778,0.78348980,0.003886,295085.13,295080.80,1171.80,1054.69,no,yes
6520,-0.356865,0.72119657,-0.005047,294946.43,294955.36,1702.28,1834.50,no,yes
6521,-0.610020,0.54185527,-0.008627,297924.32,297933.99,1082.28,1157.02,no,yes
6522,-0.012545,0.98999130,-0.000177,295430.74,295432.82,11747.70,11724.95,no,yes
6523,-0.314073,0.75346913,-0.004442,295110.37,295120.45,2325.77,2211.13,no,yes
6524,-0.517484,0.60482486,-0.007318,294783.77,294796.75,1411.29,2073.27,no,yes
6525,-1.185870,0.23568981,-0.016771,295053.06,295108.40,2582.60,3887.24,no,yes
6526,-1.336617,0.18136765,-0.018903,294864.36,294890.94,939.99,1751.95,no,yes
6527,0.126429,0.89939359,0.001788,295000.27,294996.51,2162.81,2036.00,no,yes
6528,0.823905,0.41000405,0.011652,294968.90,294955.97,1245.16,955.56,no,yes
6529,0.110261,0.91220357,0.001559,294803.77,294801.49,1568.33,1336.65,no,yes
6530,0.577882,0.56335020,0.008172,294952.82,294945.26,891.95,957.53,no,yes
6531,2.057447,0.03966588,0.029097,294981.05,294895.00,4039.34,1084.63,yes,yes
6532,-0.444826,0.65645040,-0.006291,294893.15,294907.98,2194.30,2509.98,no,yes
6533,-0.335786,0.73703611,-0.004749,295144.20,295158.83,2897.67,3255.81,no,yes
6534,-0.110887,0.91170736,-0.001568,295086.88,295088.44,943.08,1043.57,no,yes
6535,-0.451671,0.65151141,-0.006388,294927.13,294950.66,3129.90,4166.14,no,yes
6536,1.221507,0.22190873,0.017275,295076.35,295057.24,1195.52,1008.92,no,yes
6537,-1.116281,0.26431550,-0.015787,295074.34,295088.84,851.75,980.70,no,yes
6538,-0.348218,0.72768035,-0.004925,294867.02,294872.13,1020.64,1053.29,no,yes
6539,-0.215346,0.82949960,-0.003045,295067.80,295073.37,1718.63,1929.70,no,yes
6540,0.246409,0.80536838,0.003485,295043.45,295040.05,1040.11,909.71,no,yes
6541,-0.873396,0.38245799,-0.012352,295273.43,295307.60,2619.05,2906.69,no,yes
6542,-0.245176,0.80632264,-0.003467,294781.65,294789.34,2176.51,2259.29,no,yes
6543,-0.138009,0.89023445,-0.001952,294803.32,294807.67,2428.70,2008.94,no,yes
6544,-0.060473,0.95177976,-0.000855,294818.57,294819.41,960.82,1003.38,no,yes
6545,0.195797,0.84477123,0.002769,295086.34,295083.11,1099.83,1227.69,no,yes
6546,-0.296419,0.76691312,-0.004192,294887.37,294896.64,2096.90,2321.44,no,yes
6547,-0.764609,0.44451356,-0.010813,295721.88,295731.88,841.19,1000.40,no,yes
6548,-0.639855,0.52227393,-0.009049,295061.17,295071.12,1119.50,1081.29,no,yes
6549,0.127030,0.89891772,0.001796,294783.09,294781.37,993.36,930.37,no,yes
6550,-0.844009,0.39867474,-0.011936,294937.47,294955.80,1416.57,1644.97,no,yes
6551,0.578928,0.56264402,0.008187,295016.72,295009.11,951.12,908.97,no,yes
6552,-0.210607,0.83319590,-0.002978,295091.74,295094.74,993.93,1025.07,no,yes
6553,0.628046,0.52998103,0.008882,295106.98,295098.47,984.68,931.44,no,yes
6554,-0.783328,0.43344369,-0.011078,295035.54,295045.63,883.24,937.09,no,yes
6555,0.282835,0.77730646,0.004000,295190.30,295164.61,6676.17,6156.68,no,yes
6556,-0.452401,0.65098496,-0.006398,295049.53,295064.19,2267.69,2314.94,no,yes
6557,-0.977025,0.32856996,-0.013817,295124.36,295150.18,1552.79,2138.39,no,yes
6558,-0.528852,0.59691422,-0.007479,294833.57,294841.21,1045.21,996.63,no,yes
6559,0.294105,0.76868041,0.004159,310551.57,310526.40,6177.44,5919.65,no,yes
6560,-0.299780,0.76434819,-0.004240,294979.07,294989.02,2554.79,2114.35,no,yes
6561,-1.145786,0.25189759,-0.016204,295006.79,295021.12,868.30,899.42,no,yes
6562,0.554989,0.57890834,0.007849,294827.32,294812.86,1806.53,1876.06,no,yes
6563,-0.698109,0.48511795,-0.009873,294829.80,294850.18,1654.62,2405.16,no,yes
6564,0.283485,0.77680803,0.004009,294911.43,294907.55,991.37,944.36,no,yes
6565,-0.728761,0.46615643,-0.010306,295023.99,295048.74,2247.53,2545.64,no,yes
6566,-0.553082,0.58021314,-0.007822,295086.14,295093.86,1009.53,964.34,no,yes
6567,0.026916,0.97852710,0.000381,295160.65,295159.38,3438.23,3228.68,no,yes
6568,0.249629,0.80287674,0.003530,295076.93,295073.84,876.67,873.78,no,yes
6569,-0.291969,0.77031312,-0.004129,295113.34,295127.74,3336.58,3634.27,no,yes
6570,-1.075021,0.28237847,-0.015203,295102.25,295122.48,1339.54,1322.58,no,yes
6571,0.308892,0.75740711,0.004368,294881.31,294865.07,4249.07,3094.81,no,yes
6572,-0.739168,0.45981543,-0.010453,295260.94,295280.55,2244.57,1414.06,no,yes
6573,0.537384,0.59100833,0.007600,294849.48,294842.75,899.45,870.48,no,yes
6574,0.087570,0.93021915,0.001238,294850.67,294849.59,839.96,896.01,no,yes
6575,-0.134465,0.89303591,-0.001902,295049.18,295050.89,898.31,902.57,no,yes
6576,-0.105683,0.91583462,-0.001495,294959.08,294968.55,6279.93,6391.83,no,yes
6577,-0.266841,0.78959399,-0.003774,294864.09,294875.56,3050.44,3030.02,no,yes
6578,-0.270035,0.78713602,-0.003819,295056.79,295060.32,886.18,962.23,no,yes
6579,0.158931,0.87372485,0.002248,310278.82,310275.12,1580.61,1711.90,no,yes
6580,-0.507069,0.61211195,-0.007171,295093.81,295100.14,855.45,908.55,no,yes
6581,0.001397,0.99888520,0.000020,295140.90,295140.86,2053.76,1942.76,no,yes
6582,0.085082,0.93219692,0.001203,295121.82,295120.64,962.80,1003.46,no,yes
6583,-0.051856,0.95864413,-0.000733,294917.19,294918.35,1407.26,1723.21,no,yes
6584,-0.320839,0.74833550,-0.004537,294783.04,294793.54,2369.22,2259.71,no,yes
6585,0.295478,0.76763175,0.004179,295071.44,295067.34,1025.05,934.28,no,yes
6586,-0.687354,0.49186777,-0.009721,295058.05,295069.03,1041.00,1210.85,no,yes
6587,-0.760728,0.44682915,-0.010758,295055.68,295066.50,899.36,1101.97,no,yes
6588,0.684027,0.49396649,0.009674,295004.85,294994.29,1203.79,964.51,no,yes
6589,0.486150,0.62686674,0.006875,295154.27,295137.73,2736.65,2019.94,no,yes
6590,-0.311737,0.75524399,-0.004409,294851.71,294862.34,2272.44,2539.32,no,yes
6591,0.230271,0.81788367,0.003257,294999.38,294996.20,1060.07,888.93,no,yes
6592,-0.687725,0.49163494,-0.009726,295021.50,295034.42,1114.21,1511.80,no,yes
6593,0.327601,0.74321769,0.004633,295041.44,295034.08,1174.66,1915.83,no,yes
6594,-1.398660,0.16193341,-0.019780,294702.44,294723.71,816.21,1282.90,no,yes
6595,-0.440406,0.65964845,-0.006228,294820.42,294834.38,1867.25,2561.56,no,yes
6596,-1.199871,0.23020437,-0.016969,305178.01,305198.05,1059.73,1291.84,no,yes
6597,0.006605,0.99472996,0.000093,294891.72,294891.53,2159.00,2009.13,no,yes
6598,0.373297,0.70893145,0.005279,294850.23,294844.61,1134.99,987.44,no,yes
6599,-1.159626,0.24621718,-0.016400,302595.73,302624.27,1340.08,2064.77,no,yes
6600,2.511430,0.01203392,0.035517,294995.57,294959.13,1248.40,739.62,yes,yes
6601,0.212803,0.83148243,0.003009,294956.69,294951.61,1759.22,1616.26,no,yes
6602,-0.034099,0.97279875,-0.000482,294851.51,294851.93,891.57,878.91,no,yes
6603,0.579644,0.56216150,0.008197,294781.52,294770.55,1373.16,1302.79,no,yes
6604,0.607460,0.54355384,0.008591,294996.03,294975.19,2931.36,1783.68,no,yes
6605,0.039983,0.96810690,0.000565,294911.89,294910.52,2561.05,2283.81,no,yes
6606,-0.778913,0.43604049,-0.011015,294828.06,294837.73,837.91,916.78,no,yes
6607,0.357644,0.72061369,0.005058,295143.42,295138.60,1030.82,865.79,no,yes
6608,0.349376,0.72681079,0.004941,295512.57,295504.29,1786.27,1556.43,no,yes
6609,1.371230,0.17032188,0.019392,295080.78,295055.71,1562.33,949.03,no,yes
6610,1.208726,0.22678562,0.017094,295276.41,295249.95,1886.41,1110.29,no,yes
6611,-0.615912,0.53795983,-0.008710,295029.27,295049.40,2150.18,2462.50,no,yes
6612,-1.227972,0.21947398,-0.017366,294971.57,295027.71,2577.40,3776.19,no,yes
6613,-0.788030,0.43068831,-0.011144,294739.12,294749.95,951.25,992.39,no,yes
6614,0.091977,0.92671762,0.001301,296094.68,296086.31,6455.91,6413.11,no,yes
6615,-0.258813,0.79578239,-0.003660,294895.08,294898.77,925.27,1080.66,no,yes
6616,-0.101992,0.91876422,-0.001442,294773.14,294776.38,2278.92,2207.40,no,yes
6617,-0.128856,0.89747319,-0.001822,294867.34,294870.03,1328.65,1602.46,no,yes
6618,-0.985361,0.32445965,-0.013935,295167.74,295191.09,1427.10,1891.90,no,yes
6619,-0.365667,0.71461754,-0.005171,294804.14,294812.89,1782.14,1597.82,no,yes
6620,-0.131962,0.89501537,-0.001866,295188.21,295190.01,973.90,959.24,no,yes
6621,-1.750102,0.08012127,-0.024750,295102.04,295136.56,898.00,1756.36,no,yes
6622,0.199674,0.84173790,0.002824,295074.44,295061.33,4996.16,4258.15,no,yes
6623,0.782100,0.43416670,0.011061,294773.74,294753.18,2195.81,1444.33,no,yes
6624,-0.532493,0.59439045,-0.007531,294874.93,294881.95,910.69,952.88,no,yes
6625,-1.174861,0.24006927,-0.016615,294813.84,294838.87,968.34,1897.59,no,yes
6626,-0.016122,0.98713702,-0.000228,295160.14,295160.46,1474.38,1352.79,no,yes
6627,0.188293,0.85064892,0.002663,294804.16,294800.94,1320.24,1087.84,no,yes
6628,-1.761130,0.07823219,-0.024906,303120.23,303144.05,862.71,1041.63,no,yes
6629,0.270556,0.78673554,0.003826,295053.73,295050.13,942.67,940.90,no,yes
6630,0.206874,0.83611030,0.002926,298318.38,298309.37,3278.41,2867.62,no,yes
6631,-0.030151,0.97594716,-0.000426,295216.89,295217.32,1011.66,985.85,no,yes
6632,0.146096,0.88384689,0.002066,294890.91,294888.90,969.62,971.71,no,yes
6633,0.333793,0.73853944,0.004721,295771.51,295760.92,2428.90,2044.15,no,yes
6634,-0.985535,0.32437395,-0.013938,294972.22,294998.65,1642.14,2120.33,no,yes
6635,0.873468,0.38242099,0.012353,295029.93,295013.19,1652.66,970.92,no,yes
6636,-0.500936,0.61642188,-0.007084,294861.02,294867.41,887.20,915.41,no,yes
6637,0.219053,0.82661122,0.003098,295089.84,295087.15,859.06,879.30,no,yes
6638,0.105047,0.91633934,0.001486,295056.50,295054.24,1487.55,1552.03,no,yes
6639,-0.764074,0.44483237,-0.010806,294850.55,294860.52,896.52,948.04,no,yes
6640,0.224996,0.82198436,0.003182,294948.20,294945.16,923.12,983.51,no,yes
6641,-0.693471,0.48802233,-0.009807,294994.75,295016.92,2012.07,2485.32,no,yes
6642,-1.171240,0.24151865,-0.016564,294862.37,294891.12,1342.81,2055.28,no,yes
6643,0.075855,0.93953501,0.001073,294877.19,294875.22,2048.00,1587.33,no,yes
6644,-0.514000,0.60725741,-0.007269,295047.87,295054.28,836.80,924.97,no,yes
6645,0.459571,0.64582986,0.006499,294942.95,294918.51,4262.79,3182.11,no,yes
6646,-0.494215,0.62116009,-0.006989,295093.85,295109.45,2132.71,2328.43,no,yes
6647,0.187594,0.85119679,0.002653,295108.32,295103.51,1839.30,1787.73,no,yes
6648,-0.295760,0.76741632,-0.004183,294838.34,294843.14,1059.11,1230.70,no,yes
6649,1.264295,0.20613893,0.017880,294999.62,294980.70,1110.30,1003.10,no,yes
6650,-0.229893,0.81817757,-0.003251,294825.58,294828.58,938.41,907.62,no,yes
6651,0.430655,0.66672405,0.006090,294983.20,294976.43,1206.04,1006.08,no,yes
6652,-0.123706,0.90154899,-0.001749,295013.66,295015.34,912.48,1004.30,no,yes
6653,-0.690033,0.49018172,-0.009759,295034.28,295042.93,847.11,923.38,no,yes
6654,0.021321,0.98298998,0.000302,294891.87,294891.57,941.36,1039.48,no,yes
6655,0.768576,0.44215495,0.010869,300749.95,300729.31,2136.61,1626.82,no,yes
6656,-0.386380,0.69922005,-0.005464,295073.51,295087.45,1817.63,3116.35,no,yes
6657,-0.259470,0.79527508,-0.003669,296114.64,296122.95,2190.24,2338.46,no,yes
6658,-0.250287,0.80236764,-0.003540,295062.51,295066.06,1015.25,988.02,no,yes
6659,-0.196105,0.84452980,-0.002773,295101.61,295104.43,999.90,1032.48,no,yes
6660,0.618282,0.53639813,0.008744,295198.44,295166.03,4554.64,2595.24,no,yes
6661,0.335387,0.73733658,0.004743,294937.43,294933.14,915.40,894.91,no,yes
6662,0.575032,0.56527699,0.008132,308927.83,308913.12,2064.62,1511.38,no,yes
6663,-0.613940,0.53926211,-0.008682,294730.29,294738.35,887.12,967.54,no,yes
6664,-0.891609,0.37261382,-0.012609,295077.72,295119.47,2899.13,3676.93,no,yes
6665,0.324288,0.74572310,0.004586,295062.80,295058.44,973.55,928.56,no,yes
6666,-0.583162,0.55979065,-0.008247,294857.42,294865.75,968.41,1049.68,no,yes
6667,0.162531,0.87088974,0.002299,294711.13,294708.47,1204.98,1105.67,no,yes
6668,1.034248,0.30103303,0.014626,295029.32,295014.63,1093.89,905.90,no,yes
6669,-0.148815,0.88170125,-0.002105,295267.91,295280.98,6190.55,6229.19,no,yes
6670,0.476109,0.63400169,0.006733,294877.80,294870.41,1132.39,1059.96,no,yes
6671,0.646357,0.51805532,0.009141,294834.27,294825.47,939.33,984.31,no,yes
6672,-0.744195,0.45676753,-0.010525,294968.79,295001.32,3039.91,3140.96,no,yes
6673,-0.633045,0.52671194,-0.008953,294823.87,294854.36,3026.29,3746.58,no,yes
6674,-0.064908,0.94824820,-0.000918,294736.17,294737.06,947.54,991.11,no,yes
6675,-0.059564,0.95250374,-0.000842,295339.14,295341.16,2506.30,2288.87,no,yes
6676,-0.853199,0.39355915,-0.012066,294837.79,294860.24,1906.01,1812.57,no,yes
6677,-0.248750,0.80355642,-0.003518,294833.30,294847.86,3848.94,4410.64,no,yes
6678,0.153030,0.87837654,0.002164,295053.40,295050.97,1169.81,1075.36,no,yes
6679,-0.435711,0.66305278,-0.006162,295045.33,295064.90,2161.67,3936.46,no,yes
6680,-0.216046,0.82895422,-0.003055,294863.42,294868.67,1296.16,2055.49,no,yes
6681,-0.586005,0.55787887,-0.008287,295233.16,295271.95,4120.06,5180.33,no,yes
6682,-0.759028,0.44784501,-0.010734,294851.74,294860.58,805.33,841.60,no,yes
6683,-0.587844,0.55664382,-0.008313,295121.65,295131.67,1147.15,1259.90,no,yes
6684,0.537869,0.59067342,0.007607,295098.29,295090.47,1044.75,1012.28,no,yes
6685,-0.884001,0.37670700,-0.012502,294806.63,294818.14,790.12,1034.67,no,yes
6686,0.920760,0.35718735,0.013022,295069.91,295056.10,1172.60,934.62,no,yes
6687,-0.100553,0.91990615,-0.001422,294818.98,294820.97,1534.70,1261.62,no,yes
6688,-0.483120,0.62901671,-0.006832,294784.68,294800.96,1916.88,2770.99,no,yes
6689,-0.013117,0.98953464,-0.000186,295354.07,295354.30,1203.15,1188.16,no,yes
6690,-0.682205,0.49511696,-0.009648,295298.16,295359.30,6195.97,6476.34,no,yes
6691,-0.600064,0.54847112,-0.008486,294784.65,294813.45,2949.22,3787.22,no,yes
6692,1.258823,0.20811181,0.017802,295024.76,295002.29,1507.26,956.44,no,yes
6693,-0.144993,0.88471821,-0.002051,295019.21,295023.89,2462.12,2087.40,no,yes
6694,-0.948734,0.34276976,-0.013417,294978.86,295041.44,3410.27,5646.17,no,yes
6695,0.308141,0.75797826,0.004358,294753.25,294749.16,925.12,952.07,no,yes
6696,0.682512,0.49492309,0.009652,294786.50,294776.91,1017.11,969.42,no,yes
6697,-0.569274,0.56917637,-0.008051,294773.55,294782.79,1218.97,1070.41,no,yes
6698,-0.951426,0.34140181,-0.013455,294930.05,294957.25,1544.27,2406.21,no,yes
6699,0.767923,0.44254215,0.010860,294900.95,294888.19,1278.98,1059.91,no,yes
6700,-0.671179,0.50211456,-0.009492,294892.85,294901.69,910.71,952.06,no,yes
6701,-0.483610,0.62866807,-0.006839,295099.31,295107.99,1316.93,1217.46,no,yes
6702,-0.112310,0.91057904,-0.001588,295116.67,295118.88,1481.28,1296.03,no,yes
6703,0.446814,0.65501454,0.006319,294957.69,294943.07,2628.60,1945.57,no,yes
6704,-0.032249,0.97427379,-0.000456,294988.29,294988.77,1106.25,976.68,no,yes
6705,-0.217326,0.82795690,-0.003073,294785.68,294788.52,876.77,972.17,no,yes
6706,0.517155,0.60505423,0.007314,294833.31,294825.52,1238.18,857.34,no,yes
6707,-0.103082,0.91789859,-0.001458,295073.97,295083.97,6789.08,6924.02,no,yes
6708,-0.622608,0.53354996,-0.008805,295072.27,295081.13,873.75,1123.51,no,yes
6709,-0.620292,0.53507293,-0.008772,294822.14,294837.93,1840.05,1758.79,no,yes
6710,0.447983,0.65417001,0.006335,294864.22,294850.58,2153.19,2151.60,no,yes
6711,-1.602545,0.10905167,-0.022663,294789.44,294824.19,1364.81,1685.18,no,yes
6712,0.664469,0.50639787,0.009397,295104.80,295095.80,966.74,948.85,no,yes
6713,0.322026,0.74743675,0.004554,305242.69,305227.27,3760.50,2963.31,no,yes
6714,0.420008,0.67448417,0.005940,295079.86,295070.93,1296.50,1683.88,no,yes
6715,-0.079932,0.93629247,-0.001130,295035.44,295040.03,3659.65,4426.96,no,yes
6716,-1.664357,0.09605879,-0.023538,294819.26,294845.06,876.97,1277.97,no,yes
6717,0.363183,0.71647200,0.005136,295010.62,295005.30,1036.45,1035.83,no,yes
6718,-0.309218,0.75715975,-0.004373,295046.26,295052.43,1037.33,1704.10,no,yes
6719,-0.194834,0.84552480,-0.002755,294914.47,294920.68,2203.86,2303.25,no,yes
6720,-0.100995,0.91955527,-0.001428,294735.49,294736.93,1013.28,996.61,no,yes
6721,0.019461,0.98447316,0.000275,294860.04,294859.54,1738.60,1932.52,no,yes
6722,-1.074457,0.28263143,-0.015195,295115.03,295129.07,839.79,1001.87,no,yes
6723,-1.334150,0.18217395,-0.018868,294741.38,294786.07,1644.31,2918.89,no,yes
6724,0.148677,0.88180993,0.002103,294789.52,294787.46,978.55,979.30,no,yes
6725,-0.008532,0.99319281,-0.000121,295142.03,295142.31,2257.36,2267.84,no,yes
6726,-0.499026,0.61776686,-0.007057,295067.86,295074.78,974.53,985.17,no,yes
6727,-0.507289,0.61195794,-0.007174,294974.06,294993.60,2727.10,2720.18,no,yes
6728,0.389765,0.69671471,0.005512,294885.13,294879.53,1115.14,905.19,no,yes
6729,-1.239418,0.21520693,-0.017528,294854.61,294871.64,793.71,1121.52,no,yes
6730,1.326669,0.18463725,0.018762,295020.31,294941.21,5185.03,2942.97,no,yes
6731,0.179000,0.85793933,0.002531,295126.04,295122.00,1390.65,1778.36,no,yes
6732,-0.287528,0.77371114,-0.004066,294869.77,294877.69,1762.87,2118.33,no,yes
6733,0.536016,0.59195352,0.007580,294842.81,294835.12,1089.03,934.18,no,yes
6734,0.321408,0.74790508,0.004545,295039.26,295022.68,4188.39,3011.54,no,yes
6735,-0.006469,0.99483834,-0.000091,294896.88,294897.16,3096.74,3036.99,no,yes
6736,-0.320805,0.74836178,-0.004537,295022.04,295029.77,1629.66,1777.34,no,yes
6737,-0.308636,0.75760146,-0.004365,295216.70,295224.48,1806.71,1758.46,no,yes
6738,0.420886,0.67384328,0.005952,294937.54,294927.43,1570.78,1818.38,no,yes
6739,0.250837,0.80194291,0.003547,295035.00,295024.43,2596.63,3317.27,no,yes
6740,-0.068734,0.94520176,-0.000972,295109.11,295110.23,1202.84,1104.41,no,yes
6741,0.365828,0.71449707,0.005174,294810.97,294804.13,1385.92,1253.16,no,yes
6742,-0.046284,0.96308469,-0.000655,294819.09,294820.47,2383.83,1787.32,no,yes
6743,-1.142780,0.25314583,-0.016161,294941.17,294960.75,945.15,1429.25,no,yes
6744,-0.133295,0.89396151,-0.001885,310272.85,310274.95,1084.48,1140.82,no,yes
6745,0.109751,0.91260806,0.001552,295136.07,295126.47,6157.16,6216.29,no,yes
6746,0.012619,0.98993227,0.000178,295042.22,295042.03,1100.82,1022.68,no,yes
6747,-0.151260,0.87977185,-0.002139,295033.48,295035.82,1076.56,1113.26,no,yes
6748,0.087107,0.93058721,0.001232,295021.86,295019.50,1927.29,1915.43,no,yes
6749,0.856715,0.39161332,0.012116,295104.61,295072.39,2917.72,2373.06,no,yes
6750,-1.287412,0.19796631,-0.018207,295108.99,295127.13,873.75,1105.85,no,yes
6751,0.023766,0.98103966,0.000336,295263.24,295261.85,4357.07,3915.62,no,yes
6752,-0.586225,0.55773096,-0.008290,294769.34,294778.24,1061.26,1085.43,no,yes
6753,-0.324669,0.74543517,-0.004592,294832.29,294841.46,2111.95,1879.45,no,yes
6754,0.636516,0.52444736,0.009002,393111.48,393102.19,1065.00,998.40,no,yes
6755,-0.074485,0.94062513,-0.001053,295165.55,295169.00,2813.49,3677.01,no,yes
6756,-0.077706,0.93806305,-0.001099,294762.22,294764.47,2217.29,1863.20,no,yes
6757,-0.130030,0.89654381,-0.001839,294933.69,294938.60,2770.21,2567.26,no,yes
6758,-0.012407,0.99010105,-0.000175,295047.02,295047.19,1026.43,918.60,no,yes
6759,0.567637,0.57028958,0.008028,295060.59,295032.33,4378.08,2369.75,no,yes
6760,-0.186107,0.85236288,-0.002632,295082.15,295084.83,1051.10,981.49,no,yes
6761,-0.720193,0.47141527,-0.010185,294845.85,294862.61,1376.37,1876.59,no,yes
6762,-1.829669,0.06731468,-0.025875,294947.98,294971.64,834.57,987.95,no,yes
6763,-0.020736,0.98345665,-0.000293,294856.11,294856.61,1837.98,1526.33,no,yes
6764,-0.008228,0.99343484,-0.000116,295175.10,295175.42,3039.17,2416.67,no,yes
6765,-0.322739,0.74689713,-0.004564,294913.84,294919.63,1003.55,1483.90,no,yes
6766,-0.728738,0.46617041,-0.010306,295079.62,295090.82,1086.59,1087.39,no,yes
6767,-1.069168,0.28500739,-0.015120,294868.05,294884.74,1013.76,1186.93,no,yes
6768,-0.844609,0.39833930,-0.011945,294793.00,294814.23,1830.44,1723.21,no,yes
6769,0.156734,0.87545591,0.002217,294906.73,294900.17,2969.52,2958.22,no,yes
6770,0.512958,0.60798681,0.007254,294964.82,294952.75,1860.87,1438.72,no,yes
6771,-0.309637,0.75684058,-0.004379,295091.18,295096.05,1063.05,1157.80,no,yes
6772,-0.013251,0.98942756,-0.000187,295051.73,295051.89,885.42,906.35,no,yes
6773,0.028224,0.97748338,0.000399,305503.76,305503.12,1620.34,1569.50,no,yes
6774,-0.626344,0.53109630,-0.008858,295075.32,295096.57,2354.31,2444.68,no,yes
6775,-0.808879,0.41859643,-0.011439,295096.63,295118.99,1419.31,2372.44,no,yes
6776,-0.582969,0.55992087,-0.008244,295146.32,295166.33,2343.87,2508.47,no,yes
6777,0.181366,0.85608194,0.002565,294923.31,294920.84,1018.22,899.50,no,yes
6778,-0.986714,0.32379597,-0.013954,295000.38,295037.28,2218.47,3011.08,no,yes
6779,-0.341952,0.73239068,-0.004836,294846.75,294851.21,911.69,930.76,no,yes
6780,-0.073287,0.94157859,-0.001036,294903.13,294905.41,2386.15,2004.52,no,yes
6781,0.173238,0.86246656,0.002450,307476.80,307472.57,2095.76,1263.03,no,yes
6782,-0.804798,0.42094864,-0.011382,294721.93,294742.48,1215.88,2246.20,no,yes
6783,0.528877,0.59689737,0.007479,295163.95,295147.14,2626.05,1793.40,no,yes
6784,-0.335836,0.73699828,-0.004749,294867.91,294879.21,2132.24,2600.77,no,yes
6785,-0.731719,0.46434864,-0.010348,294840.36,294863.48,2218.40,2249.45,no,yes
6786,-1.117394,0.26383968,-0.015802,294938.35,294957.27,1106.34,1281.85,no,yes
6787,-0.239144,0.81099650,-0.003382,295224.92,295246.37,6301.96,6378.22,no,yes
6788,-0.335751,0.73706213,-0.004748,294912.69,294927.44,2996.16,3212.45,no,yes
6789,-0.696936,0.48585104,-0.009856,295105.94,295128.70,2056.16,2536.64,no,yes
6790,-0.081734,0.93485936,-0.001156,294778.75,294779.94,957.24,1101.25,no,yes
6791,0.341069,0.73305526,0.004823,294985.70,294973.41,2945.78,2075.30,no,yes
6792,-0.146406,0.88360204,-0.002070,308904.69,308908.31,1808.67,1682.01,no,yes
6793,0.291262,0.77085394,0.004119,294911.57,294895.34,4175.91,3688.34,no,yes
6794,-0.114879,0.90854229,-0.001625,295084.96,295086.68,1015.06,1100.97,no,yes
6795,0.192547,0.84731601,0.002723,295016.92,295012.76,1765.30,1250.56,no,yes
6796,0.141569,0.88742217,0.002002,294892.38,294888.89,1762.22,1724.25,no,yes
6797,-0.564366,0.57251130,-0.007981,296324.92,296333.79,1051.52,1166.84,no,yes
6798,0.152213,0.87902050,0.002153,294941.23,294936.27,2625.90,1926.53,no,yes
6799,-0.658483,0.51023742,-0.009312,295756.12,295774.62,1375.74,2449.33,no,yes
6800,1.112759,0.26582542,0.015737,294773.99,294756.44,1162.46,1066.54,no,yes
6801,-1.749985,0.08014118,-0.024749,294816.64,294888.73,1913.69,3648.31,no,yes
6802,-0.266932,0.78952440,-0.003775,295073.52,295076.83,830.89,923.39,no,yes
6803,-1.305285,0.19181225,-0.018460,294825.70,294846.32,942.65,1268.28,no,yes
6804,-0.641696,0.52107822,-0.009075,295086.43,295096.68,1077.48,1179.15,no,yes
6805,-0.041323,0.96703917,-0.000584,295043.55,295044.86,1819.90,2580.38,no,yes
6806,-0.597573,0.55013198,-0.008451,295112.85,295126.68,1532.27,1735.80,no,yes
6807,-0.060058,0.95210979,-0.000849,294968.16,294969.65,1412.79,2032.26,no,yes
6808,0.056567,0.95489105,0.000800,295277.37,295272.22,6438.39,6452.81,no,yes
6809,0.345039,0.73006839,0.004880,294996.76,294992.13,997.85,896.61,no,yes
6810,-0.456926,0.64772909,-0.006462,294879.34,294891.41,1769.80,1962.45,no,yes
6811,-0.558858,0.57626627,-0.007903,294743.44,294755.89,1155.79,1904.80,no,yes
6812,0.479869,0.63132641,0.006786,295002.55,294977.51,4267.70,3005.11,no,yes
6813,0.484727,0.62787605,0.006855,295053.15,295041.15,2022.41,1428.14,no,yes
6814,-0.462044,0.64405513,-0.006534,294910.94,294917.25,908.08,1020.95,no,yes
6815,-0.936527,0.34901348,-0.013244,305174.58,305187.10,895.29,993.55,no,yes
6816,-0.543931,0.58649542,-0.007692,294867.19,294875.66,970.66,1216.60,no,yes
6817,1.460223,0.14425501,0.020651,295248.94,295207.06,2732.23,871.40,no,yes
6818,-0.799393,0.42407220,-0.011305,294825.94,294835.92,808.26,951.00,no,yes
6819,-0.951215,0.34150720,-0.013452,294809.22,294835.99,2129.46,1840.07,no,yes
6820,-0.259162,0.79551306,-0.003665,294769.57,294773.54,1074.45,1090.77,no,yes
6821,-0.407441,0.68368849,-0.005762,294784.59,294790.58,1017.18,1062.20,no,yes
6822,0.676356,0.49882259,0.009565,294730.27,294721.19,968.10,930.00,no,yes
6823,-0.777381,0.43694297,-0.010994,294992.88,295003.31,956.32,941.13,no,yes
6824,0.865912,0.38654926,0.012246,295129.44,295114.73,1306.54,1086.45,no,yes
6825,-0.095360,0.92402973,-0.001349,295262.21,295270.55,6253.55,6117.53,no,yes
6826,0.445295,0.65611172,0.006297,295032.26,295017.18,2464.66,2321.51,no,yes
6827,0.192889,0.84704820,0.002728,295089.24,295087.05,832.24,773.74,no,yes
6828,-0.251042,0.80178442,-0.003550,295029.61,295037.97,2572.28,2111.70,no,yes
6829,-0.845365,0.39791791,-0.011955,295093.43,295115.53,1584.91,2080.09,no,yes
6830,-0.397538,0.69097497,-0.005622,295038.96,295048.18,1526.76,1744.46,no,yes
6831,0.141463,0.88750547,0.002001,294714.01,294712.32,843.12,845.87,no,yes
6832,-0.324657,0.74544437,-0.004591,294803.89,294808.47,902.11,1087.15,no,yes
6833,-0.131751,0.89518240,-0.001863,295063.79,295070.53,4112.14,3038.79,no,yes
6834,-0.112722,0.91025242,-0.001594,294945.36,294947.11,1105.58,1091.82,no,yes
6835,0.112593,0.91035460,0.001592,294938.86,294933.38,3693.22,3180.34,no,yes
6836,0.127626,0.89844653,0.001805,295045.64,295042.55,1674.05,1750.23,no,yes
6837,-0.927444,0.35370731,-0.013116,294826.98,294852.09,2017.78,1803.89,no,yes
6838,0.052788,0.95790143,0.000747,295109.26,295107.57,2123.81,2392.83,no,yes
6839,-0.994597,0.31994958,-0.014066,295137.68,295157.25,823.75,1786.87,no,yes
6840,-0.390790,0.69595649,-0.005527,294992.89,295012.26,3233.70,3754.57,no,yes
6841,0.238257,0.81168416,0.003369,294894.95,294883.39,3577.90,3280.86,no,yes
6842,-0.557106,0.57746150,-0.007879,393133.13,393142.35,1101.29,1235.56,no,yes
6843,0.220407,0.82555644,0.003117,295073.06,295066.11,2550.83,1851.95,no,yes
6844,0.048730,0.96113463,0.000689,294857.88,294856.66,1652.52,1861.26,no,yes
6845,-0.103567,0.91751366,-0.001465,294904.03,294907.28,2407.76,2019.55,no,yes
6846,-0.039727,0.96831099,-0.000562,294960.60,294964.13,6139.61,6410.42,no,yes
6847,-0.917397,0.35894594,-0.012974,295010.80,295036.44,2002.93,1948.03,no,yes
6848,-0.611636,0.54078595,-0.008650,295032.75,295040.90,867.73,1012.39,no,yes
6849,-0.790350,0.42933312,-0.011177,295064.14,295074.91,890.66,1030.04,no,yes
6850,0.509487,0.61041699,0.007205,295141.92,295112.18,4709.20,3451.61,no,yes
6851,0.073314,0.94155696,0.001037,294742.28,294740.32,1563.62,2164.44,no,yes
6852,-0.653787,0.51325683,-0.009246,294799.70,294809.06,960.65,1061.44,no,yes
6853,0.849834,0.39542863,0.012018,295079.65,295058.34,2022.01,1482.23,no,yes
6854,0.364917,0.71517812,0.005161,294906.46,294896.70,2258.95,1433.10,no,yes
6855,-0.121383,0.90338889,-0.001717,294868.01,294870.99,1979.23,1448.77,no,yes
6856,0.302752,0.76208233,0.004282,294957.47,294951.29,1525.15,1358.92,no,yes
6857,-1.308227,0.19081146,-0.018501,294827.06,294844.95,929.13,1003.45,no,yes
6858,0.146945,0.88317720,0.002078,294911.01,294908.48,1158.95,1277.31,no,yes
6859,0.365181,0.71498042,0.005164,295071.63,295062.59,1760.70,1740.54,no,yes
6860,-0.752399,0.45182050,-0.010641,294816.95,294827.89,947.07,1104.22,no,yes
6861,0.742349,0.45788510,0.010498,294980.62,294971.95,915.73,725.15,no,yes
6862,-0.586305,0.55767751,-0.008292,294792.60,294801.17,1073.55,991.57,no,yes
6863,0.088038,0.92984729,0.001245,295261.15,295253.15,6491.75,6353.77,no,yes
6864,-1.074063,0.28280793,-0.015190,295070.93,295087.06,943.91,1167.99,no,yes
6865,0.244886,0.80654805,0.003463,294818.39,294810.03,3012.63,1604.59,no,yes
6866,-0.346963,0.72862317,-0.004907,294794.54,294799.92,1027.78,1161.63,no,yes
6867,-0.160408,0.87256110,-0.002269,294908.65,294917.33,3732.58,3913.71,no,yes
6868,1.206328,0.22770570,0.017060,295029.94,295015.35,922.31,783.32,no,yes
6869,-1.137555,0.25532068,-0.016087,294970.00,295010.18,2246.90,2725.28,no,yes
6870,0.619017,0.53591633,0.008754,295043.68,295026.71,2562.25,975.97,no,yes
6871,-0.541920,0.58788004,-0.007664,295119.57,295133.43,1638.38,1962.89,no,yes
6872,-0.182564,0.85514233,-0.002582,295012.43,295014.97,943.07,1029.37,no,yes
6873,0.921726,0.35668242,0.013035,294872.58,294860.26,955.01,934.81,no,yes
6874,0.094317,0.92485829,0.001334,295048.79,295044.65,3201.82,3000.59,no,yes
6875,0.114853,0.90856256,0.001624,295107.50,295100.71,4359.39,3992.48,no,yes
6876,0.004003,0.99680628,0.000057,295126.86,295126.80,904.72,928.78,no,yes
6877,-0.283049,0.77714193,-0.004003,294766.87,294771.61,1082.83,1277.25,no,yes
6878,-0.626819,0.53078515,-0.008865,295089.93,295100.42,1110.37,1251.94,no,yes
6879,-1.962870,0.04967554,-0.027759,295486.63,295536.48,1638.19,1940.89,yes,yes
6880,0.480847,0.63063100,0.006800,294898.76,294890.45,1334.24,1098.50,no,yes
6881,-1.736110,0.08256110,-0.024552,295029.79,295071.18,1417.63,1916.83,no,yes
6882,2.124147,0.03367016,0.030040,295195.47,295165.77,1022.79,953.60,yes,yes
6883,0.522108,0.60160136,0.007384,294837.34,294829.26,1218.19,954.34,no,yes
6884,0.468282,0.63958798,0.006623,295318.45,295311.45,1020.78,1092.87,no,yes
6885,-0.170727,0.86444048,-0.002414,294727.26,294729.81,1054.44,1060.74,no,yes
6886,0.454068,0.64978487,0.006421,294878.06,294872.18,886.82,943.95,no,yes
6887,0.634538,0.52573922,0.008974,295130.22,295115.20,2095.60,1099.81,no,yes
6888,-0.165269,0.86873375,-0.002337,295122.67,295127.15,1932.23,1904.21,no,yes
6889,-1.155741,0.24780199,-0.016345,294906.79,294924.03,880.82,1203.52,no,yes
6890,-0.289702,0.77204695,-0.004097,294903.58,294907.35,831.91,1000.74,no,yes
6891,0.262871,0.79265267,0.003718,294819.06,294811.01,1930.55,2373.72,no,yes
6892,-0.040944,0.96734136,-0.000579,295249.52,295252.33,5344.87,4329.68,no,yes
6893,0.928913,0.35294550,0.013137,295048.14,295036.30,920.61,880.97,no,yes
6894,0.267566,0.78903620,0.003784,296002.43,295995.26,1864.28,1921.80,no,yes
6895,0.684325,0.49377842,0.009678,295090.23,295076.32,1561.14,1301.54,no,yes
6896,-0.138446,0.88988957,-0.001958,295120.13,295127.58,3910.22,3699.54,no,yes
6897,0.572692,0.56686181,0.008099,295075.79,295063.97,1827.72,958.37,no,yes
6898,-0.977000,0.32858275,-0.013817,294975.63,294993.68,1032.14,1531.77,no,yes
6899,-0.302260,0.76245713,-0.004275,294981.27,294985.76,1037.64,1060.58,no,yes
6900,-0.462406,0.64379553,-0.006539,295021.07,295032.26,1758.54,1661.02,no,yes
6901,0.789109,0.43005781,0.011160,294818.40,294807.56,1070.12,861.75,no,yes
6902,0.803177,0.42188404,0.011359,296031.15,296011.65,2065.91,1275.45,no,yes
6903,-1.510539,0.13092811,-0.021362,294877.49,294925.21,1341.82,2860.30,no,yes
6904,0.958166,0.33799129,0.013551,294993.72,294968.93,1992.58,1649.73,no,yes
6905,0.056138,0.95523283,0.000794,295142.70,295137.75,6216.62,6266.15,no,yes
6906,-0.723244,0.46953846,-0.010228,295416.19,295426.07,913.88,1015.12,no,yes
6907,-0.496760,0.61936429,-0.007025,294992.61,295004.65,1472.41,1925.98,no,yes
6908,0.364666,0.71536440,0.005157,294875.73,294870.13,1180.19,979.88,no,yes
6909,0.660492,0.50894603,0.009341,294885.32,294873.71,1312.40,1170.50,no,yes
6910,0.078255,0.93762602,0.001107,295087.41,295085.41,1834.63,1771.05,no,yes
6911,0.895000,0.37080048,0.012657,295192.64,295146.64,4468.17,2541.36,no,yes
6912,0.368396,0.71258262,0.005210,295039.26,295030.58,1350.68,1933.30,no,yes
6913,0.647693,0.51719240,0.009160,295074.07,295037.72,4738.89,3007.99,no,yes
6914,0.466241,0.64104839,0.006594,295036.21,295028.42,1245.44,1113.51,no,yes
6915,0.034682,0.97233355,0.000490,295063.25,295062.78,982.50,922.86,no,yes
6916,-0.486047,0.62693951,-0.006874,294805.04,294811.78,980.89,980.32,no,yes
6917,-0.024881,0.98014987,-0.000352,294960.73,294961.27,1486.08,1573.97,no,yes
6918,-0.323520,0.74630484,-0.004575,304795.95,304804.91,1903.79,2010.93,no,yes
6919,0.996715,0.31891662,0.014096,295124.90,295100.72,2013.87,1352.88,no,yes
6920,-1.016764,0.30927899,-0.014379,294926.48,294944.87,1088.45,1443.95,no,yes
6921,0.444558,0.65664445,0.006287,294825.56,294814.13,1943.31,1682.83,no,yes
6922,-0.420745,0.67394605,-0.005950,295045.41,295050.91,864.13,982.08,no,yes
6923,0.913370,0.36106103,0.012917,294883.18,294837.08,4273.67,2685.96,no,yes
6924,0.061444,0.95100655,0.000869,304425.39,304424.58,882.25,976.04,no,yes
6925,0.223298,0.82330621,0.003158,295141.32,295131.63,2978.47,3153.85,no,yes
6926,0.212820,0.83146943,0.003010,294911.26,294905.66,1965.34,1745.14,no,yes
6927,-0.372455,0.70955769,-0.005267,294832.56,294837.58,935.23,971.25,no,yes
6928,0.787117,0.43122246,0.011132,295100.62,295090.12,957.14,929.50,no,yes
6929,0.511260,0.60917487,0.007230,294929.33,294920.48,1308.73,1132.29,no,yes
6930,-0.575609,0.56488659,-0.008140,294976.78,295006.17,3146.60,4020.75,no,yes
6931,-0.104200,0.91701183,-0.001474,294804.77,294806.88,1444.93,1430.29,no,yes
6932,-0.323852,0.74605416,-0.004580,295085.69,295100.06,3655.95,2512.08,no,yes
6933,-0.788949,0.43015341,-0.011157,294837.96,294856.52,1207.17,2019.58,no,yes
6934,-0.141522,0.88745904,-0.002001,295267.53,295270.75,1467.13,1736.38,no,yes
6935,-0.061163,0.95123014,-0.000865,301138.56,301173.79,40676.28,40784.91,no,yes
6936,-0.017672,0.98590066,-0.000250,294828.83,294829.09,1061.29,1029.53,no,yes
6937,-0.225875,0.82130121,-0.003194,295133.73,295137.75,1285.51,1231.99,no,yes
6938,0.551192,0.58150815,0.007795,294884.37,294872.19,1623.97,1499.17,no,yes
6939,-0.336249,0.73668656,-0.004755,295117.87,295128.77,2454.97,2113.51,no,yes
6940,-0.733860,0.46304291,-0.010378,295121.56,295134.03,1108.41,1287.11,no,yes
6941,0.152321,0.87893498,0.002154,294908.37,294905.85,1173.57,1167.67,no,yes
6942,0.114161,0.90911121,0.001614,296196.18,296169.56,16517.65,16452.36,no,yes
6943,-0.364826,0.71524530,-0.005159,294903.53,294916.02,2146.95,2666.91,no,yes
6944,-0.386214,0.69934207,-0.005462,294995.54,295005.23,1659.95,1883.08,no,yes
6945,0.066963,0.94661145,0.000947,295007.21,295004.97,2241.42,2495.56,no,yes
6946,0.016917,0.98650331,0.000239,294918.03,294917.80,988.44,929.24,no,yes
6947,0.017230,0.98625311,0.000244,295205.23,295203.72,6294.47,6101.83,no,yes
6948,-0.282053,0.77790651,-0.003989,294747.64,294754.66,1270.80,2137.09,no,yes
6949,-0.562986,0.57345279,-0.007962,294983.59,295008.74,1993.02,3996.79,no,yes
6950,0.317522,0.75085125,0.004490,294813.13,294805.90,1424.33,1775.12,no,yes
6951,-0.054750,0.95633789,-0.000774,303947.26,303950.15,4035.79,3424.26,no,yes
6952,-0.042114,0.96640787,-0.000596,294934.62,294935.22,992.61,1022.32,no,yes
6953,-1.785410,0.07421125,-0.025250,295027.21,295051.82,822.44,1106.08,no,yes
6954,0.176758,0.85970012,0.002500,294884.68,294881.67,1254.27,1154.89,no,yes
6955,-2.371822,0.01771136,-0.033543,294935.69,294973.90,901.50,1335.20,yes,yes
6956,0.738988,0.45992321,0.010451,294749.88,294740.04,946.19,935.73,no,yes
6957,0.045882,0.96340467,0.000649,295150.31,295149.03,2071.53,1864.00,no,yes
6958,-0.796476,0.42576505,-0.011264,294997.99,295008.34,860.51,973.43,no,yes
6959,0.001083,0.99913613,0.000015,294939.28,294939.25,1983.93,2165.75,no,yes
6960,0.594572,0.55213651,0.008409,294999.15,294979.87,2523.81,2035.49,no,yes
6961,0.447722,0.65435853,0.006332,294956.58,294941.69,2226.84,2468.49,no,yes
6962,0.897671,0.36937373,0.012695,295011.32,294990.36,1957.05,1274.17,no,yes
6963,-0.468807,0.63921277,-0.006630,294906.76,294921.83,2327.95,2218.63,no,yes
6964,-0.453838,0.64995169,-0.006418,295107.77,295125.40,1908.77,3382.85,no,yes
6965,-0.888285,0.37439793,-0.012562,295075.09,295087.32,997.68,949.59,no,yes
6966,-0.523750,0.60045852,-0.007407,305171.28,305179.74,1143.45,1140.11,no,yes
6967,0.432224,0.66558363,0.006113,295154.08,295132.70,3835.55,3121.01,no,yes
6968,-1.146092,0.25177110,-0.016208,295200.53,295243.48,2464.61,2823.02,no,yes
6969,-0.148410,0.88202088,-0.002099,295170.98,295177.39,2906.39,3201.42,no,yes
6970,-0.102335,0.91849206,-0.001447,295297.62,295303.25,3734.70,4043.02,no,yes
6971,-0.195266,0.84518711,-0.002761,295148.64,295154.50,1608.97,2531.26,no,yes
6972,-0.999685,0.31747643,-0.014138,294819.95,294852.93,1943.89,2665.66,no,yes
6973,0.159265,0.87346204,0.002252,294986.33,294977.53,3941.87,3873.97,no,yes
6974,0.337284,0.73590635,0.004770,294980.36,294969.36,2561.21,2018.72,no,yes
6975,-0.384674,0.70048338,-0.005440,294994.67,295013.29,3217.44,3617.29,no,yes
6976,0.992567,0.32093761,0.014037,294832.25,294796.50,3249.46,1553.36,no,yes
6977,0.008743,0.99302457,0.000124,294932.40,294932.17,2032.16,1699.41,no,yes
6978,-0.191801,0.84790006,-0.002712,294893.61,294896.81,1156.03,1201.96,no,yes
6979,-0.215770,0.82916929,-0.003051,294788.81,294794.24,1762.57,1796.76,no,yes
6980,-0.064720,0.94839760,-0.000915,294738.21,294739.32,1390.50,1025.23,no,yes
6981,-0.265717,0.79046022,-0.003758,295259.20,295282.84,6231.79,6350.17,no,yes
6982,0.454515,0.64946294,0.006428,294871.39,294865.44,969.37,880.38,no,yes
6983,0.014132,0.98872462,0.000200,363850.48,363850.13,1826.50,1609.03,no,yes
6984,0.754344,0.45065157,0.010668,295253.07,295243.85,879.06,848.96,no,yes
6985,0.246634,0.80519437,0.003488,294797.40,294788.39,2971.00,2130.72,no,yes
6986,0.351380,0.72530734,0.004969,295283.87,295279.33,877.58,947.82,no,yes
6987,-0.435802,0.66298538,-0.006163,295164.54,295186.54,2864.83,4155.74,no,yes
6988,0.169340,0.86553118,0.002395,295084.06,295077.52,2636.40,2823.34,no,yes
6989,0.256088,0.79788589,0.003622,295232.23,295217.68,4473.27,3502.93,no,yes
6990,0.833314,0.40467779,0.011785,295286.64,295275.26,1017.97,909.58,no,yes
6991,-1.793090,0.07297395,-0.025358,294832.06,294855.02,844.40,962.46,no,yes
6992,-1.095373,0.27336840,-0.015491,295031.47,295058.09,1365.67,2010.71,no,yes
6993,-1.310215,0.19013842,-0.018529,294991.83,295018.54,1342.59,1534.29,no,yes
6994,0.346010,0.72933954,0.004893,295062.93,295051.88,2728.57,1662.53,no,yes
6995,0.892891,0.37192630,0.012627,295080.02,295068.67,924.17,873.74,no,yes
6996,1.258140,0.20835600,0.017793,294787.74,294772.07,924.21,834.51,no,yes
6997,0.141725,0.88729858,0.002004,295023.27,295021.51,929.25,826.47,no,yes
6998,-0.352049,0.72480565,-0.004979,294959.26,294968.39,1676.52,1980.49,no,yes
6999,1.058669,0.28976335,0.014972,294798.93,294783.12,1097.30,1013.03,no,yes
7000,-1.328762,0.18394170,-0.018792,294839.47,294856.70,919.25,914.71,no,yes
7001,-0.479454,0.63162087,-0.006781,294788.19,294795.09,903.82,1120.00,no,yes
7002,-0.745286,0.45610747,-0.010540,295109.97,295120.60,1022.53,996.00,no,yes
7003,-0.043284,0.96547540,-0.000612,294770.58,294771.23,1083.07,1047.22,no,yes
7004,-0.434513,0.66392082,-0.006145,294915.00,294926.88,1930.46,1935.91,no,yes
7005,-0.417071,0.67663084,-0.005898,295136.39,295146.49,1614.22,1807.14,no,yes
7006,0.272665,0.78511334,0.003856,294993.22,294984.12,2528.82,2176.32,no,yes
7007,-0.254400,0.79918891,-0.003598,295215.30,295221.82,1818.73,1805.72,no,yes
7008,0.365879,0.71445953,0.005174,295198.09,295175.61,4465.67,4218.28,no,yes
7009,0.482819,0.62922977,0.006828,295060.82,295047.87,2148.72,1604.44,no,yes
7010,-0.110158,0.91228553,-0.001558,294950.36,294955.84,2832.05,4088.54,no,yes
7011,0.060070,0.95210083,0.000850,294782.10,294781.30,890.19,987.88,no,yes
7012,-0.678239,0.49762811,-0.009592,295062.93,295073.56,1091.12,1124.29,no,yes
7013,-0.529922,0.59617250,-0.007494,294749.50,294768.68,2136.67,2920.91,no,yes
7014,0.068049,0.94574759,0.000962,295141.01,295139.71,1250.26,1437.65,no,yes
7015,-0.989301,0.32252776,-0.013991,294962.45,294978.71,1182.24,1142.76,no,yes
7016,1.489402,0.13639792,0.021063,294937.60,294918.44,999.70,809.97,no,yes
7017,-0.221382,0.82479792,-0.003131,295066.19,295069.82,1400.39,855.91,no,yes
7018,0.642269,0.52070750,0.009083,295102.85,295088.83,1866.87,1132.87,no,yes
7019,0.486725,0.62645843,0.006883,295594.51,295586.71,1200.27,1060.95,no,yes
7020,-1.421995,0.15504882,-0.020110,294992.13,295020.96,921.20,1806.22,no,yes
7021,-0.760775,0.44680285,-0.010759,294865.90,294883.45,1135.39,2008.77,no,yes
7022,-0.032189,0.97432140,-0.000455,294889.72,294890.55,1605.89,2037.57,no,yes
7023,-0.127907,0.89822371,-0.001809,295078.95,295090.85,6517.85,6633.64,no,yes
7024,0.072813,0.94195561,0.001030,295013.65,295011.82,1765.87,1793.97,no,yes
7025,-0.485888,0.62705217,-0.006871,294794.48,294801.60,964.99,1101.45,no,yes
7026,0.221801,0.82447122,0.003137,295053.09,295047.90,1546.46,1758.89,no,yes
7027,-0.312476,0.75468213,-0.004419,294934.92,294950.04,3483.92,3358.02,no,yes
7028,-0.462923,0.64342556,-0.006547,295110.50,295119.72,1039.13,1698.30,no,yes
7029,-1.884457,0.05952454,-0.026650,294811.17,294868.64,1201.03,2803.38,no,yes
7030,0.429762,0.66737340,0.006078,294945.39,294939.88,961.83,845.95,no,yes
7031,0.363895,0.71594063,0.005146,294890.84,294884.45,1443.31,1000.69,no,yes
7032,0.061722,0.95078489,0.000873,294917.96,294916.50,1246.82,2000.43,no,yes
7033,0.206554,0.83636057,0.002921,294899.74,294896.12,1257.16,1223.80,no,yes
7034,-0.564450,0.57245441,-0.007983,294961.02,294969.67,1123.98,1041.06,no,yes
7035,0.179929,0.85720991,0.002545,295094.67,295091.80,1098.24,1154.09,no,yes
7036,-0.429678,0.66743430,-0.006077,295326.28,295333.11,1037.78,1204.47,no,yes
7037,-0.155757,0.87622633,-0.002203,294865.57,294869.58,1818.86,1822.16,no,yes
7038,-0.249471,0.80299969,-0.003528,295026.72,295033.42,1470.74,2247.47,no,yes
7039,-0.164664,0.86921041,-0.002329,294830.25,294832.25,840.29,880.05,no,yes
7040,-0.005969,0.99523783,-0.000084,295343.60,295344.18,7129.66,6740.19,no,yes
7041,-0.335144,0.73752001,-0.004740,295110.26,295125.08,2988.24,3259.46,no,yes
7042,0.805255,0.42068416,0.011388,295231.95,295189.05,4586.57,2708.09,no,yes
7043,0.085106,0.93217841,0.001204,295123.70,295121.66,1875.86,1482.44,no,yes
7044,-0.597361,0.55027315,-0.008448,294884.40,294902.76,2050.02,2290.59,no,yes
7045,-1.842556,0.06540941,-0.026058,302787.44,302816.83,986.19,1253.54,no,yes
7046,-0.260383,0.79457130,-0.003682,294831.64,294836.08,1096.50,1301.62,no,yes
7047,0.108169,0.91386278,0.001530,301194.20,301190.26,2709.13,2436.83,no,yes
7048,-0.083740,0.93326402,-0.001184,295194.17,295196.19,1652.96,1758.67,no,yes
7049,0.434082,0.66423385,0.006139,295074.43,295067.31,1201.77,1117.29,no,yes
7050,0.096560,0.92307641,0.001366,294760.72,294759.24,1055.27,1118.15,no,yes
7051,-0.546880,0.58446730,-0.007734,294764.36,294781.49,2023.34,2392.21,no,yes
7052,-0.134986,0.89262452,-0.001909,294871.76,294874.15,1234.77,1269.25,no,yes
7053,0.174009,0.86185988,0.002461,294860.00,294857.21,1215.54,1046.63,no,yes
7054,0.286465,0.77452494,0.004051,295145.52,295140.90,1170.55,1112.16,no,yes
7055,0.198386,0.84274544,0.002806,294841.51,294836.82,1982.67,1294.05,no,yes
7056,-0.369553,0.71171974,-0.005226,294978.18,294986.98,1731.48,1632.53,no,yes
7057,0.146539,0.88349720,0.002072,295333.35,295319.95,6633.99,6295.61,no,yes
7058,0.069248,0.94479288,0.000979,295023.69,295019.87,3944.64,3859.54,no,yes
7059,-0.638514,0.52314683,-0.009030,294856.91,294866.57,1002.55,1131.49,no,yes
7060,-0.721944,0.47033782,-0.010210,294993.48,295004.01,942.89,1112.87,no,yes
7061,0.718913,0.47220394,0.010167,294922.51,294893.80,3219.57,2363.03,no,yes
7062,-0.735426,0.46208885,-0.010400,302642.13,302665.42,2359.10,2112.02,no,yes
7063,-0.877018,0.38048808,-0.012403,294991.07,295016.53,1748.37,2317.15,no,yes
7064,-1.385820,0.16581806,-0.019598,294850.28,294868.61,838.03,1023.42,no,yes
7065,1.172397,0.24105185,0.016580,294724.99,294703.39,1366.28,1236.48,no,yes
7066,-0.571902,0.56739508,-0.008088,295017.89,295025.68,883.91,1036.51,no,yes
7067,0.132933,0.89424760,0.001880,295077.60,295075.68,1020.44,1028.10,no,yes
7068,-0.127240,0.89875168,-0.001799,295115.97,295118.92,1493.52,1781.41,no,yes
7069,-0.034193,0.97272352,-0.000484,295109.60,295110.02,940.64,768.37,no,yes
7070,0.376384,0.70663558,0.005323,295088.84,295084.26,884.13,834.33,no,yes
7071,-0.896732,0.36987322,-0.012682,295007.50,295019.75,893.79,1033.05,no,yes
7072,-0.801761,0.42270068,-0.011339,295048.84,295062.67,1232.61,1207.72,no,yes
7073,0.479628,0.63149753,0.006783,294853.73,294845.08,1349.54,1196.43,no,yes
7074,0.114585,0.90877543,0.001620,295087.33,295085.62,1013.57,1092.61,no,yes
7075,0.984602,0.32483146,0.013924,294892.76,294879.69,977.96,897.68,no,yes
7076,1.151542,0.24952524,0.016285,296299.31,296274.43,1812.26,1176.87,no,yes
7077,0.523903,0.60035232,0.007409,294853.17,294845.30,1178.43,931.81,no,yes
7078,-0.299944,0.76422266,-0.004242,295200.14,295204.39,956.74,1043.70,no,yes
7079,0.016025,0.98721496,0.000227,295099.45,295099.02,1971.43,1844.27,no,yes
7080,-1.198440,0.23076161,-0.016949,295025.12,295042.81,845.92,1209.77,no,yes
7081,-0.439301,0.66044871,-0.006213,294816.48,294825.45,1179.13,1666.90,no,yes
7082,-0.064576,0.94851252,-0.000913,295163.75,295169.74,6605.72,6513.88,no,yes
7083,0.512276,0.60846334,0.007245,295102.06,295095.17,925.43,973.67,no,yes
7084,1.904194,0.05690095,0.026929,294902.67,294876.89,1107.96,777.64,no,yes
7085,-0.131505,0.89537700,-0.001860,294925.40,294927.41,1100.02,1066.55,no,yes
7086,-0.212159,0.83198512,-0.003000,294806.22,294809.99,1259.08,1251.12,no,yes
7087,0.018121,0.98554244,0.000256,295091.85,295091.60,969.01,959.40,no,yes
7088,-0.311919,0.75510506,-0.004411,295061.63,295069.26,1760.56,1701.71,no,yes
7089,-0.116721,0.90708207,-0.001651,294865.29,294866.77,918.31,864.24,no,yes
7090,-0.297772,0.76588052,-0.004211,294770.27,294773.95,869.79,880.91,no,yes
7091,-0.099109,0.92105297,-0.001402,294993.23,294994.76,1154.45,1018.06,no,yes
7092,0.020696,0.98348832,0.000293,294910.52,294910.12,1300.15,1462.55,no,yes
7093,-0.885397,0.37595311,-0.012521,294930.74,294942.81,926.76,998.78,no,yes
7094,-0.019076,0.98478060,-0.000270,297002.88,297009.24,23535.16,23605.27,no,yes
7095,-1.203439,0.22882127,-0.017019,294876.03,294899.41,1259.90,1479.31,no,yes
7096,-0.123135,0.90200174,-0.001741,294963.64,294967.24,1702.94,2370.56,no,yes
7097,-0.297447,0.76612885,-0.004207,294854.86,294868.58,2909.06,3578.02,no,yes
7098,-0.474059,0.63546278,-0.006704,295167.63,295175.57,1139.46,1227.82,no,yes
7099,-0.316754,0.75143346,-0.004480,295414.62,295447.93,7321.01,7545.43,no,yes
7100,0.172522,0.86302926,0.002440,295074.20,295071.79,952.88,1021.80,no,yes
7101,0.228828,0.81900512,0.003236,294825.61,294814.01,3905.92,3231.51,no,yes
7102,-1.117181,0.26393123,-0.015799,294986.11,295016.49,1628.85,2176.95,no,yes
7103,0.427116,0.66929941,0.006040,294897.05,294882.48,2447.80,2375.40,no,yes
7104,-0.709128,0.47825362,-0.010029,294998.83,295010.21,1196.73,1068.69,no,yes
7105,0.550829,0.58175872,0.007790,295184.00,295166.60,2796.23,1469.00,no,yes
7106,-1.302074,0.19290613,-0.018414,295054.94,295072.78,937.02,999.22,no,yes
7107,-0.024788,0.98022462,-0.000351,294977.90,294978.47,1701.62,1571.80,no,yes
7108,-0.283358,0.77690543,-0.004007,296279.57,296283.16,883.48,907.50,no,yes
7109,1.259448,0.20788410,0.017811,295104.15,295087.90,1004.99,809.13,no,yes
7110,1.745660,0.08088647,0.024687,295084.36,295060.11,1105.07,842.01,no,yes
7111,-0.769243,0.44175944,-0.010879,294841.36,294857.63,1192.73,1745.63,no,yes
7112,-0.368834,0.71225553,-0.005216,295221.71,295230.57,1412.79,1942.65,no,yes
7113,-0.154805,0.87697640,-0.002189,302834.15,302836.46,1083.29,1022.18,no,yes
7114,-0.373786,0.70856757,-0.005286,294895.17,294904.30,1632.64,1815.84,no,yes
7115,-0.518523,0.60409914,-0.007333,294890.36,294903.25,1810.71,1704.74,no,yes
7116,-0.822416,0.41085033,-0.011631,295114.17,295159.20,3413.20,4281.63,no,yes
7117,-0.282499,0.77756347,-0.003995,295083.56,295087.28,924.79,936.48,no,yes
7118,0.584383,0.55896977,0.008264,294831.41,294820.91,1401.96,1125.23,no,yes
7119,-0.376452,0.70658540,-0.005324,294873.92,294883.21,1569.15,1903.32,no,yes
7120,-1.091841,0.27491721,-0.015441,294755.87,294796.59,2255.24,2970.37,no,yes
7121,0.969628,0.33224532,0.013713,294774.22,294759.02,1287.88,892.84,no,yes
7122,-0.534880,0.59273873,-0.007564,294939.34,294948.43,1171.80,1231.91,no,yes
7123,0.219472,0.82628533,0.003104,295034.71,295029.80,1877.00,1220.42,no,yes
7124,0.486729,0.62645579,0.006883,294801.92,294795.62,916.13,913.73,no,yes
7125,0.098714,0.92136659,0.001396,295071.14,295069.87,866.32,960.18,no,yes
7126,-1.222376,0.22157992,-0.017287,294986.29,295003.35,924.80,1045.32,no,yes
7127,0.990759,0.32181566,0.014011,295120.56,295104.91,1209.20,1016.02,no,yes
7128,0.465388,0.64165891,0.006582,294842.09,294834.61,1199.87,1067.90,no,yes
7129,-1.226884,0.21988149,-0.017351,295048.94,295067.24,918.54,1175.71,no,yes
7130,0.155007,0.87681756,0.002192,295175.03,295168.11,3279.47,3027.93,no,yes
7131,-0.368166,0.71275365,-0.005207,295170.32,295182.18,2464.41,2075.56,no,yes
7132,0.136066,0.89177067,0.001924,295136.93,295133.56,1663.03,1832.60,no,yes
7133,0.369677,0.71162723,0.005228,294864.07,294857.95,1290.65,1037.51,no,yes
7134,0.439750,0.66012267,0.006219,295124.09,295117.09,1160.04,1090.37,no,yes
7135,0.187002,0.85166122,0.002645,294998.19,294994.50,1510.15,1267.76,no,yes
7136,0.196866,0.84393442,0.002784,295163.44,295154.89,3137.47,3001.60,no,yes
7137,-0.102586,0.91829274,-0.001451,294943.07,294947.89,3468.03,3173.58,no,yes
7138,0.118494,0.90567741,0.001676,295094.27,295092.62,1023.84,934.17,no,yes
7139,0.387145,0.69865320,0.005475,294865.99,294860.78,958.14,945.21,no,yes
7140,0.731900,0.46424029,0.010351,302837.33,302821.91,1840.39,1025.58,no,yes
7141,1.143813,0.25271619,0.016176,294847.36,294822.97,1721.62,1257.10,no,yes
7142,1.099602,0.27151929,0.015551,294858.24,294842.08,1134.33,933.99,no,yes
7143,0.263930,0.79183653,0.003733,295125.82,295118.24,1921.52,2131.72,no,yes
7144,0.427517,0.66900964,0.006046,294950.52,294936.40,2998.08,1385.19,no,yes
7145,0.508431,0.61115774,0.007190,294891.20,294881.17,1630.49,1112.07,no,yes
7146,0.644854,0.51902929,0.009120,294890.66,294877.23,1473.14,1471.26,no,yes
7147,-0.216745,0.82840897,-0.003065,295068.76,295072.10,1117.02,1059.87,no,yes
7148,0.542497,0.58748266,0.007672,294788.63,294781.33,1028.89,866.81,no,yes
7149,-0.330202,0.74125132,-0.004670,294880.39,294886.21,1104.47,1373.67,no,yes
7150,-0.342938,0.73164884,-0.004850,295367.44,295398.42,6180.08,6586.29,no,yes
7151,-0.780182,0.43529324,-0.011033,295071.65,295081.79,865.44,968.58,no,yes
7152,-0.216544,0.82856606,-0.003062,294733.28,294738.76,1656.33,1916.44,no,yes
7153,0.508428,0.61115906,0.007190,295191.76,295177.44,2205.21,1751.22,no,yes
7154,-0.396948,0.69141023,-0.005614,294923.66,294929.93,1030.00,1197.64,no,yes
7155,0.547931,0.58374525,0.007749,302589.21,302580.89,1033.68,1113.95,no,yes
7156,0.360007,0.71884552,0.005091,295180.58,295161.07,4136.25,3500.83,no,yes
7157,0.066031,0.94735405,0.000934,295030.37,295027.18,3659.94,3161.10,no,yes
7158,0.217350,0.82793812,0.003074,294966.19,294958.78,2861.89,1854.40,no,yes
7159,-0.075180,0.94007237,-0.001063,294948.90,294949.89,932.59,934.79,no,yes
7160,-1.350270,0.17694467,-0.019096,294863.51,294885.39,1126.29,1165.00,no,yes
7161,-0.394948,0.69288559,-0.005585,295096.90,295107.14,1666.99,1982.71,no,yes
7162,-0.452041,0.65124448,-0.006393,294814.29,294831.23,2665.91,2634.76,no,yes
7163,-0.339561,0.73419088,-0.004802,294723.16,294728.11,993.82,1068.70,no,yes
7164,-0.161094,0.87202128,-0.002278,295018.35,295021.54,1646.51,1104.23,no,yes
7165,-0.043303,0.96546041,-0.000612,294903.92,294905.36,1874.64,2748.31,no,yes
7166,0.764028,0.44485941,0.010805,295254.53,295230.43,2360.08,2092.79,no,yes
7167,0.143880,0.88559647,0.002035,295087.97,295083.41,2299.82,2184.61,no,yes
7168,0.794638,0.42683362,0.011238,294924.69,294910.31,1354.78,1199.70,no,yes
7169,0.767908,0.44255150,0.010860,295078.29,295044.63,3521.76,2609.26,no,yes
7170,-0.329678,0.74164672,-0.004662,295055.61,295066.75,2312.79,2462.95,no,yes
7171,-0.427076,0.66932881,-0.006040,295084.96,295090.91,968.12,1002.23,no,yes
7172,-0.720459,0.47125121,-0.010189,295060.55,295071.49,1162.25,976.16,no,yes
7173,0.062473,0.95018677,0.000884,295056.45,295054.85,1405.54,2133.49,no,yes
7174,0.737230,0.46099110,0.010426,295019.04,294997.35,2191.18,1963.08,no,yes
7175,-0.023391,0.98133845,-0.000331,295192.89,295194.02,3659.61,3161.36,no,yes
7176,-0.016370,0.98693942,-0.000232,295161.71,295162.14,1796.54,1899.55,no,yes
7177,-0.242084,0.80871750,-0.003424,295033.99,295045.08,3307.83,3168.98,no,yes
7178,-0.003158,0.99748049,-0.000045,294781.21,294781.27,1208.36,1310.94,no,yes
7179,-0.183876,0.85411228,-0.002600,295151.21,295168.63,6717.81,6684.59,no,yes
7180,-0.305026,0.76034954,-0.004314,294998.13,295002.61,934.44,1131.51,no,yes
7181,0.144971,0.88473545,0.002050,294885.38,294879.67,3003.86,2546.35,no,yes
7182,0.084161,0.93292951,0.001190,295111.92,295109.22,1747.76,2692.10,no,yes
7183,1.197191,0.23124788,0.016931,294853.12,294835.10,1226.88,871.20,no,yes
7184,-0.514576,0.60685510,-0.007277,294949.33,294975.61,3526.01,3693.67,no,yes
7185,-1.160630,0.24580615,-0.016414,295071.47,295087.09,910.62,991.12,no,yes
7186,-0.400616,0.68870711,-0.005666,294873.80,294885.35,2001.96,2073.12,no,yes
7187,0.266470,0.78988121,0.003768,295191.76,295183.89,2612.46,1377.21,no,yes
7188,0.361994,0.71736036,0.005119,294873.17,294867.23,1156.87,1160.92,no,yes
7189,-0.682636,0.49484457,-0.009654,295098.64,295108.97,1017.47,1120.51,no,yes
7190,-1.194149,0.23243412,-0.016888,295117.76,295136.51,1005.35,1205.98,no,yes
7191,0.418531,0.67556485,0.005919,295083.39,295071.82,2405.12,1362.89,no,yes
7192,0.117792,0.90623347,0.001666,295142.90,295141.23,1025.19,978.79,no,yes
7193,0.176521,0.85988617,0.002496,294884.58,294880.29,1806.70,1621.83,no,yes
7194,-0.472615,0.63649328,-0.006684,295138.94,295154.11,2030.57,2485.03,no,yes
7195,0.858427,0.39066685,0.012140,295087.42,295076.65,905.14,869.14,no,yes
7196,-0.333375,0.73885480,-0.004715,295126.66,295133.30,1348.84,1467.34,no,yes
7197,-0.157795,0.87461974,-0.002232,295063.31,295065.57,1058.35,964.51,no,yes
7198,-0.490261,0.62395571,-0.006933,294949.47,294971.39,2387.66,3780.10,no,yes
7199,-0.388877,0.69737185,-0.005500,295119.86,295130.46,2166.56,1657.65,no,yes
7200,-1.110198,0.26692723,-0.015701,294803.50,294839.41,2247.99,2325.55,no,yes
7201,0.363948,0.71590058,0.005147,295235.27,295223.78,2100.43,2356.04,no,yes
7202,-0.401011,0.68841631,-0.005671,294884.70,294889.95,918.18,932.19,no,yes
7203,-0.754235,0.45071730,-0.010666,294980.41,295008.76,2583.75,2730.89,no,yes
7204,0.325773,0.74459925,0.004607,295029.37,295022.20,1558.10,1553.73,no,yes
7205,0.128393,0.89783893,0.001816,294756.00,294754.10,1041.68,1049.67,no,yes
7206,-1.590318,0.11178177,-0.022490,295134.75,295198.64,2144.72,3397.08,no,yes
7207,0.335341,0.73737184,0.004742,294762.93,294749.55,3061.62,2557.61,no,yes
7208,-0.116426,0.90731576,-0.001647,295066.84,295068.65,1076.60,1120.69,no,yes
7209,-0.697440,0.48553737,-0.009863,294859.18,294877.46,1324.41,2263.06,no,yes
7210,0.942826,0.34578336,0.013334,295047.22,295012.19,3145.22,1976.88,no,yes
7211,0.167974,0.86660576,0.002376,295154.30,295145.21,4084.97,3551.92,no,yes
7212,-0.880828,0.37842264,-0.012457,294862.55,294890.52,1874.36,2564.56,no,yes
7213,-0.081564,0.93499432,-0.001153,294861.95,294866.70,4481.71,3720.11,no,yes
7214,0.114516,0.90882983,0.001620,294772.17,294769.46,1977.78,1294.69,no,yes
7215,-0.608466,0.54288534,-0.008605,295039.63,295049.02,1071.73,1110.33,no,yes
7216,0.394873,0.69294106,0.005584,295086.60,295076.81,1633.23,1864.00,no,yes
7217,0.872991,0.38268170,0.012346,295070.84,295022.83,4860.45,2572.00,no,yes
7218,-0.164326,0.86947592,-0.002324,295037.05,295039.56,1149.61,1009.33,no,yes
7219,-0.656726,0.51136496,-0.009288,295053.59,295061.36,806.34,865.86,no,yes
7220,0.623229,0.53314126,0.008814,295098.29,295084.22,1626.94,1564.37,no,yes
7221,-0.255459,0.79837116,-0.003613,294975.49,294978.69,847.44,920.41,no,yes
7222,-0.612590,0.54015435,-0.008663,294986.90,294995.59,944.13,1059.17,no,yes
7223,-0.645324,0.51872484,-0.009126,295072.24,295081.68,953.64,1109.68,no,yes
7224,0.490277,0.62394447,0.006934,294878.45,294867.85,1862.03,1099.92,no,yes
7225,0.610473,0.54155564,0.008633,295135.43,295120.73,1887.67,1492.78,no,yes
7226,-0.703333,0.48185640,-0.009947,294899.74,294937.13,3557.66,3949.44,no,yes
7227,-0.197447,0.84347975,-0.002792,294970.75,294974.39,1327.42,1280.97,no,yes
7228,0.547797,0.58383752,0.007747,294950.17,294941.65,1193.21,997.55,no,yes
7229,-0.569921,0.56873802,-0.008060,294938.67,294961.90,2631.87,3112.66,no,yes
7230,-0.825827,0.40891432,-0.011679,294844.31,294858.28,864.92,1453.47,no,yes
7231,-0.171105,0.86414291,-0.002420,294889.05,294892.57,1442.20,1465.97,no,yes
7232,0.233009,0.81575678,0.003295,295050.34,295047.43,826.98,934.18,no,yes
7233,0.681122,0.49580217,0.009633,294832.05,294823.30,947.25,868.51,no,yes
7234,0.384020,0.70096737,0.005431,295085.91,295075.66,1953.33,1818.76,no,yes
7235,-1.580424,0.11402572,-0.022351,294964.75,294984.57,865.34,907.22,no,yes
7236,1.449177,0.14730511,0.020494,294909.63,294887.92,1201.41,894.91,no,yes
7237,0.466451,0.64089798,0.006597,295027.79,295013.29,2417.28,1954.56,no,yes
7238,-0.310021,0.75654799,-0.004384,295036.86,295071.24,7547.34,8123.62,no,yes
7239,0.010661,0.99149429,0.000151,294870.55,294870.36,1251.85,1234.09,no,yes
7240,-0.282663,0.77743856,-0.003997,294936.05,294943.35,2064.01,1548.99,no,yes
7241,-1.167068,0.24319851,-0.016505,294820.97,294846.38,1247.72,1784.82,no,yes
7242,1.464916,0.14296170,0.020717,294970.08,294948.81,1199.00,819.20,no,yes
7243,1.016599,0.30935656,0.014377,294845.38,294832.47,931.22,863.39,no,yes
7244,-0.853278,0.39351532,-0.012067,294815.32,294827.08,958.04,991.45,no,yes
7245,0.400189,0.68902163,0.005660,295109.10,295102.94,1028.95,1145.40,no,yes
7246,1.003400,0.31568092,0.014190,294878.56,294850.77,2227.85,1644.89,no,yes
7247,0.359311,0.71936657,0.005081,294855.51,294847.16,1532.02,1748.73,no,yes
7248,-1.126197,0.26009687,-0.015927,295019.53,295056.84,1975.11,2659.27,no,yes
7249,0.286228,0.77470663,0.004048,294893.01,294888.78,1052.79,1034.15,no,yes
7250,-0.181533,0.85595145,-0.002567,295056.83,295059.93,1012.54,1376.34,no,yes
7251,-1.839498,0.06586616,-0.026014,295027.33,295096.76,1215.51,3573.39,no,yes
7252,1.110316,0.26687780,0.015702,305560.94,305546.05,1091.02,779.84,no,yes
7253,-0.388625,0.69755795,-0.005496,295018.34,295023.52,915.67,966.47,no,yes
7254,-0.207196,0.83585927,-0.002930,295081.37,295086.66,1570.16,2007.91,no,yes
7255,-0.526637,0.59845178,-0.007448,304362.82,304374.53,1736.70,1389.35,no,yes
7256,-0.261391,0.79379369,-0.003697,294938.71,294944.10,1207.82,1672.14,no,yes
7257,-2.271324,0.02313852,-0.032121,295123.78,295154.74,842.12,1071.54,yes,yes
7258,-0.516532,0.60548844,-0.007305,294760.37,294772.05,1574.36,1624.16,no,yes
7259,-0.720400,0.47128824,-0.010188,295003.37,295031.47,2267.62,3173.17,no,yes
7260,0.490902,0.62350123,0.006942,295164.20,295157.50,969.33,959.31,no,yes
7261,-0.377476,0.70582413,-0.005338,294870.61,294875.34,936.62,830.22,no,yes
7262,-0.118369,0.90577660,-0.001674,294865.03,294866.56,902.51,923.31,no,yes
7263,-0.337516,0.73573166,-0.004773,294939.49,294950.99,2296.35,2516.72,no,yes
7264,0.753517,0.45114902,0.010656,294854.08,294842.31,1243.31,946.31,no,yes
7265,-0.188728,0.85030803,-0.002669,304854.32,304856.74,907.02,901.95,no,yes
7266,0.055848,0.95546344,0.000790,294780.79,294780.05,977.57,888.87,no,yes
7267,1.026346,0.30474168,0.014515,295039.56,295021.30,1401.81,1095.60,no,yes
7268,-1.314657,0.18864104,-0.018592,294952.85,294982.83,1437.72,1769.81,no,yes
7269,-0.393459,0.69398470,-0.005564,295073.62,295080.44,1277.94,1168.75,no,yes
7270,-0.161451,0.87173985,-0.002283,295213.99,295223.23,3872.99,4213.27,no,yes
7271,1.498341,0.13406155,0.021190,294828.45,294809.58,995.02,772.10,no,yes
7272,0.996648,0.31894906,0.014095,294922.11,294902.33,1645.74,1109.53,no,yes
7273,-0.712063,0.47643408,-0.010070,295018.52,295053.67,3226.60,3735.96,no,yes
7274,0.142942,0.88633714,0.002022,294911.96,294904.70,3996.14,3141.90,no,yes
7275,-0.567665,0.57026875,-0.008028,294764.62,294779.72,1914.64,1845.41,no,yes
7276,0.225141,0.82187195,0.003184,294825.59,294821.68,1269.65,1185.65,no,yes
7277,-0.075228,0.94003377,-0.001064,294869.72,294871.02,1145.58,1300.17,no,yes
7278,-0.039541,0.96845948,-0.000559,294848.40,294848.99,1007.74,1105.20,no,yes
7279,-0.321422,0.74789451,-0.004546,294748.20,294755.70,1830.60,1451.73,no,yes
7280,-0.603771,0.54600402,-0.008539,295034.51,295048.10,1187.45,1912.34,no,yes
7281,-0.522015,0.60166548,-0.007382,294983.23,294993.77,1348.13,1502.04,no,yes
7282,-0.188658,0.85036283,-0.002668,294957.15,294960.11,1148.75,1073.64,no,yes
7283,-0.375753,0.70710475,-0.005314,294992.51,295001.83,1880.37,1619.15,no,yes
7284,0.649426,0.51607074,0.009184,295071.67,295057.28,1749.00,1362.74,no,yes
7285,-2.316156,0.02056083,-0.032755,294990.68,295031.00,1014.43,1414.74,yes,yes
7286,0.995801,0.31936567,0.014083,295011.42,294983.74,2606.51,964.67,no,yes
7287,0.008508,0.99321198,0.000120,294861.76,294861.66,843.08,820.70,no,yes
7288,-0.009324,0.99256063,-0.000132,294704.66,294704.78,939.00,967.32,no,yes
7289,-1.879536,0.06018637,-0.026581,307549.74,307590.53,1387.19,1668.98,no,yes
7290,-1.237478,0.21592435,-0.017501,295005.27,295030.52,1353.33,1527.39,no,yes
7291,-0.006464,0.99484286,-0.000091,295052.23,295052.33,1007.74,1101.55,no,yes
7292,0.364601,0.71541282,0.005156,295058.65,295034.37,4920.19,4489.08,no,yes
7293,0.882550,0.37749072,0.012481,295085.66,295063.30,2029.82,1516.18,no,yes
7294,-0.838879,0.40154976,-0.011864,295017.37,295046.09,1741.75,2946.59,no,yes
7295,-2.785284,0.00535320,-0.039390,308822.99,308868.37,1072.66,1226.08,yes,yes
7296,-0.017824,0.98577981,-0.000252,294855.16,294855.42,1116.98,939.11,no,yes
7297,0.283159,0.77705766,0.004004,295028.85,295020.29,2140.70,2134.61,no,yes
7298,-0.059456,0.95258983,-0.000841,294885.85,294886.78,1083.60,1144.10,no,yes
7299,0.209979,0.83368643,0.002970,294912.65,294905.90,1999.88,2518.79,no,yes
7300,-1.144861,0.25228167,-0.016191,302501.65,302518.76,899.74,1193.38,no,yes
7301,0.534804,0.59279171,0.007563,294847.22,294828.68,2733.99,2130.97,no,yes
7302,0.467408,0.64021300,0.006610,294763.11,294756.21,1017.72,1069.78,no,yes
7303,-0.583263,0.55972310,-0.008249,295049.58,295071.48,2416.08,2873.88,no,yes
7304,0.799012,0.42429330,0.011300,294896.59,294885.46,1084.98,873.82,no,yes
7305,-0.705072,0.48077404,-0.009971,295108.72,295118.41,880.47,1055.55,no,yes
7306,-0.771970,0.44014378,-0.010917,294871.36,294907.87,2307.58,4127.47,no,yes
7307,0.254761,0.79891047,0.003603,295154.99,295149.79,1492.83,1388.55,no,yes
7308,0.318708,0.74995164,0.004507,294900.20,294895.24,1269.59,897.81,no,yes
7309,-0.517622,0.60472769,-0.007320,295708.57,295716.11,1025.51,1034.80,no,yes
7310,-0.218910,0.82672217,-0.003096,295359.90,295382.38,7289.37,7231.33,no,yes
7311,-1.346040,0.17830513,-0.019036,295168.54,295189.89,1065.68,1174.22,no,yes
7312,0.263351,0.79228275,0.003724,294826.25,294822.36,1108.34,973.63,no,yes
7313,-0.552561,0.58057075,-0.007814,295130.32,295142.79,1396.06,1771.98,no,yes
7314,-0.235059,0.81416546,-0.003324,294861.35,294868.04,1882.50,2136.12,no,yes
7315,0.276586,0.78210136,0.003912,295050.20,295041.16,2564.19,2027.58,no,yes
7316,-0.950073,0.34208672,-0.013436,294741.54,294765.16,1847.14,1664.32,no,yes
7317,-0.280710,0.77893613,-0.003970,294878.39,294884.44,1807.21,1175.26,no,yes
7318,-0.621619,0.53419951,-0.008791,294789.68,294806.48,2088.96,1714.05,no,yes
7319,-0.014905,0.98810846,-0.000211,296312.01,296312.52,1924.01,2823.11,no,yes
7320,-0.863765,0.38772767,-0.012215,294977.26,294989.23,930.56,1027.55,no,yes
7321,1.458846,0.14462346,0.020631,295060.15,295041.70,962.44,820.49,no,yes
7322,0.023241,0.98145809,0.000329,295017.81,295017.23,1797.73,1755.01,no,yes
7323,-0.230283,0.81787445,-0.003257,294895.86,294902.95,2343.34,1997.45,no,yes
7324,0.010980,0.99123954,0.000155,294947.63,294947.34,2229.48,1371.37,no,yes
7325,0.169578,0.86534427,0.002398,295051.55,295045.76,2851.38,1880.21,no,yes
7326,-0.850621,0.39499481,-0.012030,294911.26,294932.26,1017.50,2248.66,no,yes
7327,-0.256756,0.79737014,-0.003631,294861.96,294870.02,2325.10,2109.05,no,yes
7328,-0.490342,0.62389722,-0.006934,294832.16,294840.00,1066.58,1190.13,no,yes
7329,-0.337430,0.73579647,-0.004772,295081.25,295090.27,2138.69,1603.17,no,yes
7330,-0.542996,0.58713843,-0.007679,295077.02,295084.19,931.45,935.82,no,yes
7331,-0.216850,0.82832757,-0.003067,303786.82,303792.82,1772.93,2122.32,no,yes
7332,-0.369070,0.71207967,-0.005219,294899.62,294904.58,922.50,976.67,no,yes
7333,-1.364419,0.17245217,-0.019296,295046.59,295067.48,918.72,1224.62,no,yes
7334,-0.195491,0.84501056,-0.002765,295041.63,295044.69,1035.69,1175.57,no,yes
7335,-0.256479,0.79758393,-0.003627,294841.15,294845.15,1074.10,1128.71,no,yes
7336,-0.415945,0.67745479,-0.005882,294780.77,294787.41,1088.77,1167.85,no,yes
7337,0.247644,0.80441275,0.003502,295358.72,295353.29,1853.98,1176.14,no,yes
7338,0.070421,0.94385943,0.000996,294767.37,294766.35,945.70,1107.38,no,yes
7339,0.144369,0.88521058,0.002042,295152.85,295136.71,8763.01,6939.92,no,yes
7340,-0.520704,0.60257870,-0.007364,295047.81,295055.08,1006.34,967.07,no,yes
7341,-0.047664,0.96198421,-0.000674,295033.33,295034.02,1016.33,1026.74,no,yes
7342,-0.205854,0.83690729,-0.002911,295157.33,295168.06,3392.17,3959.59,no,yes
7343,0.018862,0.98495107,0.000267,294791.35,294790.76,2614.16,1737.76,no,yes
7344,-0.447375,0.65460929,-0.006327,294998.59,295039.88,6371.93,6676.53,no,yes
7345,-0.300785,0.76358235,-0.004254,295084.41,295093.33,1426.47,2599.43,no,yes
7346,0.364917,0.71517754,0.005161,295092.71,295087.25,1095.39,1021.97,no,yes
7347,0.320243,0.74878778,0.004529,294906.68,294889.79,3906.59,3542.92,no,yes
7348,0.425682,0.67034437,0.006020,294827.06,294817.13,1919.12,1325.71,no,yes
7349,1.139473,0.25452059,0.016115,294988.95,294969.33,1368.37,1045.06,no,yes
7350,-0.378074,0.70537938,-0.005347,294839.15,294851.28,2105.11,2421.21,no,yes
7351,0.515803,0.60599764,0.007295,294844.56,294836.99,986.82,1086.91,no,yes
7352,0.802784,0.42211026,0.011353,294952.25,294932.83,1972.84,1399.50,no,yes
7353,-0.141458,0.88750947,-0.002001,294945.04,294952.30,3604.30,3650.86,no,yes
7354,2.239701,0.02512249,0.031674,294856.56,294825.20,1142.15,809.79,yes,yes
7355,-0.528554,0.59712100,-0.007475,295193.66,295209.68,2010.78,2267.26,no,yes
7356,-0.611055,0.54117033,-0.008642,294926.99,294947.96,2194.12,2640.05,no,yes
7357,-1.463976,0.14321625,-0.020704,294862.67,294881.22,879.67,912.41,no,yes
7358,0.218830,0.82678505,0.003095,294964.79,294961.65,1055.65,975.25,no,yes
7359,0.898587,0.36888987,0.012708,295001.28,294974.20,2844.52,994.65,no,yes
7360,0.590512,0.55485508,0.008351,294907.14,294893.82,1839.75,1306.25,no,yes
7361,-1.045721,0.29570273,-0.014789,295170.62,295188.29,1157.74,1231.33,no,yes
7362,0.828957,0.40713845,0.011723,295112.34,295099.63,1131.41,1034.64,no,yes
7363,-0.081993,0.93465334,-0.001160,294836.21,294840.91,4318.50,3765.01,no,yes
7364,-0.073802,0.94116852,-0.001044,294880.88,294882.71,1757.64,1744.23,no,yes
7365,0.179232,0.85775753,0.002535,294914.00,294903.40,4219.76,4147.09,no,yes
7366,-0.230022,0.81807669,-0.003253,294929.83,294933.29,1091.50,1038.92,no,yes
7367,-0.125461,0.90016011,-0.001774,294901.59,294903.25,931.04,938.33,no,yes
7368,0.032960,0.97370664,0.000466,300670.63,300669.90,1807.17,1286.16,no,yes
7369,0.334432,0.73805697,0.004730,295126.54,295110.77,3567.09,3081.39,no,yes
7370,0.694193,0.48757016,0.009817,295063.25,295039.71,2779.86,1941.77,no,yes
7371,-0.680318,0.49631135,-0.009621,294842.49,294852.12,948.51,1051.07,no,yes
7372,0.163915,0.86979986,0.002318,295068.20,295064.25,1873.38,1508.19,no,yes
7373,-0.262091,0.79325431,-0.003707,295090.44,295098.47,2246.44,2083.56,no,yes
7374,0.674490,0.50000775,0.009539,294859.24,294849.78,1059.48,919.49,no,yes
7375,-0.444264,0.65685643,-0.006283,295098.77,295104.35,916.29,860.50,no,yes
7376,1.027588,0.30415639,0.014532,294901.19,294885.25,1155.17,1035.31,no,yes
7377,-0.363228,0.71643840,-0.005137,294953.63,294960.69,1266.32,1474.60,no,yes
7378,0.381181,0.70307304,0.005391,294868.75,294863.78,996.58,838.61,no,yes
7379,1.165763,0.24372593,0.016486,294975.07,294957.27,1263.46,857.88,no,yes
7380,0.721860,0.47038917,0.010209,294986.62,294976.58,1024.24,942.02,no,yes
7381,-0.840568,0.40060235,-0.011887,294883.01,294914.03,1872.31,3180.27,no,yes
7382,-0.694283,0.48751308,-0.009819,302884.58,302910.30,2671.53,2566.45,no,yes
7383,-0.895033,0.37078034,-0.012658,294872.85,294884.71,882.63,987.66,no,yes
7384,-0.590841,0.55463401,-0.008356,294742.76,294751.81,1012.86,1150.92,no,yes
7385,-0.059943,0.95220141,-0.000848,294918.12,294920.01,2229.35,2225.16,no,yes
7386,-0.200883,0.84079211,-0.002841,295206.52,295217.81,4031.96,3913.61,no,yes
7387,-0.094969,0.92434033,-0.001343,295079.18,295083.67,3272.49,3404.80,no,yes
7388,1.929871,0.05363765,0.027292,307489.41,307459.57,1206.30,967.29,no,yes
7389,-0.973369,0.33038525,-0.013766,295203.73,295236.84,1627.97,2986.38,no,yes
7390,-0.385419,0.69993097,-0.005451,294806.43,294819.31,2345.94,2381.29,no,yes
7391,-0.486496,0.62662099,-0.006880,294839.99,294852.03,1633.84,1860.32,no,yes
7392,0.000451,0.99963978,0.000006,295104.69,295104.68,2352.79,2314.37,no,yes
7393,-0.732649,0.46378113,-0.010361,294745.46,294762.41,1519.24,1745.80,no,yes
7394,0.634082,0.52603518,0.008967,295343.37,295322.84,2524.51,2028.82,no,yes
7395,0.529115,0.59673145,0.007483,295085.73,295078.05,1067.91,983.32,no,yes
7396,-0.442849,0.65787951,-0.006263,294723.42,294729.30,950.50,926.87,no,yes
7397,0.251368,0.80153248,0.003555,295176.25,295168.14,2250.72,2314.01,no,yes
7398,0.864792,0.38716339,0.012230,302846.12,302829.29,1426.83,1324.31,no,yes
7399,0.928093,0.35337068,0.013125,295063.18,295051.75,912.47,827.05,no,yes
7400,-0.052699,0.95797198,-0.000745,295034.09,295035.43,1536.29,2030.90,no,yes
7401,-0.856032,0.39199346,-0.012106,295043.07,295061.15,1007.39,1856.29,no,yes
7402,-0.171846,0.86356065,-0.002430,295056.24,295060.32,1689.86,1673.19,no,yes
7403,0.299595,0.76448919,0.004237,295212.43,295184.60,6698.82,6437.19,no,yes
7404,-0.174400,0.86155285,-0.002466,295169.10,295173.59,1674.90,1951.31,no,yes
7405,0.280050,0.77944197,0.003961,295002.90,294998.28,1214.77,1114.01,no,yes
7406,-0.409484,0.68218882,-0.005791,295185.55,295194.61,1418.73,1698.12,no,yes
7407,-0.094634,0.92460650,-0.001338,295338.51,295347.71,6951.44,6791.81,no,yes
7408,-0.910216,0.36271986,-0.012872,295088.64,295102.89,1052.79,1158.30,no,yes
7409,1.388038,0.16514286,0.019630,295043.67,295025.77,1055.09,741.81,no,yes
7410,-0.773513,0.43922829,-0.010939,294936.44,294955.35,1817.68,1634.58,no,yes
7411,-0.250971,0.80183922,-0.003549,295111.71,295118.43,1940.90,1844.40,no,yes
7412,1.318310,0.18742343,0.018644,294822.16,294784.67,2653.85,1021.62,no,yes
7413,0.284596,0.77595704,0.004025,295069.63,295062.48,2020.43,1496.17,no,yes
7414,0.084398,0.93274069,0.001194,294850.54,294849.32,994.32,1046.94,no,yes
7415,-0.425983,0.67012481,-0.006024,294769.77,294778.88,1441.36,1580.01,no,yes
7416,-0.935709,0.34943526,-0.013233,295002.58,295017.72,989.87,1280.71,no,yes
7417,-0.472587,0.63651315,-0.006683,294873.88,294881.59,1101.73,1202.04,no,yes
7418,0.578476,0.56294979,0.008181,294932.00,294910.48,2952.59,2264.29,no,yes
7419,0.588438,0.55624518,0.008322,295115.54,295106.30,1172.71,1043.23,no,yes
7420,-0.570817,0.56813004,-0.008073,294846.22,294876.17,3597.91,3817.77,no,yes
7421,0.075045,0.94017978,0.001061,295557.95,295544.68,12594.14,12411.83,no,yes
7422,0.497404,0.61890982,0.007034,294824.15,294817.05,997.87,1021.63,no,yes
7423,-2.302663,0.02130967,-0.032565,294940.49,294975.61,835.28,1275.86,yes,yes
7424,-0.170699,0.86446239,-0.002414,295101.87,295117.79,6578.06,6610.23,no,yes
7425,-0.395422,0.69253568,-0.005592,303766.14,303771.61,951.61,1003.70,no,yes
7426,-1.118582,0.26333186,-0.015819,295032.10,295046.58,872.21,956.62,no,yes
7427,0.739051,0.45988479,0.010452,295132.55,295114.28,1655.10,1835.90,no,yes
7428,-0.224225,0.82258462,-0.003171,294762.75,294765.98,1030.28,1006.65,no,yes
7429,0.279153,0.78013046,0.003948,302648.17,302644.12,1111.42,932.15,no,yes
7430,-0.958331,0.33790743,-0.013553,294882.62,294894.54,869.54,889.15,no,yes
7431,-0.456005,0.64839154,-0.006449,295136.99,295149.00,1577.95,2110.52,no,yes
7432,0.297345,0.76620631,0.004205,294845.47,294837.11,1885.03,2085.56,no,yes
7433,-0.270448,0.78681836,-0.003825,294859.12,294862.60,877.07,940.47,no,yes
7434,0.769816,0.44141840,0.010887,295061.49,295051.54,944.75,883.58,no,yes
7435,-0.539036,0.58986806,-0.007623,294803.06,294816.59,1561.51,1966.59,no,yes
7436,-0.195414,0.84507083,-0.002764,295051.74,295056.71,1894.80,1695.98,no,yes
7437,-0.062156,0.95043939,-0.000879,294980.04,294981.65,2071.59,1562.48,no,yes
7438,0.410102,0.68173605,0.005800,295051.56,295039.77,2275.20,1756.78,no,yes
7439,-0.089027,0.92906129,-0.001259,294861.57,294865.93,3502.84,3431.64,no,yes
7440,1.054379,0.29172224,0.014911,295104.56,295089.95,1022.24,935.04,no,yes
7441,0.147753,0.88253964,0.002090,294910.99,294903.93,4079.89,2489.66,no,yes
7442,-0.453844,0.64994623,-0.006418,294913.07,294936.27,3260.81,3936.30,no,yes
7443,-0.318915,0.74979458,-0.004510,295079.78,295084.82,1143.59,1089.16,no,yes
7444,2.077171,0.03780093,0.029376,305530.91,305497.44,1366.72,853.86,yes,yes
7445,-0.485108,0.62760532,-0.006860,295118.82,295127.08,1162.98,1244.57,no,yes
7446,-0.153680,0.87786389,-0.002173,294902.49,294906.41,1700.28,1900.56,no,yes
7447,-0.060014,0.95214469,-0.000849,295167.51,295168.30,940.64,927.03,no,yes
7448,0.444265,0.65685586,0.006283,294766.38,294758.07,1409.25,1231.36,no,yes
7449,0.963107,0.33551032,0.013620,295108.22,295084.19,2252.82,1072.78,no,yes
7450,-0.758865,0.44794247,-0.010732,295057.10,295067.57,945.40,1005.40,no,yes
7451,-0.195300,0.84515973,-0.002762,295078.73,295083.61,1832.12,1704.21,no,yes
7452,-0.887251,0.37495618,-0.012548,294932.44,294961.36,1793.47,2721.11,no,yes
7453,-0.315393,0.75246630,-0.004460,295292.17,295297.43,1174.14,1184.41,no,yes
7454,-0.396726,0.69157356,-0.005611,295688.40,295698.98,1921.22,1849.20,no,yes
7455,0.315068,0.75271312,0.004456,294798.36,294793.17,1201.59,1130.87,no,yes
7456,-0.661127,0.50853859,-0.009350,294967.47,294976.87,961.95,1046.49,no,yes
7457,-1.025262,0.30525181,-0.014499,294793.67,294806.21,854.23,875.70,no,yes
7458,-0.053151,0.95761193,-0.000752,295173.32,295176.40,3464.91,4648.52,no,yes
7459,0.038046,0.96965171,0.000538,294879.34,294878.37,2043.22,1531.56,no,yes
7460,0.778587,0.43623244,0.011011,295138.71,295125.99,1199.00,1110.06,no,yes
7461,-0.195253,0.84519684,-0.002761,294898.61,294903.79,1799.55,1946.81,no,yes
7462,-0.138092,0.89016951,-0.001953,294880.17,294884.33,1897.91,2336.38,no,yes
7463,-0.507986,0.61147079,-0.007184,294784.00,294796.98,1178.67,2266.74,no,yes
7464,1.645781,0.09982512,0.023275,295169.86,295148.65,988.55,826.33,no,yes
7465,0.908729,0.36350436,0.012851,294758.30,294745.84,1027.24,907.10,no,yes
7466,-0.375621,0.70720252,-0.005312,294860.64,294872.57,2168.62,2317.25,no,yes
7467,-1.300271,0.19352304,-0.018389,294902.42,294925.58,1267.13,1251.52,no,yes
7468,-0.296865,0.76657272,-0.004198,294950.62,294955.62,1015.24,1340.30,no,yes
7469,0.682933,0.49465790,0.009658,294849.89,294830.05,2317.53,1751.83,no,yes
7470,-0.577905,0.56333469,-0.008173,295053.30,295071.82,2185.33,2345.25,no,yes
7471,0.682756,0.49476876,0.009656,295212.81,295203.00,1043.21,987.52,no,yes
7472,-0.404915,0.68554512,-0.005726,295020.55,295031.21,1504.16,2160.25,no,yes
7473,-0.439129,0.66057285,-0.006210,294917.82,294925.04,1161.22,1164.85,no,yes
7474,1.082564,0.27901530,0.015310,295108.16,295090.26,1262.22,1068.67,no,yes
7475,0.609818,0.54198922,0.008624,294968.33,294959.18,1132.57,983.61,no,yes
7476,0.630829,0.52815976,0.008921,294796.65,294782.33,1716.92,1483.04,no,yes
7477,-0.355184,0.72245526,-0.005023,295166.87,295171.48,859.61,971.18,no,yes
7478,-0.238145,0.81177131,-0.003368,294904.94,294912.85,2237.70,2456.20,no,yes
7479,-0.012314,0.99017523,-0.000174,295017.65,295017.93,1734.54,1410.53,no,yes
7480,-0.144648,0.88499040,-0.002046,294863.69,294868.76,2647.17,2302.23,no,yes
7481,1.035480,0.30045832,0.014644,296014.20,295981.10,2584.86,1879.72,no,yes
7482,-0.687182,0.49197658,-0.009718,295242.88,295263.64,1898.02,2351.87,no,yes
7483,-0.451962,0.65130149,-0.006392,295007.60,295049.75,6548.03,6638.57,no,yes
7484,0.430916,0.66653480,0.006094,294965.11,294950.20,2943.73,1817.41,no,yes
7485,-0.290941,0.77109957,-0.004115,295108.15,295117.42,2273.89,2236.26,no,yes
7486,-0.026395,0.97894292,-0.000373,294833.42,294834.01,1866.92,1250.54,no,yes
7487,-0.223828,0.82289359,-0.003165,294923.77,294928.12,1291.36,1449.64,no,yes
7488,-0.418045,0.67591885,-0.005912,295042.61,295050.86,1599.32,1156.59,no,yes
7489,-0.230495,0.81770955,-0.003260,295051.72,295055.10,1056.69,1012.11,no,yes
7490,-0.651078,0.51500395,-0.009208,294852.85,294862.98,1082.77,1117.31,no,yes
7491,0.589734,0.55537554,0.008340,307492.71,307478.27,1713.79,1747.30,no,yes
7492,0.034599,0.97239958,0.000489,294877.25,294876.69,1170.03,1096.89,no,yes
7493,-0.229574,0.81842511,-0.003247,295096.40,295103.95,2315.37,2335.75,no,yes
7494,-0.288174,0.77321670,-0.004075,294766.70,294770.21,866.05,857.04,no,yes
7495,-0.713220,0.47571815,-0.010086,295166.79,295188.27,1931.88,2311.83,no,yes
7496,-0.722139,0.47021742,-0.010213,294971.42,294985.63,1344.32,1437.36,no,yes
7497,0.214085,0.83048307,0.003028,294737.41,294734.44,1011.93,952.13,no,yes
7498,-1.970108,0.04884074,-0.027862,295145.30,295171.85,819.58,1069.81,yes,yes
7499,-1.953845,0.05073751,-0.027632,295052.17,295092.01,980.07,1788.33,no,yes
7500,-1.130655,0.25821448,-0.015990,294808.75,294848.38,2186.40,2739.47,no,yes
7501,-0.549946,0.58236329,-0.007777,295052.25,295077.49,2777.90,3653.68,no,yes
7502,-0.518236,0.60429984,-0.007329,295100.63,295115.01,1719.36,2177.32,no,yes
7503,-0.336615,0.73641080,-0.004760,294812.76,294830.71,3632.43,3902.88,no,yes
7504,-0.462979,0.64338461,-0.006548,294965.13,294971.89,932.90,1125.18,no,yes
7505,-0.437430,0.66180431,-0.006186,295068.24,295074.95,1053.91,1116.06,no,yes
7506,-0.005744,0.99541695,-0.000081,295063.02,295063.21,2076.39,2538.95,no,yes
7507,0.808907,0.41857824,0.011440,295090.32,295080.45,829.48,895.23,no,yes
7508,1.165328,0.24390165,0.016480,295316.55,295285.91,2131.54,1539.61,no,yes
7509,1.263846,0.20630133,0.017873,294849.59,294829.20,1297.95,957.75,no,yes
7510,-1.694146,0.09025412,-0.023959,295028.37,295050.44,801.95,1026.58,no,yes
7511,-0.250456,0.80223767,-0.003542,294853.47,294856.52,847.22,875.10,no,yes
7512,-1.068262,0.28541508,-0.015108,294876.32,294892.77,1053.26,1124.23,no,yes
7513,-0.297842,0.76582660,-0.004212,295072.56,295083.11,2511.42,2500.33,no,yes
7514,-0.410432,0.68149373,-0.005804,295222.72,295228.75,1074.99,1003.60,no,yes
7515,1.033034,0.30160180,0.014609,294890.23,294875.45,1156.77,842.52,no,yes
7516,0.197087,0.84376168,0.002787,295070.01,295066.43,1306.46,1261.87,no,yes
7517,-0.675268,0.49951360,-0.009550,294978.11,294994.17,1811.62,1540.75,no,yes
7518,-1.582199,0.11362073,-0.022376,295172.74,295192.33,769.84,969.54,no,yes
7519,-0.692725,0.48849061,-0.009797,294929.50,294944.78,1431.26,1678.40,no,yes
7520,0.637564,0.52376500,0.009017,294913.31,294903.29,1184.19,1034.79,no,yes
7521,-0.220938,0.82514291,-0.003125,294832.71,294838.61,1904.09,1870.72,no,yes
7522,0.293589,0.76907514,0.004152,294829.53,294821.79,1710.60,2008.44,no,yes
7523,-0.657408,0.51092652,-0.009297,294870.27,294882.61,1273.13,1379.37,no,yes
7524,-1.186171,0.23556959,-0.016775,294933.81,294953.43,1045.84,1281.20,no,yes
7525,-1.537747,0.12412720,-0.021747,295131.79,295152.90,852.20,1075.81,no,yes
7526,-0.963292,0.33541370,-0.013623,295105.80,295137.29,1957.38,2617.77,no,yes
7527,-0.629815,0.52882262,-0.008907,294927.09,294938.10,1153.61,1314.00,no,yes
7528,-1.351563,0.17653074,-0.019114,294851.83,294869.09,859.13,945.16,no,yes
7529,-0.986391,0.32395313,-0.013950,295550.17,295570.69,1388.67,1548.27,no,yes
7530,-0.081374,0.93514567,-0.001151,294897.63,294902.84,4285.61,4742.32,no,yes
7531,-0.041577,0.96683605,-0.000588,295055.10,295055.66,919.18,983.83,no,yes
7532,-0.001383,0.99889665,-0.000020,294835.79,294835.81,955.93,1056.24,no,yes
7533,0.296377,0.76694566,0.004191,294843.16,294832.80,2938.10,1890.66,no,yes
7534,-0.108514,0.91358933,-0.001535,295119.27,295122.21,1725.29,2088.75,no,yes
7535,-0.330621,0.74093427,-0.004676,295095.26,295100.78,1232.95,1127.02,no,yes
7536,-0.994254,0.32011328,-0.014061,294838.39,294864.09,1413.26,2165.35,no,yes
7537,0.042751,0.96590085,0.000605,294992.70,294990.83,3084.64,3106.69,no,yes
7538,-0.165030,0.86892207,-0.002334,294856.02,294859.49,1330.30,1626.99,no,yes
7539,-0.339545,0.73420314,-0.004802,295098.65,295109.67,2104.35,2469.82,no,yes
7540,-0.863939,0.38763189,-0.012218,295095.03,295105.46,830.26,876.34,no,yes
7541,-0.458301,0.64674262,-0.006481,294908.05,294924.70,1813.61,3148.65,no,yes
7542,-0.800547,0.42340422,-0.011321,295020.79,295034.50,1049.76,1353.25,no,yes
7543,-0.361066,0.71805381,-0.005106,294696.84,294702.25,949.70,1161.81,no,yes
7544,-0.064497,0.94857548,-0.000912,393087.41,393088.39,1022.19,1123.81,no,yes
7545,-0.525264,0.59940539,-0.007428,294966.64,294977.33,1348.79,1522.75,no,yes
7546,0.588937,0.55591032,0.008329,294916.72,294908.66,1034.09,897.60,no,yes
7547,-0.099441,0.92078874,-0.001406,295157.06,295161.99,3372.78,3638.81,no,yes
7548,0.906503,0.36468067,0.012820,294988.41,294973.54,1185.44,1134.86,no,yes
7549,-0.409258,0.68235477,-0.005788,295160.76,295188.83,4494.71,5179.58,no,yes
7550,-0.461516,0.64443337,-0.006527,294842.41,294857.20,2219.22,2312.53,no,yes
7551,-0.515076,0.60650595,-0.007284,295134.71,295148.68,1877.09,1955.84,no,yes
7552,0.284773,0.77582124,0.004027,295059.20,295055.39,995.11,894.66,no,yes
7553,0.103269,0.91775095,0.001460,294891.60,294889.89,1302.91,1020.99,no,yes
7554,0.522260,0.60149535,0.007386,294961.23,294953.05,1190.63,1017.32,no,yes
7555,-0.982800,0.32571943,-0.013899,295107.24,295131.67,1383.22,2065.66,no,yes
7556,0.698469,0.48489353,0.009878,295142.29,295124.65,2098.62,1404.76,no,yes
7557,-0.310544,0.75615060,-0.004392,294865.24,294869.56,925.29,1038.46,no,yes
7558,0.001594,0.99872803,0.000023,295002.55,295002.47,3354.70,3208.19,no,yes
7559,-0.260915,0.79416043,-0.003690,295210.90,295235.51,6352.99,6968.91,no,yes
7560,-0.655725,0.51200865,-0.009273,295032.71,295041.12,860.42,952.08,no,yes
7561,-0.750959,0.45268629,-0.010620,294996.09,295007.39,990.79,1131.27,no,yes
7562,-0.596155,0.55107981,-0.008431,295141.45,295154.89,1154.58,1936.18,no,yes
7563,-0.187718,0.85109972,-0.002655,294778.14,294780.63,906.54,968.85,no,yes
7564,0.366291,0.71415153,0.005180,294837.74,294831.14,1279.21,1267.61,no,yes
7565,-0.393387,0.69403776,-0.005563,294840.09,294845.82,977.09,1081.57,no,yes
7566,-0.681312,0.49568483,-0.009635,295097.90,295130.30,2051.23,4290.37,no,yes
7567,1.443221,0.14897781,0.020410,295081.76,295057.61,1447.63,839.23,no,yes
7568,0.406853,0.68412132,0.005754,294920.52,294902.55,3719.68,2384.68,no,yes
7569,-0.127913,0.89821957,-0.001809,310280.65,310284.59,2497.37,1798.09,no,yes
7570,-1.202295,0.22926806,-0.017003,295084.79,295113.70,1111.43,2132.08,no,yes
7571,-0.334987,0.73763856,-0.004737,294846.36,294851.68,1057.32,1181.71,no,yes
7572,-1.017012,0.30916056,-0.014383,302760.88,302778.01,1082.77,1291.38,no,yes
7573,0.137457,0.89067116,0.001944,294976.47,294973.08,1669.65,1818.45,no,yes
7574,0.574970,0.56531796,0.008131,303858.19,303849.24,1161.20,1035.86,no,yes
7575,0.943491,0.34544455,0.013343,294822.86,294797.73,2325.08,1297.81,no,yes
7576,0.208680,0.83470003,0.002951,295023.02,295003.32,6853.78,6490.29,no,yes
7577,-0.186332,0.85218625,-0.002635,295098.90,295102.20,1236.53,1266.47,no,yes
7578,-0.487556,0.62586998,-0.006895,295064.01,295070.62,853.38,1052.46,no,yes
7579,-0.395042,0.69281586,-0.005587,294947.87,294965.58,2983.73,3344.47,no,yes
7580,0.134777,0.89278967,0.001906,294860.03,294856.41,2303.32,1381.33,no,yes
7581,0.553026,0.58025166,0.007821,294965.62,294958.60,930.77,863.35,no,yes
7582,-0.479276,0.63174760,-0.006778,294798.01,294804.25,846.21,990.89,no,yes
7583,-1.072035,0.28371733,-0.015161,295062.40,295088.64,1717.94,1743.83,no,yes
7584,-0.068405,0.94546411,-0.000967,294882.17,294884.16,1804.39,2281.77,no,yes
7585,-0.158331,0.87419732,-0.002239,294921.04,294925.33,1903.11,1927.65,no,yes
7586,0.130850,0.89589492,0.001851,294821.19,294819.34,1057.65,935.24,no,yes
7587,-0.804866,0.42090923,-0.011383,295828.94,295869.53,2465.12,4398.77,no,yes
7588,1.730991,0.08346908,0.024480,295127.18,295097.15,1314.00,1132.35,no,yes
7589,-0.182739,0.85500444,-0.002584,295290.32,295300.84,4026.12,4114.72,no,yes
7590,0.415581,0.67772130,0.005877,294922.87,294917.61,933.82,854.17,no,yes
7591,-0.101377,0.91925184,-0.001434,294923.80,294927.06,2310.80,2238.41,no,yes
7592,1.085995,0.27749469,0.015358,297936.70,297921.32,1083.53,911.63,no,yes
7593,-0.599210,0.54904013,-0.008474,294823.32,294842.88,2118.30,2484.80,no,yes
7594,-0.447699,0.65437548,-0.006331,294759.60,294767.32,1234.92,1202.04,no,yes
7595,0.918257,0.35849604,0.012986,294866.76,294844.37,1903.72,1523.55,no,yes
7596,0.237651,0.81215466,0.003361,294766.68,294759.10,2594.39,1852.40,no,yes
7597,0.339272,0.73440868,0.004798,295114.16,295107.68,1348.04,1353.52,no,yes
7598,-0.321863,0.74756001,-0.004552,295115.22,295125.35,1744.18,2620.57,no,yes
7599,-1.054236,0.29179200,-0.014909,294859.04,294881.65,993.19,1900.68,no,yes
7600,-0.654452,0.51282828,-0.009255,363863.45,363889.41,2584.95,3008.67,no,yes
7601,0.417828,0.67607727,0.005909,295302.55,295293.65,1539.24,1472.94,no,yes
7602,0.102166,0.91862613,0.001445,295129.07,295126.57,1728.15,1734.36,no,yes
7603,0.485370,0.62741935,0.006864,294929.62,294913.28,2581.41,2161.42,no,yes
7604,-0.132927,0.89425212,-0.001880,294738.75,294740.70,1034.24,1034.29,no,yes
7605,-0.774216,0.43881247,-0.010949,294933.82,294946.05,1068.27,1163.57,no,yes
7606,0.024065,0.98080101,0.000340,295115.54,295113.75,5580.75,4929.44,no,yes
7607,-0.717277,0.47321175,-0.010144,393222.90,393240.96,1636.60,1913.98,no,yes
7608,-0.104370,0.91687720,-0.001476,295121.68,295124.34,2174.75,1329.27,no,yes
7609,-0.655297,0.51228483,-0.009267,294861.99,294872.05,917.52,1230.58,no,yes
7610,-0.164186,0.86958600,-0.002322,294895.15,294899.14,1771.23,1662.44,no,yes
7611,0.045670,0.96357381,0.000646,295034.38,295033.72,1009.88,1032.81,no,yes
7612,0.578327,0.56304976,0.008179,295010.72,294976.67,4476.23,3823.88,no,yes
7613,-1.028615,0.30367423,-0.014547,294834.13,294852.75,1053.11,1472.73,no,yes
7614,1.175166,0.23994744,0.016619,295156.13,295111.73,3384.94,1677.84,no,yes
7615,-0.910150,0.36275471,-0.012871,295076.26,295091.01,1082.52,1205.64,no,yes
7616,-0.138742,0.88965578,-0.001962,294781.00,294782.99,1069.03,955.19,no,yes
7617,0.799691,0.42389942,0.011309,297812.31,297801.18,1053.12,910.49,no,yes
7618,-0.250775,0.80199027,-0.003547,295327.91,295351.84,6724.92,6765.39,no,yes
7619,-0.254954,0.79876156,-0.003606,295077.18,295080.50,988.27,848.57,no,yes
7620,-1.344754,0.17872084,-0.019018,295155.95,295175.24,889.54,1125.47,no,yes
7621,0.388913,0.69734458,0.005500,295025.64,295016.61,1806.83,1459.32,no,yes
7622,-0.271598,0.78593407,-0.003841,297780.24,297792.41,2855.83,3450.62,no,yes
7623,0.213798,0.83070709,0.003024,294941.05,294935.63,1817.27,1768.50,no,yes
7624,0.093469,0.92553209,0.001322,294985.37,294984.09,920.38,1020.82,no,yes
7625,0.301415,0.76310099,0.004263,294981.50,294971.54,2487.97,2177.18,no,yes
7626,-0.474938,0.63483620,-0.006717,294867.96,294875.39,1069.53,1141.56,no,yes
7627,1.266377,0.20539315,0.017909,295133.61,295108.26,1467.93,1360.71,no,yes
7628,0.344392,0.73055502,0.004870,295139.29,295128.47,2268.53,2176.77,no,yes
7629,-0.388031,0.69799742,-0.005488,295056.62,295062.10,997.43,1000.75,no,yes
7630,-0.902193,0.36696547,-0.012759,295047.45,295068.59,1539.80,1765.96,no,yes
7631,0.379040,0.70466267,0.005360,295041.99,295037.12,1000.97,805.80,no,yes
7632,-0.606851,0.54395672,-0.008582,295078.04,295085.09,832.66,810.06,no,yes
7633,-0.216040,0.82895869,-0.003055,294936.86,294943.26,2128.89,2061.42,no,yes
7634,-0.541633,0.58807742,-0.007660,294822.65,294830.53,1052.32,1005.46,no,yes
7635,0.061102,0.95127822,0.000864,294951.01,294949.85,1339.70,1336.09,no,yes
7636,-0.668156,0.50404302,-0.009449,294848.50,294863.68,1229.31,1911.61,no,yes
7637,0.897492,0.36946754,0.012692,294975.82,294963.90,993.45,881.08,no,yes
7638,-0.975915,0.32911897,-0.013802,294762.77,294778.58,1036.76,1244.09,no,yes
7639,-1.266926,0.20519653,-0.017917,294882.80,294900.40,933.44,1028.88,no,yes
7640,-0.770386,0.44108132,-0.010895,294806.45,294818.61,891.30,1303.00,no,yes
7641,0.746442,0.45540922,0.010556,294887.01,294877.34,944.44,886.36,no,yes
7642,-0.997970,0.31830921,-0.014113,295033.71,295055.71,1091.19,1915.39,no,yes
7643,-0.496412,0.61960942,-0.007020,294981.64,294988.34,938.87,970.44,no,yes
7644,0.146209,0.88375762,0.002068,295142.45,295140.37,1043.46,963.44,no,yes
7645,0.503746,0.61444750,0.007124,294747.79,294737.67,1786.32,920.15,no,yes
7646,-0.760126,0.44718889,-0.010750,295101.20,295113.96,1033.75,1323.94,no,yes
7647,-0.618997,0.53592529,-0.008754,295019.97,295032.49,1466.79,1391.92,no,yes
7648,-0.944069,0.34514559,-0.013351,295093.52,295106.61,980.94,979.83,no,yes
7649,0.294801,0.76814894,0.004169,295155.90,295152.14,928.97,873.98,no,yes
7650,-1.398418,0.16200362,-0.019777,294873.87,294893.86,918.26,1095.87,no,yes
7651,-0.338355,0.73509928,-0.004785,295136.51,295146.69,2075.27,2180.55,no,yes
7652,-0.334044,0.73835020,-0.004724,295040.20,295052.23,2407.58,2677.70,no,yes
7653,0.303299,0.76166542,0.004289,294939.19,294934.21,1181.07,1139.50,no,yes
7654,0.556288,0.57802018,0.007867,294884.61,294875.91,1168.06,1039.40,no,yes
7655,-0.356399,0.72154521,-0.005040,294956.70,294961.80,1008.97,1014.21,no,yes
7656,-0.960709,0.33671081,-0.013586,294903.34,294924.96,1352.93,1797.79,no,yes
7657,1.092403,0.27467062,0.015449,295028.14,294970.46,4277.53,3095.59,no,yes
7658,1.578775,0.11441030,0.022327,295133.40,295093.47,2303.03,1045.13,no,yes
7659,0.251564,0.80138049,0.003558,295103.23,295093.67,3018.44,2314.38,no,yes
7660,-0.006129,0.99510983,-0.000087,294828.32,294828.47,1571.29,1985.73,no,yes
7661,-0.369775,0.71155427,-0.005229,295234.37,295246.75,2071.13,2628.82,no,yes
7662,0.398575,0.69021117,0.005637,304820.81,304815.95,954.46,756.68,no,yes
7663,-0.707278,0.47940178,-0.010002,294816.54,294835.67,2010.17,1809.54,no,yes
7664,0.586553,0.55751219,0.008295,295033.19,295013.35,2870.01,1788.00,no,yes
7665,-0.350324,0.72609916,-0.004954,294807.22,294816.32,1649.91,2006.35,no,yes
7666,0.354953,0.72262879,0.005020,295082.71,295070.20,2846.23,2080.14,no,yes
7667,-0.625523,0.53163529,-0.008846,294867.27,294877.37,1087.60,1194.04,no,yes
7668,0.112566,0.91037561,0.001592,294757.57,294755.86,1114.71,1040.78,no,yes
7669,1.423005,0.15475334,0.020124,295126.53,295088.74,2249.53,1411.32,no,yes
7670,-0.269259,0.78773347,-0.003808,295205.55,295214.39,2406.79,2233.27,no,yes
7671,-0.626007,0.53131925,-0.008853,295060.27,295077.54,1368.78,2396.08,no,yes
7672,-0.275339,0.78305883,-0.003894,294960.09,294963.89,1007.88,942.92,no,yes
7673,0.288027,0.77332942,0.004073,294826.50,294818.18,2382.26,1637.37,no,yes
7674,-0.105312,0.91612924,-0.001489,295030.86,295035.51,3034.16,3216.04,no,yes
7675,-0.245482,0.80608610,-0.003472,295258.06,295261.84,1148.98,1026.30,no,yes
7676,-1.061427,0.28851180,-0.015011,305692.19,305714.64,1073.61,1822.40,no,yes
7677,0.062216,0.95039154,0.000880,295123.96,295122.97,1139.65,1094.09,no,yes
7678,-0.100808,0.91970388,-0.001426,295053.97,295055.28,929.20,920.61,no,yes
7679,0.009645,0.99230488,0.000136,295068.03,295067.85,1449.27,1192.29,no,yes
7680,0.516689,0.60538056,0.007307,294977.54,294950.90,4519.38,2478.55,no,yes
7681,-1.225225,0.22050513,-0.017327,295110.75,295144.90,1829.88,2102.57,no,yes
7682,-0.398789,0.69005309,-0.005640,295114.91,295133.43,2771.44,3725.91,no,yes
7683,0.326437,0.74409705,0.004617,294878.63,294873.96,1050.59,970.51,no,yes
7684,0.666599,0.50503582,0.009427,294946.08,294929.40,1878.53,1652.36,no,yes
7685,0.576103,0.56455236,0.008147,295006.25,294997.28,1147.77,1050.12,no,yes
7686,-0.194599,0.84570891,-0.002752,294927.68,294938.27,3698.33,3992.23,no,yes
7687,0.825772,0.40894347,0.011678,295120.63,295098.24,2083.30,1734.69,no,yes
7688,0.319620,0.74926017,0.004520,294947.08,294942.67,1040.96,909.24,no,yes
7689,-0.840197,0.40081208,-0.011882,294978.92,295003.53,1218.08,2663.55,no,yes
7690,-0.062635,0.95005758,-0.000886,295032.75,295035.09,2735.29,2555.89,no,yes
7691,-0.064018,0.94895656,-0.000905,295037.69,295039.81,2650.09,1976.43,no,yes
7692,0.032943,0.97372070,0.000466,294803.80,294803.37,957.46,904.95,no,yes
7693,-1.709442,0.08738632,-0.024175,294946.85,294973.59,908.02,1273.44,no,yes
7694,-0.515719,0.60605655,-0.007293,295233.58,295251.68,2392.98,2565.64,no,yes
7695,-1.033900,0.30119534,-0.014622,295067.48,295083.79,1082.04,1146.72,no,yes
7696,-0.559947,0.57552189,-0.007919,295145.95,295157.62,1421.04,1525.42,no,yes
7697,0.521231,0.60221191,0.007371,294861.31,294853.46,1129.32,998.34,no,yes
7698,-0.357401,0.72079547,-0.005054,294874.42,294879.76,961.06,1144.56,no,yes
7699,1.059620,0.28933108,0.014985,294974.56,294959.55,1106.06,884.66,no,yes
7700,-0.358506,0.71996811,-0.005070,294964.76,294969.41,917.59,915.89,no,yes
7701,0.043090,0.96563010,0.000609,295117.51,295115.11,4507.06,3282.19,no,yes
7702,-0.205932,0.83684648,-0.002912,294838.01,294843.48,1964.70,1787.88,no,yes
7703,0.954372,0.33990827,0.013497,294995.57,294935.00,5256.54,3555.78,no,yes
7704,-0.913495,0.36099369,-0.012919,295083.42,295098.93,1112.01,1284.02,no,yes
7705,-0.532535,0.59436156,-0.007531,295088.43,295097.56,1110.52,1304.85,no,yes
7706,0.597600,0.55011363,0.008451,294877.62,294861.61,1850.82,1937.53,no,yes
7707,0.141944,0.88712566,0.002007,307803.47,307790.69,6414.76,6319.62,no,yes
7708,-1.212654,0.22527803,-0.017150,295092.05,295109.38,837.33,1158.67,no,yes
7709,1.037480,0.29952525,0.014672,294833.69,294803.18,2229.64,1916.90,no,yes
7710,-0.199234,0.84208153,-0.002818,294978.09,294982.28,1238.92,1697.95,no,yes
7711,-0.426101,0.67003872,-0.006026,294852.29,294870.34,2905.82,3080.34,no,yes
7712,-0.131856,0.89509973,-0.001865,295055.31,295060.66,2413.58,3262.29,no,yes
7713,0.659432,0.50962639,0.009326,294741.91,294729.92,1453.43,1091.62,no,yes
7714,-0.420036,0.67446342,-0.005940,294877.34,294883.50,995.75,1076.96,no,yes
7715,-0.697553,0.48546620,-0.009865,295121.47,295141.10,1503.75,2377.35,no,yes
7716,0.427154,0.66927184,0.006041,294701.17,294695.45,934.63,956.50,no,yes
7717,0.138430,0.88990206,0.001958,294741.49,294739.49,1052.43,987.20,no,yes
7718,0.323327,0.74645089,0.004573,295328.18,295311.64,3879.87,3336.00,no,yes
7719,-0.066827,0.94672028,-0.000945,295147.61,295149.89,2463.57,2352.77,no,yes
7720,0.156715,0.87547079,0.002216,294862.06,294859.31,1248.27,1228.22,no,yes
7721,-0.198253,0.84284948,-0.002804,294898.46,294911.09,4392.79,4612.09,no,yes
7722,0.413688,0.67910744,0.005850,294875.44,294852.53,4499.42,3229.57,no,yes
7723,-0.822479,0.41081461,-0.011632,295064.75,295099.18,2556.37,3315.03,no,yes
7724,-0.563422,0.57315422,-0.007968,294780.27,294794.19,1557.92,1916.27,no,yes
7725,-0.391988,0.69507110,-0.005544,294996.56,295017.43,3597.05,3926.51,no,yes
7726,0.390413,0.69623570,0.005521,295028.49,295023.43,976.18,850.88,no,yes
7727,-0.014358,0.98854419,-0.000203,294931.71,294931.92,996.30,1066.92,no,yes
7728,-0.105657,0.91585536,-0.001494,295265.90,295275.56,6371.95,6546.27,no,yes
7729,0.962055,0.33603413,0.013606,295030.87,295017.44,1067.69,899.64,no,yes
7730,-0.196967,0.84385535,-0.002786,295055.60,295060.41,1429.87,1975.32,no,yes
7731,-0.377432,0.70585677,-0.005338,294808.72,294816.85,1246.73,1755.23,no,yes
7732,0.065786,0.94754876,0.000930,295093.76,295087.92,6306.46,6252.05,no,yes
7733,-0.534017,0.59333564,-0.007552,295007.71,295021.47,1725.06,1914.06,no,yes
7734,1.140384,0.25414013,0.016127,295064.68,295049.24,970.16,944.72,no,yes
7735,1.533555,0.12515580,0.021688,295067.06,295043.15,1224.55,965.55,no,yes
7736,-0.063852,0.94908901,-0.000903,295105.15,295107.28,2396.96,2314.62,no,yes
7737,-0.331529,0.74024845,-0.004689,294813.80,294819.51,1209.71,1228.59,no,yes
7738,0.817614,0.41358771,0.011563,294943.19,294931.50,1076.79,940.08,no,yes
7739,0.385813,0.69963972,0.005456,295088.31,295082.69,1107.03,946.88,no,yes
7740,-0.824648,0.40958125,-0.011662,294903.12,294918.50,1257.16,1377.76,no,yes
7741,-0.130885,0.89586787,-0.001851,295183.15,295187.35,2151.53,2383.78,no,yes
7742,0.125212,0.90035692,0.001771,295061.44,295059.93,896.53,809.31,no,yes
7743,0.101090,0.91948043,0.001430,294913.11,294908.20,3204.30,3648.71,no,yes
7744,-0.130582,0.89610771,-0.001847,295007.83,295011.36,1771.67,2040.90,no,yes
7745,-0.675735,0.49921799,-0.009556,294960.00,294977.70,1412.12,2205.69,no,yes
7746,-0.157977,0.87447652,-0.002234,295078.13,295080.21,973.60,887.50,no,yes
7747,0.043409,0.96537634,0.000614,294969.48,294968.41,1857.41,1606.10,no,yes
7748,0.131752,0.89518166,0.001863,294968.18,294966.36,952.52,1002.03,no,yes
7749,-0.931436,0.35164047,-0.013172,295010.10,295039.87,1835.98,2616.22,no,yes
7750,-0.319483,0.74936399,-0.004518,294877.42,294881.57,886.41,949.71,no,yes
7751,-0.879678,0.37904815,-0.012441,294954.19,294978.01,1227.93,2413.68,no,yes
7752,0.408063,0.68323168,0.005771,294795.15,294779.68,2780.96,2576.39,no,yes
7753,-0.560715,0.57499833,-0.007930,294926.40,294950.28,2750.35,3251.98,no,yes
7754,-0.409998,0.68181190,-0.005798,294870.83,294881.02,1629.64,1877.76,no,yes
7755,0.279002,0.78024639,0.003946,295069.59,295065.38,1124.23,1008.86,no,yes
7756,-0.173183,0.86250919,-0.002449,295034.04,295043.85,4487.05,3458.18,no,yes
7757,0.296966,0.76649525,0.004200,294967.44,294963.41,997.05,922.18,no,yes
7758,-0.768151,0.44240733,-0.010863,294883.27,294894.65,893.77,1181.80,no,yes
7759,-0.097374,0.92243034,-0.001377,295037.15,295038.59,1084.66,1003.25,no,yes
7760,-0.892024,0.37239159,-0.012615,294823.35,294860.48,2496.85,3330.15,no,yes
7761,-0.522359,0.60142604,-0.007387,295161.73,295183.44,2724.84,3138.38,no,yes
7762,-0.271712,0.78584629,-0.003843,295023.95,295037.96,3170.40,4066.12,no,yes
7763,0.910506,0.36257018,0.012877,295014.73,294978.48,3539.02,1824.83,no,yes
7764,-0.990081,0.32214698,-0.014002,295105.55,295118.33,843.62,977.03,no,yes
7765,0.150245,0.88057309,0.002125,296255.00,296251.43,1891.63,1441.80,no,yes
7766,-0.353469,0.72374058,-0.004999,301277.71,301309.50,6122.43,6591.21,no,yes
7767,-0.579465,0.56228218,-0.008195,295115.80,295123.46,882.56,983.03,no,yes
7768,-0.097236,0.92254018,-0.001375,294856.75,294858.10,992.27,971.52,no,yes
7769,-0.581338,0.56101931,-0.008221,294731.09,294748.29,1961.89,2215.29,no,yes
7770,0.334941,0.73767373,0.004737,294849.58,294837.60,2902.97,2088.66,no,yes
7771,0.188465,0.85051426,0.002665,294819.10,294814.42,1613.38,1886.79,no,yes
7772,0.611564,0.54083329,0.008649,295006.74,294998.56,978.84,913.33,no,yes
7773,0.386729,0.69896067,0.005469,295111.32,295105.00,1092.58,1213.80,no,yes
7774,0.287250,0.77392356,0.004062,295082.64,295079.11,821.61,914.09,no,yes
7775,0.631624,0.52764014,0.008933,295088.20,295066.61,2674.17,2130.23,no,yes
7776,-0.051948,0.95857043,-0.000735,294901.42,294902.72,1482.59,2010.29,no,yes
7777,-0.099355,0.92085710,-0.001405,295050.64,295052.00,995.16,940.44,no,yes
7778,-0.621355,0.53437382,-0.008787,294990.55,295003.16,1209.33,1628.48,no,yes
7779,0.611845,0.54064728,0.008653,294856.00,294846.39,1154.79,1064.68,no,yes
7780,0.789610,0.42976513,0.011167,295090.01,295078.89,1073.79,910.99,no,yes
7781,-0.318357,0.75021757,-0.004502,295642.13,295650.37,1651.54,1991.60,no,yes
7782,-0.503771,0.61442840,-0.007124,294927.61,294939.84,1416.45,1970.54,no,yes
7783,0.638024,0.52346525,0.009023,294773.52,294760.95,1475.83,1304.15,no,yes
7784,0.429443,0.66760580,0.006073,295090.11,295083.85,1053.93,1004.14,no,yes
7785,0.073310,0.94156022,0.001037,294864.14,294863.03,1077.26,1069.03,no,yes
7786,0.465956,0.64125211,0.006590,295057.96,295051.23,1019.15,1025.42,no,yes
7787,-1.074757,0.28249795,-0.015199,295013.21,295069.51,2981.56,4307.24,no,yes
7788,-0.915667,0.35985292,-0.012949,294866.31,294895.49,2119.08,2380.81,no,yes
7789,-1.589504,0.11196291,-0.022479,295002.62,295024.24,878.61,1038.90,no,yes
7790,-0.132771,0.89437606,-0.001878,295132.36,295138.97,3392.32,3645.71,no,yes
7791,1.046273,0.29544859,0.014797,294766.32,294719.13,3625.90,2682.15,no,yes
7792,0.309678,0.75680890,0.004380,295032.86,295028.00,1112.06,1103.92,no,yes
7793,-0.226459,0.82084724,-0.003203,295094.20,295099.49,1908.69,1348.40,no,yes
7794,0.555104,0.57883149,0.007850,295185.85,295153.68,5033.95,2869.34,no,yes
7795,-0.290674,0.77130361,-0.004111,295057.47,295061.14,934.45,848.92,no,yes
7796,-0.332576,0.73945824,-0.004703,294906.55,294911.32,1057.30,966.64,no,yes
7797,-1.259555,0.20784470,-0.017813,295090.59,295107.17,883.09,976.61,no,yes
7798,-0.552616,0.58053261,-0.007815,294740.79,294748.28,976.47,939.00,no,yes
7799,-0.514363,0.60700440,-0.007274,294891.35,294902.02,1672.94,1229.35,no,yes
7800,-0.351119,0.72550304,-0.004966,295068.85,295080.81,2250.32,2559.80,no,yes
7801,0.116244,0.90746018,0.001644,294957.98,294955.22,1412.98,1905.42,no,yes
7802,0.244921,0.80652000,0.003464,294956.29,294950.05,1713.22,1887.65,no,yes
7803,-0.392509,0.69468623,-0.005551,295138.81,295148.67,1670.08,1877.20,no,yes
7804,-0.095726,0.92373915,-0.001354,294981.35,294983.69,1436.82,1982.01,no,yes
7805,0.012463,0.99005654,0.000176,295137.96,295137.56,1922.52,2532.88,no,yes
7806,-0.229652,0.81836436,-0.003248,294776.89,294782.58,1648.96,1854.61,no,yes
7807,-0.976685,0.32873763,-0.013812,294965.02,294994.22,1866.68,2335.91,no,yes
7808,-0.025715,0.97948455,-0.000364,393246.81,393247.54,2301.76,1622.62,no,yes
7809,-0.180229,0.85697441,-0.002549,294867.11,294871.63,1768.78,1783.57,no,yes
7810,-0.211722,0.83232591,-0.002994,295056.87,295063.30,2138.50,2159.16,no,yes
7811,-0.017436,0.98608891,-0.000247,294864.39,294864.82,1664.23,1830.04,no,yes
7812,0.818177,0.41326715,0.011571,295023.55,294992.11,3159.14,2189.29,no,yes
7813,0.999946,0.31735036,0.014141,295103.76,295087.29,1348.87,944.30,no,yes
7814,-0.384194,0.70083940,-0.005433,294956.58,294966.89,2196.93,1543.25,no,yes
7815,-0.513185,0.60782748,-0.007258,294931.61,294952.78,2724.43,3097.95,no,yes
7816,0.986917,0.32369668,0.013957,294906.05,294881.70,2031.19,1401.77,no,yes
7817,-0.033477,0.97329464,-0.000473,294925.29,294927.16,4114.31,3762.79,no,yes
7818,1.575082,0.11525339,0.022275,295015.89,294993.62,1039.01,959.36,no,yes
7819,-1.315950,0.18820806,-0.018610,294791.88,294822.90,1300.20,1966.79,no,yes
7820,-0.333478,0.73877740,-0.004716,294857.12,294865.01,1781.86,1555.27,no,yes
7821,0.001451,0.99884209,0.000021,295036.14,295036.08,2838.62,2118.13,no,yes
7822,0.195552,0.84496261,0.002766,295272.68,295264.08,3080.66,3135.99,no,yes
7823,0.021058,0.98319939,0.000298,295249.65,295249.10,1973.84,1672.44,no,yes
7824,-1.165871,0.24368087,-0.016488,295044.99,295080.98,2053.14,2305.20,no,yes
7825,-0.499274,0.61759214,-0.007061,294785.24,294801.29,2263.00,2284.01,no,yes
7826,-0.964055,0.33503337,-0.013634,294935.94,294961.24,1246.07,2309.20,no,yes
7827,-1.172567,0.24098411,-0.016583,294851.09,294867.59,890.04,1090.41,no,yes
7828,-1.087761,0.27672048,-0.015383,294941.28,294970.91,1041.77,2516.90,no,yes
7829,-0.272993,0.78486138,-0.003861,295403.34,295430.51,6746.31,7317.25,no,yes
7830,-0.354581,0.72290711,-0.005015,295119.06,295126.08,1381.09,1419.98,no,yes
7831,-1.265720,0.20562854,-0.017900,294752.97,294771.38,942.69,1107.44,no,yes
7832,-0.028022,0.97764497,-0.000396,295040.05,295040.68,1930.01,1175.88,no,yes
7833,0.169235,0.86561337,0.002393,295164.53,295160.93,1616.84,1381.71,no,yes
7834,-1.768384,0.07701262,-0.025009,294827.88,294850.53,811.59,991.08,no,yes
7835,-0.063327,0.94950701,-0.000896,294867.49,294868.27,890.82,840.52,no,yes
7836,-0.878197,0.37984815,-0.012420,295000.79,295015.06,989.20,1287.98,no,yes
7837,0.238238,0.81169889,0.003369,294917.75,294914.08,1168.58,1002.32,no,yes
7838,-0.578457,0.56296240,-0.008181,295057.54,295065.36,981.01,929.95,no,yes
7839,0.656046,0.51180202,0.009278,295127.95,295118.99,961.98,968.80,no,yes
7840,-0.036078,0.97122080,-0.000510,295145.39,295145.95,1127.94,1071.99,no,yes
7841,0.196478,0.84423839,0.002779,295131.35,295128.01,1225.07,1180.10,no,yes
7842,0.300386,0.76388589,0.004248,305534.17,305529.04,1249.62,1161.47,no,yes
7843,0.291571,0.77061766,0.004123,295088.11,295083.42,1133.23,1143.92,no,yes
7844,-0.070517,0.94378304,-0.000997,295136.59,295138.84,2111.17,2392.05,no,yes
7845,-1.316168,0.18813329,-0.018613,294884.55,294903.77,920.98,1133.14,no,yes
7846,-0.262655,0.79281930,-0.003715,295283.98,295307.02,6019.41,6379.82,no,yes
7847,0.237542,0.81223905,0.003359,295132.71,295123.42,2850.03,2677.46,no,yes
7848,0.667895,0.50421081,0.009445,294786.61,294761.54,3345.13,1704.66,no,yes
7849,-0.454704,0.64932707,-0.006430,295218.39,295251.84,4992.54,5403.95,no,yes
7850,-1.016256,0.30952014,-0.014372,294864.36,294876.46,764.62,912.40,no,yes
7851,0.082287,0.93441956,0.001164,294886.98,294882.29,3845.08,4208.53,no,yes
7852,0.357674,0.72059139,0.005058,294968.02,294963.08,1066.72,880.26,no,yes
7853,-0.397346,0.69111732,-0.005619,294862.38,294871.24,1189.25,1885.91,no,yes
7854,0.540262,0.58902218,0.007640,294984.94,294976.78,1106.61,1029.54,no,yes
7855,-0.026237,0.97906857,-0.000371,295137.89,295139.15,2977.05,3749.33,no,yes
7856,0.778741,0.43614150,0.011013,295106.72,295095.11,1092.23,1015.96,no,yes
7857,0.547378,0.58412718,0.007741,294965.94,294937.69,4528.71,2474.56,no,yes
7858,0.149985,0.88077817,0.002121,295114.19,295112.07,1020.48,979.96,no,yes
7859,1.583507,0.11332212,0.022394,295115.75,295094.14,1033.72,890.68,no,yes
7860,-0.198165,0.84291807,-0.002802,295081.98,295084.70,876.77,1058.50,no,yes
7861,0.011293,0.99098971,0.000160,295133.10,295132.94,936.89,1093.30,no,yes
7862,-0.532273,0.59454370,-0.007527,295003.38,295022.64,2131.43,2923.11,no,yes
7863,0.020697,0.98348781,0.000293,295102.08,295101.66,1445.71,1423.40,no,yes
7864,-1.043375,0.29678710,-0.014756,294868.51,294883.06,963.29,1008.45,no,yes
7865,0.750527,0.45294669,0.010614,295029.74,295018.12,1217.63,957.28,no,yes
7866,-0.901245,0.36746983,-0.012746,294839.09,294852.49,907.26,1178.15,no,yes
7867,-0.113085,0.90996465,-0.001599,296122.99,296124.60,966.06,1043.27,no,yes
7868,0.203005,0.83913338,0.002871,295007.35,295004.64,954.64,929.67,no,yes
7869,1.332047,0.18286708,0.018838,295082.69,295037.02,3141.61,1374.35,no,yes
7870,-0.106047,0.91554585,-0.001500,294949.43,294955.94,4247.96,4438.29,no,yes
7871,-0.234232,0.81480761,-0.003313,294869.55,294876.79,2144.38,2229.09,no,yes
7872,-0.355239,0.72241410,-0.005024,294848.67,294853.25,934.04,890.25,no,yes
7873,-0.137005,0.89102802,-0.001938,294908.51,294910.20,842.05,902.61,no,yes
7874,0.358852,0.71970973,0.005075,294981.55,294961.12,4336.93,3688.62,no,yes
7875,-0.589957,0.55522617,-0.008343,294973.59,294983.54,1058.91,1314.56,no,yes
7876,-0.669627,0.50310332,-0.009470,295071.54,295088.12,1636.60,1857.38,no,yes
7877,-0.234894,0.81429370,-0.003322,295123.64,295130.86,1991.20,2343.30,no,yes
7878,-1.155609,0.24785681,-0.016343,294766.84,294783.05,800.48,1152.44,no,yes
7879,-0.822604,0.41074382,-0.011633,294829.95,294846.15,1141.12,1604.18,no,yes
7880,-0.211606,0.83241622,-0.002993,295061.17,295067.31,2065.07,2035.65,no,yes
7881,-0.259555,0.79520981,-0.003671,295029.83,295035.90,1770.85,1528.79,no,yes
7882,0.625756,0.53148202,0.008850,294904.49,294892.14,1450.61,1338.47,no,yes
7883,-0.509827,0.61017813,-0.007210,297913.73,297920.33,880.25,949.26,no,yes
7884,-0.244123,0.80713813,-0.003452,295159.95,295183.37,6873.69,6691.63,no,yes
7885,-2.612819,0.00899195,-0.036951,294748.83,294855.42,942.93,3969.05,yes,yes
7886,-0.780261,0.43525018,-0.011035,295109.49,295126.30,951.31,1932.73,no,yes
7887,-0.215204,0.82961057,-0.003043,294864.41,294876.07,4177.92,3450.58,no,yes
7888,-0.682989,0.49462151,-0.009659,294864.75,294874.22,931.15,1026.32,no,yes
7889,-0.251624,0.80133460,-0.003558,294993.51,294997.73,1159.30,1216.46,no,yes
7890,0.613415,0.53961237,0.008675,294904.59,294888.63,2405.95,992.85,no,yes
7891,-0.875746,0.38117899,-0.012385,363896.13,363909.68,1025.77,1157.99,no,yes
7892,-0.410713,0.68128770,-0.005808,295512.50,295519.67,1411.15,1028.49,no,yes
7893,-0.675657,0.49926625,-0.009555,294875.10,294884.44,949.85,1005.77,no,yes
7894,0.289815,0.77196082,0.004099,294935.58,294931.68,936.66,965.67,no,yes
7895,0.297122,0.76637716,0.004202,294901.54,294886.72,4360.57,2420.47,no,yes
7896,0.883429,0.37701623,0.012494,295081.72,295057.77,2203.55,1579.60,no,yes
7897,1.355410,0.17530224,0.019168,295163.84,295146.31,938.33,890.94,no,yes
7898,0.054649,0.95641892,0.000773,295038.63,295037.23,1780.78,1840.90,no,yes
7899,0.535216,0.59250768,0.007569,295024.95,295001.42,3772.96,2258.46,no,yes
7900,-0.457559,0.64727414,-0.006471,294885.22,294895.68,1514.49,1714.09,no,yes
7901,0.022370,0.98215341,0.000316,295104.69,295104.01,2515.04,1696.23,no,yes
7902,-0.091115,0.92740212,-0.001289,295108.24,295111.75,2379.66,3038.60,no,yes
7903,0.127442,0.89859243,0.001802,294895.78,294892.34,2306.61,1412.71,no,yes
7904,-1.520684,0.12835592,-0.021506,294759.73,294786.61,1087.05,1394.28,no,yes
7905,-0.036075,0.97122258,-0.000510,295287.26,295290.48,6316.20,6325.92,no,yes
7906,-0.299624,0.76446745,-0.004237,294853.22,294857.51,1074.14,944.69,no,yes
7907,-0.129356,0.89707739,-0.001829,294958.72,294960.78,1079.24,1164.82,no,yes
7908,-0.381255,0.70301874,-0.005392,295362.31,295384.90,3504.24,4778.06,no,yes
7909,0.446152,0.65549232,0.006310,294743.33,294736.82,1042.01,1023.45,no,yes
7910,0.189058,0.85004940,0.002674,294947.22,294938.32,3941.44,2581.35,no,yes
7911,0.322035,0.74742960,0.004554,295113.14,295102.65,2554.93,2021.05,no,yes
7912,0.122307,0.90265712,0.001730,294833.26,294831.50,1044.79,997.58,no,yes
7913,-0.925826,0.35454924,-0.013093,294767.49,294785.38,1096.35,1591.29,no,yes
7914,1.616677,0.10596993,0.022863,295091.80,295060.01,1773.09,849.64,no,yes
7915,-0.594396,0.55225543,-0.008406,294978.44,294989.95,1035.87,1635.27,no,yes
7916,0.005125,0.99591074,0.000072,294754.75,294754.67,1104.75,971.51,no,yes
7917,-0.883640,0.37690201,-0.012497,294886.00,294919.26,2211.41,3045.88,no,yes
7918,-0.432779,0.66518015,-0.006120,294987.09,295002.21,2736.10,2170.00,no,yes
7919,0.993490,0.32048383,0.014050,294870.02,294857.55,962.86,804.03,no,yes
7920,-0.813564,0.41590478,-0.011506,295075.50,295098.04,1743.52,2152.26,no,yes
7921,0.140204,0.88850034,0.001983,363922.52,363919.59,1383.76,1564.82,no,yes
7922,-0.003848,0.99692984,-0.000054,295330.12,295330.47,6600.32,6258.53,no,yes
7923,-0.147116,0.88304206,-0.002081,294724.04,294726.03,958.48,956.90,no,yes
7924,-0.167149,0.86725431,-0.002364,295020.39,295022.57,966.65,873.14,no,yes
7925,0.021388,0.98293620,0.000302,294943.53,294943.17,1177.50,1194.21,no,yes
7926,-0.665848,0.50551610,-0.009417,295055.33,295071.62,1501.94,1932.92,no,yes
7927,-0.498109,0.61841284,-0.007044,294883.64,294917.89,4499.15,5200.12,no,yes
7928,-0.329330,0.74190992,-0.004657,295141.63,295146.40,1059.81,985.69,no,yes
7929,0.246478,0.80531456,0.003486,294863.17,294859.60,1078.20,964.34,no,yes
7930,0.358970,0.71962140,0.005077,295029.78,295024.35,1014.14,1122.05,no,yes
7931,0.269428,0.78760328,0.003810,295054.61,295039.07,4429.47,3694.54,no,yes
7932,0.667547,0.50443078,0.009441,295101.34,295090.86,1132.84,1087.05,no,yes
7933,-0.324779,0.74535177,-0.004593,294804.32,294817.79,3110.07,2746.22,no,yes
7934,-0.910167,0.36274881,-0.012872,294979.13,295004.87,1339.40,2491.36,no,yes
7935,0.704636,0.48104577,0.009965,294872.03,294848.36,2715.79,1976.12,no,yes
7936,-0.548795,0.58315219,-0.007761,307340.75,307347.70,876.11,914.53,no,yes
7937,0.072946,0.94185018,0.001032,294896.14,294894.28,2245.06,1207.43,no,yes
7938,-0.116347,0.90737853,-0.001645,294971.95,294974.21,1167.40,1560.58,no,yes
7939,-0.398781,0.69005904,-0.005640,294929.22,294938.07,1448.01,1682.61,no,yes
7940,-0.262419,0.79300132,-0.003711,393081.75,393085.97,1174.17,1098.53,no,yes
7941,-0.329049,0.74212242,-0.004653,294877.07,294881.73,1039.83,961.31,no,yes
7942,-0.310761,0.75598567,-0.004395,295037.04,295041.93,1182.55,1036.98,no,yes
7943,-0.817553,0.41362435,-0.011562,294944.16,294975.35,2012.99,3241.00,no,yes
7944,-0.968526,0.33279408,-0.013697,294856.12,294869.78,862.51,1115.67,no,yes
7945,-1.316105,0.18815614,-0.018613,294799.42,294843.09,1823.54,2772.36,no,yes
7946,-0.613681,0.53943346,-0.008679,294822.22,294830.11,890.67,925.57,no,yes
7947,-0.251853,0.80115763,-0.003562,295233.60,295257.44,6648.82,6736.17,no,yes
7948,-0.756128,0.44958171,-0.010693,295082.30,295093.47,954.71,1127.33,no,yes
7949,0.295424,0.76767311,0.004178,294918.99,294915.06,1062.18,798.48,no,yes
7950,-0.120791,0.90385754,-0.001708,295168.33,295171.58,1727.17,2066.82,no,yes
7951,0.500162,0.61696668,0.007073,295105.04,295098.24,952.84,968.95,no,yes
7952,-1.425680,0.15397655,-0.020162,363862.54,363884.57,1033.58,1148.96,no,yes
7953,-0.317780,0.75065497,-0.004494,294983.03,294987.89,936.85,1208.06,no,yes
7954,1.297493,0.19448406,0.018349,295022.09,294941.88,5708.63,2372.48,no,yes
7955,0.123097,0.90203157,0.001741,294986.97,294983.02,2190.65,2348.19,no,yes
7956,-0.438799,0.66081271,-0.006206,295235.13,295255.98,2587.84,3984.94,no,yes
7957,-0.432192,0.66560743,-0.006112,294987.90,294998.63,1335.19,2092.57,no,yes
7958,0.151974,0.87920943,0.002149,295208.39,295200.25,4346.88,3134.97,no,yes
7959,0.475820,0.63420843,0.006729,294935.58,294923.38,2026.48,1569.72,no,yes
7960,-0.196703,0.84406234,-0.002782,295007.16,295013.68,2183.67,2499.23,no,yes
7961,-0.415950,0.67745101,-0.005882,294812.26,294818.75,1057.36,1147.90,no,yes
7962,-0.047036,0.96248496,-0.000665,295078.76,295079.88,1708.35,1658.44,no,yes
7963,0.461311,0.64458079,0.006524,295145.63,295129.99,2689.14,2064.22,no,yes
7964,0.071165,0.94326740,0.001006,295033.15,295031.64,1630.55,1366.08,no,yes
7965,-0.563171,0.57332524,-0.007964,294871.91,294890.50,2048.75,2587.59,no,yes
7966,-0.652855,0.51385748,-0.009233,295088.05,295097.75,1033.25,1069.43,no,yes
7967,-0.624616,0.53223070,-0.008833,295103.90,295120.49,1717.77,2027.08,no,yes
7968,0.196932,0.84388316,0.002785,294974.70,294970.05,1871.46,1438.64,no,yes
7969,-0.815372,0.41486944,-0.011531,295009.39,295020.54,900.98,1028.93,no,yes
7970,0.050923,0.95938773,0.000720,295009.76,295009.01,1079.96,979.95,no,yes
7971,-0.287504,0.77372938,-0.004066,295087.80,295091.92,1013.99,1010.89,no,yes
7972,-1.794636,0.07272725,-0.025380,295125.26,295149.62,867.85,1043.83,no,yes
7973,0.472344,0.63668670,0.006680,294879.51,294862.75,2870.49,2087.03,no,yes
7974,0.695993,0.48644160,0.009843,295071.47,295060.57,1165.91,1045.40,no,yes
7975,-1.270697,0.20385128,-0.017970,295072.74,295088.34,833.20,901.37,no,yes
7976,0.171683,0.86368815,0.002428,295050.03,295047.83,941.49,872.37,no,yes
7977,-0.232722,0.81597947,-0.003291,295039.60,295043.19,1130.94,1047.34,no,yes
7978,0.030413,0.97573803,0.000430,294937.72,294937.31,961.18,950.89,no,yes
7979,-0.092359,0.92641337,-0.001306,294794.04,294795.29,918.21,999.29,no,yes
7980,-0.380055,0.70390830,-0.005375,295011.32,295020.12,1669.53,1606.53,no,yes
7981,-0.825031,0.40936463,-0.011668,294892.56,294909.12,1194.71,1613.28,no,yes
7982,-0.421282,0.67355465,-0.005958,295021.21,295032.79,1331.55,2405.76,no,yes
7983,0.419372,0.67494858,0.005931,294981.54,294975.84,987.36,934.37,no,yes
7984,-0.699368,0.48433080,-0.009891,295007.65,295019.49,1006.87,1360.20,no,yes
7985,0.238373,0.81159416,0.003371,295546.41,295522.00,7405.78,7073.25,no,yes
7986,0.558270,0.57666663,0.007895,294994.67,294986.98,1043.23,897.90,no,yes
7987,-0.044544,0.96447093,-0.000630,295097.72,295098.33,1007.24,927.12,no,yes
7988,-0.330602,0.74094901,-0.004675,295021.36,295029.96,1436.35,2169.61,no,yes
7989,-0.736862,0.46121499,-0.010421,294979.49,295001.67,2068.77,2188.24,no,yes
7990,-0.269831,0.78729280,-0.003816,294853.99,294867.51,3208.75,3848.73,no,yes
7991,0.653412,0.51349873,0.009241,302725.26,302716.14,1069.07,896.14,no,yes
7992,-0.780749,0.43496084,-0.011041,294899.44,294939.88,2889.27,4299.08,no,yes
7993,0.205858,0.83690396,0.002911,294936.77,294930.25,2464.57,1988.59,no,yes
7994,-0.502645,0.61521945,-0.007108,295054.68,295083.14,3604.90,4365.58,no,yes
7995,-0.486558,0.62657673,-0.006881,295062.32,295068.24,850.91,872.12,no,yes
7996,0.949521,0.34236752,0.013428,294991.66,294968.55,1853.75,1577.33,no,yes
7997,-1.994061,0.04616273,-0.028200,294806.80,294871.27,1569.90,2826.58,yes,yes
7998,0.882977,0.37726030,0.012487,295134.16,295111.49,2054.45,1538.72,no,yes
7999,0.626530,0.53097651,0.008860,295068.64,295056.13,1723.94,1009.91,no,yes
8000,-1.398666,0.16192887,-0.019780,294946.89,294967.23,954.28,1097.68,no,yes
8001,0.532638,0.59429124,0.007533,295067.70,295053.49,2298.57,1355.89,no,yes
8002,-0.534360,0.59309881,-0.007557,294784.67,294794.92,1167.62,1522.83,no,yes
8003,0.112913,0.91010038,0.001597,363867.73,363866.07,1125.20,943.29,no,yes
8004,1.312082,0.18950914,0.018556,294843.39,294823.40,1233.98,893.65,no,yes
8005,-0.714663,0.47482559,-0.010107,294940.28,294951.52,1024.25,1194.12,no,yes
8006,-0.320113,0.74888574,-0.004527,294960.02,294968.23,1769.55,1858.19,no,yes
8007,0.326861,0.74377677,0.004623,296008.91,295958.05,11316.19,10681.19,no,yes
8008,-0.162710,0.87074876,-0.002301,295944.39,295961.29,7508.40,7172.28,no,yes
8009,-0.471213,0.63749404,-0.006664,294897.67,294921.81,3087.51,4089.50,no,yes
8010,0.137962,0.89027184,0.001951,295102.50,295097.99,2537.74,2054.56,no,yes
8011,-0.522987,0.60098944,-0.007396,294954.36,294967.33,1881.46,1614.07,no,yes
8012,0.432164,0.66562700,0.006112,294866.38,294860.81,975.18,841.42,no,yes
8013,-0.238009,0.81187657,-0.003366,295077.00,295080.44,948.54,1086.45,no,yes
8014,0.260989,0.79410383,0.003691,294806.19,294797.58,2297.01,2369.79,no,yes
8015,0.347483,0.72823253,0.004914,294998.29,294978.97,4437.49,3348.56,no,yes
8016,0.008789,0.99298766,0.000124,295070.76,295070.64,1036.08,947.57,no,yes
8017,-0.376254,0.70673174,-0.005321,294909.37,294915.05,1086.34,1047.86,no,yes
8018,0.544701,0.58596546,0.007703,294835.77,294828.42,1005.61,897.87,no,yes
8019,1.392038,0.16393854,0.019686,295053.77,294999.07,3815.92,939.05,no,yes
8020,0.520332,0.60283838,0.007359,308941.07,308930.00,1753.85,1203.15,no,yes
8021,-0.027846,0.97778515,-0.000394,302534.18,302534.59,1077.38,991.41,no,yes
8022,-0.421804,0.67317281,-0.005965,295289.40,295301.50,1766.41,2261.33,no,yes
8023,1.158977,0.24648087,0.016390,295133.14,295108.97,1692.61,1218.31,no,yes
8024,-0.494123,0.62122507,-0.006988,294920.42,294927.81,1020.96,1091.45,no,yes
8025,0.020821,0.98338833,0.000294,294942.09,294941.57,1927.58,1556.03,no,yes
8026,-0.206319,0.83654353,-0.002918,294935.82,294942.49,2141.24,2425.30,no,yes
8027,-1.124167,0.26095708,-0.015898,295088.17,295124.70,1858.05,2665.70,no,yes
8028,-0.935391,0.34959828,-0.013228,295125.23,295154.61,2201.55,2240.87,no,yes
8029,0.009021,0.99280250,0.000128,295278.86,295278.06,6328.83,6270.61,no,yes
8030,-1.331714,0.18297230,-0.018833,294784.48,294825.53,1629.40,2616.65,no,yes
8031,-1.041594,0.29761256,-0.014730,294939.53,294955.26,1023.43,1110.09,no,yes
8032,-0.754980,0.45027016,-0.010677,294878.30,294888.89,938.89,1042.37,no,yes
8033,-0.597835,0.54995772,-0.008455,294895.83,294917.38,2016.73,2989.13,no,yes
8034,0.041352,0.96701594,0.000585,294967.42,294965.14,4214.42,3563.43,no,yes
8035,-0.004378,0.99650707,-0.000062,295007.78,295007.89,1925.12,1464.76,no,yes
8036,0.398419,0.69032658,0.005634,295112.59,295103.29,2029.18,1156.19,no,yes
8037,-1.721015,0.08527226,-0.024339,295120.23,295168.18,982.55,2607.19,no,yes
8038,-0.824952,0.40940878,-0.011667,294767.81,294781.62,1102.34,1259.87,no,yes
8039,-1.341876,0.17965368,-0.018977,294778.63,294832.78,2219.85,3369.61,no,yes
8040,-0.004027,0.99678703,-0.000057,294995.11,294995.16,943.64,928.14,no,yes
8041,0.503469,0.61464017,0.007120,294885.31,294876.62,1343.95,1082.81,no,yes
8042,1.025144,0.30530828,0.014498,295062.69,295046.00,1292.62,989.12,no,yes
8043,0.399159,0.68978124,0.005645,295030.85,295022.12,1851.65,1162.83,no,yes
8044,-0.724919,0.46851069,-0.010252,295517.25,295535.50,1585.27,1956.43,no,yes
8045,-0.879567,0.37910728,-0.012439,294983.90,295005.90,1225.55,2179.61,no,yes
8046,-1.004811,0.31499988,-0.014210,295085.77,295100.94,1037.30,1096.68,no,yes
8047,0.753660,0.45106246,0.010658,294747.24,294737.59,989.24,814.40,no,yes
8048,0.156954,0.87528281,0.002220,295118.60,295116.66,880.77,868.73,no,yes
8049,-0.182416,0.85525840,-0.002580,294892.81,294902.92,3850.53,3982.69,no,yes
8050,-0.976627,0.32876785,-0.013812,294675.21,294693.48,1007.51,1576.18,no,yes
8051,0.227510,0.82002973,0.003217,295099.73,295091.06,2754.97,2632.33,no,yes
8052,-0.395967,0.69213362,-0.005600,295110.30,295146.36,6416.51,6461.47,no,yes
8053,0.663098,0.50727728,0.009378,294930.74,294896.64,4433.78,2607.51,no,yes
8054,-0.951125,0.34155259,-0.013451,295116.45,295128.91,898.60,952.14,no,yes
8055,0.434210,0.66414121,0.006141,294893.74,294884.03,1850.54,1253.95,no,yes
8056,-0.155632,0.87632484,-0.002201,295063.26,295066.57,1434.10,1567.44,no,yes
8057,-0.468104,0.63971509,-0.006620,294936.03,294942.94,1002.92,1080.73,no,yes
8058,-0.703720,0.48161533,-0.009952,294881.18,294898.95,1733.68,1836.08,no,yes
8059,-0.455879,0.64848315,-0.006447,294962.14,294974.33,1427.90,2259.75,no,yes
8060,-0.160419,0.87255264,-0.002269,295034.73,295041.59,2732.36,3288.31,no,yes
8061,-0.529257,0.59663316,-0.007485,294932.89,294950.30,2072.90,2552.78,no,yes
8062,0.324437,0.74561065,0.004588,295237.40,295223.25,3189.21,2976.83,no,yes
8063,0.577702,0.56347181,0.008170,295020.87,295009.92,1367.90,1311.13,no,yes
8064,-0.643790,0.51971888,-0.009105,295025.17,295047.26,2375.53,2476.80,no,yes
8065,-2.199881,0.02783145,-0.031111,294998.40,295129.07,2510.16,5383.03,yes,yes
8066,-1.734522,0.08284189,-0.024530,295032.40,295055.47,811.57,1053.67,no,yes
8067,-0.610152,0.54176787,-0.008629,295121.48,295133.51,1394.22,1393.98,no,yes
8068,0.325533,0.74478189,0.004604,295208.19,295189.74,4677.48,3198.00,no,yes
8069,-0.484846,0.62779144,-0.006857,294873.34,294887.44,1804.55,2280.20,no,yes
8070,1.489198,0.13645145,0.021060,294743.26,294722.71,1052.35,892.89,no,yes
8071,0.043250,0.96550277,0.000612,294878.58,294877.54,1958.92,1373.34,no,yes
8072,0.099927,0.92040344,0.001413,294962.40,294960.90,1090.22,1018.70,no,yes
8073,0.144701,0.88494848,0.002046,295116.20,295114.30,981.88,874.19,no,yes
8074,0.072029,0.94257954,0.001019,294899.59,294897.68,1878.56,1864.82,no,yes
8075,0.510553,0.60967023,0.007220,295107.63,295094.40,1980.43,1669.44,no,yes
8076,-0.167918,0.86664989,-0.002375,294967.71,294970.97,1413.45,1329.86,no,yes
8077,-0.090045,0.92825238,-0.001273,295096.22,295099.31,2484.07,2367.42,no,yes
8078,0.186276,0.85223023,0.002634,294749.35,294745.46,1594.81,1348.43,no,yes
8079,0.646412,0.51801998,0.009142,295028.42,295019.33,996.47,991.50,no,yes
8080,1.148534,0.25076208,0.016243,295023.33,295005.56,1174.89,1005.91,no,yes
8081,0.766070,0.44364503,0.010834,294824.57,294803.34,2336.29,1488.89,no,yes
8082,0.562293,0.57392408,0.007952,308879.64,308857.67,3406.66,1913.45,no,yes
8083,1.085540,0.27769692,0.015352,294974.14,294953.16,1558.54,1142.87,no,yes
8084,-0.216846,0.82833080,-0.003067,294921.42,294924.70,1072.16,1067.17,no,yes
8085,-0.225323,0.82173064,-0.003187,295111.03,295123.76,3956.43,4033.18,no,yes
8086,-2.667477,0.00764866,-0.037724,296136.92,296177.44,975.02,1164.71,yes,yes
8087,-0.261649,0.79359471,-0.003700,294911.48,294923.12,3258.66,3029.40,no,yes
8088,-0.649246,0.51618713,-0.009182,294935.54,294944.75,955.54,1048.86,no,yes
8089,0.865215,0.38693132,0.012236,295144.42,295131.42,1120.50,1001.47,no,yes
8090,-0.806741,0.41982665,-0.011409,294826.97,294848.70,1522.00,2221.85,no,yes
8091,-0.264097,0.79170843,-0.003735,294928.20,294942.95,3427.72,4409.42,no,yes
8092,-0.486082,0.62691442,-0.006874,294856.06,294862.62,924.23,984.19,no,yes
8093,-0.301659,0.76291499,-0.004266,294927.16,294934.95,1961.29,1677.80,no,yes
8094,-1.010685,0.31218206,-0.014293,294809.87,294844.73,1787.70,2949.42,no,yes
8095,1.653994,0.09814528,0.023391,295117.71,295092.91,1175.99,930.16,no,yes
8096,0.024604,0.98037115,0.000348,294981.74,294981.11,1948.31,1706.26,no,yes
8097,0.264110,0.79169822,0.003735,294795.85,294787.43,2139.62,2365.27,no,yes
8098,0.444997,0.65632667,0.006293,294900.37,294893.60,1095.91,1054.49,no,yes
8099,0.122024,0.90288114,0.001726,294827.65,294823.03,2813.51,2539.08,no,yes
8100,0.851210,0.39466307,0.012038,294757.83,294746.50,940.08,941.90,no,yes
8101,0.247603,0.80444409,0.003502,294792.13,294782.90,2944.27,2289.29,no,yes
8102,0.268975,0.78795162,0.003804,295096.13,295088.17,2174.76,2005.38,no,yes
8103,0.861933,0.38873507,0.012190,295102.27,295089.35,1106.12,1011.36,no,yes
8104,-0.316177,0.75187161,-0.004471,294815.03,294823.08,1855.69,1740.98,no,yes
8105,-2.039370,0.04142689,-0.028841,295117.54,295148.14,932.38,1175.30,yes,yes
8106,0.042961,0.96573273,0.000608,305674.74,305672.46,3596.26,3907.89,no,yes
8107,0.670970,0.50224740,0.009489,295073.02,295051.79,2401.38,2059.22,no,yes
8108,0.010872,0.99132605,0.000154,294881.10,294880.54,3921.07,3399.73,no,yes
8109,0.479103,0.63187092,0.006776,294868.89,294862.28,986.42,964.44,no,yes
8110,-0.410262,0.68161783,-0.005802,294977.07,294999.55,3853.42,3897.25,no,yes
8111,-0.349165,0.72696916,-0.004938,294805.40,294809.66,811.92,912.66,no,yes
8112,0.319112,0.74964533,0.004513,294913.06,294904.34,2273.28,1517.16,no,yes
8113,-0.760640,0.44688086,-0.010757,294884.74,294895.46,974.94,1018.67,no,yes
8114,0.067513,0.94617400,0.000955,294853.28,294852.31,885.46,1137.87,no,yes
8115,0.384665,0.70048997,0.005440,294832.86,294826.97,1178.46,977.29,no,yes
8116,-0.887818,0.37464980,-0.012556,294992.86,295005.82,913.20,1138.95,no,yes
8117,-0.159974,0.87290291,-0.002262,294824.24,294826.30,922.84,898.09,no,yes
8118,-2.116056,0.03435324,-0.029926,294959.69,294987.55,801.12,1044.80,yes,yes
8119,0.130867,0.89588145,0.001851,295048.41,295046.42,1044.07,1103.96,no,yes
8120,0.091236,0.92730573,0.001290,294909.27,294907.28,1627.49,1441.57,no,yes
8121,-0.562132,0.57403207,-0.007950,294877.30,294884.70,923.83,936.09,no,yes
8122,0.735185,0.46223658,0.010397,295058.98,295039.25,2237.62,1480.20,no,yes
8123,-0.281448,0.77836972,-0.003980,295113.79,295131.94,4335.83,4772.91,no,yes
8124,0.002575,0.99794578,0.000036,294971.08,294970.85,6226.87,6242.00,no,yes
8125,-0.723165,0.46958752,-0.010227,295241.23,295284.86,3535.87,4889.03,no,yes
8126,-0.057284,0.95431920,-0.000810,294984.59,294985.45,1048.53,1066.38,no,yes
8127,0.035728,0.97149984,0.000505,295034.17,295031.82,4956.91,4327.79,no,yes
8128,-0.323012,0.74668987,-0.004568,295057.79,295062.54,1054.76,1023.61,no,yes
8129,-1.555766,0.11977975,-0.022002,294925.37,294946.79,934.47,1010.99,no,yes
8130,-0.180341,0.85688685,-0.002550,294769.10,294773.87,1724.51,2006.31,no,yes
8131,-0.476857,0.63346930,-0.006744,294803.03,294819.18,2177.23,2593.12,no,yes
8132,-1.213254,0.22504701,-0.017158,294946.33,294965.10,1068.72,1118.54,no,yes
8133,0.361427,0.71778425,0.005111,295040.10,295034.94,1019.86,997.45,no,yes
8134,0.690245,0.49004928,0.009762,295116.98,295102.25,1763.67,1201.55,no,yes
8135,0.564334,0.57253414,0.007981,363912.94,363897.13,2317.61,1572.83,no,yes
8136,0.265834,0.79036999,0.003759,295188.40,295178.56,2832.62,2384.16,no,yes
8137,-1.532288,0.12546972,-0.021670,294795.66,294826.39,1103.78,1674.19,no,yes
8138,0.027103,0.97837821,0.000383,294895.74,294894.87,2293.65,2267.34,no,yes
8139,-0.741793,0.45822168,-0.010491,295190.82,295204.52,1199.27,1404.85,no,yes
8140,0.705362,0.48059322,0.009975,294930.73,294911.33,2035.76,1850.67,no,yes
8141,-1.268074,0.20478657,-0.017933,295089.54,295140.06,2614.67,3005.71,no,yes
8142,0.285169,0.77551762,0.004033,295073.15,295069.35,979.67,901.78,no,yes
8143,1.038590,0.29900901,0.014688,295076.79,295063.41,1026.52,779.15,no,yes
8144,-0.299362,0.76466732,-0.004234,294880.74,294893.69,3192.65,2918.94,no,yes
8145,-0.173474,0.86228038,-0.002453,296586.64,296603.20,6716.45,6788.77,no,yes
8146,-0.573786,0.56611999,-0.008115,295056.91,295084.34,2826.45,3855.50,no,yes
8147,0.434973,0.66358671,0.006151,295112.62,295105.18,1271.82,1144.45,no,yes
8148,-0.085793,0.93163194,-0.001213,295005.57,295009.64,3537.27,3149.63,no,yes
8149,-0.118921,0.90533925,-0.001682,295165.35,295168.96,2170.30,2126.55,no,yes
8150,-0.423813,0.67170700,-0.005994,295160.03,295183.31,3454.31,4269.21,no,yes
8151,-1.833897,0.06668582,-0.025935,294946.87,294970.21,734.43,1039.84,no,yes
8152,-1.311793,0.18960711,-0.018552,294860.27,294889.65,1256.17,1853.87,no,yes
8153,-0.062610,0.95007760,-0.000885,294998.85,295000.86,2135.65,2394.37,no,yes
8154,0.003860,0.99691982,0.000055,295070.91,295070.85,1186.63,1086.06,no,yes
8155,-0.506988,0.61216911,-0.007170,295056.07,295061.93,844.61,788.92,no,yes
8156,0.011714,0.99065423,0.000166,294913.83,294913.68,884.58,914.10,no,yes
8157,-0.046385,0.96300366,-0.000656,295077.90,295078.89,1569.38,1456.00,no,yes
8158,0.218821,0.82679207,0.003095,294918.67,294914.10,1489.50,1463.08,no,yes
8159,-0.300406,0.76387044,-0.004248,295031.64,295038.66,1650.86,1650.30,no,yes
8160,-0.117656,0.90634140,-0.001664,295130.89,295134.39,2254.70,1943.77,no,yes
8161,-0.634754,0.52559677,-0.008977,294735.91,294744.99,895.57,1114.13,no,yes
8162,-0.108905,0.91327901,-0.001540,295145.10,295149.66,3112.33,2800.30,no,yes
8163,0.526284,0.59869739,0.007443,294979.84,294966.41,1426.14,2115.09,no,yes
8164,-1.496442,0.13455447,-0.021163,295072.46,295093.73,936.59,1069.12,no,yes
8165,0.660491,0.50894627,0.009341,294853.43,294844.10,999.15,997.20,no,yes
8166,-0.089619,0.92859125,-0.001267,295071.69,295079.66,6343.75,6241.46,no,yes
8167,-1.001469,0.31661292,-0.014163,294869.08,294884.74,942.87,1247.25,no,yes
8168,-0.075896,0.93950280,-0.001073,295060.44,295062.41,2194.93,1390.23,no,yes
8169,0.295998,0.76723436,0.004186,294805.48,294795.33,2373.01,2478.26,no,yes
8170,0.047819,0.96186111,0.000676,295001.70,295001.11,907.95,832.65,no,yes
8171,0.131684,0.89523538,0.001862,295105.25,295102.76,1318.10,1353.95,no,yes
8172,-0.070670,0.94366080,-0.000999,295159.66,295161.28,1711.50,1522.42,no,yes
8173,-1.229927,0.21874279,-0.017394,296110.60,296151.38,1619.20,2893.31,no,yes
8174,-0.808057,0.41906756,-0.011428,294789.22,294810.32,1683.52,1995.16,no,yes
8175,-0.360662,0.71835592,-0.005101,294815.29,294827.78,2425.17,2472.37,no,yes
8176,0.790147,0.42945177,0.011174,294965.50,294955.62,995.75,754.99,no,yes
8177,0.744137,0.45680257,0.010524,295096.46,295087.09,884.25,895.51,no,yes
8178,0.106086,0.91551552,0.001500,294999.95,294998.21,1171.71,1150.16,no,yes
8179,-0.418806,0.67536255,-0.005923,300589.62,300601.82,2097.66,2023.77,no,yes
8180,0.550161,0.58221528,0.007780,295008.53,294992.01,2280.22,1951.96,no,yes
8181,0.907866,0.36396002,0.012839,294858.22,294846.68,902.84,894.87,no,yes
8182,-0.487407,0.62597511,-0.006893,294938.30,294945.86,1044.82,1148.50,no,yes
8183,0.159554,0.87323421,0.002256,294974.18,294969.64,1957.80,2059.81,no,yes
8184,-0.318202,0.75033498,-0.004500,294956.12,294973.34,3819.78,3836.15,no,yes
8185,-0.655423,0.51220275,-0.009269,295217.92,295225.88,840.34,876.87,no,yes
8186,-0.030287,0.97583818,-0.000428,295122.78,295123.20,986.72,1014.82,no,yes
8187,0.438828,0.66079079,0.006206,295168.13,295157.69,1501.40,1844.82,no,yes
8188,-0.217854,0.82754514,-0.003081,295141.18,295145.27,1358.61,1291.03,no,yes
8189,-1.354789,0.17550063,-0.019160,307419.96,307437.27,828.61,972.02,no,yes
8190,-0.743502,0.45718754,-0.010515,295077.67,295100.60,1767.59,2526.99,no,yes
8191,1.211539,0.22570374,0.017134,294999.23,294977.55,1367.92,1153.32,no,yes
8192,-0.541301,0.58830582,-0.007655,295147.41,295163.26,2100.24,2040.67,no,yes
8193,-0.011317,0.99097090,-0.000160,295083.60,295083.79,1282.78,1138.54,no,yes
8194,-0.267347,0.78920501,-0.003781,295113.61,295120.10,1673.91,1757.94,no,yes
8195,-0.238085,0.81181807,-0.003367,294739.54,294743.38,1252.28,1015.05,no,yes
8196,-0.826245,0.40867607,-0.011685,294866.54,294884.79,1298.35,1787.12,no,yes
8197,0.005632,0.99550669,0.000080,294779.12,294779.05,916.25,894.19,no,yes
8198,0.347135,0.72849367,0.004909,294834.22,294829.59,950.55,939.61,no,yes
8199,0.725315,0.46826716,0.010258,294881.31,294871.26,1045.14,909.23,no,yes
8200,0.003500,0.99720721,0.000050,305885.77,305883.00,56001.37,55930.45,no,yes
8201,-0.293531,0.76911970,-0.004151,295201.72,295221.93,4399.61,5299.33,no,yes
8202,0.665322,0.50585215,0.009409,295042.88,295033.33,1042.38,987.01,no,yes
8203,-0.525304,0.59937777,-0.007429,295051.03,295058.28,894.04,1053.06,no,yes
8204,0.184528,0.85360108,0.002610,295300.08,295294.68,1778.70,2328.96,no,yes
8205,-0.697927,0.48523114,-0.009870,294933.69,294943.03,856.09,1028.28,no,yes
8206,0.142743,0.88649441,0.002019,295073.02,295070.77,1098.85,1137.22,no,yes
8207,-0.005469,0.99563654,-0.000077,294786.33,294786.39,817.04,900.58,no,yes
8208,-0.115873,0.90775485,-0.001639,295122.85,295126.51,1743.50,2637.28,no,yes
8209,-0.423494,0.67193941,-0.005989,294946.58,294953.13,1040.66,1143.77,no,yes
8210,0.425280,0.67063679,0.006014,295053.75,295041.88,1978.03,1968.74,no,yes
8211,-0.353078,0.72403408,-0.004993,294881.70,294887.92,1093.35,1379.25,no,yes
8212,0.004621,0.99631322,0.000065,294859.35,294859.28,1140.11,1090.49,no,yes
8213,-0.857276,0.39130276,-0.012124,294828.48,294840.22,918.78,1015.16,no,yes
8214,-0.223377,0.82324420,-0.003159,294941.04,294946.09,1593.54,1601.98,no,yes
8215,0.064878,0.94827165,0.000918,294876.61,294875.67,1046.43,994.51,no,yes
8216,0.143633,0.88579177,0.002031,295587.20,295581.66,2960.30,2477.98,no,yes
8217,0.344208,0.73069356,0.004868,294894.44,294885.46,1847.08,1842.61,no,yes
8218,-0.052551,0.95809019,-0.000743,294894.02,294895.40,1854.67,1881.05,no,yes
8219,0.299495,0.76456575,0.004236,294841.74,294835.91,1655.81,1028.58,no,yes
8220,0.643931,0.51962748,0.009107,295062.12,295052.33,1114.27,1034.68,no,yes
8221,2.026470,0.04273174,0.028659,294815.23,294791.05,988.54,668.20,yes,yes
8222,0.953011,0.34059896,0.013478,295547.42,295527.16,1838.89,1067.07,no,yes
8223,-0.699785,0.48406985,-0.009896,295085.12,295096.86,1131.51,1238.35,no,yes
8224,-0.099281,0.92091635,-0.001404,295071.43,295073.66,1455.27,1711.36,no,yes
8225,-0.805872,0.42032633,-0.011397,294873.02,294901.53,2333.86,2658.20,no,yes
8226,-0.453011,0.65054601,-0.006407,310332.92,310338.87,927.39,930.30,no,yes
8227,-0.274348,0.78382042,-0.003880,295146.28,295151.58,1310.05,1415.49,no,yes
8228,-0.038156,0.96956360,-0.000540,295122.06,295123.83,3795.12,2675.29,no,yes
8229,1.294162,0.19562562,0.018302,295156.77,295139.93,1046.75,772.10,no,yes
8230,0.158560,0.87401684,0.002242,295101.14,295098.72,1077.99,1085.14,no,yes
8231,-0.399723,0.68936511,-0.005653,295119.52,295132.42,2244.09,2319.54,no,yes
8232,-0.010185,0.99187366,-0.000144,295093.61,295093.86,1520.12,1947.16,no,yes
8233,-0.318538,0.75008027,-0.004505,294906.26,294917.03,2331.16,2452.93,no,yes
8234,-0.838395,0.40181884,-0.011857,294930.44,294948.82,1483.79,1614.27,no,yes
8235,0.721777,0.47043989,0.010207,295041.04,295031.77,963.21,850.99,no,yes
8236,-0.447367,0.65461491,-0.006327,294728.88,294734.76,954.20,904.10,no,yes
8237,0.466012,0.64121275,0.006590,294915.81,294903.46,2145.88,1555.00,no,yes
8238,-1.940171,0.05237345,-0.027438,294987.53,295037.70,1646.22,1994.41,no,yes
8239,0.197152,0.84371051,0.002788,294958.59,294946.64,4519.85,4039.76,no,yes
8240,0.044685,0.96435860,0.000632,295088.71,295087.84,1343.15,1413.78,no,yes
8241,-0.141096,0.88779580,-0.001995,295091.00,295092.98,956.74,1025.25,no,yes
8242,0.002740,0.99781408,0.000039,294928.50,294928.32,4332.85,4563.38,no,yes
8243,-0.572297,0.56712909,-0.008094,295056.64,295082.77,2078.70,4064.52,no,yes
8244,0.563887,0.57283731,0.007975,294862.73,294855.56,943.64,852.21,no,yes
8245,-0.176062,0.86024727,-0.002490,294936.32,294942.59,2518.44,2516.88,no,yes
8246,0.458984,0.64625045,0.006491,294860.53,294854.37,959.48,939.54,no,yes
8247,0.130751,0.89597383,0.001849,294869.09,294865.42,2103.74,1857.25,no,yes
8248,-0.572527,0.56697219,-0.008097,295123.09,295136.84,1379.52,1964.81,no,yes
8249,-1.342689,0.17939293,-0.018988,302878.16,302926.76,1683.42,3204.29,no,yes
8250,-0.531280,0.59523062,-0.007513,295013.17,295032.18,2229.60,2798.19,no,yes
8251,-0.366544,0.71396294,-0.005184,294988.23,294997.19,1796.08,1657.54,no,yes
8252,-0.249918,0.80265304,-0.003534,295209.26,295216.82,2005.87,2266.11,no,yes
8253,0.208247,0.83503845,0.002945,294867.23,294863.86,1203.67,1079.79,no,yes
8254,-0.485460,0.62735511,-0.006865,294889.36,294906.52,2415.54,2578.68,no,yes
8255,-0.627561,0.53029888,-0.008875,294797.36,294805.74,931.85,955.76,no,yes
8256,-0.231313,0.81707431,-0.003271,294838.88,294842.19,1036.41,988.17,no,yes
8257,0.142854,0.88640661,0.002020,294853.80,294851.57,1017.18,1183.76,no,yes
8258,-0.149306,0.88131369,-0.002112,294887.94,294896.66,4190.22,4065.21,no,yes
8259,1.517600,0.12913816,0.021462,294798.17,294760.88,2247.16,994.27,no,yes
8260,-1.232545,0.21776030,-0.017431,294832.82,294849.48,889.08,1017.98,no,yes
8261,0.055818,0.95548757,0.000789,295091.34,295090.63,905.66,887.55,no,yes
8262,-0.572141,0.56723268,-0.008091,294942.40,294968.47,3191.62,3251.03,no,yes
8263,0.024082,0.98078734,0.000341,295099.82,295099.12,1903.82,2203.61,no,yes
8264,0.204790,0.83773806,0.002896,294793.64,294787.14,2297.42,2191.18,no,yes
8265,0.007605,0.99393185,0.000108,294828.63,294828.52,1001.68,1021.33,no,yes
8266,0.046475,0.96293205,0.000657,294776.61,294775.93,1139.32,904.58,no,yes
8267,-0.520023,0.60305365,-0.007354,304776.57,304792.83,2053.55,2356.63,no,yes
8268,1.093321,0.27426698,0.015462,294953.09,294937.48,1123.22,882.31,no,yes
8269,0.045611,0.96362086,0.000645,294928.42,294927.61,1042.77,1448.60,no,yes
8270,0.130948,0.89581817,0.001852,294833.69,294829.93,1651.89,2349.28,no,yes
8271,-0.039814,0.96824146,-0.000563,295015.45,295016.77,2257.04,2414.75,no,yes
8272,0.266937,0.78952031,0.003775,300619.68,300610.59,2750.76,2008.97,no,yes
8273,-0.077424,0.93828739,-0.001095,295027.12,295029.18,1766.13,1987.39,no,yes
8274,-1.298575,0.19410787,-0.018365,294883.06,294924.41,1663.47,2715.48,no,yes
8275,-1.039722,0.29848182,-0.014704,294787.86,294805.76,1147.19,1284.47,no,yes
8276,-0.673187,0.50083607,-0.009520,295058.47,295069.58,1139.19,1193.06,no,yes
8277,0.217674,0.82768545,0.003078,295121.52,295111.32,3202.85,3419.82,no,yes
8278,0.076000,0.93942014,0.001075,295082.56,295080.17,2548.55,1845.96,no,yes
8279,0.033656,0.97315184,0.000476,294882.48,294880.84,3797.71,3065.02,no,yes
8280,-0.161429,0.87175737,-0.002283,295064.79,295067.02,970.84,989.17,no,yes
8281,0.067597,0.94610725,0.000956,295029.95,295028.23,1808.96,1794.92,no,yes
8282,0.556739,0.57771467,0.007873,295100.87,295087.35,2183.73,1060.83,no,yes
8283,-0.353951,0.72337980,-0.005006,294825.67,294837.53,2554.88,2169.63,no,yes
8284,0.652960,0.51378944,0.009234,294862.72,294854.28,918.16,909.71,no,yes
8285,-0.991761,0.32132703,-0.014026,295096.14,295125.30,1765.30,2351.33,no,yes
8286,2.036106,0.04175845,0.028795,295079.99,295037.95,1877.51,858.48,yes,yes
8287,1.109684,0.26714871,0.015693,294992.17,294975.91,1087.28,982.63,no,yes
8288,-0.984093,0.32508185,-0.013917,300637.82,300660.01,1497.50,1686.17,no,yes
8289,0.414764,0.67831927,0.005866,295457.87,295451.07,1255.83,1056.38,no,yes
8290,-0.799754,0.42386273,-0.011310,295033.61,295043.85,866.33,942.34,no,yes
8291,-0.647428,0.51736277,-0.009156,295111.61,295121.52,1010.75,1149.44,no,yes
8292,-0.622396,0.53368880,-0.008802,294951.21,294975.71,2817.16,2750.26,no,yes
8293,0.376415,0.70661244,0.005323,294717.85,294713.21,869.56,874.91,no,yes
8294,-0.018122,0.98554164,-0.000256,294887.23,294887.50,1151.31,946.53,no,yes
8295,-1.410010,0.15855324,-0.019941,294924.21,294942.95,807.64,1055.25,no,yes
8296,0.748829,0.45396898,0.010590,294999.14,294983.74,1518.17,1388.64,no,yes
8297,-0.714048,0.47520620,-0.010098,295078.79,295090.83,1098.73,1277.86,no,yes
8298,-0.165429,0.86860792,-0.002340,294834.17,294836.39,909.12,986.03,no,yes
8299,0.411895,0.68042071,0.005825,294762.82,294752.19,1873.04,1777.29,no,yes
8300,0.437560,0.66171100,0.006188,294975.97,294952.30,4546.65,2929.94,no,yes
8301,-0.353978,0.72335909,-0.005006,295332.33,295365.36,6628.82,6569.08,no,yes
8302,-0.064664,0.94844220,-0.000914,295200.05,295202.20,2381.86,2331.11,no,yes
8303,0.110495,0.91201821,0.001563,295043.88,295042.46,906.58,907.02,no,yes
8304,-0.626224,0.53117560,-0.008856,294793.40,294809.24,1981.26,1573.64,no,yes
8305,-0.257052,0.79714129,-0.003635,294790.47,294794.36,953.12,1175.75,no,yes
8306,-0.735342,0.46213987,-0.010399,294896.97,294905.50,804.15,835.16,no,yes
8307,-0.004879,0.99610685,-0.000069,304794.48,304794.62,2276.21,1842.74,no,yes
8308,0.192507,0.84734689,0.002722,294754.59,294751.63,1133.12,1037.05,no,yes
8309,0.115844,0.90777773,0.001638,295006.05,295001.80,2916.38,2219.58,no,yes
8310,-0.176491,0.85991044,-0.002496,297842.55,297847.38,1519.51,2278.67,no,yes
8311,-0.361016,0.71809164,-0.005106,294914.49,294928.44,2689.02,2772.42,no,yes
8312,0.331996,0.73989579,0.004695,294980.76,294975.92,1046.79,1011.51,no,yes
8313,-1.065394,0.28671109,-0.015067,294858.44,294888.45,1789.68,2175.15,no,yes
8314,-0.417633,0.67621973,-0.005906,310365.07,310370.61,899.41,973.85,no,yes
8315,0.177522,0.85910028,0.002511,295142.97,295135.38,3032.54,3011.62,no,yes
8316,-0.318981,0.74974461,-0.004511,297987.82,297992.30,993.52,992.13,no,yes
8317,-0.700763,0.48345904,-0.009910,390661.03,390748.57,8318.57,9320.99,no,yes
8318,0.115282,0.90822314,0.001630,294966.65,294961.86,3007.49,2869.59,no,yes
8319,-0.335032,0.73760427,-0.004738,294738.11,294742.70,890.79,1041.71,no,yes
8320,-0.282062,0.77789921,-0.003989,295198.72,295207.81,2175.12,2374.20,no,yes
8321,0.453149,0.65044620,0.006408,295109.52,295103.64,928.07,908.61,no,yes
8322,-0.472960,0.63624726,-0.006689,295036.68,295051.83,2514.20,1987.00,no,yes
8323,-0.189463,0.84973200,-0.002679,294989.76,294992.44,992.50,1002.47,no,yes
8324,-1.144032,0.25262599,-0.016179,295096.52,295123.57,1322.60,1959.96,no,yes
8325,-0.571251,0.56783718,-0.008079,295266.43,295279.57,1190.76,1967.97,no,yes
8326,-0.234286,0.81476556,-0.003313,295208.80,295231.15,6687.90,6802.39,no,yes
8327,1.870510,0.06142836,0.026453,295167.84,295138.01,1249.84,990.38,no,yes
8328,0.400272,0.68896039,0.005661,294866.45,294861.60,924.62,783.98,no,yes
8329,0.177305,0.85927049,0.002507,294920.28,294916.75,1501.61,1307.17,no,yes
8330,0.956406,0.33887853,0.013526,294709.97,294694.59,1139.16,1134.55,no,yes
8331,0.477801,0.63279855,0.006757,294920.42,294903.66,3011.90,1799.15,no,yes
8332,0.352959,0.72412271,0.004992,294815.11,294804.13,2258.57,2140.15,no,yes
8333,0.990996,0.32169947,0.014015,294924.80,294912.26,947.76,838.79,no,yes
8334,0.106327,0.91532424,0.001504,295008.63,295006.22,1862.97,1280.94,no,yes
8335,0.899283,0.36851284,0.012718,295032.25,295019.92,993.98,944.11,no,yes
8336,0.160759,0.87228503,0.002273,295107.60,295103.89,1997.06,1156.33,no,yes
8337,-0.565512,0.57173211,-0.007998,300671.62,300680.50,1004.43,1204.90,no,yes
8338,-0.442671,0.65800822,-0.006260,295008.59,295027.22,2983.29,2969.04,no,yes
8339,-0.177997,0.85872712,-0.002517,295250.79,295266.78,6426.58,6281.50,no,yes
8340,-0.639842,0.52228352,-0.009049,295093.03,295109.57,1509.51,2099.11,no,yes
8341,0.754558,0.45052347,0.010671,294904.45,294893.55,1082.76,954.81,no,yes
8342,-1.820541,0.06869971,-0.025746,294744.54,294783.38,775.09,1987.93,no,yes
8343,-0.443679,0.65727933,-0.006275,294891.48,294905.11,2186.17,2157.75,no,yes
8344,-0.303725,0.76134067,-0.004295,295042.61,295046.29,890.60,817.27,no,yes
8345,0.063629,0.94926623,0.000900,295200.62,295197.19,3894.70,3738.53,no,yes
8346,-0.657286,0.51100460,-0.009295,294913.05,294922.58,1038.17,1012.16,no,yes
8347,0.619571,0.53554799,0.008762,295123.84,295113.65,1316.71,986.69,no,yes
8348,0.245404,0.80614699,0.003471,294981.39,294975.14,2159.83,1349.77,no,yes
8349,-0.427762,0.66882898,-0.006049,295015.77,295026.11,1629.46,1785.74,no,yes
8350,-0.278420,0.78069325,-0.003937,295034.57,295047.27,3014.70,3422.66,no,yes
8351,-1.281907,0.19989027,-0.018129,294875.20,294909.33,1769.84,1988.68,no,yes
8352,-0.282212,0.77778381,-0.003991,296118.90,296127.79,2146.65,2303.08,no,yes
8353,0.390244,0.69636043,0.005519,294922.92,294916.76,1107.04,1125.44,no,yes
8354,0.813602,0.41588498,0.011506,295153.00,295115.75,3929.79,2348.82,no,yes
8355,0.267813,0.78884576,0.003787,295099.37,295091.67,1975.36,2086.64,no,yes
8356,-0.123856,0.90143085,-0.001752,295073.63,295075.55,994.33,1190.34,no,yes
8357,-0.442938,0.65781549,-0.006264,295059.06,295069.52,1490.54,1832.48,no,yes
8358,-0.292828,0.76965672,-0.004141,295273.08,295281.66,2183.41,1954.72,no,yes
8359,-0.181552,0.85593642,-0.002568,294862.95,294868.28,2034.46,2114.28,no,yes
8360,-0.124449,0.90096072,-0.001760,295128.80,295132.86,2239.87,2363.64,no,yes
8361,0.193613,0.84648094,0.002738,294843.67,294841.17,917.68,904.56,no,yes
8362,0.076835,0.93875583,0.001087,294933.21,294928.97,3681.95,4121.92,no,yes
8363,-0.441481,0.65886978,-0.006243,294794.21,294808.49,1869.30,2639.47,no,yes
8364,-0.256690,0.79742097,-0.003630,294836.83,294841.04,1257.12,1054.36,no,yes
8365,-0.427967,0.66867973,-0.006052,294824.15,294837.23,2195.09,2125.27,no,yes
8366,0.173045,0.86261772,0.002447,295055.90,295053.38,1112.43,937.91,no,yes
8367,0.982234,0.32599679,0.013891,295133.97,295097.60,2873.25,2336.39,no,yes
8368,1.255004,0.20949221,0.017748,294965.17,294948.32,998.57,898.01,no,yes
8369,-1.268161,0.20475589,-0.017935,295053.19,295069.97,833.27,1027.44,no,yes
8370,-0.841264,0.40021232,-0.011897,295116.53,295138.52,1334.92,2247.50,no,yes
8371,-0.828024,0.40766657,-0.011710,295055.65,295068.35,1063.38,1105.06,no,yes
8372,0.491520,0.62306435,0.006951,294871.08,294854.79,2668.83,1966.84,no,yes
8373,-0.494651,0.62085190,-0.006995,295118.07,295125.28,997.21,1064.00,no,yes
8374,0.876000,0.38104069,0.012389,295146.50,295135.50,929.25,845.26,no,yes
8375,0.154663,0.87708868,0.002187,295066.68,295064.72,845.05,948.20,no,yes
8376,0.252635,0.80055279,0.003573,295164.39,295157.13,2228.35,1813.13,no,yes
8377,-0.513958,0.60728684,-0.007268,295232.41,295278.24,6196.60,6412.93,no,yes
8378,0.534481,0.59301456,0.007559,295364.91,295353.72,1516.23,1442.94,no,yes
8379,0.257165,0.79705428,0.003637,294913.51,294906.88,1882.48,1757.87,no,yes
8380,-1.407597,0.15926623,-0.019906,294986.59,295005.48,909.40,987.16,no,yes
8381,-0.056947,0.95458786,-0.000805,295354.19,295357.35,4535.22,3200.11,no,yes
8382,0.225861,0.82131207,0.003194,295194.92,295191.36,1175.50,1045.31,no,yes
8383,-1.017128,0.30910513,-0.014384,295121.03,295135.39,892.65,1093.88,no,yes
8384,-1.076260,0.28182417,-0.015221,295174.29,295202.34,1679.13,1994.03,no,yes
8385,-0.293788,0.76892328,-0.004155,294878.52,294882.43,920.18,960.97,no,yes
8386,0.986168,0.32406297,0.013947,295118.58,295102.71,1208.87,1062.07,no,yes
8387,0.684194,0.49386150,0.009676,294961.70,294952.03,1129.59,847.06,no,yes
8388,0.622926,0.53334161,0.008810,295099.45,295085.64,1903.84,1135.44,no,yes
8389,-0.042999,0.96570264,-0.000608,363918.09,363919.29,1869.33,2059.00,no,yes
8390,0.582114,0.56049664,0.008232,295070.79,295061.51,1193.81,1057.36,no,yes
8391,0.019867,0.98414988,0.000281,294955.22,294954.83,1481.75,1352.75,no,yes
8392,-0.565117,0.57200062,-0.007992,294858.27,294866.87,949.60,1190.97,no,yes
8393,-0.228429,0.81931508,-0.003230,295103.50,295107.86,1276.59,1418.95,no,yes
8394,-0.107472,0.91441599,-0.001520,294724.42,294725.91,936.61,1027.75,no,yes
8395,0.460306,0.64530183,0.006510,294958.39,294950.64,1201.14,1178.19,no,yes
8396,1.260314,0.20757072,0.017824,294815.46,294793.32,1283.80,1199.17,no,yes
8397,0.309662,0.75682120,0.004379,294794.45,294786.45,1757.73,1889.36,no,yes
8398,-0.160725,0.87231127,-0.002273,295260.41,295274.71,6342.28,6240.94,no,yes
8399,0.242330,0.80852761,0.003427,295005.17,294998.25,2401.09,1548.18,no,yes
8400,0.671164,0.50212401,0.009492,294909.25,294863.55,5074.19,4539.81,no,yes
8401,-0.063300,0.94952819,-0.000895,302678.95,302680.97,2119.11,2401.57,no,yes
8402,-0.363865,0.71596255,-0.005146,294754.75,294763.77,1574.73,1916.68,no,yes
8403,0.735368,0.46212439,0.010400,295023.41,294999.94,2533.68,1939.99,no,yes
8404,0.065329,0.94791271,0.000924,295015.31,295013.51,2312.20,1511.06,no,yes
8405,-0.233416,0.81544079,-0.003301,294993.14,294996.72,1093.17,1072.74,no,yes
8406,-0.332549,0.73947830,-0.004703,294755.84,294760.41,934.95,1004.67,no,yes
8407,-0.075177,0.94007427,-0.001063,294966.72,294970.88,3800.47,4025.16,no,yes
8408,-0.545909,0.58513452,-0.007720,295529.82,295536.31,844.75,836.22,no,yes
8409,0.754285,0.45068732,0.010667,294838.37,294821.25,1669.79,1536.62,no,yes
8410,0.479752,0.63140889,0.006785,301122.88,301114.06,1346.38,1251.68,no,yes
8411,-0.094304,0.92486839,-0.001334,294863.02,294865.41,1603.55,1965.82,no,yes
8412,1.296506,0.19481648,0.018335,294893.19,294876.04,994.43,871.98,no,yes
8413,0.478447,0.63233741,0.006766,294901.94,294894.66,1129.62,1018.91,no,yes
8414,-1.114804,0.26494820,-0.015766,295234.90,295273.92,2210.82,2714.23,no,yes
8415,0.955359,0.33940846,0.013511,294935.20,294919.88,1261.62,989.68,no,yes
8416,-0.682337,0.49503390,-0.009650,295004.71,295013.75,1002.88,864.23,no,yes
8417,-0.231133,0.81721370,-0.003269,294862.72,294866.14,1030.35,1063.36,no,yes
8418,1.313003,0.18919721,0.018569,295032.54,295016.99,878.33,794.80,no,yes
8419,-0.165279,0.86872611,-0.002337,364080.81,364094.25,5778.34,5725.28,no,yes
8420,-0.253510,0.79987704,-0.003585,295057.35,295061.39,1156.63,1095.77,no,yes
8421,-0.638950,0.52286278,-0.009036,295060.29,295069.87,1087.73,1032.10,no,yes
8422,-0.265833,0.79037065,-0.003759,295102.93,295111.00,2169.12,2124.74,no,yes
8423,-1.684342,0.09213192,-0.023820,294817.45,294840.32,844.47,1063.19,no,yes
8424,0.269181,0.78779345,0.003807,294956.96,294953.41,945.69,917.61,no,yes
8425,0.817823,0.41346945,0.011566,295105.87,295092.51,1363.49,898.82,no,yes
8426,-0.185829,0.85258066,-0.002628,294937.56,294940.48,1099.49,1123.35,no,yes
8427,-0.403861,0.68631945,-0.005711,294834.90,294840.12,875.78,951.74,no,yes
8428,-0.089100,0.92900329,-0.001260,294880.87,294882.13,978.41,1016.06,no,yes
8429,-0.867800,0.38551401,-0.012273,295056.48,295068.53,986.01,978.11,no,yes
8430,-0.390484,0.69618388,-0.005522,294861.02,294870.84,1315.39,2143.39,no,yes
8431,1.400945,0.16124767,0.019812,295264.42,295225.41,2276.78,1603.76,no,yes
8432,-0.974935,0.32960497,-0.013788,294755.98,294769.30,853.45,1066.54,no,yes
8433,1.033942,0.30117942,0.014622,294869.58,294850.31,1637.99,888.56,no,yes
8434,-1.829173,0.06738919,-0.025868,295143.09,295168.10,868.82,1055.72,no,yes
8435,0.216002,0.82898851,0.003055,295115.67,295110.30,1850.97,1656.29,no,yes
8436,0.477499,0.63301253,0.006753,294757.29,294750.42,1108.06,917.38,no,yes
8437,-0.056051,0.95530204,-0.000793,295166.81,295168.89,2943.15,2263.49,no,yes
8438,-0.267391,0.78917055,-0.003781,294901.95,294908.06,1542.03,1690.03,no,yes
8439,-1.334941,0.18191101,-0.018879,295066.47,295083.75,874.42,954.03,no,yes
8440,-0.564972,0.57209883,-0.007990,294933.08,294940.36,886.14,934.85,no,yes
8441,-0.568031,0.57002044,-0.008033,294840.66,294848.92,992.39,1062.20,no,yes
8442,-0.508797,0.61090011,-0.007195,295092.18,295099.35,947.26,1044.51,no,yes
8443,-0.054493,0.95654254,-0.000771,295166.12,295166.95,1045.02,1103.02,no,yes
8444,-0.582014,0.56056374,-0.008231,295025.44,295033.03,916.38,926.35,no,yes
8445,1.447649,0.14773662,0.020473,294893.90,294861.98,1976.27,976.52,no,yes
8446,-1.480036,0.13887957,-0.020931,294868.95,294892.56,1053.12,1198.23,no,yes
8447,0.645542,0.51858334,0.009129,295312.86,295271.63,4727.25,4295.84,no,yes
8448,0.662624,0.50757925,0.009371,294994.78,294983.73,1283.59,1063.72,no,yes
8449,-0.486553,0.62658069,-0.006881,295095.48,295104.04,1161.26,1319.92,no,yes
8450,0.247442,0.80456915,0.003499,295073.74,295069.69,1239.87,1070.10,no,yes
8451,1.454252,0.14589277,0.020566,295065.14,295042.64,1197.65,979.32,no,yes
8452,-1.452397,0.14641035,-0.020540,295184.13,295216.64,1164.00,1912.36,no,yes
8453,-0.346383,0.72905841,-0.004899,294889.92,294894.56,927.73,967.97,no,yes
8454,-0.861535,0.38895367,-0.012184,296122.06,296134.92,1013.49,1095.23,no,yes
8455,0.301616,0.76294771,0.004265,294997.50,294992.80,1142.77,1057.38,no,yes
8456,-0.160807,0.87224732,-0.002274,294870.24,294874.41,1606.84,2029.31,no,yes
8457,-0.115474,0.90807044,-0.001633,294851.33,294852.93,985.66,968.27,no,yes
8458,1.625480,0.10408053,0.022988,294958.37,294924.92,1800.51,996.67,no,yes
8459,0.455270,0.64891972,0.006438,294955.86,294926.95,4362.99,4614.65,no,yes
8460,-0.103987,0.91718099,-0.001471,295028.91,295031.53,2139.94,1331.96,no,yes
8461,-0.008578,0.99315556,-0.000121,294961.87,294961.99,997.04,1020.67,no,yes
8462,-0.550858,0.58173699,-0.007790,294878.23,294888.11,1219.73,1313.56,no,yes
8463,0.740536,0.45898328,0.010473,295012.39,295002.91,933.11,877.59,no,yes
8464,0.259456,0.79528607,0.003669,294931.32,294927.85,969.35,922.66,no,yes
8465,1.317791,0.18758920,0.018636,295089.92,295072.31,1011.53,872.56,no,yes
8466,0.199024,0.84224571,0.002815,295066.00,295059.65,2386.33,2119.94,no,yes
8467,0.094304,0.92486865,0.001334,294924.70,294923.36,949.96,1051.57,no,yes
8468,-0.089520,0.92866962,-0.001266,294885.54,294887.09,1168.87,1287.05,no,yes
8469,-1.123974,0.26103769,-0.015895,295123.90,295150.89,1824.88,1560.69,no,yes
8470,0.721047,0.47088939,0.010197,363956.52,363944.96,1206.24,1054.91,no,yes
8471,-0.325979,0.74444350,-0.004610,294877.42,294881.96,971.38,996.60,no,yes
8472,-0.710915,0.47714504,-0.010054,294998.53,295009.31,1005.50,1136.16,no,yes
8473,0.008899,0.99289966,0.000126,295132.30,295132.09,1704.04,1619.39,no,yes
8474,-0.546023,0.58505695,-0.007722,294840.09,294854.86,2208.55,1562.49,no,yes
8475,-0.373337,0.70890244,-0.005280,294756.05,294766.08,1480.51,2242.89,no,yes
8476,0.576083,0.56456580,0.008147,294849.31,294840.87,1065.80,1005.69,no,yes
8477,-0.755261,0.45010146,-0.010681,294901.83,294918.70,1536.66,1621.84,no,yes
8478,-0.437195,0.66197469,-0.006183,300697.62,300716.86,3139.79,3084.26,no,yes
8479,-0.708010,0.47894710,-0.010013,305510.27,305519.20,935.97,845.03,no,yes
8480,-1.262736,0.20670036,-0.017858,294784.49,294805.58,964.16,1363.93,no,yes
8481,-0.465928,0.64127196,-0.006589,295036.46,295044.57,1241.26,1218.72,no,yes
8482,0.185945,0.85248947,0.002630,295056.79,295040.29,6310.59,6236.88,no,yes
8483,0.740449,0.45903661,0.010472,295074.41,295054.66,2110.45,1632.53,no,yes
8484,-0.249270,0.80315467,-0.003525,294740.75,294743.89,893.73,884.18,no,yes
8485,0.459912,0.64558511,0.006504,294953.04,294942.38,1271.96,1938.56,no,yes
8486,1.435564,0.15114999,0.020302,294987.12,294933.37,3459.73,1431.40,no,yes
8487,-0.153472,0.87802792,-0.002170,294854.72,294856.53,846.19,823.66,no,yes
8488,-0.075671,0.93968125,-0.001070,390791.76,390796.60,4338.77,4701.96,no,yes
8489,-1.096218,0.27300122,-0.015503,295146.25,295172.69,1102.67,2145.15,no,yes
8490,0.400130,0.68906490,0.005659,294970.06,294960.84,1632.69,1627.63,no,yes
8491,0.779396,0.43575596,0.011022,294895.55,294884.59,1011.08,976.79,no,yes
8492,-0.540809,0.58864508,-0.007648,294944.86,294952.35,894.11,1057.56,no,yes
8493,0.135991,0.89182940,0.001923,295002.28,294996.27,3181.61,3063.50,no,yes
8494,-0.449139,0.65333647,-0.006352,294978.99,294991.81,2014.63,2020.77,no,yes
8495,-0.123841,0.90144273,-0.001751,295733.14,295734.78,896.15,973.36,no,yes
8496,-1.429645,0.15283491,-0.020218,303860.78,303881.16,937.95,1074.06,no,yes
8497,-0.463499,0.64301213,-0.006555,302613.38,302620.28,1061.18,1041.81,no,yes
8498,0.390520,0.69615607,0.005523,307392.36,307383.97,1585.36,1448.50,no,yes
8499,0.015767,0.98742010,0.000223,295068.57,295068.35,959.44,966.24,no,yes
8500,0.102122,0.91866101,0.001444,295099.06,295097.65,1020.35,928.58,no,yes
8501,0.381433,0.70288647,0.005394,294776.60,294760.98,3459.10,2188.00,no,yes
8502,-0.749184,0.45375584,-0.010595,294769.81,294783.12,1028.46,1448.71,no,yes
8503,-0.264533,0.79137216,-0.003741,295329.01,295340.61,3032.32,3167.09,no,yes
8504,0.524048,0.60025112,0.007411,294846.14,294833.49,1794.69,1614.06,no,yes
8505,-0.344246,0.73066461,-0.004868,294844.13,294854.79,2072.75,2300.91,no,yes
8506,0.684812,0.49347154,0.009685,294924.10,294898.77,3089.88,2034.99,no,yes
8507,0.241315,0.80931373,0.003413,294945.59,294936.94,2984.32,1990.84,no,yes
8508,-0.699046,0.48453277,-0.009886,294754.22,294771.76,1395.54,2084.53,no,yes
8509,0.015940,0.98728270,0.000225,294753.16,294752.77,1684.20,1757.48,no,yes
8510,0.455706,0.64860687,0.006445,294894.84,294879.74,2604.88,2047.82,no,yes
8511,-0.430868,0.66656898,-0.006093,295053.70,295067.32,2360.90,2104.39,no,yes
8512,0.140897,0.88795264,0.001993,294808.53,294804.10,2226.60,2224.20,no,yes
8513,-1.207527,0.22724386,-0.017077,294829.81,294845.63,834.89,1010.32,no,yes
8514,-0.229327,0.81861746,-0.003243,294993.09,295000.61,2669.37,1903.89,no,yes
8515,-1.693031,0.09047045,-0.023943,294946.82,295004.57,1548.97,3039.34,no,yes
8516,-0.739660,0.45951567,-0.010460,298263.02,298488.83,17789.51,24810.01,no,yes
8517,-0.211652,0.83238092,-0.002993,294906.67,294910.44,1270.10,1250.66,no,yes
8518,-0.035468,0.97170657,-0.000502,393124.31,393126.23,4157.43,3455.85,no,yes
8519,0.324225,0.74577098,0.004585,295074.93,295069.94,1107.29,1066.57,no,yes
8520,-0.617531,0.53689159,-0.008733,295152.50,295187.09,3795.54,4120.45,no,yes
8521,-0.050751,0.95952471,-0.000718,294950.68,294951.38,987.70,960.49,no,yes
8522,-0.553169,0.58015367,-0.007823,295010.68,295030.07,2491.81,2464.73,no,yes
8523,0.218094,0.82735779,0.003084,294947.69,294944.19,1199.24,1064.20,no,yes
8524,-0.112671,0.91029272,-0.001593,295271.35,295281.43,6339.14,6314.24,no,yes
8525,-0.497453,0.61887507,-0.007035,294773.87,294786.27,1655.93,1861.94,no,yes
8526,-0.075428,0.93987514,-0.001067,294927.15,294928.20,1005.14,955.59,no,yes
8527,0.471144,0.63754282,0.006663,294867.14,294854.14,2048.68,1847.47,no,yes
8528,0.187654,0.85114986,0.002654,294756.58,294750.35,2240.82,2446.24,no,yes
8529,0.092577,0.92624031,0.001309,295010.13,295007.64,1878.95,1920.58,no,yes
8530,-0.722844,0.46978425,-0.010223,294858.55,294868.73,901.72,1081.31,no,yes
8531,-0.453530,0.65017189,-0.006414,294997.04,295020.93,3500.01,3939.44,no,yes
8532,0.883223,0.37712691,0.012491,295091.03,295071.79,1691.50,1372.43,no,yes
8533,0.047960,0.96174886,0.000678,295078.46,295077.09,2055.68,1982.57,no,yes
8534,1.541788,0.12314132,0.021804,294921.13,294900.41,1025.85,868.92,no,yes
8535,0.654425,0.51284555,0.009255,294952.74,294943.94,955.85,946.37,no,yes
8536,0.853518,0.39338793,0.012071,294980.32,294954.22,2853.33,1097.37,no,yes
8537,-0.797272,0.42530308,-0.011275,295315.02,295352.44,2945.87,3654.54,no,yes
8538,-0.197676,0.84330052,-0.002796,295054.55,295057.18,832.00,1036.72,no,yes
8539,0.169575,0.86534613,0.002398,294780.52,294776.30,1825.39,1694.21,no,yes
8540,0.421330,0.67351854,0.005959,295510.44,295505.05,889.83,917.88,no,yes
8541,-0.982637,0.32579859,-0.013897,295110.46,295142.53,2077.36,2517.53,no,yes
8542,0.174535,0.86144664,0.002468,295088.56,295084.18,1640.43,1898.90,no,yes
8543,-0.155809,0.87618519,-0.002203,295046.62,295049.10,1197.80,1053.77,no,yes
8544,0.871543,0.38346826,0.012325,294881.44,294868.58,1061.78,1023.90,no,yes
8545,-0.825901,0.40887033,-0.011680,294878.26,294889.90,956.93,1035.79,no,yes
8546,-0.029524,0.97644679,-0.000418,295569.43,295570.39,2528.68,2050.59,no,yes
8547,-0.085834,0.93159894,-0.001214,294865.85,294867.75,1529.61,1606.01,no,yes
8548,-1.162209,0.24516560,-0.016436,295002.55,295017.97,796.67,1061.15,no,yes
8549,-0.303438,0.76155939,-0.004291,295281.80,295308.75,6209.98,6352.57,no,yes
8550,0.070646,0.94368002,0.000999,310338.58,310337.67,930.14,894.37,no,yes
8551,-0.339233,0.73443759,-0.004797,294870.38,294877.94,1396.28,1738.57,no,yes
8552,0.325039,0.74515482,0.004597,295178.24,295166.00,2874.14,2435.02,no,yes
8553,0.100690,0.91979761,0.001424,294778.60,294776.63,1405.97,1354.56,no,yes
8554,-1.064241,0.28723601,-0.015051,295083.56,295107.50,1088.56,1968.50,no,yes
8555,1.257839,0.20846480,0.017789,294882.46,294849.13,1985.26,1755.07,no,yes
8556,0.206385,0.83649228,0.002919,295179.10,295167.41,3998.56,4007.47,no,yes
8557,0.165763,0.86834519,0.002344,295116.05,295112.47,1684.32,1350.66,no,yes
8558,-0.233209,0.81560171,-0.003298,294875.03,294880.66,1706.34,1708.14,no,yes
8559,-1.069450,0.28488013,-0.015124,294960.27,294976.40,962.53,1161.36,no,yes
8560,0.375284,0.70745317,0.005307,294852.58,294843.50,1740.26,1680.57,no,yes
8561,0.230479,0.81772212,0.003259,295012.79,295003.55,2912.72,2758.01,no,yes
8562,-0.058189,0.95359872,-0.000823,295350.30,295355.44,6231.43,6247.84,no,yes
8563,0.545133,0.58566831,0.007709,294789.40,294777.86,1550.63,1439.12,no,yes
8564,-0.588473,0.55622197,-0.008322,294869.33,294884.77,1528.33,2131.05,no,yes
8565,0.126308,0.89948946,0.001786,294841.90,294837.96,2299.58,2100.30,no,yes
8566,0.364560,0.71544347,0.005156,294966.65,294961.21,1136.84,965.52,no,yes
8567,-0.379561,0.70427661,-0.005368,295152.97,295160.88,1051.84,1798.91,no,yes
8568,-0.823465,0.41025507,-0.011646,294738.53,294751.44,875.01,1302.08,no,yes
8569,-0.238750,0.81130225,-0.003376,294753.49,294757.06,1134.99,974.14,no,yes
8570,0.429070,0.66787736,0.006068,294998.34,294987.51,1914.66,1642.75,no,yes
8571,0.392349,0.69480466,0.005549,295106.22,295100.72,1012.31,969.07,no,yes
8572,0.242240,0.80859682,0.003426,294811.73,294807.84,1168.13,1103.12,no,yes
8573,-0.602244,0.54701848,-0.008517,294953.49,294967.16,1491.47,1710.44,no,yes
8574,0.040213,0.96792346,0.000569,294810.66,294809.18,2790.93,2407.90,no,yes
8575,-1.126969,0.25976920,-0.015938,294900.80,294917.48,994.38,1095.72,no,yes
8576,0.333802,0.73853223,0.004721,295077.69,295073.05,1010.76,954.07,no,yes
8577,-1.488265,0.13669856,-0.021047,295296.97,295317.84,815.50,1141.01,no,yes
8578,-0.162289,0.87107985,-0.002295,305493.30,305496.84,1646.23,1432.10,no,yes
8579,0.928244,0.35329263,0.013127,294772.21,294757.45,1193.56,1050.69,no,yes
8580,0.099601,0.92066189,0.001409,294836.67,294835.29,923.51,1026.26,no,yes
8581,-1.113242,0.26561875,-0.015744,294707.46,294724.72,967.30,1211.97,no,yes
8582,-0.333412,0.73882675,-0.004715,295045.02,295049.21,889.60,888.20,no,yes
8583,0.048542,0.96128493,0.000686,295160.68,295156.14,6686.90,6527.59,no,yes
8584,0.893849,0.37141718,0.012641,295104.16,295080.81,2332.40,1175.60,no,yes
8585,-0.227172,0.82029220,-0.003213,294972.55,294975.97,1082.62,1050.23,no,yes
8586,-0.220396,0.82556538,-0.003117,294907.77,294913.80,2188.10,1641.23,no,yes
8587,-0.746737,0.45523159,-0.010560,295127.72,295138.25,921.14,1067.02,no,yes
8588,0.879050,0.37938462,0.012432,294882.30,294871.54,886.31,843.39,no,yes
8589,0.623356,0.53305745,0.008816,295063.44,295054.68,1036.21,947.81,no,yes
8590,-1.037075,0.29971379,-0.014666,295080.31,295094.02,879.54,987.09,no,yes
8591,-0.565847,0.57150392,-0.008002,295104.25,295114.38,1282.70,1248.67,no,yes
8592,-0.753102,0.45139766,-0.010650,295000.38,295010.32,869.73,993.06,no,yes
8593,-0.421782,0.67318872,-0.005965,294676.98,294682.91,1036.49,949.96,no,yes
8594,-0.126577,0.89927619,-0.001790,295075.45,295082.07,3679.20,3716.60,no,yes
8595,-0.567102,0.57065109,-0.008020,294854.35,294874.27,2346.91,2613.83,no,yes
8596,-0.273054,0.78481482,-0.003862,294935.75,294950.37,3923.69,3640.00,no,yes
8597,-0.396249,0.69192559,-0.005604,294938.94,294947.91,1436.84,1748.26,no,yes
8598,-0.074405,0.94068905,-0.001052,295108.57,295110.87,2252.90,2122.08,no,yes
8599,-0.450165,0.65259645,-0.006366,295081.01,295092.00,1904.21,1527.51,no,yes
8600,0.031160,0.97514216,0.000441,295134.79,295132.04,6282.73,6210.29,no,yes
8601,0.229678,0.81834400,0.003248,294890.81,294885.37,1596.17,1749.84,no,yes
8602,-0.282130,0.77784748,-0.003990,295156.79,295163.52,1332.63,1975.87,no,yes
8603,0.178678,0.85819261,0.002527,294992.76,294988.61,1373.92,1867.67,no,yes
8604,-0.070436,0.94384763,-0.000996,295020.87,295027.47,6667.23,6573.54,no,yes
8605,-0.565233,0.57192186,-0.007994,294739.76,294755.35,1941.72,1958.01,no,yes
8606,1.025514,0.30513380,0.014503,294974.59,294961.38,1001.39,810.89,no,yes
8607,0.199910,0.84155299,0.002827,295843.63,295802.69,14537.50,14419.14,no,yes
8608,-0.282343,0.77768363,-0.003993,295156.72,295163.56,1648.84,1776.44,no,yes
8609,0.986353,0.32397216,0.013949,294850.97,294839.26,874.25,803.50,no,yes
8610,-0.392355,0.69480042,-0.005549,294896.31,294901.91,980.12,1036.14,no,yes
8611,2.344481,0.01906394,0.033156,295060.32,295029.19,1051.14,811.42,yes,yes
8612,0.089627,0.92858424,0.001268,295109.20,295107.24,1734.53,1329.02,no,yes
8613,-0.625057,0.53194068,-0.008840,295054.22,295062.28,895.54,928.44,no,yes
8614,-0.443333,0.65752951,-0.006270,295427.65,295433.41,935.42,901.36,no,yes
8615,0.004739,0.99621864,0.000067,294823.82,294823.71,1726.06,1375.46,no,yes
8616,-1.006526,0.31417675,-0.014234,295307.86,295345.04,2021.49,3091.47,no,yes
8617,0.015868,0.98733956,0.000224,295281.43,295280.02,6474.47,6110.47,no,yes
8618,-0.169639,0.86529572,-0.002399,294915.77,294920.25,1893.34,1837.20,no,yes
8619,0.703101,0.48200116,0.009943,295122.29,295111.15,1186.26,1050.48,no,yes
8620,-0.208649,0.83472473,-0.002951,294925.52,294932.31,2293.79,2306.19,no,yes
8621,0.451833,0.65139471,0.006390,295243.90,295227.02,2950.27,2293.60,no,yes
8622,-0.206139,0.83668466,-0.002915,294981.22,294983.91,892.85,951.75,no,yes
8623,-0.630223,0.52855637,-0.008913,295114.90,295135.78,2069.11,2587.77,no,yes
8624,0.544895,0.58583207,0.007706,294821.66,294814.66,969.28,843.69,no,yes
8625,0.083061,0.93380411,0.001175,295077.69,295076.62,924.68,900.89,no,yes
8626,-0.088792,0.92924823,-0.001256,295017.75,295018.89,911.26,899.48,no,yes
8627,0.057583,0.95408156,0.000814,295092.92,295092.08,1033.32,1016.11,no,yes
8628,-0.590127,0.55511342,-0.008346,295170.80,295198.74,2452.56,4049.57,no,yes
8629,0.288454,0.77300253,0.004079,294913.46,294907.42,1707.10,1211.97,no,yes
8630,-0.359584,0.71916238,-0.005085,295029.57,295046.14,3314.71,3200.71,no,yes
8631,-0.960858,0.33663500,-0.013589,294948.39,294961.49,986.95,940.43,no,yes
8632,-0.271614,0.78592131,-0.003841,294812.80,294826.34,3358.10,3683.92,no,yes
8633,0.998869,0.31787485,0.014126,294838.22,294817.81,1843.13,883.15,no,yes
8634,0.496229,0.61973931,0.007018,294813.30,294789.20,4005.71,2744.41,no,yes
8635,0.495895,0.61997368,0.007013,297983.05,297971.31,1647.32,1700.43,no,yes
8636,0.197653,0.84331861,0.002795,294956.28,294950.11,2347.39,2053.00,no,yes
8637,-0.907696,0.36404988,-0.012837,305509.60,305521.71,912.47,973.20,no,yes
8638,-0.192261,0.84753971,-0.002719,294854.10,294861.28,2346.75,2899.49,no,yes
8639,-0.526389,0.59862391,-0.007444,294970.11,294983.43,1822.67,1754.30,no,yes
8640,-0.148387,0.88203909,-0.002099,294888.91,294891.28,1111.29,1151.68,no,yes
8641,0.301714,0.76287344,0.004267,295018.57,295009.85,2001.32,2083.47,no,yes
8642,0.088161,0.92974979,0.001247,295161.99,295154.01,6472.39,6328.08,no,yes
8643,-0.234932,0.81426398,-0.003322,294871.07,294885.24,3948.25,4559.40,no,yes
8644,0.146248,0.88372679,0.002068,294859.17,294856.87,1140.58,1086.33,no,yes
8645,0.522553,0.60129156,0.007390,294997.46,294965.76,4978.00,3467.64,no,yes
8646,-0.230843,0.81743904,-0.003265,295107.34,295118.87,3472.19,3591.35,no,yes
8647,-0.741797,0.45821924,-0.010491,295055.75,295067.10,972.41,1180.85,no,yes
8648,0.123012,0.90209893,0.001740,295092.27,295089.24,1444.66,1998.55,no,yes
8649,-0.005168,0.99587647,-0.000073,295065.12,295065.19,998.07,1095.73,no,yes
8650,-0.986128,0.32408295,-0.013946,295182.92,295213.24,1937.35,2386.60,no,yes
8651,0.883045,0.37722358,0.012488,295073.90,295012.78,5580.42,4094.65,no,yes
8652,-0.278770,0.78042426,-0.003942,295053.57,295060.67,1684.17,1910.67,no,yes
8653,-0.190032,0.84928617,-0.002687,295113.45,295116.77,1311.45,1157.38,no,yes
8654,-0.754101,0.45079719,-0.010665,295285.73,295301.88,1509.66,1518.68,no,yes
8655,0.078830,0.93716827,0.001115,295313.58,295306.40,6466.93,6404.64,no,yes
8656,0.169331,0.86553803,0.002395,302719.53,302713.84,2841.21,1794.26,no,yes
8657,0.543052,0.58710026,0.007680,295036.77,295030.00,917.94,844.70,no,yes
8658,-0.172699,0.86288957,-0.002442,294956.63,294958.80,781.33,984.64,no,yes
8659,-0.042565,0.96604907,-0.000602,295314.62,295318.37,6301.93,6172.11,no,yes
8660,0.239970,0.81035630,0.003394,294914.00,294907.98,1708.19,1836.43,no,yes
8661,-0.082931,0.93390755,-0.001173,295478.16,295480.29,1729.20,1900.41,no,yes
8662,-0.603069,0.54647152,-0.008529,295111.32,295132.07,1745.60,2964.50,no,yes
8663,-0.033644,0.97316121,-0.000476,295022.66,295023.62,1855.27,2172.98,no,yes
8664,0.156837,0.87537506,0.002218,295019.38,295017.16,998.98,998.39,no,yes
8665,0.156869,0.87534957,0.002218,295168.86,295163.85,2143.28,2366.23,no,yes
8666,-0.841303,0.40019020,-0.011898,305478.46,305498.38,1281.03,1990.84,no,yes
8667,-1.068734,0.28520242,-0.015114,295360.79,295387.95,1720.06,1870.22,no,yes
8668,0.615503,0.53823157,0.008705,295150.02,295122.17,3951.17,2206.92,no,yes
8669,-1.016780,0.30927039,-0.014379,294993.05,295005.25,861.14,835.02,no,yes
8670,0.074612,0.94052388,0.001055,294915.03,294913.97,1080.58,927.26,no,yes
8671,0.228476,0.81927851,0.003231,295073.01,295069.31,1178.33,1110.51,no,yes
8672,-0.937677,0.34842343,-0.013261,295968.18,295982.22,829.10,1247.20,no,yes
8673,-0.178802,0.85809538,-0.002529,295019.28,295022.50,1500.67,991.51,no,yes
8674,-0.367678,0.71311733,-0.005200,295063.99,295073.65,1683.11,2020.15,no,yes
8675,-0.257888,0.79649569,-0.003647,294893.76,294897.81,1148.35,1069.66,no,yes
8676,1.638782,0.10127631,0.023176,294736.17,294713.27,1143.87,802.55,no,yes
8677,-0.725921,0.46789698,-0.010266,295141.95,295161.98,1548.85,2282.65,no,yes
8678,-0.099485,0.92075456,-0.001407,295051.12,295052.36,884.66,888.57,no,yes
8679,-0.832265,0.40526915,-0.011770,295027.68,295045.99,1528.14,1584.06,no,yes
8680,0.258874,0.79573554,0.003661,294838.77,294826.45,3738.37,2944.01,no,yes
8681,0.142755,0.88648493,0.002019,294880.87,294876.00,2426.90,2397.90,no,yes
8682,-0.678968,0.49716572,-0.009602,295076.99,295087.84,1112.92,1144.95,no,yes
8683,-0.119425,0.90493960,-0.001689,295189.85,295200.94,6629.63,6505.56,no,yes
8684,-0.089988,0.92829736,-0.001273,295124.57,295127.19,2266.41,1831.67,no,yes
8685,-0.632745,0.52690785,-0.008948,295044.13,295082.17,3792.57,4666.17,no,yes
8686,-0.791628,0.42859112,-0.011195,294819.70,294841.16,1122.29,2467.30,no,yes
8687,1.120390,0.26256283,0.015845,294854.65,294834.57,1486.51,1001.80,no,yes
8688,-0.502632,0.61522844,-0.007108,295099.17,295111.02,1756.68,1572.80,no,yes
8689,0.088526,0.92945921,0.001252,294919.75,294916.85,2298.23,2322.96,no,yes
8690,1.268482,0.20464074,0.017939,294848.79,294832.20,966.19,881.18,no,yes
8691,0.698048,0.48515615,0.009872,295131.22,295108.94,2545.18,1925.60,no,yes
8692,0.136442,0.89147307,0.001930,294967.22,294962.83,2310.28,2246.00,no,yes
8693,0.120824,0.90383201,0.001709,294884.70,294882.21,1408.09,1505.93,no,yes
8694,-0.586861,0.55730545,-0.008299,294795.53,294810.02,1277.79,2111.04,no,yes
8695,0.543620,0.58670894,0.007688,295088.23,295080.41,946.44,1084.13,no,yes
8696,-0.126179,0.89959119,-0.001784,295190.95,295197.04,3160.96,3650.80,no,yes
8697,0.684977,0.49336869,0.009687,294900.84,294881.91,2442.07,1293.39,no,yes
8698,0.656373,0.51159202,0.009283,295250.01,295230.04,2323.85,1962.54,no,yes
8699,-0.767104,0.44302927,-0.010848,294768.56,294787.43,1589.04,1877.61,no,yes
8700,0.082920,0.93391646,0.001173,295059.27,295057.47,1844.48,1125.53,no,yes
8701,-0.165307,0.86870389,-0.002338,295180.07,295195.39,6498.65,6608.11,no,yes
8702,-0.975625,0.32926222,-0.013797,295037.93,295050.20,940.35,834.65,no,yes
8703,-0.624810,0.53210347,-0.008836,295033.34,295042.77,937.15,1183.69,no,yes
8704,-0.307991,0.75809266,-0.004356,294861.69,294866.15,998.46,1051.30,no,yes
8705,0.042229,0.96631659,0.000597,295045.11,295043.82,2188.96,2153.78,no,yes
8706,-0.337439,0.73578986,-0.004772,294861.74,294866.34,924.68,1005.04,no,yes
8707,0.006936,0.99446627,0.000098,294769.23,294769.12,1247.16,1034.88,no,yes
8708,-0.171032,0.86420039,-0.002419,295032.06,295034.96,1054.43,1330.62,no,yes
8709,-1.162893,0.24488694,-0.016446,300659.14,300696.62,2395.71,2156.10,no,yes
8710,-0.609672,0.54208621,-0.008622,294862.73,294870.81,832.63,1030.12,no,yes
8711,1.190957,0.23368530,0.016843,294809.00,294792.43,1088.13,866.99,no,yes
8712,-0.534920,0.59271124,-0.007565,295053.06,295060.02,931.16,909.02,no,yes
8713,-0.743591,0.45713317,-0.010516,294927.39,294946.27,1636.71,1941.10,no,yes
8714,-0.143625,0.88579837,-0.002031,295092.83,295097.69,2664.43,2088.17,no,yes
8715,-0.387787,0.69817797,-0.005484,294852.22,294861.73,1657.68,1806.30,no,yes
8716,-0.328987,0.74216929,-0.004653,294855.45,294860.03,961.86,1006.27,no,yes
8717,2.067096,0.03873899,0.029233,295150.88,295126.14,961.56,712.67,yes,yes
8718,0.005346,0.99573450,0.000076,295189.53,295189.05,6277.25,6266.84,no,yes
8719,-0.361614,0.71764399,-0.005114,295118.82,295128.46,1850.04,1919.98,no,yes
8720,0.307880,0.75817673,0.004354,294846.11,294842.07,952.31,902.00,no,yes
8721,0.563119,0.57336100,0.007964,295003.54,294971.28,4788.57,3142.81,no,yes
8722,-1.746522,0.08074013,-0.024700,294811.04,294850.22,1078.92,1966.73,no,yes
8723,0.179934,0.85720646,0.002545,295088.93,295086.35,987.79,1039.49,no,yes
8724,0.762446,0.44580643,0.010783,294844.75,294824.01,2458.41,1164.75,no,yes
8725,-0.187557,0.85122595,-0.002652,294854.04,294857.40,1179.00,1345.55,no,yes
8726,0.346887,0.72867966,0.004906,294848.53,294835.22,2563.19,2853.59,no,yes
8727,0.579365,0.56234957,0.008193,307534.12,307525.10,1188.03,1004.12,no,yes
8728,1.694104,0.09026138,0.023958,294870.18,294848.09,973.79,867.48,no,yes
8729,-0.162919,0.87058419,-0.002304,294773.32,294775.81,1160.72,992.80,no,yes
8730,-0.320078,0.74891243,-0.004527,294879.22,294884.79,1260.69,1199.29,no,yes
8731,-0.307449,0.75850450,-0.004348,294961.55,294966.15,1064.69,1053.04,no,yes
8732,-0.519032,0.60374412,-0.007340,294915.95,294936.42,2552.58,3008.23,no,yes
8733,-0.034178,0.97273537,-0.000483,294882.68,294883.28,1295.90,1143.07,no,yes
8734,-0.091035,0.92746562,-0.001287,295120.30,295123.20,2589.86,1859.01,no,yes
8735,-0.199625,0.84177629,-0.002823,295090.36,295094.91,1580.50,1639.03,no,yes
8736,0.128404,0.89783036,0.001816,295095.61,295090.05,3056.91,3060.79,no,yes
8737,-0.376583,0.70648915,-0.005326,294797.85,294806.12,956.89,1976.57,no,yes
8738,-0.465512,0.64157013,-0.006583,295049.44,295054.98,839.31,843.54,no,yes
8739,-0.104306,0.91692744,-0.001475,295107.43,295110.33,2075.04,1842.08,no,yes
8740,-0.488214,0.62540371,-0.006904,294855.45,294862.49,982.14,1056.06,no,yes
8741,-0.369758,0.71156654,-0.005229,295083.60,295089.15,1115.67,1002.28,no,yes
8742,-0.008984,0.99283192,-0.000127,294782.70,294782.90,1483.42,1738.21,no,yes
8743,0.687340,0.49187704,0.009720,295017.89,294992.95,2904.86,2173.44,no,yes
8744,0.104865,0.91648383,0.001483,294993.84,294988.56,3973.41,3084.27,no,yes
8745,-1.023917,0.30588769,-0.014480,294772.10,294786.29,845.55,1099.05,no,yes
8746,-0.145870,0.88402528,-0.002063,294883.55,294891.89,3686.56,4374.79,no,yes
8747,-0.985774,0.32425679,-0.013941,303707.71,303728.09,1285.57,1619.27,no,yes
8748,0.926237,0.35433419,0.013099,295076.43,295064.35,942.06,901.61,no,yes
8749,0.520912,0.60243434,0.007367,295111.61,295098.30,2089.42,1468.01,no,yes
8750,0.289874,0.77191545,0.004099,294855.08,294851.18,1030.92,866.79,no,yes
8751,-0.086019,0.93145187,-0.001216,300721.78,300723.18,1080.01,1208.06,no,yes
8752,0.366484,0.71400865,0.005183,294831.67,294824.25,1702.16,1096.53,no,yes
8753,0.294191,0.76861477,0.004160,295099.92,295095.49,1078.81,1051.72,no,yes
8754,-1.255429,0.20933799,-0.017754,294826.92,294843.37,879.65,971.19,no,yes
8755,0.269160,0.78781010,0.003806,295252.48,295245.38,2260.72,1364.93,no,yes
8756,-0.470203,0.63821520,-0.006650,295284.46,295326.53,6268.84,6382.85,no,yes
8757,0.035411,0.97175201,0.000501,294940.55,294939.96,1243.54,1099.51,no,yes
8758,-0.818809,0.41290563,-0.011580,295085.05,295097.32,962.00,1148.99,no,yes
8759,0.096372,0.92322615,0.001363,308924.85,308921.49,2463.95,2468.31,no,yes
8760,0.569630,0.56893496,0.008056,294850.51,294839.47,1390.22,1350.00,no,yes
8761,0.642768,0.52038433,0.009090,294963.02,294928.23,4818.55,2464.06,no,yes
8762,-0.776832,0.43726800,-0.010986,294904.43,294944.62,2969.57,4235.65,no,yes
8763,0.404796,0.68563172,0.005725,295241.04,295218.57,4365.24,3428.37,no,yes
8764,-0.161853,0.87142340,-0.002289,294886.03,294889.06,1258.11,1383.04,no,yes
8765,-0.756444,0.44939428,-0.010698,294949.89,294994.04,2962.41,5028.17,no,yes
8766,0.477029,0.63334691,0.006746,295103.60,295096.69,1092.41,951.06,no,yes
8767,0.429573,0.66751193,0.006075,294925.98,294914.63,2282.25,1329.39,no,yes
8768,1.052266,0.29269483,0.014881,295173.57,295141.17,2755.59,1373.45,no,yes
8769,-0.945767,0.34428366,-0.013375,295050.63,295075.43,1108.84,2375.68,no,yes
8770,0.023776,0.98103150,0.000336,294980.12,294979.15,2841.00,2929.14,no,yes
8771,0.304492,0.76075649,0.004306,294838.07,294827.88,2421.65,2311.16,no,yes
8772,0.228264,0.81944320,0.003228,295045.84,295042.10,1122.84,1191.17,no,yes
8773,0.680970,0.49589943,0.009630,295180.85,295164.78,1945.55,1336.77,no,yes
8774,0.324477,0.74558025,0.004589,295039.73,295035.80,887.44,826.21,no,yes
8775,-0.623463,0.53298777,-0.008817,295150.24,295170.71,2256.24,2384.21,no,yes
8776,-1.015868,0.30970544,-0.014367,295015.17,295035.13,1213.26,1546.19,no,yes
8777,0.122682,0.90236009,0.001735,294868.34,294866.68,987.52,920.72,no,yes
8778,1.321925,0.18620892,0.018695,295177.98,295156.20,1294.19,1019.30,no,yes
8779,-0.298371,0.76542282,-0.004220,294889.32,294899.14,2305.51,2351.14,no,yes
8780,-0.164418,0.86940396,-0.002325,294947.02,294954.33,3279.36,2997.15,no,yes
8781,-0.732045,0.46414965,-0.010353,295097.30,295109.77,1216.79,1190.97,no,yes
8782,-0.235189,0.81406442,-0.003326,294826.68,294830.59,1143.01,1206.82,no,yes
8783,-0.427394,0.66909672,-0.006044,294872.61,294879.30,1081.66,1131.18,no,yes
8784,-0.103874,0.91727041,-0.001469,294802.54,294804.79,1156.67,1830.37,no,yes
8785,-0.486166,0.62685491,-0.006875,295012.90,295026.40,1693.84,2199.34,no,yes
8786,0.116396,0.90734009,0.001646,295090.29,295087.88,1716.76,1164.70,no,yes
8787,-0.083060,0.93380492,-0.001175,308747.05,308749.04,1884.78,1464.44,no,yes
8788,-0.681295,0.49569457,-0.009635,294773.78,294789.85,1154.60,2057.64,no,yes
8789,-0.605409,0.54491417,-0.008562,294964.98,294973.95,959.36,1128.53,no,yes
8790,-0.180471,0.85678476,-0.002552,294789.89,294792.20,956.77,852.59,no,yes
8791,0.148954,0.88159113,0.002107,294946.85,294944.77,891.50,1074.26,no,yes
8792,-1.275354,0.20220402,-0.018036,294975.62,295025.84,1757.40,3524.10,no,yes
8793,1.093458,0.27420622,0.015464,294931.71,294914.53,1192.32,1023.34,no,yes
8794,0.059347,0.95267659,0.000839,294875.74,294874.96,925.28,938.64,no,yes
8795,-0.766103,0.44362419,-0.010834,294761.16,294771.24,927.67,932.15,no,yes
8796,-2.012921,0.04414092,-0.028467,304758.56,304866.15,2421.65,4764.78,yes,yes
8797,0.103429,0.91762389,0.001463,294969.77,294967.47,1805.80,1306.02,no,yes
8798,-0.772471,0.43984575,-0.010924,294980.00,295008.95,2213.92,3024.56,no,yes
8799,-0.289195,0.77243549,-0.004090,295019.51,295034.34,3946.97,3272.19,no,yes
8800,-1.087007,0.27704729,-0.015373,294865.16,294894.25,1744.51,2029.56,no,yes
8801,0.453620,0.65010760,0.006415,294921.20,294895.05,4759.56,3250.00,no,yes
8802,-1.479580,0.13900412,-0.020924,295089.17,295117.33,1008.31,1614.88,no,yes
8803,0.388873,0.69737400,0.005500,295065.15,295044.24,4015.42,3577.03,no,yes
8804,-0.410668,0.68132068,-0.005808,295105.22,295118.90,2140.95,2553.29,no,yes
8805,0.114476,0.90886198,0.001619,295104.32,295101.41,1828.09,1767.73,no,yes
8806,0.740725,0.45886983,0.010475,295094.30,295079.28,1641.48,1190.13,no,yes
8807,0.671944,0.50162785,0.009503,393381.80,393344.42,4438.53,3355.09,no,yes
8808,0.875159,0.38149804,0.012377,393136.87,393124.26,1096.86,934.82,no,yes
8809,0.339915,0.73392389,0.004807,295125.82,295110.65,3244.57,3065.04,no,yes
8810,-0.335081,0.73756760,-0.004739,294865.42,294872.10,1276.31,1532.28,no,yes
8811,-1.920423,0.05482023,-0.027159,294968.68,294995.72,813.17,1148.98,no,yes
8812,-0.851943,0.39425616,-0.012048,305185.58,305200.23,1187.79,1243.71,no,yes
8813,0.648705,0.51653623,0.009174,302612.36,302601.64,1149.39,1187.36,no,yes
8814,-0.070852,0.94351635,-0.001002,294950.26,294952.06,1769.69,1829.62,no,yes
8815,-0.272871,0.78495552,-0.003859,300675.08,300685.40,2665.81,2682.53,no,yes
8816,-0.710692,0.47728317,-0.010051,294950.60,294960.47,952.81,1009.29,no,yes
8817,-0.170266,0.86480272,-0.002408,294891.16,294893.52,1032.06,921.44,no,yes
8818,0.012409,0.99009926,0.000175,295008.42,295007.82,3507.85,3367.36,no,yes
8819,0.266369,0.78995756,0.003767,295001.73,294994.93,1930.42,1672.71,no,yes
8820,-0.238109,0.81179902,-0.003367,294831.44,294834.76,991.74,983.67,no,yes
8821,0.989932,0.32222180,0.014000,302801.78,302757.11,3856.93,2342.60,no,yes
8822,-0.119464,0.90490908,-0.001689,295739.30,295744.62,2993.60,3290.01,no,yes
8823,-0.439735,0.66013401,-0.006219,295053.94,295096.06,6626.32,6916.55,no,yes
8824,0.737010,0.46112531,0.010423,294889.22,294876.89,1286.66,1070.40,no,yes
8825,-0.510339,0.60981970,-0.007217,294914.08,294926.79,1903.59,1605.24,no,yes
8826,0.574311,0.56576370,0.008122,295075.66,295066.44,1175.70,1093.20,no,yes
8827,-0.104756,0.91657042,-0.001481,294809.19,294812.77,2584.29,2234.87,no,yes
8828,-1.232772,0.21767982,-0.017434,295084.71,295114.44,1147.40,2121.29,no,yes
8829,0.501716,0.61587333,0.007095,294905.01,294898.52,988.90,832.16,no,yes
8830,-0.496437,0.61959319,-0.007021,295030.35,295039.29,898.88,1561.75,no,yes
8831,-1.042203,0.29733026,-0.014739,295049.97,295066.26,1081.33,1128.32,no,yes
8832,0.052807,0.95788654,0.000747,294917.02,294915.37,2181.09,2229.21,no,yes
8833,-0.531894,0.59480554,-0.007522,295152.45,295165.19,1547.31,1828.50,no,yes
8834,0.690894,0.48963999,0.009771,294870.86,294862.69,822.28,848.17,no,yes
8835,-0.035956,0.97131817,-0.000508,295037.44,295038.52,1879.23,2343.23,no,yes
8836,-0.706081,0.48014620,-0.009985,295002.99,295014.63,1171.25,1161.29,no,yes
8837,-0.899136,0.36859343,-0.012716,294958.08,294983.62,1428.00,2454.65,no,yes
8838,-0.811792,0.41692076,-0.011480,295089.26,295099.62,854.42,946.86,no,yes
8839,0.377460,0.70583544,0.005338,294879.95,294875.00,937.07,915.64,no,yes
8840,0.043399,0.96538401,0.000614,295062.78,295058.85,6491.85,6298.15,no,yes
8841,-0.212378,0.83181409,-0.003003,294879.69,294882.36,910.73,864.74,no,yes
8842,-0.324707,0.74540611,-0.004592,294849.02,294860.00,2554.79,2215.22,no,yes
8843,-0.678531,0.49744361,-0.009596,295104.58,295120.98,1385.11,1980.96,no,yes
8844,-0.427516,0.66900792,-0.006046,295001.86,295009.49,1341.20,1177.93,no,yes
8845,0.147530,0.88271544,0.002086,294945.17,294943.20,1015.59,864.48,no,yes
8846,-0.359511,0.71921743,-0.005084,294796.31,294809.28,1822.56,3110.75,no,yes
8847,1.047003,0.29511159,0.014807,295140.39,295121.93,1384.27,1091.77,no,yes
8848,0.577804,0.56340305,0.008171,294868.16,294848.00,2716.72,2191.23,no,yes
8849,0.600286,0.54832317,0.008489,294856.04,294841.32,1943.36,1493.08,no,yes
8850,-0.601789,0.54732151,-0.008511,294938.78,294948.54,1132.37,1162.53,no,yes
8851,-0.358252,0.72015859,-0.005066,294875.78,294881.30,1031.55,1145.39,no,yes
8852,1.192372,0.23312977,0.016863,294957.23,294937.35,1242.24,1111.41,no,yes
8853,-0.471095,0.63757817,-0.006662,295195.05,295202.68,1095.05,1194.10,no,yes
8854,-0.463083,0.64330987,-0.006549,294847.67,294872.37,3722.14,3822.43,no,yes
8855,-1.158015,0.24687215,-0.016377,294890.41,294906.52,884.73,1074.53,no,yes
8856,-0.546204,0.58493187,-0.007724,294873.54,294881.57,1013.27,1064.37,no,yes
8857,-0.726539,0.46751703,-0.010275,294823.40,294833.82,989.80,1037.78,no,yes
8858,1.378014,0.16821440,0.019488,294815.74,294792.58,1205.82,1171.22,no,yes
8859,0.501936,0.61571997,0.007098,305274.10,305263.55,1846.54,1004.22,no,yes
8860,-0.471812,0.63706593,-0.006672,294724.51,294730.43,877.60,898.72,no,yes
8861,0.507242,0.61199094,0.007173,295055.63,295045.30,1515.72,1361.69,no,yes
8862,0.354996,0.72259649,0.005020,295099.65,295094.21,1101.28,1065.58,no,yes
8863,0.539679,0.58942449,0.007632,294866.57,294856.63,1337.86,1266.52,no,yes
8864,-0.144321,0.88524854,-0.002041,304960.59,304969.31,4215.67,4333.13,no,yes
8865,-0.218388,0.82712886,-0.003088,294842.06,294846.64,1493.34,1470.62,no,yes
8866,-1.396053,0.16271418,-0.019743,294847.81,294869.85,1063.18,1167.10,no,yes
8867,-0.061905,0.95063910,-0.000875,294879.79,294880.76,1133.97,1098.15,no,yes
8868,-1.108776,0.26754008,-0.015680,297917.82,297931.61,844.14,912.96,no,yes
8869,0.014805,0.98818781,0.000209,295070.68,295070.30,1907.14,1792.56,no,yes
8870,0.962178,0.33597191,0.013607,294889.17,294875.85,1050.52,902.50,no,yes
8871,-1.046468,0.29536119,-0.014799,294770.55,294795.32,1150.26,2068.52,no,yes
8872,-0.829526,0.40681683,-0.011731,294886.84,294899.01,1028.62,1046.74,no,yes
8873,1.091551,0.27504370,0.015437,295101.68,295086.21,1068.87,929.85,no,yes
8874,-0.696969,0.48583073,-0.009857,294910.59,294920.10,894.77,1029.65,no,yes
8875,0.846575,0.39724206,0.011972,294852.79,294839.26,1168.36,1090.67,no,yes
8876,0.599960,0.54853988,0.008485,294967.19,294958.25,1127.76,974.16,no,yes
8877,-0.464079,0.64259638,-0.006563,295064.07,295090.61,3966.08,4118.85,no,yes
8878,1.508726,0.13138488,0.021337,294854.11,294824.14,1468.02,1338.16,no,yes
8879,0.140813,0.88801953,0.001991,295259.19,295255.57,1642.99,1976.15,no,yes
8880,-0.956453,0.33885507,-0.013526,295058.65,295070.47,834.98,910.40,no,yes
8881,0.263835,0.79191007,0.003731,295176.05,295160.70,4390.68,3815.24,no,yes
8882,1.059917,0.28919721,0.014989,295380.28,295346.99,2636.23,1706.19,no,yes
8883,-0.237387,0.81235872,-0.003357,295094.81,295097.91,939.10,904.21,no,yes
8884,0.012029,0.99040271,0.000170,295046.15,295046.00,933.51,916.94,no,yes
8885,-0.441074,0.65916406,-0.006238,295129.14,295136.11,1091.87,1141.25,no,yes
8886,0.104986,0.91638824,0.001485,295193.63,295189.92,2619.43,2370.45,no,yes
8887,-0.713660,0.47544553,-0.010093,294877.74,294895.96,1821.13,1788.24,no,yes
8888,-0.667232,0.50463184,-0.009436,295080.51,295101.49,2042.81,2388.83,no,yes
8889,-0.797612,0.42510540,-0.011280,295011.12,295047.90,3069.54,3441.42,no,yes
8890,-0.943100,0.34564359,-0.013337,295138.30,295169.10,1712.70,2780.83,no,yes
8891,-0.758636,0.44807963,-0.010729,295041.19,295060.01,1861.78,1639.05,no,yes
8892,0.013869,0.98893482,0.000196,308834.81,308834.42,1902.50,2005.71,no,yes
8893,-0.010171,0.99188473,-0.000144,294982.33,294982.53,955.17,1729.97,no,yes
8894,-1.260794,0.20740031,-0.017830,295056.13,295089.58,1434.07,2232.03,no,yes
8895,0.306385,0.75931450,0.004333,294832.95,294823.47,2311.81,2056.47,no,yes
8896,-0.214792,0.82993153,-0.003038,295174.28,295186.45,4233.91,3762.35,no,yes
8897,-0.012436,0.99007749,-0.000176,294887.53,294887.93,2143.67,2416.12,no,yes
8898,0.218143,0.82731983,0.003085,294994.75,294972.49,7321.46,7110.47,no,yes
8899,0.047981,0.96173227,0.000679,294894.61,294893.13,2303.31,2040.39,no,yes
8900,-0.444527,0.65666651,-0.006287,295077.44,295083.73,1003.15,996.82,no,yes
8901,0.405361,0.68521628,0.005733,294911.34,294898.42,2387.81,2111.79,no,yes
8902,0.010216,0.99184885,0.000144,295303.31,295303.17,933.24,976.57,no,yes
8903,-0.542178,0.58770178,-0.007668,294926.73,294938.01,1551.07,1384.55,no,yes
8904,-0.319617,0.74926218,-0.004520,294896.26,294900.67,986.40,967.15,no,yes
8905,0.620993,0.53461156,0.008782,294938.81,294930.43,1016.67,888.78,no,yes
8906,-0.683374,0.49437866,-0.009664,295107.76,295117.02,915.18,999.07,no,yes
8907,-0.144938,0.88476132,-0.002050,295029.72,295032.36,1111.87,1443.26,no,yes
8908,0.116533,0.90723168,0.001648,294842.37,294838.30,2568.21,2363.03,no,yes
8909,1.272930,0.20305833,0.018002,294984.14,294964.86,1169.49,962.51,no,yes
8910,-0.431004,0.66647041,-0.006095,294852.17,294857.81,820.77,1018.99,no,yes
8911,0.051275,0.95910711,0.000725,295005.18,295002.96,3076.72,3039.83,no,yes
8912,0.229520,0.81846731,0.003246,294994.94,294991.86,991.70,902.11,no,yes
8913,-1.652011,0.09854827,-0.023363,295021.42,295056.34,1398.35,1585.62,no,yes
8914,0.318846,0.74984633,0.004509,294751.23,294746.87,1032.21,898.13,no,yes
8915,0.252012,0.80103502,0.003564,294904.01,294897.06,2276.10,1556.78,no,yes
8916,-0.350300,0.72611720,-0.004954,295191.00,295210.86,3963.58,4053.22,no,yes
8917,0.391025,0.69578275,0.005530,294905.15,294898.72,1203.06,1120.38,no,yes
8918,-0.294719,0.76821126,-0.004168,393181.26,393185.59,986.66,1087.63,no,yes
8919,-0.576082,0.56456636,-0.008147,295097.64,295106.08,952.04,1113.28,no,yes
8920,-0.693564,0.48796397,-0.009808,296162.99,296178.34,1370.87,1737.05,no,yes
8921,-0.842452,0.39954516,-0.011914,294870.76,294882.15,880.21,1026.79,no,yes
8922,-1.376823,0.16858315,-0.019471,294923.28,294940.93,805.26,997.98,no,yes
8923,0.010384,0.99171527,0.000147,294954.34,294953.68,4364.53,4659.08,no,yes
8924,-0.970875,0.33162222,-0.013730,295243.81,295260.93,1234.21,1259.46,no,yes
8925,0.411690,0.68057109,0.005822,294862.83,294851.07,2199.75,1819.48,no,yes
8926,-0.556567,0.57782961,-0.007871,294866.07,294884.90,2082.11,2666.62,no,yes
8927,-0.824583,0.40961811,-0.011661,294867.65,294890.36,2032.44,1858.02,no,yes
8928,-0.895820,0.37036028,-0.012669,294861.55,294890.41,1966.00,2552.54,no,yes
8929,0.057079,0.95448283,0.000807,294796.58,294794.67,2153.53,2567.13,no,yes
8930,0.053923,0.95699688,0.000763,295140.87,295139.70,1576.12,1504.93,no,yes
8931,-0.339576,0.73417946,-0.004802,294815.70,294821.32,1182.56,1159.36,no,yes
8932,0.945072,0.34463400,0.013365,295148.18,295132.78,1227.38,1071.11,no,yes
8933,-0.558613,0.57643220,-0.007900,295144.79,295162.49,2129.09,2347.43,no,yes
8934,0.047491,0.96212259,0.000672,295108.12,295107.04,1716.24,1493.00,no,yes
8935,0.312571,0.75460961,0.004420,294906.19,294896.27,2098.84,2377.96,no,yes
8936,0.161188,0.87194769,0.002280,295058.28,295054.27,2195.10,1172.97,no,yes
8937,-0.321721,0.74766730,-0.004550,295059.12,295069.61,2394.37,2211.45,no,yes
8938,-0.022738,0.98185986,-0.000322,294973.41,294974.86,4595.63,4377.41,no,yes
8939,-2.478705,0.01319526,-0.035054,294987.36,295029.46,962.04,1399.51,yes,yes
8940,-0.259956,0.79490038,-0.003676,294942.87,294957.68,3693.72,4338.47,no,yes
8941,0.609789,0.54200970,0.008624,295152.40,295139.34,1769.25,1205.41,no,yes
8942,1.211378,0.22576526,0.017131,295161.11,295142.61,1175.34,975.50,no,yes
8943,0.648388,0.51674210,0.009170,295128.15,295111.75,1967.58,1590.35,no,yes
8944,-0.079604,0.93655317,-0.001126,295035.40,295036.40,848.77,931.38,no,yes
8945,-0.283241,0.77699499,-0.004006,294974.13,294981.74,1685.19,2092.74,no,yes
8946,0.647323,0.51743090,0.009155,294921.49,294901.40,2385.38,1985.06,no,yes
8947,-0.508117,0.61137819,-0.007186,295096.60,295110.22,1450.31,2255.32,no,yes
8948,-0.241766,0.80896459,-0.003419,295044.42,295052.19,1798.44,2663.05,no,yes
8949,-1.242385,0.21411188,-0.017570,363892.45,363936.68,1900.31,3010.69,no,yes
8950,-0.765816,0.44379509,-0.010830,295142.37,295152.24,902.68,920.03,no,yes
8951,0.683148,0.49452275,0.009661,294770.23,294745.87,2991.78,1941.49,no,yes
8952,0.042543,0.96606589,0.000602,294780.15,294779.48,1162.48,1041.44,no,yes
8953,-0.650850,0.51515204,-0.009204,295068.82,295090.20,1747.32,2780.94,no,yes
8954,-0.579523,0.56224301,-0.008196,295056.11,295070.19,1782.77,1649.96,no,yes
8955,-0.127409,0.89861777,-0.001802,295222.71,295230.54,4057.09,4621.15,no,yes
8956,0.012734,0.98984053,0.000180,294894.60,294894.21,2217.23,2064.85,no,yes
8957,-0.621921,0.53400177,-0.008795,295177.01,295208.80,2842.58,4246.98,no,yes
8958,-0.609614,0.54212463,-0.008621,294765.93,294779.43,1428.97,1692.32,no,yes
8959,-0.621617,0.53420138,-0.008791,294994.22,295024.77,3044.71,3856.53,no,yes
8960,-1.119581,0.26290624,-0.015833,295104.80,295124.06,1130.29,1296.85,no,yes
8961,-0.275134,0.78321613,-0.003891,295089.52,295094.20,1203.75,1201.40,no,yes
8962,-0.078069,0.93777383,-0.001104,294924.68,294927.53,2394.55,2752.50,no,yes
8963,1.021552,0.30700582,0.014447,294770.12,294755.71,1106.03,875.76,no,yes
8964,-1.380449,0.16746439,-0.019523,294900.22,294919.54,883.59,1084.61,no,yes
8965,0.364380,0.71557780,0.005153,295079.81,295068.77,2158.94,2125.96,no,yes
8966,-0.803773,0.42153799,-0.011367,393161.65,393188.95,2233.97,2558.15,no,yes
8967,-0.269230,0.78775584,-0.003807,295091.00,295095.05,1038.32,1088.54,no,yes
8968,-1.219631,0.22262011,-0.017248,294925.12,294943.13,905.53,1166.42,no,yes
8969,-0.174277,0.86164984,-0.002465,295013.20,295015.90,1130.35,1063.51,no,yes
8970,0.443748,0.65722932,0.006276,294823.10,294816.27,1048.12,1126.96,no,yes
8971,-0.025431,0.97971155,-0.000360,295120.98,295122.12,3399.47,2929.32,no,yes
8972,0.873555,0.38237162,0.012354,307478.89,307464.17,1326.95,1039.01,no,yes
8973,-0.160832,0.87222760,-0.002275,294844.33,294848.36,1677.73,1861.65,no,yes
8974,-0.295698,0.76746383,-0.004182,294745.83,294750.40,1044.67,1141.57,no,yes
8975,-0.463493,0.64301577,-0.006555,294954.54,294961.18,1005.08,1019.68,no,yes
8976,0.180694,0.85661015,0.002555,294931.22,294918.81,5526.57,4073.61,no,yes
8977,-0.936495,0.34902987,-0.013244,294755.78,294768.20,848.74,1019.57,no,yes
8978,0.249434,0.80302776,0.003528,294986.05,294971.81,4557.32,3434.87,no,yes
8979,-0.570359,0.56844084,-0.008066,295134.84,295154.30,2255.74,2559.29,no,yes
8980,-0.166993,0.86737759,-0.002362,294932.00,294941.27,3984.05,3870.03,no,yes
8981,-0.506056,0.61282340,-0.007157,294984.53,294997.24,1503.53,2013.01,no,yes
8982,1.069199,0.28499376,0.015121,295046.20,295032.37,1016.64,799.22,no,yes
8983,0.663195,0.50721381,0.009379,295160.54,295148.86,1355.62,1125.45,no,yes
8984,-0.902878,0.36660207,-0.012769,295112.21,295133.63,1490.61,1845.45,no,yes
8985,-0.664450,0.50640979,-0.009397,294902.96,294923.25,2079.24,2236.41,no,yes
8986,0.160675,0.87235108,0.002272,310254.40,310249.85,1964.78,2041.38,no,yes
8987,-0.789393,0.42989186,-0.011164,294943.30,294957.18,1172.62,1310.61,no,yes
8988,-0.764463,0.44460023,-0.010811,295021.72,295033.62,1100.06,1101.87,no,yes
8989,-1.266554,0.20533022,-0.017912,305107.47,305127.12,974.44,1207.59,no,yes
8990,-1.387553,0.16528998,-0.019623,294878.85,294902.61,1021.77,1373.67,no,yes
8991,-0.417478,0.67633302,-0.005904,295132.76,295143.19,1666.10,1862.66,no,yes
8992,-0.927115,0.35388160,-0.013111,295256.30,295281.21,1225.54,2391.21,no,yes
8993,1.292603,0.19616477,0.018280,294952.07,294932.93,1197.08,871.97,no,yes
8994,0.062240,0.95037252,0.000880,294892.10,294890.18,2055.25,2297.24,no,yes
8995,-0.975537,0.32930671,-0.013796,295129.47,295176.32,2820.92,3886.93,no,yes
8996,0.015641,0.98752065,0.000221,295028.44,295027.05,6345.78,6195.67,no,yes
8997,-0.092149,0.92658074,-0.001303,294951.12,294956.56,3608.52,4680.05,no,yes
8998,0.787128,0.43121642,0.011132,294873.51,294861.78,1074.58,1031.49,no,yes
8999,0.911284,0.36215861,0.012888,295022.99,294997.40,2380.32,1491.31,no,yes
9000,-0.616387,0.53764643,-0.008717,295064.24,295079.30,1552.76,1887.07,no,yes
9001,-0.018263,0.98542955,-0.000258,295165.72,295166.35,2295.75,2529.17,no,yes
9002,-0.094587,0.92464409,-0.001338,295050.01,295051.39,1042.11,1031.49,no,yes
9003,0.127562,0.89849665,0.001804,294845.00,294843.37,871.61,931.82,no,yes
9004,0.002397,0.99808789,0.000034,294870.12,294870.07,1278.99,1557.61,no,yes
9005,-0.843028,0.39922347,-0.011922,295042.53,295074.28,2397.14,2903.90,no,yes
9006,0.279729,0.77968806,0.003956,294955.21,294950.58,1262.66,1066.36,no,yes
9007,-0.398096,0.69056346,-0.005630,295162.50,295167.71,916.19,933.31,no,yes
9008,-0.859401,0.39013084,-0.012154,295113.04,295129.17,1103.10,1518.08,no,yes
9009,-0.651192,0.51493030,-0.009209,295016.40,295028.18,1202.96,1350.45,no,yes
9010,-0.056620,0.95484871,-0.000801,297919.38,297920.75,1474.88,1907.93,no,yes
9011,-0.157484,0.87486482,-0.002227,295417.24,295419.14,838.59,867.64,no,yes
9012,-0.129137,0.89725020,-0.001826,295354.96,295357.51,1316.30,1481.05,no,yes
9013,0.072715,0.94203401,0.001028,295323.37,295316.94,6121.69,6391.32,no,yes
9014,-0.674934,0.49972564,-0.009545,311927.60,311937.44,982.09,1077.61,no,yes
9015,1.052360,0.29264758,0.014883,294959.57,294942.14,1279.98,1052.05,no,yes
9016,-0.819857,0.41230763,-0.011595,295052.27,295063.16,882.35,994.45,no,yes
9017,-0.206496,0.83640547,-0.002920,295089.78,295107.97,6112.84,6342.20,no,yes
9018,-0.134754,0.89280760,-0.001906,295150.96,295157.66,3241.33,3768.38,no,yes
9019,-0.531216,0.59527475,-0.007513,295088.82,295102.40,1693.76,1913.97,no,yes
9020,-0.859471,0.39009136,-0.012155,308857.42,308877.24,1802.08,1437.10,no,yes
9021,-0.272097,0.78555050,-0.003848,294981.85,294988.16,1554.32,1719.35,no,yes
9022,0.032196,0.97431601,0.000455,294973.51,294972.78,1670.12,1530.28,no,yes
9023,0.281680,0.77819190,0.003984,294806.03,294801.93,1014.09,1044.15,no,yes
9024,-0.189596,0.84962748,-0.002681,294849.61,294853.73,1382.27,1670.78,no,yes
9025,0.444954,0.65635764,0.006293,295186.90,295168.96,3053.39,2631.82,no,yes
9026,-0.692228,0.48880224,-0.009790,294969.72,294978.03,779.69,912.65,no,yes
9027,0.220447,0.82552509,0.003118,295172.28,295167.45,1716.50,1360.13,no,yes
9028,0.572961,0.56667766,0.008103,294766.59,294758.44,1010.56,999.49,no,yes
9029,0.772249,0.43997597,0.010921,295005.94,294993.05,1235.29,1121.13,no,yes
9030,0.135008,0.89260669,0.001909,295132.78,295129.26,1942.84,1738.93,no,yes
9031,0.275223,0.78314801,0.003892,294908.06,294901.31,1849.89,1611.15,no,yes
9032,-0.374681,0.70790229,-0.005299,294873.62,294881.30,1627.68,1248.95,no,yes
9033,0.467033,0.64048179,0.006605,296293.64,296279.79,2226.77,1957.53,no,yes
9034,-0.064353,0.94868951,-0.000910,294799.88,294800.78,977.82,999.01,no,yes
9035,0.429311,0.66770138,0.006071,294939.21,294926.13,2007.15,2291.75,no,yes
9036,-0.076775,0.93880363,-0.001086,295061.05,295062.88,1770.85,1590.83,no,yes
9037,0.566108,0.57132645,0.008006,295000.10,294982.28,2155.49,2295.36,no,yes
9038,0.037577,0.97002527,0.000531,295323.06,295319.59,6573.83,6495.07,no,yes
9039,-1.092825,0.27448409,-0.015455,303799.90,303817.41,1048.18,1212.17,no,yes
9040,-0.326611,0.74396545,-0.004619,295155.09,295165.39,1953.49,2474.36,no,yes
9041,0.028100,0.97758243,0.000397,295133.03,295132.35,1580.45,1813.68,no,yes
9042,-0.144196,0.88534694,-0.002039,295099.57,295105.08,2593.52,2810.50,no,yes
9043,0.007615,0.99392441,0.000108,294811.30,294811.20,1033.06,981.33,no,yes
9044,-0.031098,0.97519181,-0.000440,294741.67,294742.09,995.21,931.48,no,yes
9045,-1.452273,0.14644154,-0.020538,294941.60,294960.92,876.72,1000.20,no,yes
9046,-0.589494,0.55553688,-0.008337,294914.31,294931.26,2069.94,1996.42,no,yes
9047,-0.971208,0.33146054,-0.013735,294850.07,294876.02,1186.71,2393.17,no,yes
9048,-0.880417,0.37864781,-0.012451,294842.54,294875.62,1673.11,3364.36,no,yes
9049,-0.561965,0.57414669,-0.007947,294933.43,294941.25,860.06,1094.64,no,yes
9050,-0.963993,0.33506330,-0.013633,294888.75,294906.44,974.11,1555.43,no,yes
9051,-1.457405,0.14503181,-0.020611,294819.54,294877.67,1085.29,3838.51,no,yes
9052,-0.187195,0.85150975,-0.002647,305507.80,305512.81,2242.14,1463.45,no,yes
9053,0.106165,0.91545263,0.001501,294976.84,294973.28,2577.73,2134.38,no,yes
9054,0.298553,0.76528438,0.004222,294889.60,294882.22,1721.25,1774.08,no,yes
9055,0.042315,0.96624802,0.000598,294910.42,294909.47,1535.60,1655.85,no,yes
9056,0.389037,0.69725363,0.005502,295176.21,295157.75,3975.23,2587.14,no,yes
9057,-0.045815,0.96345836,-0.000648,295208.05,295209.54,2247.72,2364.05,no,yes
9058,1.151584,0.24950722,0.016286,295177.65,295098.71,5550.76,4022.94,no,yes
9059,0.454372,0.64956595,0.006426,295247.02,295235.83,1812.49,1668.69,no,yes
9060,0.318163,0.75036436,0.004500,294877.96,294871.07,1538.26,1522.88,no,yes
9061,-0.576684,0.56416071,-0.008156,294862.66,294877.12,1328.28,2125.35,no,yes
9062,-0.797654,0.42508259,-0.011281,295017.03,295051.35,2288.87,3641.93,no,yes
9063,-0.139575,0.88899757,-0.001974,295143.69,295146.61,1777.18,1092.89,no,yes
9064,0.423881,0.67165766,0.005995,295071.24,295065.12,1109.48,923.55,no,yes
9065,-0.977617,0.32827774,-0.013826,294743.30,294763.80,1122.12,1772.31,no,yes
9066,-0.672257,0.50142756,-0.009507,295057.61,295065.99,879.36,883.65,no,yes
9067,-0.492834,0.62213611,-0.006970,295717.88,295728.64,1215.94,1813.28,no,yes
9068,0.012063,0.99037578,0.000171,295140.11,295139.72,2664.81,1880.15,no,yes
9069,-0.146177,0.88378296,-0.002067,294835.84,294838.40,1263.16,1216.40,no,yes
9070,-0.988661,0.32284372,-0.013982,307201.51,307239.27,1922.76,3300.41,no,yes
9071,-0.016261,0.98702617,-0.000230,295051.59,295052.59,4537.25,4214.54,no,yes
9072,-0.648556,0.51663450,-0.009172,294841.35,294858.31,1376.75,2224.37,no,yes
9073,-0.512903,0.60802485,-0.007254,294900.80,294909.15,1131.95,1170.98,no,yes
9074,0.156409,0.87571246,0.002212,295114.90,295110.74,1903.77,1855.50,no,yes
9075,-0.071359,0.94311253,-0.001009,363924.85,363929.03,4474.53,3784.46,no,yes
9076,-0.026294,0.97902350,-0.000372,295025.12,295027.45,6101.87,6409.73,no,yes
9077,-0.449628,0.65298472,-0.006359,295112.79,295133.93,2559.81,3942.23,no,yes
9078,0.603641,0.54608962,0.008537,295048.81,295028.77,2611.35,2048.14,no,yes
9079,1.006803,0.31404476,0.014238,295103.24,295075.36,2392.24,1394.68,no,yes
9080,-0.539590,0.58948590,-0.007631,295132.39,295144.41,1524.38,1625.07,no,yes
9081,0.130139,0.89645812,0.001840,363900.82,363896.28,2629.99,2287.58,no,yes
9082,-0.753375,0.45123395,-0.010654,295024.07,295034.98,880.84,1149.43,no,yes
9083,-0.429888,0.66728264,-0.006080,295002.02,295012.75,1297.12,2134.22,no,yes
9084,-0.272713,0.78507705,-0.003857,294851.99,294858.91,1665.15,1912.16,no,yes
9085,-0.336540,0.73646750,-0.004759,393211.53,393216.30,1005.14,1000.16,no,yes
9086,0.173749,0.86206487,0.002457,294951.75,294946.97,2478.21,1203.55,no,yes
9087,1.309149,0.19050086,0.018514,294886.81,294865.95,1311.83,905.05,no,yes
9088,0.067512,0.94617502,0.000955,294935.08,294932.64,2734.41,2350.18,no,yes
9089,-0.431272,0.66627551,-0.006099,295081.42,295087.55,986.25,1024.18,no,yes
9090,0.330805,0.74079561,0.004678,295013.05,295008.76,937.36,897.72,no,yes
9091,0.108160,0.91387023,0.001530,294931.33,294927.91,2105.63,2353.72,no,yes
9092,0.618126,0.53650113,0.008742,295047.89,295035.46,1749.41,990.40,no,yes
9093,-0.539987,0.58921181,-0.007637,295059.53,295066.56,901.23,937.51,no,yes
9094,-0.310612,0.75609924,-0.004393,295044.70,295052.27,1558.42,1873.20,no,yes
9095,0.022815,0.98179789,0.000323,295046.42,295046.05,1192.97,1118.51,no,yes
9096,0.322885,0.74678584,0.004566,294761.38,294748.80,3106.37,2350.82,no,yes
9097,0.679411,0.49688562,0.009608,295114.34,295098.70,1666.14,1590.03,no,yes
9098,1.210103,0.22625375,0.017113,295109.12,295092.82,1005.80,895.95,no,yes
9099,0.081480,0.93506087,0.001152,294827.09,294824.95,2100.36,1579.10,no,yes
9100,0.069498,0.94459387,0.000983,295282.79,295280.64,2392.38,1954.32,no,yes
9101,-1.983526,0.04732325,-0.028051,294982.16,295030.97,1498.67,1952.13,yes,yes
9102,0.582610,0.56016255,0.008239,294906.34,294890.88,2009.23,1733.68,no,yes
9103,0.820146,0.41214268,0.011599,295026.61,295016.44,931.41,819.53,no,yes
9104,0.424746,0.67102722,0.006007,294795.92,294775.50,3964.73,2718.23,no,yes
9105,-1.831869,0.06698753,-0.025907,295030.05,295073.86,1379.23,1953.57,no,yes
9106,0.616311,0.53769647,0.008716,294878.99,294869.07,1149.95,1127.23,no,yes
9107,-0.028429,0.97732053,-0.000402,295040.09,295040.48,931.67,977.52,no,yes
9108,-0.872709,0.38283237,-0.012342,294957.15,294971.28,1176.56,1111.34,no,yes
9109,-0.716436,0.47373055,-0.010132,294889.19,294906.63,1639.06,1800.14,no,yes
9110,-0.149087,0.88148658,-0.002108,294835.58,294837.59,914.54,989.23,no,yes
9111,-0.320489,0.74860133,-0.004532,294984.86,294988.95,925.04,878.39,no,yes
9112,0.367989,0.71288566,0.005204,295177.90,295169.28,1698.63,1614.66,no,yes
9113,-0.360371,0.71857342,-0.005096,295033.42,295038.95,1022.91,1141.67,no,yes
9114,-0.102720,0.91818606,-0.001453,295113.13,295115.85,1367.16,2271.59,no,yes
9115,0.095554,0.92387566,0.001351,294846.24,294841.40,3807.16,3332.98,no,yes
9116,-0.302962,0.76192187,-0.004285,294957.48,294967.54,2620.67,2035.65,no,yes
9117,-0.508176,0.61133576,-0.007187,294955.71,294978.82,3212.97,3217.08,no,yes
9118,1.268674,0.20457288,0.017942,295380.74,295359.48,1303.34,1052.42,no,yes
9119,-0.145814,0.88406968,-0.002062,295039.82,295048.14,3953.24,4109.94,no,yes
9120,-0.536080,0.59190928,-0.007581,294951.34,294959.36,1021.04,1094.21,no,yes
9121,-0.038730,0.96910595,-0.000548,294998.87,294999.76,1239.79,1933.89,no,yes
9122,-1.013021,0.31106233,-0.014326,304879.05,304895.67,1155.34,1165.01,no,yes
9123,0.586922,0.55726301,0.008300,294794.41,294786.82,914.22,915.37,no,yes
9124,-1.125916,0.26021892,-0.015923,295218.01,295241.31,960.46,1833.02,no,yes
9125,0.940605,0.34691862,0.013302,295069.41,295056.42,986.86,966.02,no,yes
9126,0.260602,0.79440242,0.003685,294894.08,294887.77,1558.32,1853.57,no,yes
9127,0.361318,0.71786589,0.005110,294867.54,294856.61,2031.34,2241.09,no,yes
9128,-0.084525,0.93263998,-0.001195,295132.70,295133.97,1000.55,1121.39,no,yes
9129,-1.841706,0.06554160,-0.026046,294939.55,294980.53,768.17,2088.17,no,yes
9130,0.185860,0.85255669,0.002628,295147.18,295142.49,1814.65,1746.88,no,yes
9131,-0.129735,0.89677766,-0.001835,295096.01,295097.76,931.41,979.13,no,yes
9132,0.323768,0.74611741,0.004579,294866.47,294861.73,953.39,1112.81,no,yes
9133,1.420452,0.15549326,0.020088,297889.70,297869.79,1130.61,828.85,no,yes
9134,1.041148,0.29782028,0.014724,294929.12,294912.74,1249.20,956.05,no,yes
9135,-0.156153,0.87591414,-0.002208,295056.34,295070.08,6092.18,6344.15,no,yes
9136,0.017653,0.98591575,0.000250,295130.41,295129.62,3605.56,2645.04,no,yes
9137,-0.642648,0.52046118,-0.009088,295161.41,295179.16,1538.11,2293.07,no,yes
9138,-0.049257,0.96071495,-0.000697,294883.68,294885.17,2123.37,2150.45,no,yes
9139,-0.344629,0.73037697,-0.004874,294987.89,294995.33,1420.88,1626.53,no,yes
9140,-1.393225,0.16357225,-0.019703,295012.02,295074.33,2095.81,3950.90,no,yes
9141,-0.240187,0.81018790,-0.003397,295205.38,295211.23,1813.68,1622.66,no,yes
9142,0.010631,0.99151787,0.000150,294986.07,294985.68,2885.94,2162.74,no,yes
9143,-0.658986,0.50991212,-0.009319,294925.61,294943.58,1921.81,1935.32,no,yes
9144,-0.162381,0.87100712,-0.002296,294932.82,294935.18,1044.74,1010.79,no,yes
9145,0.250219,0.80242096,0.003539,294984.13,294980.66,1020.10,939.33,no,yes
9146,-0.288428,0.77302199,-0.004079,295105.84,295114.54,1930.55,2318.11,no,yes
9147,-0.489421,0.62454889,-0.006921,294852.69,294868.16,2037.21,2417.70,no,yes
9148,-0.391906,0.69513215,-0.005542,295065.36,295070.59,829.72,1043.58,no,yes
9149,0.032543,0.97403962,0.000460,294802.57,294801.08,3364.20,3119.34,no,yes
9150,-0.640742,0.52169763,-0.009061,294889.02,294902.62,1356.93,1633.16,no,yes
9151,-0.021273,0.98302777,-0.000301,295173.39,295174.40,3304.72,3405.47,no,yes
9152,-0.969774,0.33217172,-0.013715,295086.30,295122.72,2312.20,2958.89,no,yes
9153,-0.624809,0.53210460,-0.008836,295106.32,295125.51,1777.68,2504.12,no,yes
9154,-0.424978,0.67085783,-0.006010,294866.57,294872.17,830.12,1023.15,no,yes
9155,1.285123,0.19876535,0.018174,295017.09,294995.87,1321.64,989.34,no,yes
9156,-0.489779,0.62429598,-0.006927,294765.70,294772.71,1059.41,962.59,no,yes
9157,-0.585280,0.55836756,-0.008277,295011.40,295041.61,2738.54,4375.84,no,yes
9158,-1.686872,0.09165024,-0.023856,294870.00,294920.65,1241.12,2734.10,no,yes
9159,-0.640489,0.52186368,-0.009058,295053.31,295067.24,1096.79,1878.15,no,yes
9160,-1.080793,0.27980295,-0.015285,295000.77,295022.80,1245.70,1613.14,no,yes
9161,-0.129381,0.89705721,-0.001830,294774.26,294776.01,1000.81,919.27,no,yes
9162,0.112876,0.91012996,0.001596,295092.59,295089.41,2220.39,1728.81,no,yes
9163,-1.168633,0.24256575,-0.016527,294931.75,294950.85,1067.05,1238.52,no,yes
9164,-0.474041,0.63547747,-0.006704,294936.47,294947.60,1157.99,2044.00,no,yes
9165,-0.180191,0.85700424,-0.002548,294924.00,294933.35,3637.14,3695.55,no,yes
9166,-0.440788,0.65937162,-0.006234,294737.13,294742.76,958.38,845.16,no,yes
9167,1.118295,0.26345488,0.015815,294973.70,294958.54,1026.72,885.44,no,yes
9168,0.553529,0.57990847,0.007828,294833.84,294824.97,1373.83,823.58,no,yes
9169,-0.323862,0.74604643,-0.004580,294859.11,294870.14,2077.97,2699.26,no,yes
9170,0.391705,0.69528018,0.005540,295089.06,295082.68,1223.65,1077.15,no,yes
9171,-0.809212,0.41840314,-0.011444,294797.41,294819.03,1661.52,2092.22,no,yes
9172,0.750656,0.45286830,0.010616,294903.78,294890.36,1289.73,1237.91,no,yes
9173,-0.003200,0.99744693,-0.000045,294845.06,294845.10,915.59,975.07,no,yes
9174,0.111834,0.91095602,0.001582,294770.71,294767.86,1709.14,1897.90,no,yes
9175,1.156898,0.24732818,0.016361,295089.86,295075.43,927.03,835.39,no,yes
9176,0.294192,0.76861472,0.004160,310379.74,310366.49,3627.56,2670.13,no,yes
9177,0.696657,0.48602942,0.009852,294867.26,294844.47,3028.46,1237.10,no,yes
9178,-1.005067,0.31487759,-0.014214,295077.37,295091.95,890.76,1144.72,no,yes
9179,0.753621,0.45108584,0.010658,364442.56,364409.14,3421.71,2822.13,no,yes
9180,-0.386851,0.69887048,-0.005471,295079.89,295097.38,3320.79,3068.80,no,yes
9181,0.056039,0.95531118,0.000793,295137.64,295132.54,6427.25,6428.31,no,yes
9182,0.139117,0.88935885,0.001967,295076.61,295074.90,905.13,831.00,no,yes
9183,0.314207,0.75336680,0.004444,294949.00,294944.56,1049.00,943.98,no,yes
9184,-0.025774,0.97943789,-0.000364,295221.34,295222.77,3967.14,3900.92,no,yes
9185,-0.375138,0.70756169,-0.005305,295213.39,295246.94,6232.10,6415.42,no,yes
9186,-0.255347,0.79845795,-0.003611,294998.39,295004.56,1575.40,1830.69,no,yes
9187,0.771705,0.44030118,0.010914,294882.38,294856.64,2948.23,1558.96,no,yes
9188,0.262095,0.79325108,0.003707,294839.41,294835.24,1150.20,1099.66,no,yes
9189,-0.592629,0.55343591,-0.008381,294956.25,294964.54,950.79,1025.18,no,yes
9190,0.249756,0.80277842,0.003532,294890.11,294886.87,896.84,939.54,no,yes
9191,0.851388,0.39456436,0.012040,294833.85,294819.21,1249.93,1180.19,no,yes
9192,0.307670,0.75833667,0.004351,302548.35,302544.02,1020.55,967.43,no,yes
9193,0.219914,0.82594084,0.003110,295114.66,295108.43,2241.26,1732.18,no,yes
9194,-0.534897,0.59272731,-0.007565,295076.09,295085.11,1230.05,1153.16,no,yes
9195,-0.172904,0.86272876,-0.002445,294873.12,294875.83,1108.01,1104.86,no,yes
9196,0.127242,0.89875011,0.001799,295089.53,295087.77,986.44,969.73,no,yes
9197,-0.109988,0.91242042,-0.001555,295128.62,295134.10,3817.30,3198.39,no,yes
9198,-0.300740,0.76361587,-0.004253,295003.91,295032.00,6428.06,6777.65,no,yes
9199,0.814106,0.41559748,0.011513,294945.54,294904.48,4496.11,2286.19,no,yes
9200,0.556351,0.57797701,0.007868,295034.37,295027.20,942.13,879.04,no,yes
9201,0.783837,0.43314741,0.011085,295037.41,295004.29,3633.98,2154.83,no,yes
9202,0.434175,0.66416653,0.006140,294889.19,294874.68,2737.71,1918.34,no,yes
9203,0.047069,0.96245855,0.000666,295056.36,295055.71,1039.77,926.13,no,yes
9204,-0.223170,0.82340551,-0.003156,294923.75,294926.53,901.05,859.56,no,yes
9205,0.095376,0.92401681,0.001349,294811.40,294807.87,2897.56,2301.69,no,yes
9206,0.880354,0.37868092,0.012450,294795.32,294773.71,2148.45,1185.61,no,yes
9207,-0.319818,0.74910934,-0.004523,294952.25,294957.72,1148.01,1263.93,no,yes
9208,-1.194993,0.23210442,-0.016900,294982.09,295003.11,1100.77,1371.92,no,yes
9209,-0.520389,0.60279849,-0.007359,295015.03,295037.57,2785.31,3317.06,no,yes
9210,-1.142091,0.25343036,-0.016152,294856.31,294880.18,1364.63,1583.18,no,yes
9211,0.277855,0.78112710,0.003929,294777.80,294770.71,2139.76,1392.80,no,yes
9212,0.277360,0.78150754,0.003922,294835.32,294828.35,2161.63,1278.61,no,yes
9213,-0.089571,0.92862882,-0.001267,294728.11,294729.18,872.16,816.14,no,yes
9214,-1.502128,0.13308219,-0.021243,295206.00,295232.25,965.88,1456.55,no,yes
9215,0.155110,0.87673624,0.002194,294905.94,294902.12,1942.32,1513.51,no,yes
9216,0.022312,0.98219957,0.000316,295176.49,295175.30,3857.94,3678.89,no,yes
9217,0.210473,0.83330083,0.002977,295105.30,295100.04,1833.30,1699.62,no,yes
9218,-0.332229,0.73972009,-0.004698,294947.95,294964.38,3283.95,3698.00,no,yes
9219,-0.633890,0.52616010,-0.008965,294900.61,294913.48,1446.42,1425.35,no,yes
9220,-0.229648,0.81836756,-0.003248,295041.99,295053.14,3516.78,3344.59,no,yes
9221,-0.520304,0.60285912,-0.007358,294861.51,294873.59,1142.99,2021.74,no,yes
9222,0.060084,0.95208951,0.000850,295094.75,295092.11,3166.85,3043.43,no,yes
9223,0.332267,0.73969100,0.004699,295125.18,295116.16,2037.93,1792.69,no,yes
9224,-0.821842,0.41117703,-0.011623,294881.66,294892.90,851.19,1070.92,no,yes
9225,0.951099,0.34156641,0.013451,295042.16,295027.11,1258.12,960.77,no,yes
9226,1.137739,0.25524335,0.016090,294781.07,294765.77,972.49,929.39,no,yes
9227,-0.118427,0.90573036,-0.001675,295047.80,295049.46,999.96,980.71,no,yes
9228,-0.368769,0.71230395,-0.005215,294860.55,294866.08,1015.23,1105.68,no,yes
9229,-0.839335,0.40129162,-0.011870,295004.90,295017.89,1024.18,1159.17,no,yes
9230,-0.244052,0.80719312,-0.003451,295102.67,295106.29,1057.56,1040.88,no,yes
9231,-0.069471,0.94461512,-0.000982,294894.89,294896.81,2017.16,1878.91,no,yes
9232,0.829721,0.40670831,0.011734,294819.27,294786.63,3295.71,2147.98,no,yes
9233,-0.193749,0.84637428,-0.002740,295155.28,295164.35,3265.05,3357.09,no,yes
9234,-0.418700,0.67543990,-0.005921,295110.38,295116.55,1000.10,1080.81,no,yes
9235,-0.426785,0.66954060,-0.006036,295131.49,295149.96,2931.62,3185.09,no,yes
9236,-0.031484,0.97488408,-0.000445,304197.91,304206.10,18354.46,18437.14,no,yes
9237,-0.124173,0.90117963,-0.001756,295075.29,295078.61,2177.85,1555.01,no,yes
9238,-0.116209,0.90748808,-0.001643,295107.42,295111.16,2322.98,2227.07,no,yes
9239,-1.101163,0.27084259,-0.015573,294875.13,294904.42,1301.74,2319.68,no,yes
9240,-0.711019,0.47708232,-0.010055,295158.76,295180.54,1598.67,2613.77,no,yes
9241,1.178925,0.23844312,0.016673,294995.91,294979.05,1139.09,864.21,no,yes
9242,-0.417207,0.67653134,-0.005900,294992.94,295005.32,2001.04,2191.90,no,yes
9243,0.134038,0.89337375,0.001896,294913.49,294911.72,1014.30,846.25,no,yes
9244,-0.607732,0.54337244,-0.008595,294978.55,294992.76,1447.83,1836.49,no,yes
9245,-0.987431,0.32344382,-0.013964,294968.51,294987.90,1207.84,1547.77,no,yes
9246,-0.112832,0.91016527,-0.001596,294848.98,294852.33,2190.95,2009.75,no,yes
9247,0.120587,0.90401938,0.001705,294839.18,294837.38,987.57,1123.51,no,yes
9248,-1.217213,0.22354314,-0.017214,294978.74,295037.65,2091.64,4364.20,no,yes
9249,-0.285559,0.77521918,-0.004038,295122.49,295139.63,4119.84,4363.56,no,yes
9250,-0.514546,0.60687571,-0.007277,294951.62,294958.76,943.40,1019.32,no,yes
9251,-0.919784,0.35769666,-0.013008,295527.20,295540.02,936.72,1032.55,no,yes
9252,-0.015744,0.98743883,-0.000223,295006.16,295006.56,1768.81,1830.88,no,yes
9253,-0.194638,0.84567840,-0.002753,295128.85,295137.64,3186.39,3197.90,no,yes
9254,0.479498,0.63159025,0.006781,294957.42,294931.99,4217.81,3214.13,no,yes
9255,0.471195,0.63750645,0.006664,294892.54,294877.82,2323.02,2089.29,no,yes
9256,0.086299,0.93122928,0.001220,393220.14,393217.42,2429.38,1990.12,no,yes
9257,-0.499921,0.61713692,-0.007070,295053.33,295066.67,1621.38,2120.40,no,yes
9258,-0.608719,0.54271757,-0.008609,294838.44,294847.89,1073.69,1122.87,no,yes
9259,1.207214,0.22736445,0.017073,295081.99,295065.71,1045.82,850.76,no,yes
9260,-1.032577,0.30181453,-0.014603,294802.52,294817.64,991.83,1078.24,no,yes
9261,-0.344957,0.73012999,-0.004878,295049.96,295059.70,1906.61,2081.57,no,yes
9262,0.919403,0.35789784,0.013002,294973.64,294948.63,2308.59,1438.40,no,yes
9263,0.489977,0.62415540,0.006929,295096.63,295088.88,1165.12,1070.32,no,yes
9264,0.504868,0.61365709,0.007140,295058.95,295050.97,1145.83,1090.43,no,yes
9265,-0.660910,0.50867773,-0.009347,294778.45,294791.56,1314.74,1485.00,no,yes
9266,-0.302422,0.76233330,-0.004277,363849.88,363855.10,1224.55,1216.41,no,yes
9267,-0.764285,0.44470676,-0.010809,294911.57,294923.14,996.00,1140.54,no,yes
9268,-0.490334,0.62390433,-0.006934,295069.10,295085.81,1718.05,2942.84,no,yes
9269,-0.156337,0.87576885,-0.002211,294850.66,294853.41,1117.61,1363.06,no,yes
9270,-0.497757,0.61866118,-0.007039,295258.28,295270.69,1928.96,1579.77,no,yes
9271,0.323364,0.74642320,0.004573,294842.92,294837.75,1172.91,1087.65,no,yes
9272,0.238498,0.81149760,0.003373,295273.17,295265.55,2421.11,2086.88,no,yes
9273,-0.607691,0.54340006,-0.008594,294829.70,294848.86,1891.54,2521.96,no,yes
9274,1.473717,0.14057538,0.020842,295006.62,294984.62,1224.01,855.02,no,yes
9275,-0.729683,0.46559588,-0.010319,294997.24,295034.73,2253.40,4616.13,no,yes
9276,-0.995707,0.31940503,-0.014081,295088.66,295103.10,953.96,1092.49,no,yes
9277,-1.277884,0.20130532,-0.018072,307560.26,307589.45,1521.85,1702.91,no,yes
9278,-0.394967,0.69287219,-0.005586,297917.12,297925.50,1061.81,1835.45,no,yes
9279,0.082397,0.93433209,0.001165,295164.43,295161.53,2724.10,2231.07,no,yes
9280,1.397607,0.16224927,0.019765,294820.85,294799.67,1270.37,826.48,no,yes
9281,-1.211283,0.22580117,-0.017130,294845.54,294865.40,1133.87,1184.50,no,yes
9282,0.695981,0.48644981,0.009843,294993.09,294980.00,1532.87,1090.19,no,yes
9283,-0.510585,0.60964717,-0.007221,294793.37,294810.06,2315.45,2307.57,no,yes
9284,1.508371,0.13148264,0.021332,294808.34,294768.00,2445.79,1080.71,no,yes
9285,0.768192,0.44238289,0.010864,296224.07,296203.90,2094.08,1583.67,no,yes
9286,-0.500517,0.61671678,-0.007078,295012.13,295019.93,1129.63,1071.55,no,yes
9287,-0.410866,0.68117622,-0.005811,297924.08,297932.06,972.41,1683.50,no,yes
9288,-0.721964,0.47032544,-0.010210,295073.28,295082.68,859.13,978.85,no,yes
9289,-0.560532,0.57512273,-0.007927,295062.09,295069.14,849.41,928.11,no,yes
9290,-0.015932,0.98728902,-0.000225,295070.25,295070.76,2162.10,2356.41,no,yes
9291,-0.706405,0.47994488,-0.009990,295141.93,295160.99,1839.13,1974.75,no,yes
9292,0.407747,0.68346430,0.005766,294938.26,294915.49,4711.04,2998.18,no,yes
9293,-0.112620,0.91033279,-0.001593,295034.67,295036.10,871.56,928.52,no,yes
9294,-0.160848,0.87221447,-0.002275,294878.65,294880.88,917.97,1036.13,no,yes
9295,-0.615557,0.53819396,-0.008705,295024.38,295082.67,6528.98,6857.65,no,yes
9296,0.524819,0.59971484,0.007422,295106.81,295099.70,1016.49,893.18,no,yes
9297,-0.995302,0.31960148,-0.014076,294961.86,294977.47,1025.68,1185.93,no,yes
9298,-0.832216,0.40529708,-0.011769,294916.13,294929.53,1160.13,1116.65,no,yes
9299,-0.240357,0.81005562,-0.003399,295026.54,295037.95,3249.68,3459.28,no,yes
9300,-1.328451,0.18404496,-0.018787,294947.63,294967.37,932.83,1156.51,no,yes
9301,0.174303,0.86162949,0.002465,294775.65,294772.63,1276.81,1179.09,no,yes
9302,1.016658,0.30932859,0.014378,294848.35,294831.80,1231.67,1064.79,no,yes
9303,-1.636117,0.10183403,-0.023138,295062.87,295111.13,1538.18,2517.34,no,yes
9304,-1.431564,0.15228885,-0.020245,294974.18,295013.04,1289.04,2389.15,no,yes
9305,-0.058422,0.95341300,-0.000826,294843.97,294845.44,2042.41,1450.44,no,yes
9306,-0.697583,0.48544664,-0.009865,295061.34,295086.57,2288.10,2800.07,no,yes
9307,-1.077926,0.28107967,-0.015244,295122.13,295135.65,846.75,925.02,no,yes
9308,-0.392126,0.69496954,-0.005545,295074.80,295085.33,2042.79,1744.37,no,yes
9309,0.997378,0.31859481,0.014105,294796.80,294779.84,1408.46,953.95,no,yes
9310,-0.193065,0.84690978,-0.002730,294804.47,294808.99,1419.97,1858.79,no,yes
9311,-0.009015,0.99280707,-0.000127,294729.10,294729.23,1076.08,939.79,no,yes
9312,-1.989556,0.04665812,-0.028137,294764.18,294799.03,797.06,1559.88,yes,yes
9313,-0.294698,0.76822732,-0.004168,295074.60,295078.22,854.60,879.90,no,yes
9314,0.294389,0.76846338,0.004163,294908.03,294903.18,1183.59,1143.36,no,yes
9315,0.466726,0.64070112,0.006601,295000.64,294986.25,2027.57,2322.96,no,yes
9316,0.034854,0.97219629,0.000493,295262.20,295259.09,6340.10,6261.86,no,yes
9317,-0.135285,0.89238757,-0.001913,309047.04,309056.11,4909.33,4563.75,no,yes
9318,0.877002,0.38049934,0.012403,295175.69,295136.65,3927.78,2096.45,no,yes
9319,0.048354,0.96143458,0.000684,294984.08,294982.54,2514.78,1947.51,no,yes
9320,0.172389,0.86313375,0.002438,294831.26,294824.84,2674.34,2597.25,no,yes
9321,-0.001641,0.99869052,-0.000023,295085.22,295085.26,1568.33,1905.20,no,yes
9322,0.079393,0.93672118,0.001123,294809.52,294806.53,2803.50,2510.58,no,yes
9323,-0.979331,0.32742856,-0.013850,295495.43,295509.27,937.21,1058.90,no,yes
9324,-0.381930,0.70251756,-0.005401,294886.24,294893.38,1060.06,1538.64,no,yes
9325,0.252919,0.80033310,0.003577,294752.72,294749.17,1045.91,938.30,no,yes
9326,-0.374061,0.70836268,-0.005290,294880.89,294886.20,988.20,1021.68,no,yes
9327,0.597902,0.54991230,0.008456,294902.70,294894.66,982.03,918.92,no,yes
9328,-0.445333,0.65608422,-0.006298,294903.23,294909.31,960.16,969.94,no,yes
9329,0.371696,0.71012323,0.005257,295234.12,295229.59,856.05,864.89,no,yes
9330,-0.043622,0.96520601,-0.000617,294927.05,294928.18,1881.83,1780.84,no,yes
9331,0.489821,0.62426630,0.006927,294846.80,294840.33,950.51,915.54,no,yes
9332,-0.367293,0.71340465,-0.005194,294927.60,294946.73,3222.90,4094.24,no,yes
9333,1.368481,0.17117836,0.019353,308916.67,308900.20,976.92,702.60,no,yes
9334,-0.268892,0.78801547,-0.003803,295088.61,295092.39,992.00,997.37,no,yes
9335,0.015274,0.98781367,0.000216,295173.73,295173.39,1550.57,1532.59,no,yes
9336,1.191482,0.23348454,0.016850,310406.25,310345.94,4588.62,2138.36,no,yes
9337,-0.528959,0.59683959,-0.007481,295036.84,295062.51,3249.58,3605.59,no,yes
9338,-0.090120,0.92819304,-0.001274,294772.58,294776.52,3045.92,3133.69,no,yes
9339,-1.255800,0.20920317,-0.017760,300655.57,300671.58,862.62,939.11,no,yes
9340,-0.086448,0.93111110,-0.001223,295694.18,295695.22,803.91,894.53,no,yes
9341,-0.535573,0.59225964,-0.007574,295169.99,295181.34,1423.03,1570.99,no,yes
9342,-0.038416,0.96935660,-0.000543,294771.45,294771.99,936.86,1027.96,no,yes
9343,-0.005327,0.99574990,-0.000075,299402.83,299405.80,39411.07,39434.28,no,yes
9344,-0.059894,0.95224095,-0.000847,294920.05,294921.45,1695.39,1606.02,no,yes
9345,-0.273349,0.78458793,-0.003866,310322.59,310326.08,903.39,901.65,no,yes
9346,0.189838,0.84943824,0.002685,301040.85,301038.02,1034.08,1075.17,no,yes
9347,-0.068736,0.94520016,-0.000972,295126.94,295129.09,1994.90,2408.41,no,yes
9348,0.691559,0.48922493,0.009780,295119.12,295103.72,1960.21,1056.35,no,yes
9349,0.060718,0.95158423,0.000859,294788.37,294786.08,3054.58,2200.96,no,yes
9350,-0.426558,0.66970561,-0.006032,294839.38,294844.98,897.48,958.54,no,yes
9351,0.462523,0.64371208,0.006541,295112.91,295085.71,4844.75,3336.33,no,yes
9352,0.825237,0.40924690,0.011671,294722.46,294709.33,1186.24,1060.02,no,yes
9353,-0.330789,0.74080741,-0.004678,294863.17,294868.34,1171.76,1033.18,no,yes
9354,0.114960,0.90847774,0.001626,295287.12,295285.60,958.94,913.83,no,yes
9355,0.202741,0.83934002,0.002867,294966.16,294961.31,2018.66,1287.59,no,yes
9356,0.960288,0.33692201,0.013581,294742.92,294729.88,1036.71,876.99,no,yes
9357,-0.572275,0.56714197,-0.008093,294950.29,294957.38,821.36,926.97,no,yes
9358,-0.590632,0.55477414,-0.008353,294993.69,295006.95,1378.01,1772.64,no,yes
9359,-0.389982,0.69655432,-0.005515,294807.67,294824.95,3238.77,3024.31,no,yes
9360,0.199346,0.84199376,0.002819,294886.87,294884.14,1015.51,922.09,no,yes
9361,0.740198,0.45918845,0.010468,294904.71,294893.00,1146.12,1090.59,no,yes
9362,0.006658,0.99468741,0.000094,294889.84,294889.69,1535.72,1533.35,no,yes
9363,0.182234,0.85540088,0.002577,294872.85,294870.14,1041.88,1062.73,no,yes
9364,-0.028511,0.97725486,-0.000403,294974.66,294975.57,2157.11,2370.52,no,yes
9365,0.313576,0.75384605,0.004435,295178.00,295156.15,4894.50,4956.66,no,yes
9366,-1.002628,0.31605397,-0.014179,295084.35,295142.33,3267.56,4770.93,no,yes
9367,-0.300800,0.76357035,-0.004254,294957.85,294970.01,2509.75,3167.65,no,yes
9368,-0.475408,0.63450156,-0.006723,295295.89,295307.41,1416.34,1967.64,no,yes
9369,0.513137,0.60786095,0.007257,295156.89,295140.09,2384.64,2244.16,no,yes
9370,-1.478051,0.13941443,-0.020903,295045.37,295075.91,994.28,1811.55,no,yes
9371,0.444570,0.65663520,0.006287,294947.91,294941.73,1030.85,935.29,no,yes
9372,-1.450379,0.14696924,-0.020511,294780.23,294803.22,996.52,1232.63,no,yes
9373,0.395248,0.69266388,0.005590,295021.18,295015.49,1074.79,956.83,no,yes
9374,-0.220302,0.82563805,-0.003116,295067.95,295075.65,2477.94,2470.09,no,yes
9375,-0.540852,0.58861608,-0.007649,294992.58,295004.87,1774.32,1420.18,no,yes
9376,0.011353,0.99094212,0.000161,294893.35,294893.05,1945.26,1818.35,no,yes
9377,0.483381,0.62883103,0.006836,294972.64,294959.56,1526.83,2234.46,no,yes
9378,0.144792,0.88487697,0.002048,295094.56,295090.25,2308.01,1887.26,no,yes
9379,0.460242,0.64534806,0.006509,294895.02,294883.09,1995.23,1653.27,no,yes
9380,-0.941653,0.34638222,-0.013317,294989.73,295037.40,3181.67,3936.54,no,yes
9381,-0.400339,0.68891179,-0.005662,295137.06,295148.18,1584.98,2282.41,no,yes
9382,-0.999178,0.31772051,-0.014131,294864.86,294889.20,1662.63,1779.66,no,yes
9383,-0.030250,0.97586774,-0.000428,294891.12,294891.55,934.53,1046.40,no,yes
9384,-1.695617,0.08997974,-0.023980,294789.44,294878.83,2332.58,4727.95,no,yes
9385,-0.348461,0.72749794,-0.004928,295077.66,295082.72,1019.15,1034.38,no,yes
9386,-0.196315,0.84436558,-0.002776,294894.48,294899.12,1656.36,1681.99,no,yes
9387,0.357907,0.72041667,0.005062,294911.91,294906.29,1095.02,1124.53,no,yes
9388,-1.048270,0.29452709,-0.014825,295030.09,295045.03,973.51,1040.22,no,yes
9389,-0.799656,0.42391971,-0.011309,294882.45,294893.61,934.17,1037.58,no,yes
9390,0.745270,0.45611701,0.010540,295101.08,295090.36,1029.68,1003.33,no,yes
9391,-0.427781,0.66881512,-0.006050,294987.69,294994.87,1178.23,1195.20,no,yes
9392,0.001094,0.99912736,0.000015,295048.34,295048.32,1937.54,1559.12,no,yes
9393,-0.163043,0.87048658,-0.002306,296037.66,296042.80,1932.83,2486.18,no,yes
9394,-0.256658,0.79744512,-0.003630,295039.35,295042.57,870.53,900.44,no,yes
9395,-0.290979,0.77107042,-0.004115,295101.19,295105.39,1026.72,1015.55,no,yes
9396,0.104342,0.91689921,0.001476,295170.84,295166.45,2963.91,2994.34,no,yes
9397,-0.415478,0.67779724,-0.005876,294820.64,294831.78,1342.13,2321.21,no,yes
9398,-1.083315,0.27868195,-0.015320,294736.85,294753.60,1014.20,1166.82,no,yes
9399,-0.525016,0.59957780,-0.007425,295047.05,295053.57,821.83,931.98,no,yes
9400,-0.897037,0.36971124,-0.012686,295017.75,295062.38,2881.45,4055.92,no,yes
9401,-0.154635,0.87711030,-0.002187,294857.30,294861.30,1702.89,1947.65,no,yes
9402,-0.404528,0.68582861,-0.005721,294719.42,294724.78,897.77,976.77,no,yes
9403,0.012038,0.99039573,0.000170,295077.78,295077.62,952.51,970.60,no,yes
9404,0.196027,0.84459150,0.002772,295149.69,295143.27,2581.01,2013.56,no,yes
9405,0.034032,0.97285169,0.000481,294735.58,294735.17,817.82,865.32,no,yes
9406,1.506976,0.13183381,0.021312,295327.82,295304.44,1240.52,932.24,no,yes
9407,1.210528,0.22609071,0.017119,295039.63,295023.88,965.14,872.28,no,yes
9408,0.301911,0.76272321,0.004270,294871.10,294866.58,1125.37,986.33,no,yes
9409,-1.260473,0.20751341,-0.017826,295192.90,295210.74,963.80,1036.75,no,yes
9410,0.470281,0.63815969,0.006651,295148.40,295141.29,1105.69,1028.77,no,yes
9411,-0.587167,0.55709824,-0.008304,294781.34,294797.10,1914.27,1881.76,no,yes
9412,0.114806,0.90860003,0.001624,295055.17,295049.25,4175.57,3026.06,no,yes
9413,0.130430,0.89622742,0.001845,295132.44,295127.65,2576.46,2614.34,no,yes
9414,-0.422763,0.67247309,-0.005979,295047.43,295057.54,1607.64,1770.15,no,yes
9415,-0.073791,0.94117735,-0.001044,294848.49,294849.48,934.07,964.38,no,yes
9416,1.821032,0.06861696,0.025753,294901.06,294878.19,901.70,874.22,no,yes
9417,0.760048,0.44723588,0.010749,294871.45,294855.59,1725.63,1171.89,no,yes
9418,-1.290660,0.19683680,-0.018253,294832.54,294849.97,871.55,1032.06,no,yes
9419,0.254920,0.79878773,0.003605,294881.06,294877.75,872.73,960.35,no,yes
9420,-0.113578,0.90957362,-0.001606,295026.17,295030.88,2851.07,3011.87,no,yes
9421,-1.296344,0.19487793,-0.018333,295382.89,295416.82,1113.64,2368.81,no,yes
9422,-0.251556,0.80138687,-0.003558,295037.60,295042.08,1317.72,1199.98,no,yes
9423,1.270012,0.20409586,0.017961,294975.69,294958.66,1058.67,823.58,no,yes
9424,-1.374818,0.16920549,-0.019443,294735.13,294758.07,938.41,1379.87,no,yes
9425,0.222258,0.82411553,0.003143,295127.32,295122.10,1736.54,1580.35,no,yes
9426,-0.154456,0.87725179,-0.002184,294809.18,294811.58,1127.41,1072.95,no,yes
9427,0.454846,0.64922526,0.006432,295010.93,295005.60,818.24,839.21,no,yes
9428,-0.728482,0.46632738,-0.010302,295072.18,295081.96,923.42,975.99,no,yes
9429,-0.987634,0.32334410,-0.013967,294887.24,294902.92,1064.92,1177.59,no,yes
9430,0.421488,0.67340361,0.005961,294925.29,294912.11,2239.66,2182.04,no,yes
9431,-0.631846,0.52749487,-0.008936,294908.42,294918.09,950.99,1200.38,no,yes
9432,0.082973,0.93387398,0.001173,295062.16,295060.97,1016.70,1020.26,no,yes
9433,-0.329600,0.74170551,-0.004661,305444.43,305452.40,1636.84,1778.45,no,yes
9434,-1.164764,0.24412914,-0.016472,295012.47,295047.22,1859.62,2333.33,no,yes
9435,-0.741705,0.45827503,-0.010489,294953.18,294964.13,1052.25,1035.56,no,yes
9436,0.053682,0.95718915,0.000759,295061.11,295060.43,920.09,871.19,no,yes
9437,0.127653,0.89842461,0.001805,295050.12,295048.15,1195.70,968.45,no,yes
9438,0.335629,0.73715452,0.004747,295062.22,295057.62,974.28,965.74,no,yes
9439,-0.957416,0.33836932,-0.013540,294765.56,294778.36,869.73,1014.81,no,yes
9440,-0.928999,0.35290123,-0.013138,294983.68,294996.15,887.12,1007.76,no,yes
9441,-0.013678,0.98908664,-0.000193,294883.98,294884.21,1236.17,1174.08,no,yes
9442,-0.627911,0.53006965,-0.008880,294774.10,294790.08,1998.68,1573.74,no,yes
9443,-0.307215,0.75868332,-0.004345,295071.57,295075.76,925.48,1000.30,no,yes
9444,0.097042,0.92269435,0.001372,294964.67,294962.32,1799.77,1617.93,no,yes
9445,-0.635352,0.52520611,-0.008985,295031.54,295039.65,867.71,936.92,no,yes
9446,-0.773134,0.43945251,-0.010934,294876.46,294901.23,2323.95,2205.59,no,yes
9447,-0.490167,0.62402132,-0.006932,295048.33,295065.94,2458.13,2619.06,no,yes
9448,1.654522,0.09803788,0.023398,294792.72,294770.98,1018.43,830.70,no,yes
9449,0.092887,0.92599405,0.001314,294908.72,294906.31,1815.66,1846.74,no,yes
9450,0.153481,0.87802025,0.002171,295086.39,295084.25,979.83,991.61,no,yes
9451,0.482241,0.62964038,0.006820,295077.15,295060.88,2769.19,1926.31,no,yes
9452,-0.790172,0.42943681,-0.011175,295100.77,295111.06,895.28,947.06,no,yes
9453,0.163360,0.87023655,0.002310,294729.67,294727.54,856.76,982.38,no,yes
9454,-0.037266,0.97027298,-0.000527,294886.81,294888.48,3226.47,3120.72,no,yes
9455,-1.249822,0.21138090,-0.017675,294919.63,294961.01,1898.09,2713.27,no,yes
9456,0.478924,0.63199820,0.006773,295102.67,295090.23,1958.11,1705.44,no,yes
9457,0.039429,0.96854841,0.000558,294794.63,294793.65,2010.58,1496.28,no,yes
9458,-0.033712,0.97310696,-0.000477,294943.77,294944.19,877.27,880.84,no,yes
9459,0.237938,0.81193151,0.003365,296121.63,296115.44,1810.49,1866.81,no,yes
9460,0.440494,0.65958420,0.006230,295001.54,294990.40,1811.88,1764.42,no,yes
9461,-0.583496,0.55956576,-0.008252,294870.83,294884.85,1681.04,1717.72,no,yes
9462,0.243910,0.80730309,0.003449,295100.29,295092.40,2161.18,2407.30,no,yes
9463,1.011929,0.31158802,0.014311,295028.61,294980.72,4192.08,2197.63,no,yes
9464,-0.416062,0.67736947,-0.005884,295150.92,295163.88,2303.02,2098.45,no,yes
9465,0.471023,0.63763008,0.006661,294797.36,294785.48,2073.96,1437.22,no,yes
9466,0.405306,0.68525669,0.005732,295267.28,295261.09,1100.84,1059.70,no,yes
9467,0.039522,0.96847425,0.000559,294940.97,294939.13,3415.34,3160.12,no,yes
9468,-0.542428,0.58753004,-0.007671,294842.68,294850.17,925.32,1022.94,no,yes
9469,-0.100291,0.92011471,-0.001418,295004.79,295007.79,2506.98,1634.23,no,yes
9470,0.263955,0.79181754,0.003733,294820.95,294817.37,978.74,941.24,no,yes
9471,-0.745843,0.45577127,-0.010548,294917.32,294941.82,2255.52,2388.23,no,yes
9472,-0.739902,0.45936831,-0.010464,294847.61,294873.53,2354.35,2595.01,no,yes
9473,1.026164,0.30482698,0.014512,294989.60,294976.08,1006.58,850.10,no,yes
9474,0.385298,0.70002081,0.005449,294734.42,294729.13,949.07,991.43,no,yes
9475,-0.672589,0.50121733,-0.009512,294903.48,294918.80,1311.37,1862.12,no,yes
9476,-0.654238,0.51296628,-0.009252,295085.20,295093.92,889.98,991.61,no,yes
9477,0.253172,0.80013825,0.003580,295063.49,295060.35,862.00,893.61,no,yes
9478,0.240102,0.81025377,0.003396,295045.86,295042.81,893.76,899.22,no,yes
9479,-0.630274,0.52852242,-0.008913,294747.95,294765.54,1925.77,2020.93,no,yes
9480,0.174243,0.86167602,0.002464,295042.75,295040.35,1021.54,916.55,no,yes
9481,0.602190,0.54705500,0.008516,295061.27,295046.07,1596.93,1954.80,no,yes
9482,-0.746389,0.45544150,-0.010556,294919.92,294930.47,919.66,1073.73,no,yes
9483,0.321346,0.74795181,0.004545,294929.06,294925.18,861.99,846.20,no,yes
9484,-0.683572,0.49425432,-0.009667,295047.78,295071.27,1888.31,2869.84,no,yes
9485,-0.397720,0.69084112,-0.005625,295092.32,295101.44,1494.43,1741.66,no,yes
9486,-0.683825,0.49409358,-0.009671,294930.27,294939.09,888.24,934.35,no,yes
9487,1.273540,0.20284144,0.018011,295024.75,295007.88,991.04,878.66,no,yes
9488,0.352759,0.72427252,0.004989,294956.14,294948.54,1516.49,1533.27,no,yes
9489,-0.669434,0.50322669,-0.009467,294863.04,294875.39,1212.52,1389.38,no,yes
9490,0.765104,0.44421873,0.010820,294770.16,294759.65,1037.96,898.51,no,yes
9491,0.017949,0.98567951,0.000254,294889.19,294888.92,1031.52,1133.57,no,yes
9492,-0.402639,0.68721820,-0.005694,294925.12,294934.54,1768.77,1529.22,no,yes
9493,0.038389,0.96937819,0.000543,295121.72,295118.03,6883.86,6716.19,no,yes
9494,0.689829,0.49030970,0.009756,295098.92,295086.75,1358.73,1124.49,no,yes
9495,-0.723821,0.46918525,-0.010236,295056.77,295068.94,925.28,1405.03,no,yes
9496,0.374783,0.70782616,0.005300,295040.85,295031.86,1873.43,1500.04,no,yes
9497,-0.299225,0.76477155,-0.004232,295176.71,295186.04,2340.69,2060.72,no,yes
9498,0.718857,0.47223779,0.010166,294786.33,294776.76,1063.67,800.61,no,yes
9499,-1.178423,0.23864222,-0.016665,295183.63,295202.21,1028.73,1194.84,no,yes
9500,0.370491,0.71102041,0.005240,295035.65,295030.96,894.41,895.13,no,yes
9501,-0.000828,0.99933945,-0.000012,295061.43,295061.45,2061.17,2072.72,no,yes
9502,-0.430662,0.66671877,-0.006090,294986.34,295008.80,3671.40,3705.15,no,yes
9503,0.547507,0.58403703,0.007743,295064.78,295055.84,1270.13,1024.41,no,yes
9504,-0.936843,0.34885210,-0.013249,294872.00,294923.60,3132.22,4530.48,no,yes
9505,0.246057,0.80564082,0.003480,294904.77,294891.32,3913.95,3817.81,no,yes
9506,0.032983,0.97368880,0.000466,295102.58,295100.89,3841.89,3429.16,no,yes
9507,-0.156483,0.87565429,-0.002213,295197.23,295204.16,3181.00,3079.09,no,yes
9508,-0.194570,0.84573128,-0.002752,295025.33,295028.41,1136.58,1103.59,no,yes
9509,0.246708,0.80513697,0.003489,294938.25,294934.94,937.84,963.91,no,yes
9510,0.144298,0.88526660,0.002041,294782.36,294779.49,1453.38,1360.22,no,yes
9511,1.036041,0.30019581,0.014652,295097.70,295082.82,1081.29,945.41,no,yes
9512,0.623627,0.53287980,0.008819,294713.58,294704.92,992.04,973.11,no,yes
9513,0.592901,0.55325407,0.008385,295075.53,295066.66,1000.98,1111.69,no,yes
9514,-0.952190,0.34101223,-0.013466,295064.68,295077.21,971.12,887.90,no,yes
9515,-0.016774,0.98661693,-0.000237,294887.14,294887.37,1032.63,912.91,no,yes
9516,0.079741,0.93644398,0.001128,294854.73,294853.72,957.51,823.95,no,yes
9517,1.116967,0.26402757,0.015796,295128.51,295099.71,2338.00,1086.19,no,yes
9518,0.296278,0.76702088,0.004190,295693.73,295689.54,1063.51,931.10,no,yes
9519,0.653093,0.51370459,0.009236,295093.47,295077.60,1997.97,1383.10,no,yes
9520,0.594434,0.55222940,0.008407,295238.42,295204.72,4655.05,3236.69,no,yes
9521,-1.026472,0.30468191,-0.014517,294902.49,294919.34,1068.48,1246.28,no,yes
9522,-0.509214,0.61061017,-0.007201,295054.09,295078.96,2018.65,4445.92,no,yes
9523,0.015538,0.98760351,0.000220,295074.97,295074.58,1446.24,1993.76,no,yes
9524,0.790894,0.42901719,0.011185,294963.08,294921.16,4509.35,2786.63,no,yes
9525,0.231151,0.81720000,0.003269,295040.86,295037.95,907.19,870.48,no,yes
9526,0.201681,0.84016810,0.002852,294884.59,294880.95,1239.02,1313.77,no,yes
9527,-0.383275,0.70152014,-0.005420,294975.19,294990.14,2757.45,2758.90,no,yes
9528,-1.383492,0.16653065,-0.019566,294711.40,294735.65,1056.94,1398.24,no,yes
9529,-0.275871,0.78264972,-0.003901,294877.34,294883.19,1616.87,1373.55,no,yes
9530,-1.019295,0.30807602,-0.014415,294774.19,294789.48,921.22,1184.33,no,yes
9531,-0.059326,0.95269279,-0.000839,295174.28,295179.52,6347.92,6145.05,no,yes
9532,-0.823759,0.41008751,-0.011650,294985.62,295009.55,1642.86,2396.68,no,yes
9533,-0.169365,0.86551155,-0.002395,295009.39,295014.83,1817.75,2646.94,no,yes
9534,0.489577,0.62443857,0.006924,295270.96,295264.38,933.53,965.77,no,yes
9535,-0.597003,0.55051189,-0.008443,294865.34,294874.68,1097.78,1115.28,no,yes
9536,-0.930273,0.35224090,-0.013156,294916.24,294932.38,1181.51,1271.10,no,yes
9537,0.504300,0.61405713,0.007132,295163.41,295135.69,4737.77,2784.51,no,yes
9538,0.306405,0.75930028,0.004333,295079.94,295074.34,1540.50,981.63,no,yes
9539,0.184459,0.85365547,0.002609,295309.55,295303.34,2395.07,2367.18,no,yes
9540,1.388517,0.16499566,0.019637,294825.36,294807.58,994.43,807.51,no,yes
9541,0.849233,0.39576218,0.012010,294933.40,294919.84,1214.25,1036.65,no,yes
9542,1.085258,0.27782939,0.015348,294862.62,294829.96,2879.50,877.01,no,yes
9543,-0.846405,0.39733749,-0.011970,295157.06,295170.06,984.80,1178.85,no,yes
9544,0.066501,0.94697953,0.000940,294945.93,294945.00,1060.17,905.31,no,yes
9545,1.360566,0.17366714,0.019241,295075.41,295057.50,1033.00,816.46,no,yes
9546,-1.493194,0.13540385,-0.021117,294888.85,294910.38,838.81,1172.07,no,yes
9547,0.679505,0.49682708,0.009610,295116.07,295093.71,2779.10,1760.80,no,yes
9548,-0.375459,0.70732313,-0.005310,295385.00,295422.09,6792.53,7172.75,no,yes
9549,0.165392,0.86863691,0.002339,295045.61,295037.56,3423.61,3453.28,no,yes
9550,-0.317150,0.75113295,-0.004485,295079.13,295086.67,1592.85,1767.60,no,yes
9551,-0.260039,0.79483661,-0.003678,295104.39,295112.79,2423.21,2134.21,no,yes
9552,-0.690272,0.49003191,-0.009762,294971.77,294981.05,811.08,1073.50,no,yes
9553,0.108632,0.91349518,0.001536,295126.83,295123.12,2451.96,2376.73,no,yes
9554,0.041886,0.96659011,0.000592,295167.96,295167.37,957.03,1048.47,no,yes
9555,-0.051976,0.95854838,-0.000735,294777.60,294778.34,1010.63,1001.45,no,yes
9556,-0.296324,0.76698565,-0.004191,294860.13,294876.40,3848.21,3916.86,no,yes
9557,0.507291,0.61195614,0.007174,296010.39,296002.72,1138.15,994.75,no,yes
9558,1.190394,0.23390597,0.016835,295093.72,295075.43,1168.82,997.22,no,yes
9559,0.174698,0.86131870,0.002471,294933.33,294927.97,2360.36,1965.62,no,yes
9560,-0.669062,0.50346456,-0.009462,295353.31,295391.11,3276.19,4602.46,no,yes
9561,-0.759940,0.44730005,-0.010747,294772.96,294783.67,863.39,1113.79,no,yes
9562,0.012557,0.98998172,0.000178,294881.53,294881.33,1133.16,1086.23,no,yes
9563,0.442609,0.65805325,0.006259,294953.35,294947.10,1082.19,907.91,no,yes
9564,-0.964879,0.33461810,-0.013645,294866.90,294885.95,1164.86,1594.41,no,yes
9565,-0.215733,0.82919845,-0.003051,295340.45,295360.81,6737.04,6608.15,no,yes
9566,-0.555299,0.57869641,-0.007853,294829.92,294837.49,1013.32,911.29,no,yes
9567,1.540784,0.12339015,0.021790,295106.60,295074.18,1859.00,985.78,no,yes
9568,1.062801,0.28788551,0.015030,295118.04,295103.87,1008.34,871.43,no,yes
9569,0.317715,0.75070458,0.004493,295096.87,295089.80,1795.29,1315.29,no,yes
9570,-0.697581,0.48544783,-0.009865,294996.26,295008.03,1079.88,1296.06,no,yes
9571,-0.239324,0.81085648,-0.003385,295065.29,295068.40,890.16,947.65,no,yes
9572,-0.596963,0.55053909,-0.008442,294944.99,294953.43,966.89,1030.80,no,yes
9573,0.149005,0.88155134,0.002107,295148.02,295145.38,1197.07,1305.82,no,yes
9574,0.577188,0.56381911,0.008163,294828.99,294819.77,1200.51,1052.21,no,yes
9575,-0.535136,0.59256164,-0.007568,294865.97,294873.11,952.00,934.66,no,yes
9576,0.841484,0.40009019,0.011900,295126.79,295103.45,2469.35,1263.20,no,yes
9577,0.616935,0.53728467,0.008725,294954.55,294944.40,1165.61,1158.98,no,yes
9578,-0.620104,0.53519666,-0.008770,295078.22,295093.46,1536.52,1918.09,no,yes
9579,-0.726697,0.46742197,-0.010277,295154.08,295169.88,1143.31,1850.07,no,yes
9580,0.023459,0.98128405,0.000332,294879.60,294879.27,938.63,1029.92,no,yes
9581,-0.913330,0.36108033,-0.012916,295105.77,295133.10,1881.44,2326.08,no,yes
9582,-0.067258,0.94637731,-0.000951,297545.27,297572.83,28787.87,29148.74,no,yes
9583,-0.554624,0.57915791,-0.007844,295227.69,295271.02,5097.72,5920.19,no,yes
9584,-1.131544,0.25783995,-0.016002,295152.91,295166.76,800.55,926.16,no,yes
9585,-0.693824,0.48780089,-0.009812,295153.48,295198.40,4179.15,4945.30,no,yes
9586,0.347059,0.72855048,0.004908,295727.77,295704.94,5044.58,4217.62,no,yes
9587,1.003912,0.31543338,0.014197,294864.36,294850.58,1000.21,940.26,no,yes
9588,0.251158,0.80169485,0.003552,295041.10,295037.34,1083.10,1034.36,no,yes
9589,0.344832,0.73022437,0.004877,294807.80,294803.43,937.52,851.39,no,yes
9590,-0.403026,0.68693337,-0.005700,295019.59,295028.17,1574.12,1432.71,no,yes
9591,0.209721,0.83388779,0.002966,295099.52,295096.34,1076.11,1071.23,no,yes
9592,0.078799,0.93719295,0.001114,294996.95,294995.81,1001.25,1038.45,no,yes
9593,0.964551,0.33478177,0.013641,294931.76,294910.34,1663.89,1471.51,no,yes
9594,0.349222,0.72692670,0.004939,295093.23,295081.34,2499.99,2310.21,no,yes
9595,0.461224,0.64464293,0.006523,294848.97,294843.07,962.34,842.84,no,yes
9596,-0.052314,0.95827869,-0.000740,295068.39,295069.08,994.40,840.36,no,yes
9597,0.481457,0.63019842,0.006809,294889.09,294873.07,2937.12,1566.79,no,yes
9598,-0.706510,0.47987958,-0.009992,294847.46,294857.86,1005.98,1074.34,no,yes
9599,0.224659,0.82224714,0.003177,294855.70,294852.59,974.26,987.95,no,yes
9600,-0.411402,0.68078240,-0.005818,295034.70,295040.21,987.12,905.01,no,yes
9601,-0.620242,0.53510603,-0.008772,294866.29,294887.19,2052.54,2670.65,no,yes
9602,0.082187,0.93449893,0.001162,294843.31,294841.75,1502.63,1166.66,no,yes
9603,0.187074,0.85160488,0.002646,295037.08,295032.41,1726.54,1803.44,no,yes
9604,-0.134552,0.89296746,-0.001903,294908.20,294910.56,1243.31,1236.23,no,yes
9605,0.277649,0.78128442,0.003927,294894.62,294891.00,989.53,845.91,no,yes
9606,-1.202398,0.22922387,-0.017004,294978.90,295006.77,1524.14,1746.02,no,yes
9607,-0.437663,0.66163550,-0.006189,305170.10,305211.57,6507.14,6889.02,no,yes
9608,0.578615,0.56285559,0.008183,295085.22,295077.28,1017.89,919.63,no,yes
9609,0.000721,0.99942471,0.000010,295075.61,295075.59,2066.02,1850.84,no,yes
9610,-0.030541,0.97563566,-0.000432,295053.42,295053.87,1035.39,1024.23,no,yes
9611,-0.163981,0.86974788,-0.002319,295292.96,295308.28,6529.47,6677.24,no,yes
9612,0.322422,0.74713613,0.004560,294836.43,294822.04,3231.22,3077.30,no,yes
9613,-0.766068,0.44364589,-0.010834,294992.98,295024.86,2460.14,3356.55,no,yes
9614,-0.915594,0.35989377,-0.012948,295004.20,295034.99,1642.40,2934.33,no,yes
9615,-0.596302,0.55098023,-0.008433,295081.51,295088.99,880.06,895.24,no,yes
9616,1.445318,0.14838917,0.020440,294997.50,294968.08,1799.77,951.32,no,yes
9617,-0.210528,0.83325769,-0.002977,295149.07,295156.86,2471.84,2752.64,no,yes
9618,0.754740,0.45041389,0.010674,294837.92,294828.36,927.51,861.09,no,yes
9619,0.618247,0.53642111,0.008743,294861.34,294827.95,4602.69,2825.71,no,yes
9620,-0.496728,0.61938635,-0.007025,294993.35,295005.92,1932.84,1632.83,no,yes
9621,-0.739474,0.45962835,-0.010458,295219.15,295258.26,3150.60,4247.82,no,yes
9622,0.199140,0.84215558,0.002816,363866.64,363863.82,1069.09,930.93,no,yes
9623,0.492189,0.62259164,0.006961,295013.87,295004.88,1438.15,1127.38,no,yes
9624,-0.792539,0.42805614,-0.011208,294717.84,294728.78,1027.12,921.73,no,yes
9625,0.627318,0.53045814,0.008872,294778.91,294768.89,1120.03,1138.76,no,yes
9626,0.768161,0.44240104,0.010863,294983.38,294969.51,1373.45,1172.16,no,yes
9627,0.085552,0.93182348,0.001210,294835.77,294834.66,898.95,930.69,no,yes
9628,-0.708700,0.47851928,-0.010023,294963.69,294980.53,1549.40,1801.79,no,yes
9629,-0.604924,0.54523653,-0.008555,294837.35,294862.29,2863.43,2967.08,no,yes
9630,-0.198631,0.84255305,-0.002809,295248.47,295252.15,1339.83,1282.18,no,yes
9631,0.544845,0.58586643,0.007705,295099.87,295092.03,1032.51,1000.40,no,yes
9632,-0.706141,0.48010860,-0.009986,294860.43,294871.15,1099.51,1047.04,no,yes
9633,-1.536179,0.12451123,-0.021725,310395.78,310428.42,1305.72,1675.60,no,yes
9634,1.355852,0.17516211,0.019175,294890.71,294871.57,1088.39,899.20,no,yes
9635,0.334851,0.73774160,0.004736,295080.50,295069.26,2723.04,1967.24,no,yes
9636,-0.117654,0.90634309,-0.001664,295014.07,295019.88,3294.42,3675.61,no,yes
9637,-0.281504,0.77832653,-0.003981,296307.11,296315.42,2299.81,1849.30,no,yes
9638,1.090051,0.27571056,0.015416,294819.11,294767.14,4417.80,1792.36,no,yes
9639,-2.105939,0.03522309,-0.029782,295082.77,295116.21,947.44,1274.13,yes,yes
9640,0.672888,0.50102628,0.009516,294914.33,294882.73,3555.95,3067.52,no,yes
9641,0.100638,0.91983889,0.001423,295185.46,295182.90,2023.73,1548.73,no,yes
9642,-0.853266,0.39352221,-0.012067,294822.48,294834.36,910.80,1053.73,no,yes
9643,-0.109500,0.91280703,-0.001549,295054.71,295057.51,1960.52,1642.79,no,yes
9644,0.587489,0.55688307,0.008308,294808.77,294787.65,3004.52,1974.86,no,yes
9645,-0.035671,0.97154510,-0.000504,295307.18,295310.39,6310.15,6392.20,no,yes
9646,0.479128,0.63185312,0.006776,294813.14,294802.78,1577.11,1480.14,no,yes
9647,0.718606,0.47239316,0.010163,295086.13,295073.99,1372.99,983.54,no,yes
9648,-1.468635,0.14195185,-0.020770,295009.57,295040.60,1025.83,1847.08,no,yes
9649,-0.551423,0.58135020,-0.007798,310318.92,310331.73,1616.19,1670.01,no,yes
9650,0.112364,0.91053620,0.001589,294991.78,294988.83,1859.65,1854.11,no,yes
9651,-0.424081,0.67151111,-0.005997,294781.25,294786.75,922.11,911.12,no,yes
9652,-0.290053,0.77177880,-0.004102,295156.72,295163.52,1300.64,1951.35,no,yes
9653,0.950175,0.34203472,0.013438,294831.36,294818.55,964.64,942.70,no,yes
9654,-0.516956,0.60519340,-0.007311,295145.92,295156.86,1201.88,1740.52,no,yes
9655,-0.496192,0.61976614,-0.007017,294868.65,294878.92,1027.04,1798.76,no,yes
9656,-0.561192,0.57467352,-0.007936,303751.14,303773.06,2359.79,3111.62,no,yes
9657,0.181195,0.85621607,0.002562,295038.28,295026.55,4641.92,4513.27,no,yes
9658,1.638171,0.10140976,0.023167,294876.62,294828.09,2742.48,1120.44,no,yes
9659,0.317433,0.75091854,0.004489,294853.59,294848.17,1249.26,1163.79,no,yes
9660,-1.174726,0.24011864,-0.016613,294785.25,294804.49,1046.90,1259.81,no,yes
9661,-1.884618,0.05949989,-0.026653,294839.04,294877.99,1011.53,1801.96,no,yes
9662,0.238211,0.81172020,0.003369,294771.43,294766.43,1238.35,1696.99,no,yes
9663,0.109283,0.91297917,0.001545,294952.42,294950.92,1052.83,882.78,no,yes
9664,-0.491966,0.62274896,-0.006957,295107.02,295113.88,924.34,1043.22,no,yes
9665,-1.112653,0.26587350,-0.015735,294971.08,295002.44,1491.09,2392.24,no,yes
9666,-0.367985,0.71288847,-0.005204,294884.22,294896.85,2293.11,2554.60,no,yes
9667,-0.053044,0.95769714,-0.000750,295053.51,295054.26,1052.50,942.16,no,yes
9668,-0.868766,0.38498649,-0.012286,295025.22,295038.26,914.72,1190.24,no,yes
9669,0.993880,0.32029538,0.014056,295053.97,295032.79,1776.72,1176.13,no,yes
9670,-0.111226,0.91143852,-0.001573,294751.66,294753.21,1055.37,903.58,no,yes
9671,0.754938,0.45029532,0.010676,294975.66,294954.18,2233.86,1761.10,no,yes
9672,-0.103551,0.91752701,-0.001464,294892.71,294896.00,2131.79,2362.22,no,yes
9673,-1.651484,0.09865598,-0.023356,295135.01,295160.46,978.32,1190.80,no,yes
9674,-0.317892,0.75056996,-0.004496,294851.75,294856.28,1001.98,1012.64,no,yes
9675,-0.132536,0.89456182,-0.001874,295036.43,295038.07,841.44,901.60,no,yes
9676,0.128385,0.89784572,0.001816,294983.75,294977.20,3638.82,3580.23,no,yes
9677,0.606022,0.54450718,0.008570,295022.07,295014.15,940.85,905.91,no,yes
9678,-0.747973,0.45448595,-0.010578,294965.20,295008.65,3357.90,4740.69,no,yes
9679,-0.046112,0.96322122,-0.000652,295134.34,295135.74,1830.28,2413.91,no,yes
9680,-0.634415,0.52581743,-0.008972,294837.36,294845.77,927.18,947.39,no,yes
9681,0.530520,0.59575744,0.007503,294967.12,294960.02,972.91,917.27,no,yes
9682,0.515759,0.60602867,0.007294,294853.30,294846.75,895.53,900.48,no,yes
9683,0.047062,0.96246392,0.000666,295299.02,295294.62,6568.99,6648.44,no,yes
9684,-0.516404,0.60557814,-0.007303,294839.74,294846.93,963.09,1007.39,no,yes
9685,-0.168806,0.86595117,-0.002387,294881.99,294884.78,1298.31,1024.51,no,yes
9686,-0.313145,0.75417373,-0.004429,295151.46,295165.57,3074.85,3296.84,no,yes
9687,-0.718339,0.47255685,-0.010159,294867.77,294888.13,1782.84,2204.24,no,yes
9688,-0.167657,0.86685469,-0.002371,303758.00,303760.20,935.16,918.21,no,yes
9689,-0.224620,0.82227720,-0.003177,294902.53,294905.63,922.94,1023.64,no,yes
9690,-1.258071,0.20838241,-0.017792,295570.81,295600.74,1376.04,1940.96,no,yes
9691,-0.108019,0.91398179,-0.001528,294834.26,294837.93,2448.39,2354.11,no,yes
9692,-0.707715,0.47913114,-0.010009,295080.65,295104.47,2082.60,2642.83,no,yes
9693,-0.182205,0.85542345,-0.002577,294867.70,294876.70,3560.33,3424.93,no,yes
9694,-0.903660,0.36618970,-0.012780,295029.16,295064.56,1895.41,3428.55,no,yes
9695,1.205644,0.22797381,0.017050,294979.85,294903.86,5592.15,2907.09,no,yes
9696,-0.098867,0.92124481,-0.001398,294874.47,294875.82,946.91,984.22,no,yes
9697,0.873761,0.38226157,0.012357,295007.09,294956.50,4989.19,2938.14,no,yes
9698,-0.159805,0.87303593,-0.002260,294893.30,294897.81,2058.37,1933.86,no,yes
9699,-0.589811,0.55532397,-0.008341,301108.39,301123.13,1892.50,1632.14,no,yes
9700,-0.442536,0.65810610,-0.006258,295037.60,295051.11,2328.87,1976.14,no,yes
9701,0.498982,0.61779778,0.007057,294891.28,294863.23,4458.61,3424.94,no,yes
9702,-0.070103,0.94411243,-0.000991,294729.38,294730.47,1147.77,1037.24,no,yes
9703,0.067222,0.94640553,0.000951,294767.65,294766.65,1051.38,1063.32,no,yes
9704,-0.074759,0.94040701,-0.001057,295151.44,295158.24,6398.09,6476.70,no,yes
9705,0.649173,0.51623425,0.009181,294891.80,294882.64,1120.09,859.06,no,yes
9706,0.440659,0.65946567,0.006232,294844.56,294832.30,2381.25,1436.65,no,yes
9707,0.623920,0.53268907,0.008824,294893.15,294878.91,1954.53,1178.71,no,yes
9708,0.555043,0.57887167,0.007849,295674.18,295666.44,1054.12,912.43,no,yes
9709,-0.383250,0.70153813,-0.005420,295059.21,295064.24,920.45,936.13,no,yes
9710,0.084921,0.93232482,0.001201,295063.60,295061.53,1584.87,1848.11,no,yes
9711,0.009111,0.99273103,0.000129,294815.88,294815.69,1499.49,1398.41,no,yes
9712,0.577832,0.56338477,0.008172,295054.36,295027.65,3788.83,2648.29,no,yes
9713,-0.526628,0.59845812,-0.007448,295004.57,295012.75,1031.36,1161.12,no,yes
9714,-0.924416,0.35528386,-0.013073,295101.29,295150.54,2637.09,4629.09,no,yes
9715,-0.392642,0.69458829,-0.005553,304871.51,304879.92,1291.22,1709.84,no,yes
9716,0.587200,0.55707777,0.008304,295146.89,295114.39,4803.09,2750.52,no,yes
9717,-0.064889,0.94826284,-0.000918,294850.97,294852.57,1602.62,1876.53,no,yes
9718,0.670388,0.50261916,0.009481,295011.38,294990.52,2562.18,1766.59,no,yes
9719,-0.254248,0.79930672,-0.003596,294771.69,294775.30,954.99,1050.95,no,yes
9720,-0.432789,0.66517284,-0.006121,294917.22,294924.90,1211.20,1297.29,no,yes
9721,0.254700,0.79895742,0.003602,295000.65,294992.00,2505.00,2293.04,no,yes
9722,0.065867,0.94748432,0.000932,294782.82,294780.99,2231.76,1650.70,no,yes
9723,0.416515,0.67703751,0.005890,295109.37,295098.79,1819.91,1775.28,no,yes
9724,0.268356,0.78842814,0.003795,294913.82,294905.51,2302.45,2072.78,no,yes
9725,0.112381,0.91052257,0.001589,295313.81,295302.98,6890.28,6743.95,no,yes
9726,-0.286409,0.77456807,-0.004050,294870.90,294879.13,2229.07,1814.82,no,yes
9727,0.354955,0.72262804,0.005020,295064.32,295055.23,2171.47,1357.96,no,yes
9728,-0.975629,0.32926310,-0.013797,294757.93,294779.51,1109.06,1913.86,no,yes
9729,-0.085758,0.93165930,-0.001213,295259.53,295267.11,6327.77,6156.13,no,yes
9730,-0.454827,0.64923918,-0.006432,295033.23,295039.30,846.49,1030.35,no,yes
9731,0.241709,0.80900780,0.003418,294823.09,294811.19,3725.46,3216.84,no,yes
9732,-0.121350,0.90341505,-0.001716,295140.65,295142.30,913.58,1010.95,no,yes
9733,-0.329060,0.74211346,-0.004654,295103.22,295113.76,2206.58,2319.92,no,yes
9734,0.266479,0.78987335,0.003769,295069.49,295063.23,1675.70,1651.04,no,yes
9735,-0.659335,0.50968849,-0.009324,295034.55,295068.80,3677.26,3668.82,no,yes
9736,-0.603972,0.54586945,-0.008541,295521.41,295534.64,1591.00,1505.71,no,yes
9737,0.133616,0.89370739,0.001890,295172.56,295167.80,2606.21,2427.83,no,yes
9738,-0.998012,0.31828572,-0.014114,294937.98,294952.87,996.71,1111.34,no,yes
9739,-0.177623,0.85902069,-0.002512,294702.97,294705.11,801.10,900.93,no,yes
9740,0.027373,0.97816286,0.000387,297906.10,297905.72,1018.95,987.49,no,yes
9741,-0.559500,0.57582715,-0.007913,295092.70,295106.16,1567.10,1825.70,no,yes
9742,0.139940,0.88870885,0.001979,295167.87,295162.77,2585.68,2563.92,no,yes
9743,0.257548,0.79675856,0.003642,294907.72,294904.18,924.31,1013.05,no,yes
9744,0.510652,0.60960096,0.007222,295028.53,295004.02,3787.56,2949.11,no,yes
9745,-1.391561,0.16407642,-0.019680,294983.94,295013.88,954.98,1927.99,no,yes
9746,-0.246520,0.80528257,-0.003486,295255.58,295277.22,6145.07,6268.12,no,yes
9747,-0.799745,0.42386814,-0.011310,307405.31,307415.07,831.26,893.56,no,yes
9748,-0.090413,0.92795978,-0.001279,295060.68,295061.86,877.92,962.87,no,yes
9749,-0.050740,0.95953325,-0.000718,294787.50,294788.26,1139.21,997.48,no,yes
9750,-0.085798,0.93162771,-0.001213,294879.28,294884.41,4220.24,4238.17,no,yes
9751,-0.763546,0.44514734,-0.010798,294984.76,295023.79,3037.56,4111.27,no,yes
9752,0.538940,0.58993485,0.007622,294939.71,294926.25,2007.71,1484.27,no,yes
9753,-0.363322,0.71636854,-0.005138,294874.42,294884.13,1468.07,2233.14,no,yes
9754,-0.108203,0.91383567,-0.001530,295292.02,295297.43,3580.24,3488.99,no,yes
9755,-0.191209,0.84836412,-0.002704,294897.77,294910.05,4632.14,4448.81,no,yes
9756,0.548877,0.58309635,0.007762,294878.11,294866.00,1677.81,1432.29,no,yes
9757,-0.935389,0.34959924,-0.013228,295114.18,295126.36,858.35,978.70,no,yes
9758,0.550817,0.58176595,0.007790,294771.62,294761.71,1468.89,1039.16,no,yes
9759,-0.177754,0.85891817,-0.002514,294823.15,294829.94,2731.68,2672.61,no,yes
9760,0.383319,0.70148710,0.005421,294832.98,294827.89,988.73,889.18,no,yes
9761,-1.032265,0.30196102,-0.014598,295145.64,295180.18,2113.55,2594.19,no,yes
9762,-1.060707,0.28883664,-0.015001,294960.19,294975.47,873.27,1145.83,no,yes
9763,-0.950612,0.34181347,-0.013444,363876.30,363896.17,1313.53,1626.72,no,yes
9764,0.273167,0.78472756,0.003863,295087.64,295084.09,890.26,948.45,no,yes
9765,0.247407,0.80459617,0.003499,294939.48,294936.07,935.48,1015.24,no,yes
9766,-0.089610,0.92859798,-0.001267,294846.72,294849.68,2480.04,2185.75,no,yes
9767,-0.644451,0.51929099,-0.009114,309209.37,309245.07,3310.55,4440.93,no,yes
9768,2.026031,0.04277681,0.028652,295003.27,294975.49,1139.08,763.71,yes,yes
9769,-0.411312,0.68084824,-0.005817,295026.09,295048.64,3489.84,4229.95,no,yes
9770,1.730630,0.08354433,0.024475,295065.59,295008.61,3167.86,896.73,no,yes
9771,-0.313509,0.75389754,-0.004434,295011.27,295028.08,3204.00,4300.32,no,yes
9772,0.148021,0.88232753,0.002093,295003.83,295002.03,892.96,827.94,no,yes
9773,-0.860148,0.38971866,-0.012164,294854.85,294882.52,1855.58,2627.49,no,yes
9774,-0.600445,0.54821676,-0.008492,294784.21,294792.00,858.03,973.30,no,yes
9775,0.280335,0.77922309,0.003965,294777.00,294772.04,1309.77,1186.87,no,yes
9776,-0.301310,0.76318180,-0.004261,294839.69,294844.35,940.60,1227.42,no,yes
9777,0.923339,0.35584392,0.013058,294930.74,294899.15,2917.13,1785.82,no,yes
9778,0.172783,0.86282344,0.002444,295186.97,295165.89,8700.56,8553.30,no,yes
9779,0.527719,0.59770016,0.007463,294838.98,294825.79,1910.39,1612.05,no,yes
9780,-0.486935,0.62630974,-0.006886,295324.02,295369.85,6306.44,6985.32,no,yes
9781,-0.119630,0.90477778,-0.001692,294897.42,294902.67,3100.06,3106.87,no,yes
9782,-0.659886,0.50933495,-0.009332,294761.44,294792.45,3084.71,3544.76,no,yes
9783,0.461419,0.64450294,0.006525,294990.55,294983.14,1219.21,1044.56,no,yes
9784,-0.105734,0.91579464,-0.001495,294883.67,294885.96,1695.89,1346.96,no,yes
9785,-0.534494,0.59300586,-0.007559,294734.26,294741.17,930.91,897.08,no,yes
9786,0.104239,0.91698076,0.001474,295109.83,295102.78,4552.77,4996.92,no,yes
9787,0.315820,0.75214257,0.004466,295086.94,295082.42,1122.27,886.62,no,yes
9788,0.426333,0.66987081,0.006029,295126.84,295106.54,4021.47,2550.65,no,yes
9789,-0.660624,0.50886107,-0.009343,294717.13,294725.98,909.21,984.89,no,yes
9790,-0.637104,0.52406418,-0.009010,295106.80,295126.41,2252.08,2097.18,no,yes
9791,0.514491,0.60691457,0.007276,294959.97,294948.72,1424.50,1658.80,no,yes
9792,0.356355,0.72157859,0.005040,295061.43,295056.17,1063.98,1024.38,no,yes
9793,0.933043,0.35080913,0.013195,363901.07,363881.26,1610.47,1383.05,no,yes
9794,-1.636955,0.10165705,-0.023150,295367.71,295395.74,1011.05,1381.96,no,yes
9795,-1.415337,0.15698536,-0.020016,294665.32,294682.72,838.04,899.61,no,yes
9796,0.342005,0.73235090,0.004837,294846.28,294841.38,1050.21,978.08,no,yes
9797,1.871927,0.06123963,0.026473,294902.43,294849.18,2663.57,998.66,no,yes
9798,-1.053272,0.29222945,-0.014896,294962.08,294975.72,850.11,976.81,no,yes
9799,0.796507,0.42575072,0.011264,294854.50,294834.58,2272.77,1043.46,no,yes
9800,0.966007,0.33405304,0.013661,294912.84,294890.36,1804.95,1468.05,no,yes
9801,-0.309631,0.75684493,-0.004379,295399.24,295428.75,6653.33,6823.41,no,yes
9802,-0.242242,0.80859509,-0.003426,294730.26,294733.76,1012.05,1028.22,no,yes
9803,0.087856,0.92999166,0.001242,294980.07,294977.94,1711.85,1714.69,no,yes
9804,-0.043416,0.96537043,-0.000614,295028.93,295030.23,1734.85,2461.95,no,yes
9805,-0.370853,0.71075063,-0.005245,296296.60,296330.54,6276.01,6660.73,no,yes
9806,-0.303461,0.76154213,-0.004292,294878.43,294885.81,1865.47,1560.51,no,yes
9807,0.389917,0.69660282,0.005514,295117.20,295092.82,5364.65,3213.20,no,yes
9808,-0.460144,0.64541837,-0.006507,295399.08,295409.43,1378.65,1778.39,no,yes
9809,-1.571495,0.11608461,-0.022224,295077.90,295103.47,982.01,1297.54,no,yes
9810,-0.909013,0.36335633,-0.012855,294880.07,294897.98,1062.98,1659.59,no,yes
9811,0.108187,0.91384810,0.001530,295091.30,295089.60,1096.39,1121.50,no,yes
9812,-0.450802,0.65213817,-0.006375,294956.02,294965.36,1134.26,1732.93,no,yes
9813,-0.202093,0.83984582,-0.002858,294877.11,294884.50,2478.03,2687.77,no,yes
9814,0.167575,0.86691945,0.002370,295112.54,295109.87,1225.22,1018.49,no,yes
9815,1.636270,0.10180042,0.023140,295161.70,295139.43,1107.00,792.28,no,yes
9816,-0.437144,0.66201154,-0.006182,295046.31,295051.76,837.00,923.40,no,yes
9817,0.067937,0.94583635,0.000961,294877.81,294875.39,2588.80,2450.01,no,yes
9818,-0.577172,0.56383004,-0.008162,295092.29,295147.67,6639.97,6928.74,no,yes
9819,-0.420825,0.67388739,-0.005951,295015.36,295027.70,2087.66,2060.24,no,yes
9820,-1.134887,0.25643711,-0.016050,294774.96,294790.81,857.52,1101.45,no,yes
9821,0.022435,0.98210098,0.000317,295080.53,295080.27,824.44,802.36,no,yes
9822,-0.272469,0.78526449,-0.003853,295126.45,295151.23,6308.24,6552.68,no,yes
9823,0.018646,0.98512349,0.000264,294960.89,294959.95,3699.66,3368.88,no,yes
9824,0.313484,0.75391664,0.004433,295358.03,295352.30,1360.10,1218.26,no,yes
9825,-0.793720,0.42736815,-0.011225,305110.26,305121.20,941.48,1007.51,no,yes
9826,-0.034755,0.97227534,-0.000492,295143.67,295144.97,2836.46,2405.10,no,yes
9827,0.299418,0.76462422,0.004234,295083.41,295078.79,1130.65,1050.12,no,yes
9828,-0.483213,0.62894991,-0.006834,294805.98,294812.91,922.07,1098.17,no,yes
9829,0.503506,0.61461630,0.007121,295066.57,295053.40,2386.81,1072.32,no,yes
9830,0.374025,0.70838936,0.005290,295081.20,295072.28,1630.54,1738.80,no,yes
9831,-1.371450,0.17025073,-0.019395,295251.16,295275.91,1151.18,1390.37,no,yes
9832,1.440279,0.14980692,0.020369,294928.65,294885.43,2534.07,1608.42,no,yes
9833,0.683428,0.49434415,0.009665,295020.94,295012.25,890.43,909.05,no,yes
9834,0.062629,0.95006222,0.000886,295088.23,295086.88,1519.62,1530.55,no,yes
9835,-0.692202,0.48881917,-0.009789,295034.79,295059.69,2242.21,2813.43,no,yes
9836,-0.093494,0.92551182,-0.001322,294796.75,294799.41,2016.98,2016.57,no,yes
9837,-0.944963,0.34468935,-0.013364,295053.50,295066.18,853.80,1034.42,no,yes
9838,-0.000434,0.99965365,-0.000006,295054.74,295054.74,1037.12,1143.09,no,yes
9839,-0.471628,0.63719727,-0.006670,295037.29,295054.96,2608.33,2691.71,no,yes
9840,1.075999,0.28194332,0.015217,295023.67,294963.55,4769.60,2910.56,no,yes
9841,0.347871,0.72794092,0.004920,295074.17,295069.39,953.42,990.71,no,yes
9842,0.106107,0.91549822,0.001501,294938.47,294936.79,1195.63,1041.53,no,yes
9843,0.204382,0.83805730,0.002890,295116.79,295111.33,2244.21,1444.70,no,yes
9844,-0.398252,0.69044874,-0.005632,294895.93,294913.64,2950.43,3327.72,no,yes
9845,0.434337,0.66404841,0.006142,295112.14,295104.92,1248.41,1096.79,no,yes
9846,0.488953,0.62488229,0.006915,295021.60,295011.84,1784.41,891.66,no,yes
9847,0.167508,0.86697230,0.002369,294863.29,294860.18,1451.51,1155.76,no,yes
9848,-0.898947,0.36869219,-0.012713,295065.64,295114.40,3393.70,4231.60,no,yes
9849,-0.081230,0.93525974,-0.001149,294921.09,294922.24,1003.01,995.30,no,yes
9850,-1.188626,0.23460088,-0.016810,295013.57,295029.57,925.13,977.17,no,yes
9851,-0.278874,0.78034435,-0.003944,294782.64,294786.70,988.26,1069.29,no,yes
9852,0.016327,0.98697340,0.000231,294777.90,294777.38,2652.62,1765.92,no,yes
9853,0.412738,0.67980308,0.005837,294739.96,294733.63,1123.26,1046.82,no,yes
9854,0.008128,0.99351502,0.000115,295216.51,295216.29,2463.24,1171.49,no,yes
9855,1.096882,0.27270840,0.015512,294790.03,294751.13,2964.23,1945.87,no,yes
9856,0.489509,0.62448684,0.006923,295001.71,294991.41,1467.40,1509.21,no,yes
9857,-0.491554,0.62303984,-0.006952,303777.70,303787.04,1432.88,1247.26,no,yes
9858,-0.518781,0.60391949,-0.007337,295117.08,295127.75,1456.98,1451.69,no,yes
9859,-0.988852,0.32274762,-0.013984,294780.45,294793.75,875.16,1021.86,no,yes
9860,0.233540,0.81534486,0.003303,294846.25,294833.54,4155.13,3515.20,no,yes
9861,0.857566,0.39114234,0.012128,295004.06,294975.65,2352.66,2332.86,no,yes
9862,-0.048016,0.96170434,-0.000679,295124.88,295125.68,1110.56,1240.64,no,yes
9863,-0.173129,0.86255212,-0.002448,294817.52,294823.91,2429.31,2781.61,no,yes
9864,0.381608,0.70275619,0.005397,295263.90,295245.95,3058.09,3572.33,no,yes
9865,-0.364789,0.71527341,-0.005159,294764.45,294774.37,2211.65,1580.17,no,yes
9866,-0.365605,0.71466344,-0.005170,295009.99,295015.84,1130.09,1131.00,no,yes
9867,-0.632837,0.52684856,-0.008950,294799.50,294814.04,1198.46,1960.61,no,yes
9868,0.500323,0.61685295,0.007076,295039.26,295025.55,2079.66,1782.56,no,yes
9869,-0.489551,0.62445716,-0.006923,295717.84,295724.27,963.38,893.40,no,yes
9870,-0.286341,0.77461975,-0.004049,297875.91,297879.56,827.35,970.69,no,yes
9871,-0.459533,0.64585674,-0.006499,294931.53,294937.68,884.12,1003.83,no,yes
9872,-0.289184,0.77244326,-0.004090,294984.76,294991.36,1509.84,1710.15,no,yes
9873,-1.226554,0.22000665,-0.017346,295009.63,295038.46,1336.75,1933.54,no,yes
9874,-0.247694,0.80437369,-0.003503,295090.30,295096.46,1910.24,1594.26,no,yes
9875,-0.856252,0.39186846,-0.012109,295524.41,295535.16,900.29,874.67,no,yes
9876,-0.350272,0.72613822,-0.004954,294939.01,294954.54,3046.89,3221.17,no,yes
9877,-0.470451,0.63803831,-0.006653,295091.49,295101.22,1176.49,1699.80,no,yes
9878,0.083084,0.93378530,0.001175,294891.99,294889.98,1679.99,1734.75,no,yes
9879,-0.437827,0.66151662,-0.006192,294866.92,294877.29,1739.13,1609.94,no,yes
9880,-0.104842,0.91650199,-0.001483,294987.90,294991.03,2149.67,2064.77,no,yes
9881,0.275235,0.78313844,0.003892,295002.05,294998.01,1053.26,1022.86,no,yes
9882,-1.665629,0.09580402,-0.023556,294788.51,294814.44,950.35,1233.24,no,yes
9883,0.229815,0.81823793,0.003250,294865.77,294858.83,2270.57,1995.95,no,yes
9884,0.310162,0.75644159,0.004386,294807.37,294800.09,1921.31,1352.34,no,yes
9885,-0.440429,0.65963151,-0.006229,295080.55,295105.05,3553.29,4280.80,no,yes
9886,-0.798885,0.42436640,-0.011298,294903.46,294914.57,945.73,1019.61,no,yes
9887,-0.123379,0.90180821,-0.001745,294852.80,294856.65,2365.41,2030.75,no,yes
9888,-0.314960,0.75279564,-0.004454,294977.20,294985.33,1855.01,1792.11,no,yes
9889,-0.410839,0.68119517,-0.005810,295070.88,295078.07,1256.76,1216.14,no,yes
9890,-0.006097,0.99513511,-0.000086,300690.71,300693.96,37666.41,37655.79,no,yes
9891,0.560926,0.57485397,0.007933,295059.43,295051.76,942.91,992.32,no,yes
9892,0.419950,0.67452682,0.005939,294866.76,294855.39,2156.03,1635.56,no,yes
9893,-0.542975,0.58715320,-0.007679,295157.99,295167.66,1124.26,1381.47,no,yes
9894,-0.308245,0.75789927,-0.004359,295096.37,295111.30,3358.44,3493.76,no,yes
9895,-0.332482,0.73952927,-0.004702,295011.57,295019.97,1994.45,1553.01,no,yes
9896,-0.716228,0.47386155,-0.010129,295100.25,295119.09,1241.66,2318.35,no,yes
9897,-0.411082,0.68101700,-0.005814,294766.43,294771.97,921.94,986.07,no,yes
9898,0.153557,0.87796066,0.002172,294866.95,294864.74,1053.80,986.71,no,yes
9899,-0.779703,0.43557527,-0.011027,295001.55,295011.45,847.61,945.12,no,yes
9900,-0.178338,0.85845930,-0.002522,295081.93,295084.38,982.39,958.88,no,yes
9901,0.482764,0.62926887,0.006827,295088.26,295080.49,1267.95,992.84,no,yes
9902,-0.237124,0.81256303,-0.003353,295081.39,295084.41,889.16,915.18,no,yes
9903,0.182432,0.85524532,0.002580,294840.66,294837.83,1194.13,992.76,no,yes
9904,-0.170022,0.86499451,-0.002404,295082.12,295084.97,1105.02,1258.42,no,yes
9905,-0.029134,0.97675806,-0.000412,294852.60,294853.28,1585.45,1749.23,no,yes
9906,-0.243999,0.80723439,-0.003451,294927.17,294932.79,1664.27,1593.94,no,yes
9907,-0.430048,0.66716560,-0.006082,295102.17,295115.66,1883.06,2508.49,no,yes
9908,-0.939623,0.34742236,-0.013288,294820.40,294841.05,1574.62,1533.32,no,yes
9909,0.494270,0.62112099,0.006990,294817.40,294805.52,1741.21,1655.34,no,yes
9910,-1.109905,0.26705735,-0.015696,295109.27,295132.75,997.98,1866.01,no,yes
9911,-0.918364,0.35843965,-0.012988,294871.62,294909.87,2761.53,3118.29,no,yes
9912,0.900839,0.36768621,0.012740,294900.32,294871.10,2702.60,1793.90,no,yes
9913,-0.583586,0.55950568,-0.008253,295030.86,295054.40,2804.80,2897.34,no,yes
9914,0.315307,0.75253249,0.004459,294883.04,294875.05,2170.36,1306.96,no,yes
9915,-0.100063,0.92029504,-0.001415,295325.42,295335.21,6911.32,6932.82,no,yes
9916,1.707913,0.08766885,0.024154,294963.71,294938.89,1141.70,899.04,no,yes
9917,0.678834,0.49725090,0.009600,294938.47,294889.96,5433.19,4642.42,no,yes
9918,-1.224252,0.22087327,-0.017314,294883.91,294953.73,3317.11,4638.84,no,yes
9919,-0.640375,0.52193803,-0.009056,295040.78,295056.24,1242.93,2068.61,no,yes
9920,0.251420,0.80149174,0.003556,294816.62,294813.09,1030.12,950.90,no,yes
9921,0.305392,0.76007114,0.004319,294813.00,294808.37,1104.54,1040.48,no,yes
9922,0.860635,0.38944939,0.012171,294834.92,294823.09,1028.46,912.80,no,yes
9923,-1.544819,0.12240639,-0.021847,294979.92,295011.75,1311.29,1589.39,no,yes
9924,-1.247558,0.21221734,-0.017643,295121.23,295161.35,959.33,3069.56,no,yes
9925,0.292471,0.76992972,0.004136,294834.30,294830.28,986.48,958.26,no,yes
9926,-0.561334,0.57457648,-0.007938,295060.17,295068.67,1000.02,1139.05,no,yes
9927,-0.428181,0.66852381,-0.006055,301048.40,301058.48,1614.69,1712.89,no,yes
9928,-0.505867,0.61295544,-0.007154,295112.96,295131.80,2592.19,2672.42,no,yes
9929,0.352146,0.72473237,0.004980,300731.03,300725.06,1169.71,1226.95,no,yes
9930,-0.783300,0.43346006,-0.011078,303805.53,303824.12,1598.36,1755.77,no,yes
9931,-0.863273,0.38799760,-0.012209,297968.50,297989.50,1692.99,1747.04,no,yes
9932,-0.114108,0.90915296,-0.001614,295117.79,295128.12,6423.97,6375.42,no,yes
9933,0.242263,0.80857865,0.003426,302825.59,302822.41,927.56,930.87,no,yes
9934,-0.161688,0.87155371,-0.002287,294804.35,294807.76,1791.19,1108.66,no,yes
9935,-0.363100,0.71653412,-0.005135,294867.20,294871.55,800.24,893.66,no,yes
9936,-0.388520,0.69763539,-0.005495,295412.95,295452.27,6791.63,7501.53,no,yes
9937,-0.229238,0.81868643,-0.003242,297857.02,297860.90,1294.32,1094.16,no,yes
9938,-0.227666,0.81990846,-0.003220,294839.19,294842.09,842.36,958.66,no,yes
9939,0.666878,0.50485806,0.009431,294873.67,294864.98,967.44,874.57,no,yes
9940,-0.624452,0.53233876,-0.008831,295151.42,295172.18,1992.13,2661.11,no,yes
9941,-0.552460,0.58063914,-0.007813,295076.01,295094.28,2230.64,2440.24,no,yes
9942,-0.036018,0.97126810,-0.000509,295116.16,295116.60,817.57,892.31,no,yes
9943,-0.041676,0.96675721,-0.000589,294893.36,294894.75,2043.10,2640.74,no,yes
9944,-0.772507,0.43982342,-0.010925,295073.71,295084.69,910.64,1090.47,no,yes
9945,-1.191462,0.23348748,-0.016850,295083.63,295127.68,2230.02,2948.95,no,yes
9946,0.180399,0.85684083,0.002551,295122.01,295114.12,3103.52,3079.01,no,yes
9947,-0.269422,0.78760756,-0.003810,294781.67,294790.76,2517.19,2245.24,no,yes
9948,0.118629,0.90557046,0.001678,294904.23,294902.20,1254.64,1165.79,no,yes
9949,0.168370,0.86629400,0.002381,295087.46,295084.34,1367.31,1257.75,no,yes
9950,-1.308345,0.19077283,-0.018503,295078.50,295099.91,968.96,1318.47,no,yes
9951,0.336984,0.73613230,0.004766,295113.47,295108.08,1141.26,1118.74,no,yes
9952,-1.322588,0.18599377,-0.018704,304823.77,304882.39,1872.71,4017.47,no,yes
9953,-0.111957,0.91085839,-0.001583,295353.46,295364.86,7157.56,7244.37,no,yes
9954,0.200249,0.84128820,0.002832,294799.78,294797.11,955.44,931.52,no,yes
9955,-0.063437,0.94941943,-0.000897,294868.98,294870.00,1125.33,1137.85,no,yes
9956,0.230361,0.81781404,0.003258,303871.04,303865.86,1879.55,1232.95,no,yes
9957,-1.514839,0.12982941,-0.021423,295031.23,295052.51,912.33,1068.30,no,yes
9958,-0.201346,0.84042990,-0.002847,295044.42,295047.33,1002.40,1044.26,no,yes
9959,0.361083,0.71804133,0.005106,294911.02,294902.29,1739.03,1678.84,no,yes
9960,-0.001606,0.99871835,-0.000023,294898.24,294898.28,1930.45,1513.12,no,yes
9961,0.390066,0.69649183,0.005516,294980.67,294975.50,975.74,894.80,no,yes
9962,0.366729,0.71382491,0.005186,294850.21,294845.69,869.65,874.93,no,yes
9963,-0.355963,0.72187251,-0.005034,294842.71,294847.49,858.40,1029.62,no,yes
9964,-0.482909,0.62916606,-0.006829,393425.48,393432.85,1012.63,1141.75,no,yes
9965,-0.836960,0.40262608,-0.011836,297796.05,297809.82,983.91,1318.58,no,yes
9966,-0.263578,0.79210750,-0.003728,295214.81,295224.42,2510.34,2642.60,no,yes
9967,-0.585632,0.55813110,-0.008282,294959.90,294974.46,1292.74,2124.00,no,yes
9968,0.153261,0.87819393,0.002167,294763.22,294758.59,2249.94,2010.69,no,yes
9969,-0.085213,0.93209327,-0.001205,294753.55,294755.62,1622.59,1808.32,no,yes
9970,-0.145787,0.88409129,-0.002062,295196.20,295203.20,3644.88,3126.27,no,yes
9971,-0.833189,0.40474831,-0.011783,295038.28,295060.83,1960.42,1865.47,no,yes
9972,0.675692,0.49924544,0.009556,295222.76,295181.42,5098.41,3382.10,no,yes
9973,0.015744,0.98743889,0.000223,294911.75,294911.38,1549.33,1735.73,no,yes
9974,-0.122814,0.90225567,-0.001737,295141.53,295147.69,3455.05,3638.53,no,yes
9975,-0.332365,0.73961731,-0.004700,294833.59,294837.81,876.58,915.29,no,yes
9976,-0.767133,0.44301381,-0.010849,294954.81,294995.18,2598.19,4575.54,no,yes
9977,-0.699352,0.48434051,-0.009890,294823.69,294835.86,1183.64,1275.26,no,yes
9978,0.543814,0.58657586,0.007691,302643.08,302630.59,1769.09,1467.09,no,yes
9979,0.711012,0.47708532,0.010055,295072.30,295063.71,889.45,816.31,no,yes
9980,0.699451,0.48427871,0.009892,295023.09,295013.63,1026.27,881.08,no,yes
9981,-0.211862,0.83221675,-0.002996,294960.52,294965.04,1710.52,1276.95,no,yes
9982,-0.623322,0.53308015,-0.008815,294919.74,294928.21,882.41,1033.31,no,yes
9983,-0.071588,0.94293083,-0.001012,295062.35,295063.39,1067.00,982.21,no,yes
9984,0.205256,0.83737445,0.002903,295085.72,295082.62,1034.49,1094.24,no,yes
9985,-0.031027,0.97524792,-0.000439,294848.72,294849.66,2162.06,2086.17,no,yes
9986,-0.730104,0.46533521,-0.010325,294808.29,294832.21,2144.24,2477.13,no,yes
9987,-0.228635,0.81915513,-0.003233,295138.39,295144.50,1899.83,1878.31,no,yes
9988,-0.468830,0.63919612,-0.006630,294924.03,294938.52,2223.10,2147.20,no,yes
9989,-1.471811,0.14108802,-0.020815,295098.72,295131.53,1457.38,1686.27,no,yes
9990,0.661045,0.50859118,0.009349,294881.48,294863.14,2055.62,1863.85,no,yes
9991,-0.318345,0.75022681,-0.004502,295135.39,295165.58,6565.61,6841.51,no,yes
9992,-0.514951,0.60659268,-0.007283,295101.04,295108.22,1000.95,969.52,no,yes
9993,-0.171714,0.86366436,-0.002428,294998.98,295007.01,3494.61,3107.46,no,yes
9994,-0.074501,0.94061280,-0.001054,295095.33,295097.16,1647.86,1804.01,no,yes
9995,-0.366289,0.71415371,-0.005180,295064.22,295082.08,3030.01,3822.93,no,yes
9996,0.638733,0.52300390,0.009033,294859.94,294851.45,1006.41,869.20,no,yes
9997,-0.065193,0.94802129,-0.000922,295102.14,295103.18,1155.86,1095.71,no,yes
9998,-0.146055,0.88387951,-0.002066,295050.29,295052.36,1091.36,908.50,no,yes
9999,0.901455,0.36735764,0.012748,294752.77,294740.28,1028.74,928.85,no,yes
10000,-0.499500,0.61743321,-0.007064,294982.68,294997.84,1699.48,2514.91,no,yes
