run,impl,time_ns
0,constant_time,293632
0,baseline,269290
1,constant_time,293382
1,baseline,268035
2,constant_time,293416
2,baseline,270245
3,constant_time,292708
3,baseline,267939
4,constant_time,296869
4,baseline,268154
5,constant_time,294504
5,baseline,267883
6,constant_time,294888
6,baseline,267958
7,constant_time,292735
7,baseline,279217
8,constant_time,409150
8,baseline,333506
9,constant_time,298750
9,baseline,296178
10,constant_time,294819
10,baseline,267412
11,constant_time,297564
11,baseline,268026
12,constant_time,293117
12,baseline,272351
13,constant_time,293494
13,baseline,268601
14,constant_time,293627
14,baseline,270411
15,constant_time,298362
15,baseline,284967
16,constant_time,299018
16,baseline,267817
17,constant_time,292578
17,baseline,268075
18,constant_time,295152
18,baseline,268095
19,constant_time,292568
19,baseline,270939
20,constant_time,306329
20,baseline,274734
21,constant_time,292775
21,baseline,273594
22,constant_time,292187
22,baseline,268029
23,constant_time,295675
23,baseline,268373
24,constant_time,293660
24,baseline,268092
25,constant_time,295704
25,baseline,268310
26,constant_time,292204
26,baseline,268132
27,constant_time,296814
27,baseline,268056
28,constant_time,293403
28,baseline,270405
29,constant_time,292322
29,baseline,268684
30,constant_time,292731
30,baseline,269278
31,constant_time,292135
31,baseline,268417
32,constant_time,293889
32,baseline,268185
33,constant_time,292192
33,baseline,267949
34,constant_time,400110
34,baseline,268545
35,constant_time,295414
35,baseline,269903
36,constant_time,294044
36,baseline,268011
37,constant_time,300162
37,baseline,341896
38,constant_time,401085
38,baseline,272130
39,constant_time,313054
39,baseline,276704
40,constant_time,293282
40,baseline,272962
41,constant_time,293014
41,baseline,268137
42,constant_time,296154
42,baseline,268256
43,constant_time,293574
43,baseline,267696
44,constant_time,297439
44,baseline,287156
45,constant_time,293245
45,baseline,273679
46,constant_time,292347
46,baseline,267350
47,constant_time,292419
47,baseline,270525
48,constant_time,293158
48,baseline,268046
49,constant_time,307333
49,baseline,274333
50,constant_time,293028
50,baseline,267666
51,constant_time,297235
51,baseline,267585
52,constant_time,292609
52,baseline,267874
53,constant_time,297645
53,baseline,267592
54,constant_time,292839
54,baseline,272983
55,constant_time,293057
55,baseline,268027
56,constant_time,293304
56,baseline,271173
57,constant_time,293634
57,baseline,268115
58,constant_time,295849
58,baseline,267671
59,constant_time,292751
59,baseline,267484
60,constant_time,296338
60,baseline,267549
61,constant_time,292701
61,baseline,270367
62,constant_time,293484
62,baseline,268396
63,constant_time,293151
63,baseline,378623
64,constant_time,294004
64,baseline,267806
65,constant_time,301049
65,baseline,369471
66,constant_time,370723
66,baseline,271770
67,constant_time,326985
67,baseline,269601
68,constant_time,298006
68,baseline,267954
69,constant_time,293342
69,baseline,267807
70,constant_time,295431
70,baseline,267791
71,constant_time,293836
71,baseline,267453
72,constant_time,295790
72,baseline,268622
73,constant_time,294053
73,baseline,292723
74,constant_time,293164
74,baseline,267944
75,constant_time,295638
75,baseline,268163
76,constant_time,293352
76,baseline,267911
77,constant_time,295439
77,baseline,273576
78,constant_time,304683
78,baseline,270654
79,constant_time,295751
79,baseline,267641
80,constant_time,293592
80,baseline,272593
81,constant_time,293619
81,baseline,267917
82,constant_time,293775
82,baseline,270725
83,constant_time,292752
83,baseline,267902
84,constant_time,296237
84,baseline,268057
85,constant_time,293684
85,baseline,267931
86,constant_time,294559
86,baseline,267784
87,constant_time,292946
87,baseline,272118
88,constant_time,292984
88,baseline,268337
89,constant_time,293647
89,baseline,271536
90,constant_time,293070
90,baseline,268183
91,constant_time,400527
91,baseline,268489
92,constant_time,292441
92,baseline,268176
93,constant_time,294733
93,baseline,267765
94,constant_time,292435
94,baseline,275550
95,constant_time,364140
95,baseline,372878
96,constant_time,297584
96,baseline,272084
97,constant_time,319030
97,baseline,277083
98,constant_time,292933
98,baseline,267812
99,constant_time,292865
99,baseline,270242
100,constant_time,292837
100,baseline,267872
101,constant_time,294659
101,baseline,268198
102,constant_time,316620
102,baseline,267786
103,constant_time,297864
103,baseline,267518
104,constant_time,292547
104,baseline,267465
105,constant_time,296997
105,baseline,267687
106,constant_time,292452
106,baseline,274462
107,constant_time,307260
107,baseline,267605
108,constant_time,293148
108,baseline,273750
109,constant_time,293360
109,baseline,267716
110,constant_time,298401
110,baseline,267367
111,constant_time,292502
111,baseline,267310
112,constant_time,295564
112,baseline,267695
113,constant_time,292747
113,baseline,271408
114,constant_time,293364
114,baseline,267994
115,constant_time,293235
115,baseline,269904
116,constant_time,293194
116,baseline,268030
117,constant_time,298653
117,baseline,267513
118,constant_time,292490
118,baseline,267874
119,constant_time,296954
119,baseline,267720
120,constant_time,292760
120,baseline,270849
121,constant_time,293877
121,baseline,267878
122,constant_time,293206
122,baseline,270879
123,constant_time,293358
123,baseline,267938
124,constant_time,296256
124,baseline,309569
125,constant_time,403114
125,baseline,306392
126,constant_time,295675
126,baseline,287035
127,constant_time,293931
127,baseline,271930
128,constant_time,293123
128,baseline,267969
129,constant_time,296387
129,baseline,268243
130,constant_time,293788
130,baseline,268102
131,constant_time,310834
131,baseline,293743
132,constant_time,293520
132,baseline,276599
133,constant_time,293411
133,baseline,267966
134,constant_time,293353
134,baseline,270796
135,constant_time,293736
135,baseline,275267
136,constant_time,370743
136,baseline,294214
137,constant_time,293175
137,baseline,267619
138,constant_time,299098
138,baseline,267846
139,constant_time,292789
139,baseline,273907
140,constant_time,293908
140,baseline,267912
141,constant_time,293351
141,baseline,272096
142,constant_time,292446
142,baseline,267848
143,constant_time,296227
143,baseline,267961
144,constant_time,293019
144,baseline,267674
145,constant_time,296337
145,baseline,268128
146,constant_time,293654
146,baseline,271279
147,constant_time,293718
147,baseline,268025
148,constant_time,292930
148,baseline,270456
149,constant_time,293117
149,baseline,267994
150,constant_time,401675
150,baseline,268045
151,constant_time,293261
151,baseline,267898
152,constant_time,301949
152,baseline,330365
153,constant_time,387026
153,baseline,294514
154,constant_time,293609
154,baseline,268265
155,constant_time,305371
155,baseline,268331
156,constant_time,293748
156,baseline,268255
157,constant_time,296030
157,baseline,267534
158,constant_time,292120
158,baseline,269625
159,constant_time,293292
159,baseline,268806
160,constant_time,307018
160,baseline,288002
161,constant_time,293357
161,baseline,267983
162,constant_time,297736
162,baseline,267841
163,constant_time,292714
163,baseline,267882
164,constant_time,296365
164,baseline,277903
165,constant_time,296604
165,baseline,278677
166,constant_time,293229
166,baseline,267908
167,constant_time,293769
167,baseline,271127
168,constant_time,293816
168,baseline,267716
169,constant_time,296480
169,baseline,268011
170,constant_time,292632
170,baseline,267757
171,constant_time,297738
171,baseline,273593
172,constant_time,293372
172,baseline,272392
173,constant_time,292640
173,baseline,267932
174,constant_time,293774
174,baseline,271825
175,constant_time,293571
175,baseline,268140
176,constant_time,294440
176,baseline,268155
177,constant_time,293166
177,baseline,267885
178,constant_time,294229
178,baseline,267934
179,constant_time,292456
179,baseline,267887
180,constant_time,397678
180,baseline,267921
181,constant_time,293222
181,baseline,268845
182,constant_time,315975
182,baseline,385351
183,constant_time,322313
183,baseline,305581
184,constant_time,293741
184,baseline,282773
185,constant_time,293261
185,baseline,267870
186,constant_time,293632
186,baseline,271806
187,constant_time,293709
187,baseline,267876
188,constant_time,295918
188,baseline,267910
189,constant_time,322277
189,baseline,268071
190,constant_time,297209
190,baseline,267867
191,constant_time,292918
191,baseline,270044
192,constant_time,293312
192,baseline,267812
193,constant_time,293646
193,baseline,280105
194,constant_time,297056
194,baseline,275047
195,constant_time,297104
195,baseline,267503
196,constant_time,293940
196,baseline,267677
197,constant_time,296073
197,baseline,267899
198,constant_time,293638
198,baseline,270358
199,constant_time,292708
199,baseline,267688
200,constant_time,292881
200,baseline,284494
201,constant_time,293381
201,baseline,268293
202,constant_time,294900
202,baseline,267751
203,constant_time,293382
203,baseline,267786
204,constant_time,294533
204,baseline,268122
205,constant_time,293342
205,baseline,268999
206,constant_time,293295
206,baseline,268077
207,constant_time,292189
207,baseline,374819
208,constant_time,293073
208,baseline,267833
209,constant_time,294455
209,baseline,268562
210,constant_time,349271
210,baseline,380949
211,constant_time,310649
211,baseline,288352
212,constant_time,292912
212,baseline,279793
213,constant_time,293618
213,baseline,267791
214,constant_time,295952
214,baseline,268176
215,constant_time,293678
215,baseline,268045
216,constant_time,296547
216,baseline,268204
217,constant_time,293444
217,baseline,288087
218,constant_time,317684
218,baseline,268344
219,constant_time,293017
219,baseline,270924
220,constant_time,292815
220,baseline,267673
221,constant_time,296663
221,baseline,267666
222,constant_time,293200
222,baseline,281080
223,constant_time,302772
223,baseline,267786
224,constant_time,292736
224,baseline,276156
225,constant_time,292645
225,baseline,267718
226,constant_time,292980
226,baseline,270575
227,constant_time,292170
227,baseline,268222
228,constant_time,296364
228,baseline,268300
229,constant_time,293201
229,baseline,267985
230,constant_time,295962
230,baseline,267648
231,constant_time,293643
231,baseline,269493
232,constant_time,292528
232,baseline,268012
233,constant_time,293031
233,baseline,269477
234,constant_time,293763
234,baseline,268307
235,constant_time,296109
235,baseline,267674
236,constant_time,293294
236,baseline,300451
237,constant_time,323676
237,baseline,280115
238,constant_time,373228
238,baseline,292079
239,constant_time,293672
239,baseline,339197
240,constant_time,310052
240,baseline,268300
241,constant_time,292351
241,baseline,267880
242,constant_time,296768
242,baseline,268045
243,constant_time,292438
243,baseline,271079
244,constant_time,293394
244,baseline,267941
245,constant_time,293738
245,baseline,271595
246,constant_time,293104
246,baseline,268015
247,constant_time,325472
247,baseline,268058
248,constant_time,292991
248,baseline,268163
249,constant_time,297138
249,baseline,267822
250,constant_time,292898
250,baseline,272137
251,constant_time,292773
251,baseline,267976
252,constant_time,292971
252,baseline,270790
253,constant_time,293467
253,baseline,268471
254,constant_time,298488
254,baseline,268045
255,constant_time,293664
255,baseline,267957
256,constant_time,295947
256,baseline,267999
257,constant_time,293513
257,baseline,268214
258,constant_time,296239
258,baseline,267297
259,constant_time,293393
259,baseline,269217
260,constant_time,292556
260,baseline,268228
261,constant_time,293249
261,baseline,269809
262,constant_time,293522
262,baseline,268151
263,constant_time,294424
263,baseline,268093
264,constant_time,292545
264,baseline,285315
265,constant_time,412301
265,baseline,267853
266,constant_time,293431
266,baseline,270335
267,constant_time,293523
267,baseline,267803
268,constant_time,296434
268,baseline,267392
269,constant_time,299096
269,baseline,298180
270,constant_time,296775
270,baseline,267236
271,constant_time,292566
271,baseline,269088
272,constant_time,292042
272,baseline,267987
273,constant_time,293325
273,baseline,269565
274,constant_time,293714
274,baseline,267648
275,constant_time,293135
275,baseline,269651
276,constant_time,302523
276,baseline,267904
277,constant_time,305386
277,baseline,267912
278,constant_time,293565
278,baseline,267445
279,constant_time,299112
279,baseline,267756
280,constant_time,293764
280,baseline,270542
281,constant_time,293593
281,baseline,267839
282,constant_time,293815
282,baseline,269160
283,constant_time,293178
283,baseline,267700
284,constant_time,294922
284,baseline,267723
285,constant_time,292577
285,baseline,267834
286,constant_time,294429
286,baseline,268378
287,constant_time,293044
287,baseline,269535
288,constant_time,292789
288,baseline,267329
289,constant_time,291694
289,baseline,269114
290,constant_time,292372
290,baseline,267896
291,constant_time,293901
291,baseline,268256
292,constant_time,293156
292,baseline,267959
293,constant_time,295481
293,baseline,267972
294,constant_time,293632
294,baseline,267665
295,constant_time,294886
295,baseline,267778
296,constant_time,292104
296,baseline,269301
297,constant_time,293047
297,baseline,273309
298,constant_time,324178
298,baseline,267838
299,constant_time,294181
299,baseline,268232
300,constant_time,294580
300,baseline,267756
301,constant_time,292636
301,baseline,267636
302,constant_time,294872
302,baseline,268029
303,constant_time,293055
303,baseline,269640
304,constant_time,292828
304,baseline,268633
305,constant_time,292925
305,baseline,269604
306,constant_time,292900
306,baseline,267656
307,constant_time,295066
307,baseline,268551
308,constant_time,292783
308,baseline,268774
309,constant_time,294778
309,baseline,268620
310,constant_time,292829
310,baseline,268900
311,constant_time,292388
311,baseline,267933
312,constant_time,295739
312,baseline,269075
313,constant_time,293621
313,baseline,267815
314,constant_time,294680
314,baseline,267955
315,constant_time,293573
315,baseline,267421
316,constant_time,294582
316,baseline,267434
317,constant_time,293520
317,baseline,267608
318,constant_time,296149
318,baseline,267635
319,constant_time,293482
319,baseline,269208
320,constant_time,293711
320,baseline,268118
321,constant_time,292895
321,baseline,269720
322,constant_time,292071
322,baseline,267749
323,constant_time,293111
323,baseline,267880
324,constant_time,292891
324,baseline,267435
325,constant_time,293369
325,baseline,268121
326,constant_time,292333
326,baseline,269560
327,constant_time,294125
327,baseline,267776
328,constant_time,312080
328,baseline,269875
329,constant_time,293718
329,baseline,267858
330,constant_time,295123
330,baseline,267974
331,constant_time,293653
331,baseline,267977
332,constant_time,294898
332,baseline,268270
333,constant_time,293468
333,baseline,267884
334,constant_time,293910
334,baseline,267494
335,constant_time,293331
335,baseline,268814
336,constant_time,293129
336,baseline,268285
337,constant_time,295349
337,baseline,268537
338,constant_time,294298
338,baseline,267920
339,constant_time,294438
339,baseline,268014
340,constant_time,292704
340,baseline,267794
341,constant_time,295013
341,baseline,268104
342,constant_time,293296
342,baseline,269624
343,constant_time,293253
343,baseline,267657
344,constant_time,292713
344,baseline,268957
345,constant_time,293384
345,baseline,267617
346,constant_time,294517
346,baseline,267597
347,constant_time,298360
347,baseline,278360
348,constant_time,322139
348,baseline,268157
349,constant_time,293172
349,baseline,271780
350,constant_time,293694
350,baseline,267642
351,constant_time,293906
351,baseline,270639
352,constant_time,293062
352,baseline,267471
353,constant_time,293292
353,baseline,270263
354,constant_time,292550
354,baseline,267735
355,constant_time,295022
355,baseline,267947
356,constant_time,293063
356,baseline,296518
357,constant_time,296409
357,baseline,267513
358,constant_time,293630
358,baseline,270308
359,constant_time,293764
359,baseline,267845
360,constant_time,294008
360,baseline,270732
361,constant_time,292246
361,baseline,268915
362,constant_time,294583
362,baseline,268023
363,constant_time,293204
363,baseline,274504
364,constant_time,296592
364,baseline,268215
365,constant_time,292700
365,baseline,269045
366,constant_time,292831
366,baseline,267708
367,constant_time,292785
367,baseline,269062
368,constant_time,292967
368,baseline,267887
369,constant_time,294165
369,baseline,267468
370,constant_time,293468
370,baseline,267726
371,constant_time,294156
371,baseline,268080
372,constant_time,292678
372,baseline,267540
373,constant_time,294128
373,baseline,268032
374,constant_time,292954
374,baseline,268654
375,constant_time,293556
375,baseline,267457
376,constant_time,293198
376,baseline,268952
377,constant_time,293262
377,baseline,267963
378,constant_time,294498
378,baseline,267690
379,constant_time,292399
379,baseline,267538
380,constant_time,293417
380,baseline,267476
381,constant_time,292257
381,baseline,272700
382,constant_time,293537
382,baseline,267876
383,constant_time,292341
383,baseline,268973
384,constant_time,293330
384,baseline,267960
385,constant_time,293628
385,baseline,268142
386,constant_time,293036
386,baseline,272829
387,constant_time,317936
387,baseline,268551
388,constant_time,292828
388,baseline,268997
389,constant_time,292465
389,baseline,267754
390,constant_time,293729
390,baseline,269071
391,constant_time,293407
391,baseline,267723
392,constant_time,293557
392,baseline,269068
393,constant_time,293574
393,baseline,267880
394,constant_time,294375
394,baseline,268230
395,constant_time,293323
395,baseline,267718
396,constant_time,294120
396,baseline,268110
397,constant_time,292600
397,baseline,268974
398,constant_time,293392
398,baseline,267554
399,constant_time,292862
399,baseline,509008
400,constant_time,293452
400,baseline,267832
401,constant_time,295027
401,baseline,267322
402,constant_time,292969
402,baseline,269097
403,constant_time,293145
403,baseline,267653
404,constant_time,292917
404,baseline,268836
405,constant_time,293384
405,baseline,267795
406,constant_time,294593
406,baseline,267888
407,constant_time,296085
407,baseline,267779
408,constant_time,296793
408,baseline,267207
409,constant_time,292180
409,baseline,268873
410,constant_time,292562
410,baseline,267941
411,constant_time,293485
411,baseline,268792
412,constant_time,293266
412,baseline,268217
413,constant_time,294000
413,baseline,268265
414,constant_time,292377
414,baseline,267728
415,constant_time,294587
415,baseline,267717
416,constant_time,293324
416,baseline,293129
417,constant_time,297826
417,baseline,267724
418,constant_time,293531
418,baseline,270214
419,constant_time,292372
419,baseline,268760
420,constant_time,292873
420,baseline,917987
421,constant_time,297359
421,baseline,267785
422,constant_time,293192
422,baseline,270933
423,constant_time,293198
423,baseline,267643
424,constant_time,293765
424,baseline,271037
425,constant_time,293496
425,baseline,267831
426,constant_time,296093
426,baseline,267712
427,constant_time,293372
427,baseline,267466
428,constant_time,296607
428,baseline,267347
429,constant_time,314675
429,baseline,269985
430,constant_time,294545
430,baseline,268223
431,constant_time,293198
431,baseline,270109
432,constant_time,292768
432,baseline,268104
433,constant_time,293230
433,baseline,269908
434,constant_time,292365
434,baseline,267800
435,constant_time,296276
435,baseline,267958
436,constant_time,292648
436,baseline,268281
437,constant_time,297874
437,baseline,267793
438,constant_time,292542
438,baseline,270098
439,constant_time,293394
439,baseline,268078
440,constant_time,293514
440,baseline,270324
441,constant_time,292431
441,baseline,268039
442,constant_time,295983
442,baseline,268280
443,constant_time,292985
443,baseline,268174
444,constant_time,324064
444,baseline,268300
445,constant_time,292843
445,baseline,271589
446,constant_time,293735
446,baseline,268117
447,constant_time,293178
447,baseline,272908
448,constant_time,293169
448,baseline,267693
449,constant_time,295107
449,baseline,268655
450,constant_time,292757
450,baseline,268512
451,constant_time,294265
451,baseline,268032
452,constant_time,292919
452,baseline,268044
453,constant_time,293867
453,baseline,268375
454,constant_time,293232
454,baseline,269971
455,constant_time,293055
455,baseline,268310
456,constant_time,293375
456,baseline,269353
457,constant_time,293002
457,baseline,267777
458,constant_time,294334
458,baseline,267939
459,constant_time,292857
459,baseline,267458
460,constant_time,294108
460,baseline,268407
461,constant_time,293418
461,baseline,268716
462,constant_time,293562
462,baseline,267711
463,constant_time,292394
463,baseline,268909
464,constant_time,292974
464,baseline,267859
465,constant_time,294078
465,baseline,267873
466,constant_time,293310
466,baseline,268179
467,constant_time,294118
467,baseline,268017
468,constant_time,292241
468,baseline,268031
469,constant_time,294119
469,baseline,267986
470,constant_time,293938
470,baseline,272234
471,constant_time,293076
471,baseline,268022
472,constant_time,292034
472,baseline,268888
473,constant_time,292654
473,baseline,267469
474,constant_time,294005
474,baseline,291126
475,constant_time,293516
475,baseline,267638
476,constant_time,295604
476,baseline,267240
477,constant_time,293902
477,baseline,268943
478,constant_time,293908
478,baseline,267456
479,constant_time,293469
479,baseline,269141
480,constant_time,292791
480,baseline,267414
481,constant_time,293114
481,baseline,267963
482,constant_time,292699
482,baseline,267693
483,constant_time,294372
483,baseline,267913
484,constant_time,292575
484,baseline,267722
485,constant_time,294401
485,baseline,267924
486,constant_time,293315
486,baseline,268909
487,constant_time,292193
487,baseline,267961
488,constant_time,292703
488,baseline,268773
489,constant_time,293617
489,baseline,267783
490,constant_time,293996
490,baseline,267645
491,constant_time,292901
491,baseline,267681
492,constant_time,293675
492,baseline,267832
493,constant_time,292574
493,baseline,268934
494,constant_time,292603
494,baseline,267898
495,constant_time,292861
495,baseline,269025
496,constant_time,292651
496,baseline,267932
497,constant_time,294961
497,baseline,267539
498,constant_time,294978
498,baseline,267387
499,constant_time,295503
499,baseline,267682
500,constant_time,293526
500,baseline,267790
501,constant_time,294188
501,baseline,267131
502,constant_time,292451
502,baseline,269688
503,constant_time,316928
503,baseline,267239
504,constant_time,292730
504,baseline,272355
505,constant_time,293382
505,baseline,267684
506,constant_time,295921
506,baseline,267212
507,constant_time,292859
507,baseline,267515
508,constant_time,294524
508,baseline,267845
509,constant_time,293580
509,baseline,269331
510,constant_time,293422
510,baseline,267956
511,constant_time,293732
511,baseline,269099
512,constant_time,293407
512,baseline,267123
513,constant_time,294025
513,baseline,268360
514,constant_time,293455
514,baseline,268194
515,constant_time,294123
515,baseline,267709
516,constant_time,292640
516,baseline,267999
517,constant_time,294644
517,baseline,267711
518,constant_time,293542
518,baseline,269083
519,constant_time,293866
519,baseline,267259
520,constant_time,293561
520,baseline,268980
521,constant_time,293384
521,baseline,267549
522,constant_time,295208
522,baseline,268392
523,constant_time,291953
523,baseline,272081
524,constant_time,295552
524,baseline,267799
525,constant_time,292272
525,baseline,269184
526,constant_time,293243
526,baseline,268476
527,constant_time,293071
527,baseline,270231
528,constant_time,293600
528,baseline,267878
529,constant_time,294420
529,baseline,267776
530,constant_time,293759
530,baseline,266966
531,constant_time,294574
531,baseline,267425
532,constant_time,293208
532,baseline,267916
533,constant_time,294726
533,baseline,291924
534,constant_time,292891
534,baseline,269771
535,constant_time,293733
535,baseline,267716
536,constant_time,293479
536,baseline,268886
537,constant_time,292110
537,baseline,268115
538,constant_time,293600
538,baseline,267925
539,constant_time,293745
539,baseline,267614
540,constant_time,294396
540,baseline,267510
541,constant_time,293605
541,baseline,268812
542,constant_time,293189
542,baseline,267219
543,constant_time,293464
543,baseline,268999
544,constant_time,292963
544,baseline,267959
545,constant_time,294557
545,baseline,268224
546,constant_time,293485
546,baseline,268382
547,constant_time,294250
547,baseline,268143
548,constant_time,293737
548,baseline,268965
549,constant_time,292713
549,baseline,267655
550,constant_time,293834
550,baseline,268980
551,constant_time,292688
551,baseline,267947
552,constant_time,294023
552,baseline,269210
553,constant_time,293193
553,baseline,268195
554,constant_time,294470
554,baseline,267880
555,constant_time,293171
555,baseline,267361
556,constant_time,294054
556,baseline,267938
557,constant_time,292835
557,baseline,269109
558,constant_time,292078
558,baseline,268266
559,constant_time,292079
559,baseline,269407
560,constant_time,292585
560,baseline,267842
561,constant_time,293846
561,baseline,268119
562,constant_time,315335
562,baseline,267605
563,constant_time,295862
563,baseline,268097
564,constant_time,293161
564,baseline,268988
565,constant_time,293370
565,baseline,267557
566,constant_time,292604
566,baseline,268835
567,constant_time,292758
567,baseline,268492
568,constant_time,294461
568,baseline,267589
569,constant_time,293830
569,baseline,267659
570,constant_time,294044
570,baseline,268223
571,constant_time,292767
571,baseline,267894
572,constant_time,294545
572,baseline,268117
573,constant_time,292460
573,baseline,268876
574,constant_time,292795
574,baseline,267309
575,constant_time,292945
575,baseline,268977
576,constant_time,293109
576,baseline,267775
577,constant_time,294553
577,baseline,268013
578,constant_time,292422
578,baseline,267746
579,constant_time,294317
579,baseline,268043
580,constant_time,293372
580,baseline,269303
581,constant_time,292548
581,baseline,267547
582,constant_time,292669
582,baseline,270136
583,constant_time,292883
583,baseline,267795
584,constant_time,292868
584,baseline,268741
585,constant_time,292698
585,baseline,268121
586,constant_time,294519
586,baseline,267812
587,constant_time,292903
587,baseline,267939
588,constant_time,294584
588,baseline,267982
589,constant_time,293528
589,baseline,269045
590,constant_time,293335
590,baseline,267781
591,constant_time,293490
591,baseline,269229
592,constant_time,292567
592,baseline,292825
593,constant_time,296484
593,baseline,267495
594,constant_time,292388
594,baseline,267591
595,constant_time,296913
595,baseline,267445
596,constant_time,295642
596,baseline,269052
597,constant_time,292893
597,baseline,267307
598,constant_time,292720
598,baseline,269034
599,constant_time,292948
599,baseline,267964
600,constant_time,294265
600,baseline,267951
601,constant_time,292442
601,baseline,267728
602,constant_time,293848
602,baseline,267993
603,constant_time,292275
603,baseline,267898
604,constant_time,293934
604,baseline,267915
605,constant_time,292845
605,baseline,268909
606,constant_time,292224
606,baseline,268181
607,constant_time,292659
607,baseline,268688
608,constant_time,292226
608,baseline,267795
609,constant_time,294592
609,baseline,267631
610,constant_time,294050
610,baseline,267562
611,constant_time,294584
611,baseline,267302
612,constant_time,293352
612,baseline,268241
613,constant_time,295397
613,baseline,268023
614,constant_time,292860
614,baseline,268860
615,constant_time,292923
615,baseline,268398
616,constant_time,292800
616,baseline,269329
617,constant_time,294089
617,baseline,268362
618,constant_time,304864
618,baseline,268125
619,constant_time,293269
619,baseline,267573
620,constant_time,295300
620,baseline,267955
621,constant_time,293130
621,baseline,269292
622,constant_time,294033
622,baseline,282767
623,constant_time,325392
623,baseline,270274
624,constant_time,293807
624,baseline,267737
625,constant_time,295067
625,baseline,267691
626,constant_time,293016
626,baseline,267227
627,constant_time,293837
627,baseline,267835
628,constant_time,292721
628,baseline,269261
629,constant_time,292467
629,baseline,268088
630,constant_time,293975
630,baseline,269286
631,constant_time,292489
631,baseline,267915
632,constant_time,294307
632,baseline,267965
633,constant_time,293653
633,baseline,268126
634,constant_time,294381
634,baseline,268092
635,constant_time,292911
635,baseline,268878
636,constant_time,292780
636,baseline,267447
637,constant_time,292634
637,baseline,268887
638,constant_time,292543
638,baseline,267759
639,constant_time,293090
639,baseline,269271
640,constant_time,292571
640,baseline,267956
641,constant_time,293836
641,baseline,267757
642,constant_time,293195
642,baseline,268010
643,constant_time,294541
643,baseline,267609
644,constant_time,292977
644,baseline,269103
645,constant_time,293496
645,baseline,267739
646,constant_time,293450
646,baseline,268854
647,constant_time,292504
647,baseline,267879
648,constant_time,295571
648,baseline,267958
649,constant_time,293833
649,baseline,267678
650,constant_time,294448
650,baseline,267903
651,constant_time,311180
651,baseline,273984
652,constant_time,322298
652,baseline,354814
653,constant_time,332735
653,baseline,279910
654,constant_time,293550
654,baseline,267796
655,constant_time,300598
655,baseline,267958
656,constant_time,292699
656,baseline,270447
657,constant_time,292938
657,baseline,268382
658,constant_time,292743
658,baseline,273684
659,constant_time,298433
659,baseline,267980
660,constant_time,292699
660,baseline,280865
661,constant_time,293421
661,baseline,267921
662,constant_time,296390
662,baseline,267961
663,constant_time,292771
663,baseline,268213
664,constant_time,296523
664,baseline,267932
665,constant_time,293876
665,baseline,270665
666,constant_time,292613
666,baseline,268133
667,constant_time,292442
667,baseline,271306
668,constant_time,292373
668,baseline,267780
669,constant_time,295075
669,baseline,268087
670,constant_time,292765
670,baseline,267379
671,constant_time,296075
671,baseline,267578
672,constant_time,293109
672,baseline,269985
673,constant_time,293667
673,baseline,267852
674,constant_time,293544
674,baseline,270793
675,constant_time,292963
675,baseline,267821
676,constant_time,296206
676,baseline,267992
677,constant_time,292767
677,baseline,267920
678,constant_time,304310
678,baseline,268091
679,constant_time,293154
679,baseline,268178
680,constant_time,296320
680,baseline,267678
681,constant_time,293079
681,baseline,293402
682,constant_time,314139
682,baseline,274353
683,constant_time,313104
683,baseline,276845
684,constant_time,293471
684,baseline,267660
685,constant_time,298198
685,baseline,267767
686,constant_time,293916
686,baseline,267577
687,constant_time,295518
687,baseline,267612
688,constant_time,292254
688,baseline,269272
689,constant_time,292663
689,baseline,267730
690,constant_time,293611
690,baseline,275095
691,constant_time,293061
691,baseline,268221
692,constant_time,294781
692,baseline,269000
693,constant_time,293401
693,baseline,268805
694,constant_time,309427
694,baseline,289340
695,constant_time,310332
695,baseline,277035
696,constant_time,294030
696,baseline,267755
697,constant_time,293269
697,baseline,269224
698,constant_time,292979
698,baseline,268083
699,constant_time,294038
699,baseline,273353
700,constant_time,299447
700,baseline,267955
701,constant_time,294854
701,baseline,267853
702,constant_time,293308
702,baseline,268968
703,constant_time,293190
703,baseline,267322
704,constant_time,293278
704,baseline,269060
705,constant_time,293631
705,baseline,267741
706,constant_time,295729
706,baseline,268278
707,constant_time,293887
707,baseline,267964
708,constant_time,294232
708,baseline,268593
709,constant_time,293649
709,baseline,286557
710,constant_time,307078
710,baseline,292454
711,constant_time,388737
711,baseline,315897
712,constant_time,302480
712,baseline,267749
713,constant_time,296942
713,baseline,267707
714,constant_time,292262
714,baseline,280514
715,constant_time,293556
715,baseline,267501
716,constant_time,293503
716,baseline,269312
717,constant_time,292565
717,baseline,272665
718,constant_time,298412
718,baseline,267484
719,constant_time,292367
719,baseline,267607
720,constant_time,296875
720,baseline,267281
721,constant_time,304188
721,baseline,298606
722,constant_time,343614
722,baseline,296495
723,constant_time,312302
723,baseline,273658
724,constant_time,293307
724,baseline,267657
725,constant_time,297807
725,baseline,268269
726,constant_time,293195
726,baseline,268210
727,constant_time,296076
727,baseline,267577
728,constant_time,292816
728,baseline,269860
729,constant_time,293338
729,baseline,267512
730,constant_time,293781
730,baseline,279911
731,constant_time,293494
731,baseline,267413
732,constant_time,294562
732,baseline,267493
733,constant_time,293231
733,baseline,267985
734,constant_time,294597
734,baseline,268006
735,constant_time,293339
735,baseline,372428
736,constant_time,292848
736,baseline,268151
737,constant_time,293363
737,baseline,269050
738,constant_time,293723
738,baseline,267625
739,constant_time,295025
739,baseline,296083
740,constant_time,299895
740,baseline,331515
741,constant_time,364470
741,baseline,285111
742,constant_time,294058
742,baseline,275610
743,constant_time,292130
743,baseline,267747
744,constant_time,298582
744,baseline,267720
745,constant_time,292579
745,baseline,268034
746,constant_time,306410
746,baseline,267576
747,constant_time,293726
747,baseline,271923
748,constant_time,293171
748,baseline,267729
749,constant_time,293048
749,baseline,271265
750,constant_time,292547
750,baseline,268995
751,constant_time,298896
751,baseline,285585
752,constant_time,322546
752,baseline,271507
753,constant_time,296583
753,baseline,267696
754,constant_time,293568
754,baseline,271825
755,constant_time,294047
755,baseline,267875
756,constant_time,293276
756,baseline,284400
757,constant_time,292482
757,baseline,268027
758,constant_time,296898
758,baseline,268085
759,constant_time,293480
759,baseline,268064
760,constant_time,294722
760,baseline,268002
761,constant_time,293424
761,baseline,269534
762,constant_time,293468
762,baseline,268078
763,constant_time,293000
763,baseline,269714
764,constant_time,293435
764,baseline,267543
765,constant_time,412072
765,baseline,268372
766,constant_time,291951
766,baseline,268003
767,constant_time,308102
767,baseline,273254
768,constant_time,317670
768,baseline,278137
769,constant_time,334872
769,baseline,281039
770,constant_time,307026
770,baseline,268190
771,constant_time,293289
771,baseline,267711
772,constant_time,296078
772,baseline,267544
773,constant_time,293465
773,baseline,269643
774,constant_time,292719
774,baseline,267692
775,constant_time,297359
775,baseline,291782
776,constant_time,292713
776,baseline,267814
777,constant_time,295504
777,baseline,268007
778,constant_time,292651
778,baseline,267899
779,constant_time,296994
779,baseline,274703
780,constant_time,362482
780,baseline,312625
781,constant_time,292900
781,baseline,268136
782,constant_time,292387
782,baseline,273191
783,constant_time,294035
783,baseline,267947
784,constant_time,296487
784,baseline,267879
785,constant_time,292904
785,baseline,267675
786,constant_time,309387
786,baseline,267594
787,constant_time,291857
787,baseline,271652
788,constant_time,293632
788,baseline,267562
789,constant_time,293648
789,baseline,269349
790,constant_time,293191
790,baseline,267950
791,constant_time,295252
791,baseline,267550
792,constant_time,293424
792,baseline,267716
793,constant_time,294487
793,baseline,267915
794,constant_time,293122
794,baseline,268035
795,constant_time,293712
795,baseline,267759
796,constant_time,292820
796,baseline,269250
797,constant_time,326340
797,baseline,268115
798,constant_time,355696
798,baseline,349703
799,constant_time,314768
799,baseline,281245
800,constant_time,292607
800,baseline,268483
801,constant_time,292780
801,baseline,278009
802,constant_time,293318
802,baseline,268242
803,constant_time,304337
803,baseline,268146
804,constant_time,302354
804,baseline,268064
805,constant_time,299505
805,baseline,267932
806,constant_time,292946
806,baseline,267681
807,constant_time,298497
807,baseline,268525
808,constant_time,293115
808,baseline,280722
809,constant_time,300689
809,baseline,292648
810,constant_time,298717
810,baseline,267830
811,constant_time,293047
811,baseline,267796
812,constant_time,296284
812,baseline,268180
813,constant_time,293402
813,baseline,267801
814,constant_time,295982
814,baseline,268323
815,constant_time,292337
815,baseline,269500
816,constant_time,293783
816,baseline,268292
817,constant_time,293750
817,baseline,269343
818,constant_time,293423
818,baseline,268368
819,constant_time,294904
819,baseline,268245
820,constant_time,292584
820,baseline,267908
821,constant_time,294496
821,baseline,268214
822,constant_time,292662
822,baseline,271405
823,constant_time,293958
823,baseline,268041
824,constant_time,293303
824,baseline,269901
825,constant_time,324118
825,baseline,268003
826,constant_time,351719
826,baseline,358005
827,constant_time,316758
827,baseline,303624
828,constant_time,298553
828,baseline,267646
829,constant_time,293240
829,baseline,277172
830,constant_time,293010
830,baseline,267629
831,constant_time,304174
831,baseline,268167
832,constant_time,293431
832,baseline,282888
833,constant_time,312641
833,baseline,267772
834,constant_time,299595
834,baseline,277921
835,constant_time,293550
835,baseline,268058
836,constant_time,293454
836,baseline,273109
837,constant_time,292780
837,baseline,296930
838,constant_time,374140
838,baseline,296322
839,constant_time,294204
839,baseline,274321
840,constant_time,294308
840,baseline,267898
841,constant_time,292817
841,baseline,273325
842,constant_time,293512
842,baseline,268112
843,constant_time,297119
843,baseline,268134
844,constant_time,293527
844,baseline,267982
845,constant_time,297833
845,baseline,267826
846,constant_time,292972
846,baseline,271441
847,constant_time,292288
847,baseline,268474
848,constant_time,292734
848,baseline,270764
849,constant_time,293191
849,baseline,267899
850,constant_time,295355
850,baseline,267840
851,constant_time,292838
851,baseline,267840
852,constant_time,296554
852,baseline,267424
853,constant_time,292523
853,baseline,268155
854,constant_time,293561
854,baseline,284208
855,constant_time,299154
855,baseline,294284
856,constant_time,298914
856,baseline,314378
857,constant_time,302053
857,baseline,268123
858,constant_time,292437
858,baseline,267817
859,constant_time,298208
859,baseline,268663
860,constant_time,294001
860,baseline,271644
861,constant_time,292959
861,baseline,268222
862,constant_time,304250
862,baseline,279659
863,constant_time,293560
863,baseline,267686
864,constant_time,296792
864,baseline,267801
865,constant_time,293253
865,baseline,267728
866,constant_time,298799
866,baseline,267250
867,constant_time,293362
867,baseline,271737
868,constant_time,302103
868,baseline,267579
869,constant_time,292582
869,baseline,273690
870,constant_time,292579
870,baseline,267904
871,constant_time,293140
871,baseline,276398
872,constant_time,325691
872,baseline,270840
873,constant_time,296895
873,baseline,268217
874,constant_time,293164
874,baseline,267939
875,constant_time,294913
875,baseline,268011
876,constant_time,293007
876,baseline,270025
877,constant_time,292942
877,baseline,268217
878,constant_time,292459
878,baseline,269559
879,constant_time,293014
879,baseline,267866
880,constant_time,295016
880,baseline,268429
881,constant_time,292730
881,baseline,268666
882,constant_time,294152
882,baseline,268138
883,constant_time,292739
883,baseline,269512
884,constant_time,293824
884,baseline,281311
885,constant_time,297868
885,baseline,294955
886,constant_time,297850
886,baseline,283684
887,constant_time,322482
887,baseline,269673
888,constant_time,293230
888,baseline,268298
889,constant_time,296928
889,baseline,267435
890,constant_time,293139
890,baseline,270333
891,constant_time,292393
891,baseline,288190
892,constant_time,293292
892,baseline,272787
893,constant_time,292653
893,baseline,267838
894,constant_time,296758
894,baseline,268139
895,constant_time,298027
895,baseline,268218
896,constant_time,337668
896,baseline,337333
897,constant_time,314717
897,baseline,274497
898,constant_time,293031
898,baseline,268165
899,constant_time,299933
899,baseline,267696
900,constant_time,293309
900,baseline,267524
901,constant_time,295771
901,baseline,279591
902,constant_time,298997
902,baseline,267354
903,constant_time,296757
903,baseline,268193
904,constant_time,292955
904,baseline,269818
905,constant_time,292976
905,baseline,268255
906,constant_time,292850
906,baseline,269062
907,constant_time,292927
907,baseline,268046
908,constant_time,294352
908,baseline,268229
909,constant_time,292745
909,baseline,268584
910,constant_time,294661
910,baseline,268530
911,constant_time,292428
911,baseline,269823
912,constant_time,293389
912,baseline,270332
913,constant_time,324022
913,baseline,289614
914,constant_time,384750
914,baseline,325740
915,constant_time,397260
915,baseline,268496
916,constant_time,293313
916,baseline,274689
917,constant_time,293257
917,baseline,267873
918,constant_time,298235
918,baseline,267522
919,constant_time,292248
919,baseline,267665
920,constant_time,305154
920,baseline,286862
921,constant_time,293076
921,baseline,271716
922,constant_time,293003
922,baseline,267668
923,constant_time,292253
923,baseline,271114
924,constant_time,292012
924,baseline,274888
925,constant_time,341561
925,baseline,303133
926,constant_time,302974
926,baseline,267542
927,constant_time,296587
927,baseline,268140
928,constant_time,292770
928,baseline,273194
929,constant_time,292854
929,baseline,268446
930,constant_time,294169
930,baseline,284238
931,constant_time,292937
931,baseline,268156
932,constant_time,296000
932,baseline,267331
933,constant_time,292613
933,baseline,267137
934,constant_time,296041
934,baseline,267699
935,constant_time,292537
935,baseline,269394
936,constant_time,292965
936,baseline,268349
937,constant_time,293352
937,baseline,269524
938,constant_time,292529
938,baseline,267951
939,constant_time,399042
939,baseline,268191
940,constant_time,293175
940,baseline,267542
941,constant_time,294512
941,baseline,267462
942,constant_time,315685
942,baseline,270419
943,constant_time,317322
943,baseline,273072
944,constant_time,317643
944,baseline,267569
945,constant_time,292851
945,baseline,267745
946,constant_time,299603
946,baseline,268038
947,constant_time,292535
947,baseline,267634
948,constant_time,295799
948,baseline,268193
949,constant_time,293428
949,baseline,294845
950,constant_time,292634
950,baseline,267663
951,constant_time,293613
951,baseline,270909
952,constant_time,292848
952,baseline,268275
953,constant_time,324693
953,baseline,268275
954,constant_time,292824
954,baseline,267988
955,constant_time,312907
955,baseline,267873
956,constant_time,292663
956,baseline,272275
957,constant_time,293676
957,baseline,267674
958,constant_time,293315
958,baseline,270851
959,constant_time,292517
959,baseline,268061
960,constant_time,295227
960,baseline,267586
961,constant_time,293448
961,baseline,267455
962,constant_time,295620
962,baseline,267878
963,constant_time,293509
963,baseline,269560
964,constant_time,291910
964,baseline,267990
965,constant_time,292514
965,baseline,269668
966,constant_time,292320
966,baseline,267937
967,constant_time,398432
967,baseline,268922
968,constant_time,293539
968,baseline,268321
969,constant_time,295448
969,baseline,267994
970,constant_time,292695
970,baseline,300535
971,constant_time,308999
971,baseline,338116
972,constant_time,357951
972,baseline,276559
973,constant_time,300129
973,baseline,269917
974,constant_time,308486
974,baseline,267810
975,constant_time,293184
975,baseline,269391
976,constant_time,293436
976,baseline,267970
977,constant_time,292465
977,baseline,279325
978,constant_time,298206
978,baseline,267690
979,constant_time,296859
979,baseline,267962
980,constant_time,292731
980,baseline,267999
981,constant_time,317512
981,baseline,268187
982,constant_time,293266
982,baseline,272924
983,constant_time,292777
983,baseline,268134
984,constant_time,317759
984,baseline,274200
985,constant_time,293102
985,baseline,267824
986,constant_time,296129
986,baseline,268218
987,constant_time,293347
987,baseline,267948
988,constant_time,297686
988,baseline,267547
989,constant_time,293865
989,baseline,270390
990,constant_time,293341
990,baseline,267993
991,constant_time,293705
991,baseline,269714
992,constant_time,293756
992,baseline,267988
993,constant_time,295561
993,baseline,267946
994,constant_time,293430
994,baseline,267640
995,constant_time,294352
995,baseline,268048
996,constant_time,292823
996,baseline,268297
997,constant_time,413045
997,baseline,268103
998,constant_time,293396
998,baseline,269963
999,constant_time,293957
999,baseline,268249
1000,constant_time,325746
1000,baseline,267872
1001,constant_time,363882
1001,baseline,331776
1002,constant_time,319819
1002,baseline,275767
1003,constant_time,292888
1003,baseline,274678
1004,constant_time,292440
1004,baseline,268174
1005,constant_time,295172
1005,baseline,272500
1006,constant_time,325890
1006,baseline,285999
1007,constant_time,298463
1007,baseline,267845
1008,constant_time,292467
1008,baseline,277772
1009,constant_time,293575
1009,baseline,267902
1010,constant_time,297217
1010,baseline,268071
1011,constant_time,293208
1011,baseline,268402
1012,constant_time,296290
1012,baseline,268810
1013,constant_time,300332
1013,baseline,271694
1014,constant_time,297390
1014,baseline,268197
1015,constant_time,293351
1015,baseline,272873
1016,constant_time,293127
1016,baseline,267616
1017,constant_time,293418
1017,baseline,274406
1018,constant_time,292998
1018,baseline,267543
1019,constant_time,297995
1019,baseline,267748
1020,constant_time,292839
1020,baseline,267719
1021,constant_time,414147
1021,baseline,268113
1022,constant_time,293543
1022,baseline,271405
1023,constant_time,293445
1023,baseline,267824
1024,constant_time,296212
1024,baseline,268039
1025,constant_time,293275
1025,baseline,267798
1026,constant_time,308847
1026,baseline,267938
1027,constant_time,292152
1027,baseline,272389
1028,constant_time,318730
1028,baseline,281141
1029,constant_time,376488
1029,baseline,340816
1030,constant_time,306828
1030,baseline,299575
1031,constant_time,321824
1031,baseline,288059
1032,constant_time,308344
1032,baseline,279927
1033,constant_time,301170
1033,baseline,269286
1034,constant_time,297732
1034,baseline,267569
1035,constant_time,292710
1035,baseline,271516
1036,constant_time,299714
1036,baseline,267883
1037,constant_time,292629
1037,baseline,267946
1038,constant_time,296481
1038,baseline,267677
1039,constant_time,293115
1039,baseline,270800
1040,constant_time,293301
1040,baseline,268089
1041,constant_time,292718
1041,baseline,365592
1042,constant_time,293393
1042,baseline,278458
1043,constant_time,296448
1043,baseline,267718
1044,constant_time,293282
1044,baseline,318813
1045,constant_time,293614
1045,baseline,276235
1046,constant_time,293414
1046,baseline,272082
1047,constant_time,293083
1047,baseline,267707
1048,constant_time,295817
1048,baseline,268132
1049,constant_time,293732
1049,baseline,268046
1050,constant_time,297117
1050,baseline,267825
1051,constant_time,293069
1051,baseline,271553
1052,constant_time,293470
1052,baseline,268577
1053,constant_time,293728
1053,baseline,274539
1054,constant_time,292664
1054,baseline,267807
1055,constant_time,298200
1055,baseline,268607
1056,constant_time,295664
1056,baseline,300521
1057,constant_time,310624
1057,baseline,302299
1058,constant_time,312776
1058,baseline,277101
1059,constant_time,341115
1059,baseline,277560
1060,constant_time,304602
1060,baseline,273253
1061,constant_time,293253
1061,baseline,267979
1062,constant_time,296139
1062,baseline,267351
1063,constant_time,292581
1063,baseline,267476
1064,constant_time,307323
1064,baseline,279519
1065,constant_time,292857
1065,baseline,273578
1066,constant_time,293338
1066,baseline,267627
1067,constant_time,293622
1067,baseline,274075
1068,constant_time,293412
1068,baseline,310069
1069,constant_time,297498
1069,baseline,281577
1070,constant_time,316693
1070,baseline,274864
1071,constant_time,293553
1071,baseline,267755
1072,constant_time,294072
1072,baseline,270290
1073,constant_time,293723
1073,baseline,267763
1074,constant_time,293499
1074,baseline,271592
1075,constant_time,292445
1075,baseline,268751
1076,constant_time,295753
1076,baseline,268024
1077,constant_time,292554
1077,baseline,267908
1078,constant_time,293764
1078,baseline,268021
1079,constant_time,292302
1079,baseline,269196
1080,constant_time,293435
1080,baseline,311246
1081,constant_time,293727
1081,baseline,269797
1082,constant_time,303510
1082,baseline,267640
1083,constant_time,305726
1083,baseline,267967
1084,constant_time,293753
1084,baseline,268031
1085,constant_time,294509
1085,baseline,268110
1086,constant_time,292417
1086,baseline,270180
1087,constant_time,321269
1087,baseline,267884
1088,constant_time,366673
1088,baseline,336783
1089,constant_time,320179
1089,baseline,277374
1090,constant_time,299084
1090,baseline,268041
1091,constant_time,293349
1091,baseline,271986
1092,constant_time,341681
1092,baseline,267513
1093,constant_time,298105
1093,baseline,310582
1094,constant_time,297792
1094,baseline,289539
1095,constant_time,328299
1095,baseline,268152
1096,constant_time,292977
1096,baseline,274119
1097,constant_time,293665
1097,baseline,267856
1098,constant_time,309382
1098,baseline,305600
1099,constant_time,319009
1099,baseline,276675
1100,constant_time,298097
1100,baseline,268393
1101,constant_time,293758
1101,baseline,271025
1102,constant_time,295320
1102,baseline,267679
1103,constant_time,292979
1103,baseline,271073
1104,constant_time,366154
1104,baseline,268215
1105,constant_time,316885
1105,baseline,267837
1106,constant_time,293256
1106,baseline,267414
1107,constant_time,293663
1107,baseline,267849
1108,constant_time,292938
1108,baseline,271839
1109,constant_time,292636
1109,baseline,268149
1110,constant_time,292862
1110,baseline,271200
1111,constant_time,293625
1111,baseline,268264
1112,constant_time,409974
1112,baseline,267446
1113,constant_time,294111
1113,baseline,267702
1114,constant_time,300100
1114,baseline,283603
1115,constant_time,312680
1115,baseline,345791
1116,constant_time,334018
1116,baseline,302102
1117,constant_time,305836
1117,baseline,267987
1118,constant_time,293134
1118,baseline,267827
1119,constant_time,295054
1119,baseline,268198
1120,constant_time,292752
1120,baseline,270101
1121,constant_time,292407
1121,baseline,267922
1122,constant_time,315800
1122,baseline,273864
1123,constant_time,292435
1123,baseline,267830
1124,constant_time,297673
1124,baseline,267322
1125,constant_time,293476
1125,baseline,267414
1126,constant_time,296040
1126,baseline,303336
1127,constant_time,350492
1127,baseline,329299
1128,constant_time,293366
1128,baseline,277001
1129,constant_time,300823
1129,baseline,268178
1130,constant_time,292586
1130,baseline,267659
1131,constant_time,300490
1131,baseline,267695
1132,constant_time,293899
1132,baseline,270190
1133,constant_time,299326
1133,baseline,273764
1134,constant_time,293225
1134,baseline,269698
1135,constant_time,293303
1135,baseline,267466
1136,constant_time,294425
1136,baseline,268073
1137,constant_time,292984
1137,baseline,267633
1138,constant_time,295253
1138,baseline,268023
1139,constant_time,296330
1139,baseline,405001
1140,constant_time,293405
1140,baseline,275819
1141,constant_time,294574
1141,baseline,267819
1142,constant_time,292639
1142,baseline,267810
1143,constant_time,294893
1143,baseline,299025
1144,constant_time,305571
1144,baseline,311853
1145,constant_time,382878
1145,baseline,290740
1146,constant_time,312830
1146,baseline,267863
1147,constant_time,292944
1147,baseline,267644
1148,constant_time,302897
1148,baseline,267609
1149,constant_time,292677
1149,baseline,278674
1150,constant_time,293196
1150,baseline,267688
1151,constant_time,369132
1151,baseline,273295
1152,constant_time,314472
1152,baseline,267870
1153,constant_time,296919
1153,baseline,268032
1154,constant_time,292393
1154,baseline,268012
1155,constant_time,297598
1155,baseline,267425
1156,constant_time,300569
1156,baseline,271395
1157,constant_time,293574
1157,baseline,267924
1158,constant_time,293497
1158,baseline,271841
1159,constant_time,292484
1159,baseline,267626
1160,constant_time,297280
1160,baseline,267488
1161,constant_time,293215
1161,baseline,268229
1162,constant_time,296338
1162,baseline,267265
1163,constant_time,359521
1163,baseline,270721
1164,constant_time,311392
1164,baseline,268199
1165,constant_time,293458
1165,baseline,272654
1166,constant_time,293585
1166,baseline,267946
1167,constant_time,296648
1167,baseline,268159
1168,constant_time,293469
1168,baseline,268671
1169,constant_time,304209
1169,baseline,267657
1170,constant_time,292554
1170,baseline,268920
1171,constant_time,292631
1171,baseline,291897
1172,constant_time,299027
1172,baseline,289657
1173,constant_time,297910
1173,baseline,292443
1174,constant_time,319915
1174,baseline,334192
1175,constant_time,293186
1175,baseline,287799
1176,constant_time,319083
1176,baseline,289526
1177,constant_time,293234
1177,baseline,274166
1178,constant_time,293625
1178,baseline,268164
1179,constant_time,299219
1179,baseline,277625
1180,constant_time,294003
1180,baseline,267771
1181,constant_time,298983
1181,baseline,275023
1182,constant_time,293378
1182,baseline,272709
1183,constant_time,292878
1183,baseline,270394
1184,constant_time,293466
1184,baseline,271561
1185,constant_time,302393
1185,baseline,268011
1186,constant_time,298674
1186,baseline,335441
1187,constant_time,293317
1187,baseline,268304
1188,constant_time,345600
1188,baseline,329389
1189,constant_time,293151
1189,baseline,275901
1190,constant_time,292785
1190,baseline,267770
1191,constant_time,296107
1191,baseline,267974
1192,constant_time,292959
1192,baseline,267939
1193,constant_time,296943
1193,baseline,268088
1194,constant_time,292538
1194,baseline,270157
1195,constant_time,293666
1195,baseline,267752
1196,constant_time,293431
1196,baseline,270635
1197,constant_time,293322
1197,baseline,267812
1198,constant_time,296021
1198,baseline,310345
1199,constant_time,293702
1199,baseline,338134
1200,constant_time,310942
1200,baseline,273940
1201,constant_time,369103
1201,baseline,335697
1202,constant_time,376342
1202,baseline,386940
1203,constant_time,424861
1203,baseline,374385
1204,constant_time,388077
1204,baseline,368766
1205,constant_time,398483
1205,baseline,369496
1206,constant_time,404126
1206,baseline,369502
1207,constant_time,413137
1207,baseline,462380
1208,constant_time,407559
1208,baseline,350408
1209,constant_time,317654
1209,baseline,282444
1210,constant_time,305588
1210,baseline,267775
1211,constant_time,340647
1211,baseline,268005
1212,constant_time,292714
1212,baseline,273603
1213,constant_time,293340
1213,baseline,268273
1214,constant_time,293146
1214,baseline,271456
1215,constant_time,292204
1215,baseline,268033
1216,constant_time,295091
1216,baseline,268202
1217,constant_time,292577
1217,baseline,268113
1218,constant_time,295496
1218,baseline,268146
1219,constant_time,293448
1219,baseline,358814
1220,constant_time,292927
1220,baseline,310485
1221,constant_time,301885
1221,baseline,267939
1222,constant_time,293582
1222,baseline,270927
1223,constant_time,295863
1223,baseline,267877
1224,constant_time,297369
1224,baseline,273689
1225,constant_time,293199
1225,baseline,267844
1226,constant_time,293718
1226,baseline,270327
1227,constant_time,293343
1227,baseline,289643
1228,constant_time,388370
1228,baseline,303893
1229,constant_time,351995
1229,baseline,353649
1230,constant_time,373335
1230,baseline,390351
1231,constant_time,300284
1231,baseline,308795
1232,constant_time,366427
1232,baseline,303641
1233,constant_time,292907
1233,baseline,277492
1234,constant_time,296910
1234,baseline,267782
1235,constant_time,296880
1235,baseline,267813
1236,constant_time,296864
1236,baseline,267617
1237,constant_time,329967
1237,baseline,286468
1238,constant_time,345127
1238,baseline,322565
1239,constant_time,318319
1239,baseline,268081
1240,constant_time,293468
1240,baseline,268027
1241,constant_time,298912
1241,baseline,268137
1242,constant_time,379971
1242,baseline,271286
1243,constant_time,362977
1243,baseline,286509
1244,constant_time,302483
1244,baseline,267945
1245,constant_time,292771
1245,baseline,267910
1246,constant_time,296442
1246,baseline,267979
1247,constant_time,292472
1247,baseline,267404
1248,constant_time,298107
1248,baseline,267831
1249,constant_time,293192
1249,baseline,270643
1250,constant_time,292936
1250,baseline,267785
1251,constant_time,293717
1251,baseline,269938
1252,constant_time,295735
1252,baseline,267930
1253,constant_time,297862
1253,baseline,267446
1254,constant_time,375543
1254,baseline,345713
1255,constant_time,400174
1255,baseline,346882
1256,constant_time,382988
1256,baseline,361035
1257,constant_time,393845
1257,baseline,365073
1258,constant_time,402437
1258,baseline,368670
1259,constant_time,400174
1259,baseline,354659
1260,constant_time,377611
1260,baseline,345179
1261,constant_time,400675
1261,baseline,396858
1262,constant_time,410791
1262,baseline,337468
1263,constant_time,388862
1263,baseline,292139
1264,constant_time,393677
1264,baseline,327108
1265,constant_time,334798
1265,baseline,331569
1266,constant_time,292628
1266,baseline,267835
1267,constant_time,301602
1267,baseline,268131
1268,constant_time,294055
1268,baseline,267789
1269,constant_time,298040
1269,baseline,267648
1270,constant_time,293091
1270,baseline,272433
1271,constant_time,292932
1271,baseline,267765
1272,constant_time,293456
1272,baseline,274830
1273,constant_time,292633
1273,baseline,267879
1274,constant_time,298527
1274,baseline,306533
1275,constant_time,293354
1275,baseline,291296
1276,constant_time,329029
1276,baseline,268386
1277,constant_time,293537
1277,baseline,273646
1278,constant_time,292605
1278,baseline,268157
1279,constant_time,292812
1279,baseline,272737
1280,constant_time,293740
1280,baseline,278820
1281,constant_time,328529
1281,baseline,280084
1282,constant_time,293575
1282,baseline,267793
1283,constant_time,303911
1283,baseline,281037
1284,constant_time,356629
1284,baseline,377763
1285,constant_time,374176
1285,baseline,373174
1286,constant_time,323009
1286,baseline,267578
1287,constant_time,329875
1287,baseline,488113
1288,constant_time,381219
1288,baseline,369434
1289,constant_time,386054
1289,baseline,333871
1290,constant_time,405000
1290,baseline,356572
1291,constant_time,386685
1291,baseline,337716
1292,constant_time,340542
1292,baseline,406494
1293,constant_time,427701
1293,baseline,414609
1294,constant_time,412514
1294,baseline,333416
1295,constant_time,426803
1295,baseline,278443
1296,constant_time,327551
1296,baseline,276790
1297,constant_time,292766
1297,baseline,268063
1298,constant_time,293326
1298,baseline,272002
1299,constant_time,300387
1299,baseline,272582
1300,constant_time,298943
1300,baseline,267924
1301,constant_time,292417
1301,baseline,268141
1302,constant_time,298604
1302,baseline,268207
1303,constant_time,292912
1303,baseline,271671
1304,constant_time,293483
1304,baseline,267698
1305,constant_time,302870
1305,baseline,390900
1306,constant_time,427924
1306,baseline,386815
1307,constant_time,408989
1307,baseline,309028
1308,constant_time,303035
1308,baseline,268203
1309,constant_time,292792
1309,baseline,267765
1310,constant_time,299055
1310,baseline,268099
1311,constant_time,293642
1311,baseline,270452
1312,constant_time,293319
1312,baseline,312981
1313,constant_time,419110
1313,baseline,356869
1314,constant_time,429390
1314,baseline,433603
1315,constant_time,401157
1315,baseline,288157
1316,constant_time,314619
1316,baseline,318423
1317,constant_time,305801
1317,baseline,298997
1318,constant_time,331605
1318,baseline,294141
1319,constant_time,319884
1319,baseline,281869
1320,constant_time,307156
1320,baseline,290151
1321,constant_time,307731
1321,baseline,280224
1322,constant_time,317471
1322,baseline,268132
1323,constant_time,292345
1323,baseline,267911
1324,constant_time,295131
1324,baseline,268242
1325,constant_time,292869
1325,baseline,268296
1326,constant_time,296393
1326,baseline,268660
1327,constant_time,293561
1327,baseline,272224
1328,constant_time,337164
1328,baseline,268393
1329,constant_time,296874
1329,baseline,303751
1330,constant_time,324212
1330,baseline,267873
1331,constant_time,299532
1331,baseline,267459
1332,constant_time,292519
1332,baseline,282631
1333,constant_time,300075
1333,baseline,268019
1334,constant_time,306129
1334,baseline,277256
1335,constant_time,292558
1335,baseline,325429
1336,constant_time,404154
1336,baseline,358998
1337,constant_time,381668
1337,baseline,346742
1338,constant_time,301680
1338,baseline,274902
1339,constant_time,366785
1339,baseline,281449
1340,constant_time,306401
1340,baseline,329012
1341,constant_time,385395
1341,baseline,281843
1342,constant_time,317234
1342,baseline,294729
1343,constant_time,296956
1343,baseline,273928
1344,constant_time,294032
1344,baseline,272262
1345,constant_time,294966
1345,baseline,298404
1346,constant_time,314024
1346,baseline,268086
1347,constant_time,296424
1347,baseline,267682
1348,constant_time,293649
1348,baseline,267738
1349,constant_time,295355
1349,baseline,267937
1350,constant_time,292510
1350,baseline,269345
1351,constant_time,337819
1351,baseline,268171
1352,constant_time,302661
1352,baseline,298103
1353,constant_time,293721
1353,baseline,267956
1354,constant_time,297685
1354,baseline,267425
1355,constant_time,293693
1355,baseline,267554
1356,constant_time,296661
1356,baseline,267621
1357,constant_time,293488
1357,baseline,271392
1358,constant_time,400206
1358,baseline,273020
1359,constant_time,386475
1359,baseline,316826
1360,constant_time,388031
1360,baseline,379650
1361,constant_time,393530
1361,baseline,393482
1362,constant_time,401810
1362,baseline,366990
1363,constant_time,397529
1363,baseline,358731
1364,constant_time,383749
1364,baseline,365295
1365,constant_time,408518
1365,baseline,394663
1366,constant_time,400969
1366,baseline,332115
1367,constant_time,382750
1367,baseline,359062
1368,constant_time,364168
1368,baseline,275994
1369,constant_time,293457
1369,baseline,268036
1370,constant_time,299726
1370,baseline,267897
1371,constant_time,292593
1371,baseline,309707
1372,constant_time,296207
1372,baseline,278397
1373,constant_time,326653
1373,baseline,277862
1374,constant_time,293982
1374,baseline,267946
1375,constant_time,293412
1375,baseline,269650
1376,constant_time,292874
1376,baseline,267626
1377,constant_time,295078
1377,baseline,267952
1378,constant_time,292486
1378,baseline,267833
1379,constant_time,296705
1379,baseline,268252
1380,constant_time,292772
1380,baseline,270073
1381,constant_time,292149
1381,baseline,268275
1382,constant_time,292939
1382,baseline,271375
1383,constant_time,293345
1383,baseline,298467
1384,constant_time,298102
1384,baseline,268273
1385,constant_time,321592
1385,baseline,268402
1386,constant_time,357186
1386,baseline,365449
1387,constant_time,412970
1387,baseline,377660
1388,constant_time,361316
1388,baseline,365203
1389,constant_time,399017
1389,baseline,319601
1390,constant_time,312852
1390,baseline,311293
1391,constant_time,293877
1391,baseline,283720
1392,constant_time,293383
1392,baseline,290125
1393,constant_time,357376
1393,baseline,304858
1394,constant_time,335855
1394,baseline,267819
1395,constant_time,307915
1395,baseline,293666
1396,constant_time,293128
1396,baseline,287756
1397,constant_time,297149
1397,baseline,297722
1398,constant_time,304822
1398,baseline,268305
1399,constant_time,292665
1399,baseline,270415
1400,constant_time,298167
1400,baseline,268109
1401,constant_time,293456
1401,baseline,272727
1402,constant_time,294085
1402,baseline,267797
1403,constant_time,293820
1403,baseline,274462
1404,constant_time,292245
1404,baseline,267773
1405,constant_time,293182
1405,baseline,269829
1406,constant_time,332306
1406,baseline,268012
1407,constant_time,302658
1407,baseline,286521
1408,constant_time,292741
1408,baseline,271874
1409,constant_time,292729
1409,baseline,270176
1410,constant_time,293252
1410,baseline,279985
1411,constant_time,293256
1411,baseline,270622
1412,constant_time,294147
1412,baseline,268278
1413,constant_time,293262
1413,baseline,267549
1414,constant_time,294652
1414,baseline,283864
1415,constant_time,292003
1415,baseline,267766
1416,constant_time,310158
1416,baseline,267873
1417,constant_time,332835
1417,baseline,360967
1418,constant_time,415156
1418,baseline,332656
1419,constant_time,343181
1419,baseline,285401
1420,constant_time,293611
1420,baseline,318787
1421,constant_time,306449
1421,baseline,267932
1422,constant_time,301589
1422,baseline,279467
1423,constant_time,292848
1423,baseline,267987
1424,constant_time,299099
1424,baseline,267869
1425,constant_time,297090
1425,baseline,278931
1426,constant_time,315458
1426,baseline,277774
1427,constant_time,319893
1427,baseline,281955
1428,constant_time,308437
1428,baseline,280306
1429,constant_time,349049
1429,baseline,280301
1430,constant_time,319551
1430,baseline,319567
1431,constant_time,293643
1431,baseline,267808
1432,constant_time,296893
1432,baseline,267859
1433,constant_time,292444
1433,baseline,267749
1434,constant_time,295869
1434,baseline,267675
1435,constant_time,293146
1435,baseline,268255
1436,constant_time,294890
1436,baseline,267921
1437,constant_time,293253
1437,baseline,269194
1438,constant_time,292605
1438,baseline,267750
1439,constant_time,292169
1439,baseline,269676
1440,constant_time,295144
1440,baseline,267802
1441,constant_time,343102
1441,baseline,300116
1442,constant_time,421990
1442,baseline,374464
1443,constant_time,412590
1443,baseline,317415
1444,constant_time,299896
1444,baseline,295907
1445,constant_time,318685
1445,baseline,277055
1446,constant_time,357573
1446,baseline,287365
1447,constant_time,327100
1447,baseline,298459
1448,constant_time,358224
1448,baseline,340068
1449,constant_time,324792
1449,baseline,291144
1450,constant_time,334472
1450,baseline,282710
1451,constant_time,293497
1451,baseline,314630
1452,constant_time,293768
1452,baseline,308167
1453,constant_time,362626
1453,baseline,315587
1454,constant_time,345942
1454,baseline,279600
1455,constant_time,305666
1455,baseline,267764
1456,constant_time,292758
1456,baseline,270963
1457,constant_time,292869
1457,baseline,268314
1458,constant_time,293283
1458,baseline,269933
1459,constant_time,293089
1459,baseline,267920
1460,constant_time,294196
1460,baseline,267629
1461,constant_time,293108
1461,baseline,267900
1462,constant_time,293956
1462,baseline,267369
1463,constant_time,334891
1463,baseline,270148
1464,constant_time,292913
1464,baseline,297738
1465,constant_time,292574
1465,baseline,282497
1466,constant_time,293356
1466,baseline,268178
1467,constant_time,295933
1467,baseline,268183
1468,constant_time,293307
1468,baseline,267847
1469,constant_time,295071
1469,baseline,283607
1470,constant_time,296795
1470,baseline,281672
1471,constant_time,293615
1471,baseline,273940
1472,constant_time,317816
1472,baseline,334140
1473,constant_time,410704
1473,baseline,360923
1474,constant_time,364992
1474,baseline,336602
1475,constant_time,321092
1475,baseline,277310
1476,constant_time,327147
1476,baseline,350785
1477,constant_time,316658
1477,baseline,330630
1478,constant_time,315801
1478,baseline,288239
1479,constant_time,300009
1479,baseline,271706
1480,constant_time,321470
1480,baseline,330739
1481,constant_time,336507
1481,baseline,307040
1482,constant_time,293708
1482,baseline,275877
1483,constant_time,298678
1483,baseline,268330
1484,constant_time,294014
1484,baseline,268474
1485,constant_time,297317
1485,baseline,267984
1486,constant_time,338567
1486,baseline,272558
1487,constant_time,314453
1487,baseline,279813
1488,constant_time,293509
1488,baseline,272793
1489,constant_time,293401
1489,baseline,270882
1490,constant_time,296488
1490,baseline,267996
1491,constant_time,295319
1491,baseline,268000
1492,constant_time,295648
1492,baseline,267932
1493,constant_time,292431
1493,baseline,267839
1494,constant_time,304654
1494,baseline,268020
1495,constant_time,292590
1495,baseline,269661
1496,constant_time,292691
1496,baseline,308821
1497,constant_time,386530
1497,baseline,376822
1498,constant_time,395073
1498,baseline,366545
1499,constant_time,391208
1499,baseline,362192
1500,constant_time,398909
1500,baseline,357404
1501,constant_time,404229
1501,baseline,351981
1502,constant_time,385316
1502,baseline,386384
1503,constant_time,368855
1503,baseline,362546
1504,constant_time,441623
1504,baseline,379348
1505,constant_time,323840
1505,baseline,268101
1506,constant_time,293575
1506,baseline,288292
1507,constant_time,343067
1507,baseline,294246
1508,constant_time,310250
1508,baseline,295719
1509,constant_time,293249
1509,baseline,268027
1510,constant_time,297914
1510,baseline,271138
1511,constant_time,293657
1511,baseline,268085
1512,constant_time,296577
1512,baseline,268058
1513,constant_time,293684
1513,baseline,271891
1514,constant_time,293383
1514,baseline,268011
1515,constant_time,293206
1515,baseline,269822
1516,constant_time,293371
1516,baseline,267716
1517,constant_time,294373
1517,baseline,268116
1518,constant_time,292123
1518,baseline,268194
1519,constant_time,334986
1519,baseline,267981
1520,constant_time,310272
1520,baseline,278804
1521,constant_time,293399
1521,baseline,268225
1522,constant_time,296020
1522,baseline,270921
1523,constant_time,293077
1523,baseline,308953
1524,constant_time,388518
1524,baseline,346610
1525,constant_time,392385
1525,baseline,368759
1526,constant_time,389419
1526,baseline,371555
1527,constant_time,394070
1527,baseline,357755
1528,constant_time,405274
1528,baseline,364749
1529,constant_time,400929
1529,baseline,329256
1530,constant_time,355326
1530,baseline,406859
1531,constant_time,443675
1531,baseline,320560
1532,constant_time,299968
1532,baseline,277673
1533,constant_time,299498
1533,baseline,303252
1534,constant_time,294869
1534,baseline,275139
1535,constant_time,296141
1535,baseline,273474
1536,constant_time,292803
1536,baseline,268374
1537,constant_time,296648
1537,baseline,268132
1538,constant_time,293411
1538,baseline,268383
1539,constant_time,324270
1539,baseline,268376
1540,constant_time,328747
1540,baseline,269967
1541,constant_time,302864
1541,baseline,290665
1542,constant_time,298700
1542,baseline,267787
1543,constant_time,292807
1543,baseline,270889
1544,constant_time,296207
1544,baseline,268070
1545,constant_time,293689
1545,baseline,270047
1546,constant_time,297453
1546,baseline,267978
1547,constant_time,293669
1547,baseline,269816
1548,constant_time,293516
1548,baseline,267629
1549,constant_time,318191
1549,baseline,271730
1550,constant_time,293647
1550,baseline,273839
1551,constant_time,301510
1551,baseline,323406
1552,constant_time,421499
1552,baseline,369636
1553,constant_time,379456
1553,baseline,339579
1554,constant_time,300003
1554,baseline,268261
1555,constant_time,293001
1555,baseline,341795
1556,constant_time,342181
1556,baseline,359088
1557,constant_time,419193
1557,baseline,396576
1558,constant_time,355351
1558,baseline,268190
1559,constant_time,292711
1559,baseline,267502
1560,constant_time,297772
1560,baseline,267913
1561,constant_time,297564
1561,baseline,275116
1562,constant_time,302696
1562,baseline,312520
1563,constant_time,293805
1563,baseline,300353
1564,constant_time,383267
1564,baseline,330976
1565,constant_time,360930
1565,baseline,271933
1566,constant_time,304753
1566,baseline,278267
1567,constant_time,293454
1567,baseline,268003
1568,constant_time,301092
1568,baseline,267956
1569,constant_time,293014
1569,baseline,268262
1570,constant_time,305458
1570,baseline,268083
1571,constant_time,293429
1571,baseline,270911
1572,constant_time,293518
1572,baseline,267975
1573,constant_time,293899
1573,baseline,274300
1574,constant_time,338347
1574,baseline,267365
1575,constant_time,321947
1575,baseline,360742
1576,constant_time,293983
1576,baseline,355803
1577,constant_time,297690
1577,baseline,268165
1578,constant_time,308322
1578,baseline,291145
1579,constant_time,318602
1579,baseline,268188
1580,constant_time,347554
1580,baseline,282006
1581,constant_time,339435
1581,baseline,277182
1582,constant_time,292975
1582,baseline,267650
1583,constant_time,309547
1583,baseline,323862
1584,constant_time,389671
1584,baseline,409195
1585,constant_time,452169
1585,baseline,294709
1586,constant_time,394518
1586,baseline,292104
1587,constant_time,298181
1587,baseline,347477
1588,constant_time,363292
1588,baseline,333177
1589,constant_time,392974
1589,baseline,405544
1590,constant_time,319016
1590,baseline,378699
1591,constant_time,430292
1591,baseline,384317
1592,constant_time,391181
1592,baseline,267862
1593,constant_time,306528
1593,baseline,267745
1594,constant_time,292433
1594,baseline,269051
1595,constant_time,364297
1595,baseline,268031
1596,constant_time,304432
1596,baseline,322158
1597,constant_time,353392
1597,baseline,267850
1598,constant_time,298922
1598,baseline,267688
1599,constant_time,293669
1599,baseline,267617
1600,constant_time,302031
1600,baseline,267582
1601,constant_time,293222
1601,baseline,273793
1602,constant_time,293770
1602,baseline,267652
1603,constant_time,320662
1603,baseline,273385
1604,constant_time,293264
1604,baseline,268135
1605,constant_time,304332
1605,baseline,267744
1606,constant_time,319265
1606,baseline,353368
1607,constant_time,337101
1607,baseline,341576
1608,constant_time,428319
1608,baseline,386235
1609,constant_time,373572
1609,baseline,325633
1610,constant_time,302494
1610,baseline,275376
1611,constant_time,302782
1611,baseline,279397
1612,constant_time,358538
1612,baseline,404324
1613,constant_time,444532
1613,baseline,311564
1614,constant_time,301951
1614,baseline,268169
1615,constant_time,292646
1615,baseline,271634
1616,constant_time,293564
1616,baseline,267957
1617,constant_time,338810
1617,baseline,268991
1618,constant_time,303669
1618,baseline,304024
1619,constant_time,347366
1619,baseline,318891
1620,constant_time,313407
1620,baseline,279106
1621,constant_time,293828
1621,baseline,267839
1622,constant_time,297555
1622,baseline,267921
1623,constant_time,292318
1623,baseline,268281
1624,constant_time,300163
1624,baseline,267703
1625,constant_time,293148
1625,baseline,267780
1626,constant_time,297049
1626,baseline,267718
1627,constant_time,293530
1627,baseline,290563
1628,constant_time,292938
1628,baseline,294839
1629,constant_time,300558
1629,baseline,315040
1630,constant_time,376979
1630,baseline,274672
1631,constant_time,323867
1631,baseline,270232
1632,constant_time,357406
1632,baseline,372421
1633,constant_time,411600
1633,baseline,319855
1634,constant_time,361725
1634,baseline,291183
1635,constant_time,319470
1635,baseline,274336
1636,constant_time,304540
1636,baseline,309825
1637,constant_time,354659
1637,baseline,335007
1638,constant_time,386624
1638,baseline,395351
1639,constant_time,464430
1639,baseline,352237
1640,constant_time,427650
1640,baseline,411538
1641,constant_time,349468
1641,baseline,267858
1642,constant_time,292718
1642,baseline,282652
1643,constant_time,293441
1643,baseline,267884
1644,constant_time,296843
1644,baseline,267783
1645,constant_time,293617
1645,baseline,268094
1646,constant_time,296490
1646,baseline,267431
1647,constant_time,292904
1647,baseline,271202
1648,constant_time,293394
1648,baseline,267912
1649,constant_time,293803
1649,baseline,273363
1650,constant_time,340289
1650,baseline,267841
1651,constant_time,315079
1651,baseline,331784
1652,constant_time,306771
1652,baseline,274266
1653,constant_time,292646
1653,baseline,267887
1654,constant_time,293653
1654,baseline,272225
1655,constant_time,293243
1655,baseline,267885
1656,constant_time,297185
1656,baseline,360161
1657,constant_time,408422
1657,baseline,383269
1658,constant_time,406780
1658,baseline,336639
1659,constant_time,386295
1659,baseline,387845
1660,constant_time,404697
1660,baseline,355630
1661,constant_time,350683
1661,baseline,322802
1662,constant_time,352684
1662,baseline,329307
1663,constant_time,326284
1663,baseline,267952
1664,constant_time,294173
1664,baseline,332756
1665,constant_time,294400
1665,baseline,268042
1666,constant_time,316428
1666,baseline,333364
1667,constant_time,358589
1667,baseline,287921
1668,constant_time,309018
1668,baseline,268024
1669,constant_time,292723
1669,baseline,275733
1670,constant_time,292449
1670,baseline,268137
1671,constant_time,293917
1671,baseline,312295
1672,constant_time,292431
1672,baseline,295548
1673,constant_time,319527
1673,baseline,274196
1674,constant_time,292482
1674,baseline,267919
1675,constant_time,297391
1675,baseline,267619
1676,constant_time,292277
1676,baseline,272202
1677,constant_time,292827
1677,baseline,268211
1678,constant_time,293571
1678,baseline,272415
1679,constant_time,293781
1679,baseline,268003
1680,constant_time,295290
1680,baseline,268067
1681,constant_time,292930
1681,baseline,268040
1682,constant_time,299677
1682,baseline,336427
1683,constant_time,367874
1683,baseline,389432
1684,constant_time,391521
1684,baseline,350961
1685,constant_time,375014
1685,baseline,358746
1686,constant_time,378388
1686,baseline,370338
1687,constant_time,379973
1687,baseline,365085
1688,constant_time,387892
1688,baseline,350901
1689,constant_time,380759
1689,baseline,345843
1690,constant_time,400019
1690,baseline,357275
1691,constant_time,395956
1691,baseline,381981
1692,constant_time,331784
1692,baseline,320069
1693,constant_time,302916
1693,baseline,306686
1694,constant_time,297419
1694,baseline,294749
1695,constant_time,342891
1695,baseline,280793
1696,constant_time,298207
1696,baseline,268111
1697,constant_time,292908
1697,baseline,267845
1698,constant_time,295830
1698,baseline,267593
1699,constant_time,293732
1699,baseline,267738
1700,constant_time,293746
1700,baseline,267705
1701,constant_time,292801
1701,baseline,273750
1702,constant_time,293621
1702,baseline,268207
1703,constant_time,294000
1703,baseline,269523
1704,constant_time,293181
1704,baseline,293146
1705,constant_time,294573
1705,baseline,307798
1706,constant_time,308155
1706,baseline,271490
1707,constant_time,292977
1707,baseline,267997
1708,constant_time,292654
1708,baseline,271047
1709,constant_time,352056
1709,baseline,358681
1710,constant_time,404279
1710,baseline,402554
1711,constant_time,442459
1711,baseline,410248
1712,constant_time,431861
1712,baseline,416492
1713,constant_time,454688
1713,baseline,423463
1714,constant_time,476469
1714,baseline,424191
1715,constant_time,445082
1715,baseline,422847
1716,constant_time,452146
1716,baseline,419889
1717,constant_time,465800
1717,baseline,420216
1718,constant_time,465796
1718,baseline,420303
1719,constant_time,458539
1719,baseline,347726
1720,constant_time,423069
1720,baseline,399307
1721,constant_time,418254
1721,baseline,373070
1722,constant_time,404898
1722,baseline,369269
1723,constant_time,392995
1723,baseline,361420
1724,constant_time,402489
1724,baseline,364699
1725,constant_time,401966
1725,baseline,377342
1726,constant_time,396032
1726,baseline,384369
1727,constant_time,424129
1727,baseline,310419
1728,constant_time,293253
1728,baseline,273946
1729,constant_time,363545
1729,baseline,321268
1730,constant_time,399861
1730,baseline,363838
1731,constant_time,394668
1731,baseline,379463
1732,constant_time,393875
1732,baseline,364056
1733,constant_time,392248
1733,baseline,372460
1734,constant_time,391714
1734,baseline,364345
1735,constant_time,421443
1735,baseline,350705
1736,constant_time,314962
1736,baseline,280056
1737,constant_time,293446
1737,baseline,268341
1738,constant_time,348756
1738,baseline,269705
1739,constant_time,293629
1739,baseline,274816
1740,constant_time,322783
1740,baseline,272140
1741,constant_time,302815
1741,baseline,281644
1742,constant_time,317652
1742,baseline,267514
1743,constant_time,321632
1743,baseline,281231
1744,constant_time,306895
1744,baseline,267424
1745,constant_time,299882
1745,baseline,268311
1746,constant_time,292962
1746,baseline,267852
1747,constant_time,299536
1747,baseline,267573
1748,constant_time,292780
1748,baseline,272794
1749,constant_time,293689
1749,baseline,267873
1750,constant_time,292667
1750,baseline,269736
1751,constant_time,292615
1751,baseline,267778
1752,constant_time,296570
1752,baseline,268066
1753,constant_time,292569
1753,baseline,309716
1754,constant_time,296924
1754,baseline,268048
1755,constant_time,315609
1755,baseline,286920
1756,constant_time,293381
1756,baseline,338394
1757,constant_time,388083
1757,baseline,348908
1758,constant_time,419999
1758,baseline,348054
1759,constant_time,399573
1759,baseline,367012
1760,constant_time,390904
1760,baseline,344712
1761,constant_time,397308
1761,baseline,363932
1762,constant_time,391962
1762,baseline,365354
1763,constant_time,383825
1763,baseline,375459
1764,constant_time,379587
1764,baseline,341823
1765,constant_time,401939
1765,baseline,351693
1766,constant_time,403968
1766,baseline,321314
1767,constant_time,297663
1767,baseline,267762
1768,constant_time,300114
1768,baseline,278070
1769,constant_time,298171
1769,baseline,267805
1770,constant_time,300110
1770,baseline,267638
1771,constant_time,293355
1771,baseline,270146
1772,constant_time,293974
1772,baseline,268576
1773,constant_time,293803
1773,baseline,270522
1774,constant_time,293204
1774,baseline,312182
1775,constant_time,294041
1775,baseline,267521
1776,constant_time,326623
1776,baseline,298475
1777,constant_time,293335
1777,baseline,268584
1778,constant_time,293088
1778,baseline,272543
1779,constant_time,292995
1779,baseline,267847
1780,constant_time,293225
1780,baseline,270409
1781,constant_time,293507
1781,baseline,268002
1782,constant_time,295124
1782,baseline,268127
1783,constant_time,334308
1783,baseline,350242
1784,constant_time,365395
1784,baseline,380287
1785,constant_time,400847
1785,baseline,379300
1786,constant_time,386929
1786,baseline,366759
1787,constant_time,391984
1787,baseline,346922
1788,constant_time,383190
1788,baseline,350759
1789,constant_time,404992
1789,baseline,335976
1790,constant_time,371031
1790,baseline,375550
1791,constant_time,401073
1791,baseline,386496
1792,constant_time,347724
1792,baseline,269134
1793,constant_time,304206
1793,baseline,268068
1794,constant_time,310782
1794,baseline,274220
1795,constant_time,301039
1795,baseline,311400
1796,constant_time,293702
1796,baseline,294713
1797,constant_time,305685
1797,baseline,278559
1798,constant_time,298698
1798,baseline,271269
1799,constant_time,292779
1799,baseline,268382
1800,constant_time,297089
1800,baseline,270476
1801,constant_time,293295
1801,baseline,267478
1802,constant_time,297164
1802,baseline,267438
1803,constant_time,293306
1803,baseline,269295
1804,constant_time,293203
1804,baseline,268524
1805,constant_time,293461
1805,baseline,269903
1806,constant_time,292926
1806,baseline,267922
1807,constant_time,295388
1807,baseline,308544
1808,constant_time,320630
1808,baseline,384682
1809,constant_time,401803
1809,baseline,377971
1810,constant_time,397955
1810,baseline,368155
1811,constant_time,302194
1811,baseline,275675
1812,constant_time,320325
1812,baseline,347772
1813,constant_time,301724
1813,baseline,296890
1814,constant_time,324972
1814,baseline,307305
1815,constant_time,322451
1815,baseline,317039
1816,constant_time,319341
1816,baseline,281434
1817,constant_time,293666
1817,baseline,267742
1818,constant_time,367641
1818,baseline,276545
1819,constant_time,334050
1819,baseline,284596
1820,constant_time,302293
1820,baseline,267925
1821,constant_time,362481
1821,baseline,275034
1822,constant_time,293548
1822,baseline,267711
1823,constant_time,296754
1823,baseline,267461
1824,constant_time,292944
1824,baseline,272388
1825,constant_time,293912
1825,baseline,267616
1826,constant_time,293952
1826,baseline,271575
1827,constant_time,292264
1827,baseline,268262
1828,constant_time,294158
1828,baseline,268188
1829,constant_time,292303
1829,baseline,268174
1830,constant_time,294483
1830,baseline,267396
1831,constant_time,293626
1831,baseline,269149
1832,constant_time,293490
1832,baseline,267753
1833,constant_time,292980
1833,baseline,389424
1834,constant_time,293520
1834,baseline,268607
1835,constant_time,294574
1835,baseline,267979
1836,constant_time,293453
1836,baseline,377753
1837,constant_time,408138
1837,baseline,369837
1838,constant_time,418605
1838,baseline,402232
1839,constant_time,411539
1839,baseline,339901
1840,constant_time,294062
1840,baseline,315756
1841,constant_time,356153
1841,baseline,294191
1842,constant_time,359340
1842,baseline,287416
1843,constant_time,293228
1843,baseline,267973
1844,constant_time,330710
1844,baseline,305916
1845,constant_time,293475
1845,baseline,277612
1846,constant_time,293396
1846,baseline,315945
1847,constant_time,333030
1847,baseline,275215
1848,constant_time,296393
1848,baseline,267680
1849,constant_time,299996
1849,baseline,267931
1850,constant_time,293181
1850,baseline,272116
1851,constant_time,293279
1851,baseline,267466
1852,constant_time,293013
1852,baseline,269678
1853,constant_time,293337
1853,baseline,267511
1854,constant_time,294903
1854,baseline,268362
1855,constant_time,292594
1855,baseline,268257
1856,constant_time,294811
1856,baseline,267872
1857,constant_time,293199
1857,baseline,267627
1858,constant_time,294672
1858,baseline,267365
1859,constant_time,293656
1859,baseline,389947
1860,constant_time,293364
1860,baseline,267986
1861,constant_time,294172
1861,baseline,267895
1862,constant_time,293123
1862,baseline,276168
1863,constant_time,428163
1863,baseline,371513
1864,constant_time,400586
1864,baseline,382437
1865,constant_time,444035
1865,baseline,332865
1866,constant_time,355075
1866,baseline,370736
1867,constant_time,413869
1867,baseline,357607
1868,constant_time,369930
1868,baseline,299146
1869,constant_time,318136
1869,baseline,293858
1870,constant_time,292619
1870,baseline,268146
1871,constant_time,292179
1871,baseline,279068
1872,constant_time,293866
1872,baseline,267859
1873,constant_time,309819
1873,baseline,336132
1874,constant_time,362794
1874,baseline,292613
1875,constant_time,293461
1875,baseline,268104
1876,constant_time,293663
1876,baseline,275136
1877,constant_time,293765
1877,baseline,268057
1878,constant_time,297844
1878,baseline,267510
1879,constant_time,292739
1879,baseline,267652
1880,constant_time,295515
1880,baseline,267631
1881,constant_time,293813
1881,baseline,269296
1882,constant_time,292926
1882,baseline,268084
1883,constant_time,292930
1883,baseline,269215
1884,constant_time,293124
1884,baseline,267569
1885,constant_time,294657
1885,baseline,268028
1886,constant_time,292440
1886,baseline,267960
1887,constant_time,414009
1887,baseline,268163
1888,constant_time,293470
1888,baseline,280125
1889,constant_time,293726
1889,baseline,267995
1890,constant_time,293236
1890,baseline,359514
1891,constant_time,403748
1891,baseline,343318
1892,constant_time,371280
1892,baseline,375124
1893,constant_time,349742
1893,baseline,325841
1894,constant_time,323983
1894,baseline,278725
1895,constant_time,312267
1895,baseline,267925
1896,constant_time,293353
1896,baseline,290880
1897,constant_time,338663
1897,baseline,267946
1898,constant_time,304252
1898,baseline,307911
1899,constant_time,292585
1899,baseline,273227
1900,constant_time,305611
1900,baseline,268030
1901,constant_time,332333
1901,baseline,303433
1902,constant_time,292701
1902,baseline,267806
1903,constant_time,300273
1903,baseline,267617
1904,constant_time,292552
1904,baseline,267973
1905,constant_time,295317
1905,baseline,267733
1906,constant_time,293306
1906,baseline,269900
1907,constant_time,292691
1907,baseline,268033
1908,constant_time,293022
1908,baseline,269690
1909,constant_time,292407
1909,baseline,274163
1910,constant_time,295365
1910,baseline,268361
1911,constant_time,293310
1911,baseline,267724
1912,constant_time,294753
1912,baseline,267986
1913,constant_time,293348
1913,baseline,268794
1914,constant_time,292702
1914,baseline,267178
1915,constant_time,292757
1915,baseline,387353
1916,constant_time,292538
1916,baseline,267910
1917,constant_time,299721
1917,baseline,377867
1918,constant_time,401484
1918,baseline,332321
1919,constant_time,382919
1919,baseline,357368
1920,constant_time,354233
1920,baseline,301269
1921,constant_time,293659
1921,baseline,295764
1922,constant_time,305326
1922,baseline,268463
1923,constant_time,303662
1923,baseline,267739
1924,constant_time,293050
1924,baseline,289280
1925,constant_time,311126
1925,baseline,306881
1926,constant_time,293261
1926,baseline,283431
1927,constant_time,319147
1927,baseline,268143
1928,constant_time,300683
1928,baseline,267948
1929,constant_time,302756
1929,baseline,272229
1930,constant_time,306263
1930,baseline,268077
1931,constant_time,292742
1931,baseline,270055
1932,constant_time,292972
1932,baseline,268080
1933,constant_time,293156
1933,baseline,270091
1934,constant_time,293546
1934,baseline,268637
1935,constant_time,293645
1935,baseline,272755
1936,constant_time,293559
1936,baseline,267942
1937,constant_time,296426
1937,baseline,268144
1938,constant_time,292898
1938,baseline,267747
1939,constant_time,294398
1939,baseline,268188
1940,constant_time,292907
1940,baseline,269531
1941,constant_time,292629
1941,baseline,268640
1942,constant_time,292322
1942,baseline,391550
1943,constant_time,292251
1943,baseline,268083
1944,constant_time,294578
1944,baseline,267946
1945,constant_time,293309
1945,baseline,269911
1946,constant_time,351878
1946,baseline,372112
1947,constant_time,384946
1947,baseline,320381
1948,constant_time,412229
1948,baseline,326500
1949,constant_time,351127
1949,baseline,280837
1950,constant_time,302598
1950,baseline,274985
1951,constant_time,310582
1951,baseline,267806
1952,constant_time,308877
1952,baseline,282520
1953,constant_time,316911
1953,baseline,273207
1954,constant_time,328813
1954,baseline,268283
1955,constant_time,301983
1955,baseline,294354
1956,constant_time,292768
1956,baseline,268015
1957,constant_time,316213
1957,baseline,270712
1958,constant_time,300611
1958,baseline,272459
1959,constant_time,293292
1959,baseline,267810
1960,constant_time,293487
1960,baseline,271123
1961,constant_time,293681
1961,baseline,267361
1962,constant_time,295320
1962,baseline,267865
1963,constant_time,292163
1963,baseline,267734
1964,constant_time,297783
1964,baseline,268197
1965,constant_time,293249
1965,baseline,269639
1966,constant_time,293662
1966,baseline,268276
1967,constant_time,293600
1967,baseline,269589
1968,constant_time,292485
1968,baseline,268182
1969,constant_time,293603
1969,baseline,268080
1970,constant_time,292890
1970,baseline,267651
1971,constant_time,417975
1971,baseline,267898
1972,constant_time,293221
1972,baseline,270695
1973,constant_time,293749
1973,baseline,267819
1974,constant_time,293226
1974,baseline,269176
1975,constant_time,333564
1975,baseline,335951
1976,constant_time,393810
1976,baseline,357704
1977,constant_time,381333
1977,baseline,345770
1978,constant_time,400854
1978,baseline,389899
1979,constant_time,411760
1979,baseline,348440
1980,constant_time,335433
1980,baseline,309615
1981,constant_time,313691
1981,baseline,278795
1982,constant_time,293247
1982,baseline,267500
1983,constant_time,393209
1983,baseline,406094
1984,constant_time,424146
1984,baseline,308179
1985,constant_time,292597
1985,baseline,267998
1986,constant_time,303200
1986,baseline,267644
1987,constant_time,293259
1987,baseline,267337
1988,constant_time,296934
1988,baseline,268381
1989,constant_time,292467
1989,baseline,272179
1990,constant_time,293471
1990,baseline,267972
1991,constant_time,292797
1991,baseline,290180
1992,constant_time,292921
1992,baseline,267942
1993,constant_time,294946
1993,baseline,268257
1994,constant_time,293138
1994,baseline,268155
1995,constant_time,304082
1995,baseline,268022
1996,constant_time,293412
1996,baseline,269433
1997,constant_time,292977
1997,baseline,268281
1998,constant_time,293218
1998,baseline,389637
1999,constant_time,292967
1999,baseline,267674
2000,constant_time,294288
2000,baseline,273843
2001,constant_time,424730
2001,baseline,364433
2002,constant_time,293216
2002,baseline,268048
2003,constant_time,308474
2003,baseline,271685
2004,constant_time,331010
2004,baseline,276765
2005,constant_time,298113
2005,baseline,267497
2006,constant_time,292898
2006,baseline,273173
2007,constant_time,293297
2007,baseline,268326
2008,constant_time,362775
2008,baseline,268831
2009,constant_time,292877
2009,baseline,274416
2010,constant_time,317055
2010,baseline,267558
2011,constant_time,292678
2011,baseline,271582
2012,constant_time,293165
2012,baseline,267998
2013,constant_time,301545
2013,baseline,271849
2014,constant_time,293653
2014,baseline,267741
2015,constant_time,296535
2015,baseline,269277
2016,constant_time,294007
2016,baseline,267457
2017,constant_time,297103
2017,baseline,267856
2018,constant_time,292746
2018,baseline,267936
2019,constant_time,318589
2019,baseline,267808
2020,constant_time,292649
2020,baseline,275249
2021,constant_time,293648
2021,baseline,267905
2022,constant_time,293179
2022,baseline,271251
2023,constant_time,292491
2023,baseline,267622
2024,constant_time,295851
2024,baseline,268205
2025,constant_time,293171
2025,baseline,267770
2026,constant_time,416633
2026,baseline,268011
2027,constant_time,293269
2027,baseline,270420
2028,constant_time,293195
2028,baseline,267701
2029,constant_time,296878
2029,baseline,267973
2030,constant_time,313992
2030,baseline,394460
2031,constant_time,379704
2031,baseline,267942
2032,constant_time,293376
2032,baseline,282989
2033,constant_time,357908
2033,baseline,276588
2034,constant_time,298767
2034,baseline,267592
2035,constant_time,293680
2035,baseline,272966
2036,constant_time,331858
2036,baseline,293388
2037,constant_time,316860
2037,baseline,302399
2038,constant_time,293801
2038,baseline,267825
2039,constant_time,297107
2039,baseline,268143
2040,constant_time,292715
2040,baseline,267633
2041,constant_time,341752
2041,baseline,335993
2042,constant_time,325716
2042,baseline,277441
2043,constant_time,292207
2043,baseline,268209
2044,constant_time,300197
2044,baseline,267759
2045,constant_time,292669
2045,baseline,267679
2046,constant_time,297374
2046,baseline,267947
2047,constant_time,293529
2047,baseline,274751
2048,constant_time,292884
2048,baseline,268002
2049,constant_time,293406
2049,baseline,275067
2050,constant_time,293765
2050,baseline,268384
2051,constant_time,296139
2051,baseline,268056
2052,constant_time,293751
2052,baseline,267708
2053,constant_time,294860
2053,baseline,268111
2054,constant_time,292771
2054,baseline,388284
2055,constant_time,292746
2055,baseline,267904
2056,constant_time,292505
2056,baseline,269390
2057,constant_time,293776
2057,baseline,308840
2058,constant_time,386322
2058,baseline,343991
2059,constant_time,396367
2059,baseline,353025
2060,constant_time,390490
2060,baseline,370123
2061,constant_time,401805
2061,baseline,361543
2062,constant_time,412925
2062,baseline,393979
2063,constant_time,372082
2063,baseline,305933
2064,constant_time,393746
2064,baseline,408575
2065,constant_time,406973
2065,baseline,287839
2066,constant_time,300811
2066,baseline,268135
2067,constant_time,297853
2067,baseline,325966
2068,constant_time,362031
2068,baseline,289483
2069,constant_time,293268
2069,baseline,280992
2070,constant_time,293764
2070,baseline,267587
2071,constant_time,301000
2071,baseline,267921
2072,constant_time,292653
2072,baseline,267765
2073,constant_time,297841
2073,baseline,267477
2074,constant_time,292881
2074,baseline,273187
2075,constant_time,292841
2075,baseline,267518
2076,constant_time,293012
2076,baseline,271830
2077,constant_time,293904
2077,baseline,268359
2078,constant_time,296190
2078,baseline,268424
2079,constant_time,292819
2079,baseline,267877
2080,constant_time,294469
2080,baseline,267544
2081,constant_time,292858
2081,baseline,386683
2082,constant_time,293609
2082,baseline,267523
2083,constant_time,295464
2083,baseline,268316
2084,constant_time,293551
2084,baseline,292856
2085,constant_time,297218
2085,baseline,274282
2086,constant_time,336946
2086,baseline,359364
2087,constant_time,364386
2087,baseline,296381
2088,constant_time,313823
2088,baseline,268117
2089,constant_time,292567
2089,baseline,268391
2090,constant_time,326336
2090,baseline,282061
2091,constant_time,300246
2091,baseline,331298
2092,constant_time,306049
2092,baseline,267708
2093,constant_time,303427
2093,baseline,303776
2094,constant_time,293330
2094,baseline,268274
2095,constant_time,296400
2095,baseline,276802
2096,constant_time,349643
2096,baseline,321488
2097,constant_time,293042
2097,baseline,267963
2098,constant_time,298761
2098,baseline,267690
2099,constant_time,293435
2099,baseline,267930
2100,constant_time,299122
2100,baseline,267661
2101,constant_time,293283
2101,baseline,267320
2102,constant_time,309625
2102,baseline,267732
2103,constant_time,292424
2103,baseline,269923
2104,constant_time,293464
2104,baseline,268245
2105,constant_time,293236
2105,baseline,269775
2106,constant_time,292607
2106,baseline,268197
2107,constant_time,295040
2107,baseline,268157
2108,constant_time,293005
2108,baseline,268135
2109,constant_time,413758
2109,baseline,268021
2110,constant_time,292690
2110,baseline,269325
2111,constant_time,293779
2111,baseline,267852
2112,constant_time,337056
2112,baseline,353807
2113,constant_time,376594
2113,baseline,367104
2114,constant_time,393190
2114,baseline,358924
2115,constant_time,405382
2115,baseline,368427
2116,constant_time,405937
2116,baseline,382961
2117,constant_time,416000
2117,baseline,350771
2118,constant_time,351560
2118,baseline,291001
2119,constant_time,315027
2119,baseline,267657
2120,constant_time,293341
2120,baseline,271146
2121,constant_time,293458
2121,baseline,267862
2122,constant_time,292751
2122,baseline,295124
2123,constant_time,344959
2123,baseline,304697
2124,constant_time,298134
2124,baseline,357152
2125,constant_time,293313
2125,baseline,304052
2126,constant_time,293799
2126,baseline,267825
2127,constant_time,293779
2127,baseline,272135
2128,constant_time,292393
2128,baseline,267954
2129,constant_time,297273
2129,baseline,268062
2130,constant_time,292691
2130,baseline,268235
2131,constant_time,295240
2131,baseline,267485
2132,constant_time,292625
2132,baseline,271474
2133,constant_time,293512
2133,baseline,267819
2134,constant_time,293717
2134,baseline,271048
2135,constant_time,293937
2135,baseline,267711
2136,constant_time,298841
2136,baseline,337113
2137,constant_time,292055
2137,baseline,282773
2138,constant_time,295411
2138,baseline,267613
2139,constant_time,293759
2139,baseline,302147
2140,constant_time,382373
2140,baseline,348737
2141,constant_time,401809
2141,baseline,359588
2142,constant_time,395692
2142,baseline,368194
2143,constant_time,397399
2143,baseline,377799
2144,constant_time,419407
2144,baseline,371842
2145,constant_time,337197
2145,baseline,288960
2146,constant_time,293269
2146,baseline,378396
2147,constant_time,293715
2147,baseline,297166
2148,constant_time,300012
2148,baseline,267913
2149,constant_time,293657
2149,baseline,280127
2150,constant_time,304740
2150,baseline,267165
2151,constant_time,292634
2151,baseline,271970
2152,constant_time,293962
2152,baseline,267654
2153,constant_time,293831
2153,baseline,270852
2154,constant_time,292615
2154,baseline,268073
2155,constant_time,310567
2155,baseline,267514
2156,constant_time,293608
2156,baseline,267485
2157,constant_time,297661
2157,baseline,267642
2158,constant_time,359963
2158,baseline,269170
2159,constant_time,293209
2159,baseline,287145
2160,constant_time,295805
2160,baseline,268239
2161,constant_time,293587
2161,baseline,267968
2162,constant_time,295772
2162,baseline,267694
2163,constant_time,293407
2163,baseline,267593
2164,constant_time,420769
2164,baseline,267815
2165,constant_time,292752
2165,baseline,295868
2166,constant_time,381904
2166,baseline,344323
2167,constant_time,400100
2167,baseline,360863
2168,constant_time,393164
2168,baseline,365482
2169,constant_time,490582
2169,baseline,400170
2170,constant_time,422642
2170,baseline,372871
2171,constant_time,387646
2171,baseline,380216
2172,constant_time,444978
2172,baseline,330021
2173,constant_time,299868
2173,baseline,267456
2174,constant_time,292609
2174,baseline,268218
2175,constant_time,295611
2175,baseline,267864
2176,constant_time,292452
2176,baseline,288438
2177,constant_time,293299
2177,baseline,268275
2178,constant_time,293539
2178,baseline,271182
2179,constant_time,293963
2179,baseline,346956
2180,constant_time,298547
2180,baseline,292845
2181,constant_time,293476
2181,baseline,268069
2182,constant_time,298164
2182,baseline,267789
2183,constant_time,293303
2183,baseline,270399
2184,constant_time,293365
2184,baseline,268115
2185,constant_time,294077
2185,baseline,269455
2186,constant_time,293246
2186,baseline,267978
2187,constant_time,295269
2187,baseline,268521
2188,constant_time,292930
2188,baseline,268404
2189,constant_time,402212
2189,baseline,268303
2190,constant_time,293474
2190,baseline,269761
2191,constant_time,359358
2191,baseline,268010
2192,constant_time,309557
2192,baseline,299716
2193,constant_time,382907
2193,baseline,352909
2194,constant_time,394214
2194,baseline,360558
2195,constant_time,400560
2195,baseline,369283
2196,constant_time,402926
2196,baseline,368017
2197,constant_time,423696
2197,baseline,378514
2198,constant_time,360919
2198,baseline,292080
2199,constant_time,302205
2199,baseline,275960
2200,constant_time,297826
2200,baseline,267243
2201,constant_time,386612
2201,baseline,267760
2202,constant_time,318532
2202,baseline,283947
2203,constant_time,309728
2203,baseline,268538
2204,constant_time,297876
2204,baseline,268035
2205,constant_time,292549
2205,baseline,267961
2206,constant_time,297976
2206,baseline,267158
2207,constant_time,292229
2207,baseline,272568
2208,constant_time,293306
2208,baseline,267523
2209,constant_time,293605
2209,baseline,272007
2210,constant_time,293593
2210,baseline,267650
2211,constant_time,294742
2211,baseline,267619
2212,constant_time,292729
2212,baseline,267881
2213,constant_time,361004
2213,baseline,268111
2214,constant_time,293263
2214,baseline,286357
2215,constant_time,293201
2215,baseline,267909
2216,constant_time,294031
2216,baseline,394676
2217,constant_time,293099
2217,baseline,268125
2218,constant_time,297347
2218,baseline,268041
2219,constant_time,293526
2219,baseline,269426
2220,constant_time,316157
2220,baseline,344168
2221,constant_time,378615
2221,baseline,365211
2222,constant_time,393016
2222,baseline,363727
2223,constant_time,397799
2223,baseline,451039
2224,constant_time,397691
2224,baseline,412619
2225,constant_time,422473
2225,baseline,290444
2226,constant_time,299155
2226,baseline,276741
2227,constant_time,306109
2227,baseline,268257
2228,constant_time,298680
2228,baseline,268170
2229,constant_time,293488
2229,baseline,268042
2230,constant_time,298234
2230,baseline,267468
2231,constant_time,292481
2231,baseline,271905
2232,constant_time,293236
2232,baseline,267633
2233,constant_time,293582
2233,baseline,271887
2234,constant_time,293492
2234,baseline,267975
2235,constant_time,390444
2235,baseline,268177
2236,constant_time,321860
2236,baseline,267969
2237,constant_time,296922
2237,baseline,267583
2238,constant_time,292375
2238,baseline,269909
2239,constant_time,293088
2239,baseline,268046
2240,constant_time,293455
2240,baseline,270555
2241,constant_time,293116
2241,baseline,267770
2242,constant_time,295032
2242,baseline,268019
2243,constant_time,292413
2243,baseline,268087
2244,constant_time,295773
2244,baseline,267791
2245,constant_time,293886
2245,baseline,269901
2246,constant_time,293828
2246,baseline,325194
2247,constant_time,424040
2247,baseline,392701
2248,constant_time,391841
2248,baseline,364197
2249,constant_time,393795
2249,baseline,368933
2250,constant_time,404440
2250,baseline,374210
2251,constant_time,430531
2251,baseline,321545
2252,constant_time,299892
2252,baseline,291373
2253,constant_time,292605
2253,baseline,289453
2254,constant_time,293582
2254,baseline,280289
2255,constant_time,293776
2255,baseline,268007
2256,constant_time,299404
2256,baseline,267867
2257,constant_time,381433
2257,baseline,272079
2258,constant_time,323385
2258,baseline,267700
2259,constant_time,292816
2259,baseline,270453
2260,constant_time,292382
2260,baseline,267907
2261,constant_time,299113
2261,baseline,267503
2262,constant_time,292769
2262,baseline,267506
2263,constant_time,296040
2263,baseline,267509
2264,constant_time,293369
2264,baseline,270302
2265,constant_time,292834
2265,baseline,267782
2266,constant_time,292658
2266,baseline,269212
2267,constant_time,293423
2267,baseline,267822
2268,constant_time,294147
2268,baseline,272546
2269,constant_time,360360
2269,baseline,268218
2270,constant_time,314379
2270,baseline,270777
2271,constant_time,293257
2271,baseline,270486
2272,constant_time,293462
2272,baseline,267701
2273,constant_time,293664
2273,baseline,269521
2274,constant_time,304050
2274,baseline,326002
2275,constant_time,395309
2275,baseline,350617
2276,constant_time,395137
2276,baseline,364482
2277,constant_time,397186
2277,baseline,374740
2278,constant_time,396859
2278,baseline,369548
2279,constant_time,439387
2279,baseline,434836
2280,constant_time,444137
2280,baseline,405872
2281,constant_time,426854
2281,baseline,289406
2282,constant_time,292616
2282,baseline,268319
2283,constant_time,297148
2283,baseline,267541
2284,constant_time,293682
2284,baseline,268084
2285,constant_time,296880
2285,baseline,268102
2286,constant_time,292677
2286,baseline,270068
2287,constant_time,292667
2287,baseline,268115
2288,constant_time,292417
2288,baseline,272072
2289,constant_time,293663
2289,baseline,268251
2290,constant_time,295650
2290,baseline,307958
2291,constant_time,292981
2291,baseline,292891
2292,constant_time,295006
2292,baseline,267920
2293,constant_time,293304
2293,baseline,269457
2294,constant_time,292886
2294,baseline,267978
2295,constant_time,293278
2295,baseline,271158
2296,constant_time,293693
2296,baseline,268041
2297,constant_time,294457
2297,baseline,267672
2298,constant_time,293216
2298,baseline,267583
2299,constant_time,295403
2299,baseline,268085
2300,constant_time,323856
2300,baseline,270999
2301,constant_time,344726
2301,baseline,350068
2302,constant_time,400811
2302,baseline,289723
2303,constant_time,337558
2303,baseline,298052
2304,constant_time,294541
2304,baseline,273514
2305,constant_time,292084
2305,baseline,282365
2306,constant_time,293991
2306,baseline,267819
2307,constant_time,298176
2307,baseline,294704
2308,constant_time,293484
2308,baseline,267729
2309,constant_time,312416
2309,baseline,267347
2310,constant_time,292530
2310,baseline,273443
2311,constant_time,293295
2311,baseline,267923
2312,constant_time,293437
2312,baseline,271334
2313,constant_time,293825
2313,baseline,267590
2314,constant_time,385834
2314,baseline,267599
2315,constant_time,339385
2315,baseline,331136
2316,constant_time,292674
2316,baseline,268435
2317,constant_time,298830
2317,baseline,268056
2318,constant_time,292186
2318,baseline,268084
2319,constant_time,294599
2319,baseline,268079
2320,constant_time,293777
2320,baseline,268993
2321,constant_time,293223
2321,baseline,268312
2322,constant_time,293181
2322,baseline,270415
2323,constant_time,293229
2323,baseline,267672
2324,constant_time,292312
2324,baseline,269194
2325,constant_time,293816
2325,baseline,334640
2326,constant_time,408686
2326,baseline,293773
2327,constant_time,345101
2327,baseline,271947
2328,constant_time,292917
2328,baseline,286097
2329,constant_time,297560
2329,baseline,279005
2330,constant_time,350417
2330,baseline,349768
2331,constant_time,316488
2331,baseline,277928
2332,constant_time,293154
2332,baseline,272620
2333,constant_time,293423
2333,baseline,267821
2334,constant_time,300179
2334,baseline,267947
2335,constant_time,292861
2335,baseline,300664
2336,constant_time,322250
2336,baseline,267594
2337,constant_time,403489
2337,baseline,273463
2338,constant_time,342193
2338,baseline,280367
2339,constant_time,297081
2339,baseline,267788
2340,constant_time,305715
2340,baseline,276802
2341,constant_time,297810
2341,baseline,267795
2342,constant_time,293821
2342,baseline,273660
2343,constant_time,292561
2343,baseline,268376
2344,constant_time,293163
2344,baseline,272245
2345,constant_time,293253
2345,baseline,267874
2346,constant_time,297352
2346,baseline,268231
2347,constant_time,293176
2347,baseline,268314
2348,constant_time,296550
2348,baseline,334830
2349,constant_time,293599
2349,baseline,270921
2350,constant_time,328808
2350,baseline,274095
2351,constant_time,296950
2351,baseline,268006
2352,constant_time,295457
2352,baseline,267813
2353,constant_time,295401
2353,baseline,267759
2354,constant_time,295596
2354,baseline,267744
2355,constant_time,303649
2355,baseline,267628
2356,constant_time,311337
2356,baseline,394107
2357,constant_time,370264
2357,baseline,347105
2358,constant_time,375325
2358,baseline,285882
2359,constant_time,292652
2359,baseline,273430
2360,constant_time,335548
2360,baseline,267602
2361,constant_time,337654
2361,baseline,281100
2362,constant_time,307305
2362,baseline,273694
2363,constant_time,296361
2363,baseline,277304
2364,constant_time,310508
2364,baseline,273135
2365,constant_time,292570
2365,baseline,270310
2366,constant_time,298956
2366,baseline,268151
2367,constant_time,292619
2367,baseline,267858
2368,constant_time,304431
2368,baseline,278925
2369,constant_time,300008
2369,baseline,273141
2370,constant_time,293322
2370,baseline,268129
2371,constant_time,293183
2371,baseline,310976
2372,constant_time,297276
2372,baseline,267743
2373,constant_time,321607
2373,baseline,280328
2374,constant_time,293417
2374,baseline,268045
2375,constant_time,308123
2375,baseline,267991
2376,constant_time,292809
2376,baseline,273923
2377,constant_time,292502
2377,baseline,267934
2378,constant_time,293416
2378,baseline,270195
2379,constant_time,293333
2379,baseline,267843
2380,constant_time,295720
2380,baseline,267865
2381,constant_time,293361
2381,baseline,267809
2382,constant_time,415101
2382,baseline,268282
2383,constant_time,293290
2383,baseline,301405
2384,constant_time,293129
2384,baseline,268506
2385,constant_time,377277
2385,baseline,322136
2386,constant_time,384907
2386,baseline,369843
2387,constant_time,377978
2387,baseline,365452
2388,constant_time,404156
2388,baseline,364324
2389,constant_time,409645
2389,baseline,361753
2390,constant_time,407649
2390,baseline,398438
2391,constant_time,380323
2391,baseline,277116
2392,constant_time,302772
2392,baseline,276358
2393,constant_time,298901
2393,baseline,315993
2394,constant_time,292404
2394,baseline,291189
2395,constant_time,314332
2395,baseline,293466
2396,constant_time,301654
2396,baseline,267879
2397,constant_time,303063
2397,baseline,267882
2398,constant_time,296455
2398,baseline,272825
2399,constant_time,292900
2399,baseline,267435
2400,constant_time,292480
2400,baseline,271306
2401,constant_time,293426
2401,baseline,267598
2402,constant_time,296934
2402,baseline,268152
2403,constant_time,293118
2403,baseline,268173
2404,constant_time,295032
2404,baseline,267498
2405,constant_time,323381
2405,baseline,281098
2406,constant_time,292703
2406,baseline,284518
2407,constant_time,310921
2407,baseline,277270
2408,constant_time,293179
2408,baseline,270418
2409,constant_time,296405
2409,baseline,267348
2410,constant_time,293376
2410,baseline,270562
2411,constant_time,297173
2411,baseline,268129
2412,constant_time,293323
2412,baseline,313967
2413,constant_time,379308
2413,baseline,335724
2414,constant_time,308406
2414,baseline,311256
2415,constant_time,293053
2415,baseline,268277
2416,constant_time,308300
2416,baseline,268119
2417,constant_time,338539
2417,baseline,269631
2418,constant_time,313793
2418,baseline,276084
2419,constant_time,336138
2419,baseline,268083
2420,constant_time,293627
2420,baseline,267991
2421,constant_time,298325
2421,baseline,267685
2422,constant_time,293123
2422,baseline,274122
2423,constant_time,292314
2423,baseline,318093
2424,constant_time,363905
2424,baseline,267921
2425,constant_time,293133
2425,baseline,268219
2426,constant_time,298449
2426,baseline,268329
2427,constant_time,293006
2427,baseline,268130
2428,constant_time,294793
2428,baseline,309518
2429,constant_time,293148
2429,baseline,274958
2430,constant_time,320731
2430,baseline,286716
2431,constant_time,311134
2431,baseline,267597
2432,constant_time,296464
2432,baseline,267928
2433,constant_time,299406
2433,baseline,268110
2434,constant_time,296102
2434,baseline,269790
2435,constant_time,293467
2435,baseline,267987
2436,constant_time,292158
2436,baseline,269711
2437,constant_time,293647
2437,baseline,268070
2438,constant_time,294438
2438,baseline,267872
2439,constant_time,292696
2439,baseline,267982
2440,constant_time,339509
2440,baseline,343576
2441,constant_time,378415
2441,baseline,373068
2442,constant_time,380527
2442,baseline,371164
2443,constant_time,397483
2443,baseline,365194
2444,constant_time,406727
2444,baseline,361931
2445,constant_time,408509
2445,baseline,402285
2446,constant_time,384525
2446,baseline,351772
2447,constant_time,434624
2447,baseline,406457
2448,constant_time,341887
2448,baseline,268006
2449,constant_time,293606
2449,baseline,281212
2450,constant_time,342057
2450,baseline,268189
2451,constant_time,328659
2451,baseline,274806
2452,constant_time,306273
2452,baseline,268085
2453,constant_time,300884
2453,baseline,268180
2454,constant_time,292457
2454,baseline,270571
2455,constant_time,293032
2455,baseline,267789
2456,constant_time,294172
2456,baseline,270814
2457,constant_time,293526
2457,baseline,267886
2458,constant_time,294395
2458,baseline,268277
2459,constant_time,292522
2459,baseline,268213
2460,constant_time,294186
2460,baseline,269033
2461,constant_time,293056
2461,baseline,269553
2462,constant_time,334834
2462,baseline,267676
2463,constant_time,319085
2463,baseline,286706
2464,constant_time,292743
2464,baseline,268061
2465,constant_time,298681
2465,baseline,268044
2466,constant_time,293115
2466,baseline,268028
2467,constant_time,317393
2467,baseline,334406
2468,constant_time,365919
2468,baseline,327256
2469,constant_time,375650
2469,baseline,289741
2470,constant_time,301184
2470,baseline,267632
2471,constant_time,293531
2471,baseline,273602
2472,constant_time,293002
2472,baseline,267951
2473,constant_time,338599
2473,baseline,282947
2474,constant_time,300059
2474,baseline,294863
2475,constant_time,303185
2475,baseline,267917
2476,constant_time,292782
2476,baseline,270630
2477,constant_time,299301
2477,baseline,267915
2478,constant_time,297786
2478,baseline,277794
2479,constant_time,301639
2479,baseline,268169
2480,constant_time,292706
2480,baseline,272958
2481,constant_time,293812
2481,baseline,268053
2482,constant_time,297654
2482,baseline,268171
2483,constant_time,292852
2483,baseline,267771
2484,constant_time,298368
2484,baseline,267469
2485,constant_time,293541
2485,baseline,307871
2486,constant_time,293112
2486,baseline,289630
2487,constant_time,299640
2487,baseline,270709
2488,constant_time,292752
2488,baseline,270839
2489,constant_time,295691
2489,baseline,267926
2490,constant_time,292920
2490,baseline,270152
2491,constant_time,295092
2491,baseline,268218
2492,constant_time,292820
2492,baseline,382085
2493,constant_time,293464
2493,baseline,267869
2494,constant_time,294785
2494,baseline,329785
2495,constant_time,346308
2495,baseline,371281
2496,constant_time,388274
2496,baseline,383151
2497,constant_time,405871
2497,baseline,361183
2498,constant_time,400736
2498,baseline,370005
2499,constant_time,399646
2499,baseline,376462
2500,constant_time,426664
2500,baseline,360527
2501,constant_time,348626
2501,baseline,395498
2502,constant_time,452332
2502,baseline,310249
2503,constant_time,293436
2503,baseline,274349
2504,constant_time,293036
2504,baseline,267651
2505,constant_time,293766
2505,baseline,281758
2506,constant_time,337098
2506,baseline,268248
2507,constant_time,297942
2507,baseline,304344
2508,constant_time,351420
2508,baseline,274158
2509,constant_time,292526
2509,baseline,267877
2510,constant_time,292648
2510,baseline,272359
2511,constant_time,292648
2511,baseline,268157
2512,constant_time,295435
2512,baseline,267634
2513,constant_time,292392
2513,baseline,267735
2514,constant_time,295716
2514,baseline,267979
2515,constant_time,292376
2515,baseline,267680
2516,constant_time,293952
2516,baseline,267868
2517,constant_time,292672
2517,baseline,386973
2518,constant_time,334064
2518,baseline,268076
2519,constant_time,306604
2519,baseline,321331
2520,constant_time,292676
2520,baseline,268202
2521,constant_time,317638
2521,baseline,315921
2522,constant_time,379622
2522,baseline,318856
2523,constant_time,383693
2523,baseline,301293
2524,constant_time,300535
2524,baseline,267883
2525,constant_time,292985
2525,baseline,275665
2526,constant_time,292877
2526,baseline,267851
2527,constant_time,295730
2527,baseline,268747
2528,constant_time,313855
2528,baseline,301697
2529,constant_time,347182
2529,baseline,267800
2530,constant_time,293898
2530,baseline,303648
2531,constant_time,298307
2531,baseline,268126
2532,constant_time,294171
2532,baseline,326584
2533,constant_time,345914
2533,baseline,268436
2534,constant_time,300033
2534,baseline,267711
2535,constant_time,293571
2535,baseline,272675
2536,constant_time,294005
2536,baseline,267589
2537,constant_time,307824
2537,baseline,271782
2538,constant_time,293613
2538,baseline,268017
2539,constant_time,297284
2539,baseline,268029
2540,constant_time,292793
2540,baseline,268096
2541,constant_time,338160
2541,baseline,267775
2542,constant_time,300666
2542,baseline,298910
2543,constant_time,293535
2543,baseline,267852
2544,constant_time,293343
2544,baseline,271742
2545,constant_time,293379
2545,baseline,268359
2546,constant_time,301616
2546,baseline,271865
2547,constant_time,293571
2547,baseline,267855
2548,constant_time,295803
2548,baseline,267954
2549,constant_time,292399
2549,baseline,282349
2550,constant_time,346288
2550,baseline,374319
2551,constant_time,371514
2551,baseline,268379
2552,constant_time,293041
2552,baseline,339704
2553,constant_time,340326
2553,baseline,277292
2554,constant_time,356303
2554,baseline,314948
2555,constant_time,293858
2555,baseline,268124
2556,constant_time,315126
2556,baseline,294934
2557,constant_time,369747
2557,baseline,399531
2558,constant_time,447464
2558,baseline,324363
2559,constant_time,293068
2559,baseline,268032
2560,constant_time,303507
2560,baseline,276064
2561,constant_time,302650
2561,baseline,267969
2562,constant_time,298186
2562,baseline,268031
2563,constant_time,292877
2563,baseline,312355
2564,constant_time,295661
2564,baseline,283485
2565,constant_time,305046
2565,baseline,294746
2566,constant_time,292680
2566,baseline,270774
2567,constant_time,293639
2567,baseline,271346
2568,constant_time,293099
2568,baseline,270621
2569,constant_time,299976
2569,baseline,268072
2570,constant_time,292898
2570,baseline,267658
2571,constant_time,294769
2571,baseline,267847
2572,constant_time,292753
2572,baseline,270148
2573,constant_time,293314
2573,baseline,267540
2574,constant_time,293366
2574,baseline,270891
2575,constant_time,293274
2575,baseline,308852
2576,constant_time,297782
2576,baseline,312814
2577,constant_time,407595
2577,baseline,366760
2578,constant_time,298761
2578,baseline,271496
2579,constant_time,336490
2579,baseline,268755
2580,constant_time,292707
2580,baseline,268289
2581,constant_time,300353
2581,baseline,268034
2582,constant_time,292873
2582,baseline,272809
2583,constant_time,293370
2583,baseline,267912
2584,constant_time,315957
2584,baseline,277791
2585,constant_time,292722
2585,baseline,267697
2586,constant_time,295612
2586,baseline,267858
2587,constant_time,337829
2587,baseline,267225
2588,constant_time,313407
2588,baseline,287412
2589,constant_time,321466
2589,baseline,278628
2590,constant_time,293553
2590,baseline,267486
2591,constant_time,299593
2591,baseline,267861
2592,constant_time,293312
2592,baseline,267751
2593,constant_time,298300
2593,baseline,267599
2594,constant_time,292998
2594,baseline,267446
2595,constant_time,299166
2595,baseline,267182
2596,constant_time,293800
2596,baseline,273536
2597,constant_time,292906
2597,baseline,267925
2598,constant_time,293720
2598,baseline,271509
2599,constant_time,332373
2599,baseline,267750
2600,constant_time,304439
2600,baseline,286952
2601,constant_time,301477
2601,baseline,272355
2602,constant_time,294700
2602,baseline,268832
2603,constant_time,292491
2603,baseline,271499
2604,constant_time,296361
2604,baseline,268046
2605,constant_time,292836
2605,baseline,270384
2606,constant_time,309114
2606,baseline,334400
2607,constant_time,386403
2607,baseline,358759
2608,constant_time,379687
2608,baseline,365660
2609,constant_time,398219
2609,baseline,366655
2610,constant_time,426291
2610,baseline,370738
2611,constant_time,398702
2611,baseline,365012
2612,constant_time,433384
2612,baseline,341104
2613,constant_time,408222
2613,baseline,400001
2614,constant_time,417271
2614,baseline,300733
2615,constant_time,307199
2615,baseline,276902
2616,constant_time,293542
2616,baseline,274201
2617,constant_time,293203
2617,baseline,268110
2618,constant_time,299609
2618,baseline,267814
2619,constant_time,292924
2619,baseline,267798
2620,constant_time,343202
2620,baseline,268083
2621,constant_time,303155
2621,baseline,290314
2622,constant_time,307228
2622,baseline,267858
2623,constant_time,293112
2623,baseline,275028
2624,constant_time,293682
2624,baseline,267582
2625,constant_time,298091
2625,baseline,267707
2626,constant_time,293046
2626,baseline,268000
2627,constant_time,297976
2627,baseline,267730
2628,constant_time,292606
2628,baseline,271572
2629,constant_time,292940
2629,baseline,267743
2630,constant_time,292905
2630,baseline,270559
2631,constant_time,293152
2631,baseline,357943
2632,constant_time,418850
2632,baseline,303576
2633,constant_time,353744
2633,baseline,335454
2634,constant_time,311282
2634,baseline,268088
2635,constant_time,299489
2635,baseline,268220
2636,constant_time,292595
2636,baseline,268019
2637,constant_time,297470
2637,baseline,268057
2638,constant_time,293703
2638,baseline,271045
2639,constant_time,312233
2639,baseline,267999
2640,constant_time,293148
2640,baseline,274145
2641,constant_time,298494
2641,baseline,268283
2642,constant_time,301288
2642,baseline,268093
2643,constant_time,293359
2643,baseline,357750
2644,constant_time,360505
2644,baseline,302152
2645,constant_time,299325
2645,baseline,274897
2646,constant_time,293656
2646,baseline,270831
2647,constant_time,297830
2647,baseline,268216
2648,constant_time,292825
2648,baseline,270373
2649,constant_time,298713
2649,baseline,267553
2650,constant_time,293162
2650,baseline,288648
2651,constant_time,292243
2651,baseline,267763
2652,constant_time,295203
2652,baseline,349782
2653,constant_time,304623
2653,baseline,268264
2654,constant_time,299731
2654,baseline,267592
2655,constant_time,334796
2655,baseline,271493
2656,constant_time,299518
2656,baseline,286952
2657,constant_time,311931
2657,baseline,272336
2658,constant_time,292726
2658,baseline,270749
2659,constant_time,297468
2659,baseline,268153
2660,constant_time,315756
2660,baseline,353566
2661,constant_time,365530
2661,baseline,343661
2662,constant_time,417029
2662,baseline,355742
2663,constant_time,387268
2663,baseline,373913
2664,constant_time,396564
2664,baseline,371223
2665,constant_time,401502
2665,baseline,382399
2666,constant_time,406151
2666,baseline,388276
2667,constant_time,404158
2667,baseline,366043
2668,constant_time,445104
2668,baseline,375515
2669,constant_time,312808
2669,baseline,271257
2670,constant_time,308087
2670,baseline,275331
2671,constant_time,293036
2671,baseline,267614
2672,constant_time,296884
2672,baseline,267542
2673,constant_time,292909
2673,baseline,271999
2674,constant_time,293524
2674,baseline,268152
2675,constant_time,293563
2675,baseline,272030
2676,constant_time,339330
2676,baseline,267700
2677,constant_time,318491
2677,baseline,273203
2678,constant_time,305738
2678,baseline,267470
2679,constant_time,301842
2679,baseline,267662
2680,constant_time,292381
2680,baseline,270275
2681,constant_time,296025
2681,baseline,267966
2682,constant_time,292353
2682,baseline,270798
2683,constant_time,292512
2683,baseline,267891
2684,constant_time,296635
2684,baseline,267551
2685,constant_time,292620
2685,baseline,267641
2686,constant_time,295687
2686,baseline,267892
2687,constant_time,313207
2687,baseline,382479
2688,constant_time,397397
2688,baseline,267743
2689,constant_time,354339
2689,baseline,331209
2690,constant_time,293363
2690,baseline,276093
2691,constant_time,292913
2691,baseline,267852
2692,constant_time,292395
2692,baseline,273815
2693,constant_time,301703
2693,baseline,290595
2694,constant_time,299848
2694,baseline,267348
2695,constant_time,293231
2695,baseline,267688
2696,constant_time,297732
2696,baseline,267576
2697,constant_time,293681
2697,baseline,287302
2698,constant_time,361680
2698,baseline,292282
2699,constant_time,343850
2699,baseline,272369
2700,constant_time,293353
2700,baseline,291954
2701,constant_time,318826
2701,baseline,267969
2702,constant_time,293936
2702,baseline,273867
2703,constant_time,293425
2703,baseline,267761
2704,constant_time,293242
2704,baseline,271849
2705,constant_time,292784
2705,baseline,267818
2706,constant_time,296762
2706,baseline,267055
2707,constant_time,293358
2707,baseline,267424
2708,constant_time,295423
2708,baseline,267967
2709,constant_time,292873
2709,baseline,270451
2710,constant_time,293478
2710,baseline,268065
2711,constant_time,323266
2711,baseline,388772
2712,constant_time,301024
2712,baseline,293371
2713,constant_time,300282
2713,baseline,267863
2714,constant_time,310991
2714,baseline,280976
2715,constant_time,295378
2715,baseline,306756
2716,constant_time,388567
2716,baseline,319225
2717,constant_time,306725
2717,baseline,267932
2718,constant_time,300460
2718,baseline,267730
2719,constant_time,293379
2719,baseline,275925
2720,constant_time,293037
2720,baseline,274917
2721,constant_time,330592
2721,baseline,295782
2722,constant_time,301996
2722,baseline,325147
2723,constant_time,300234
2723,baseline,278277
2724,constant_time,311510
2724,baseline,285363
2725,constant_time,293735
2725,baseline,268062
2726,constant_time,304502
2726,baseline,281266
2727,constant_time,293372
2727,baseline,268231
2728,constant_time,299235
2728,baseline,268103
2729,constant_time,292821
2729,baseline,268208
2730,constant_time,297237
2730,baseline,267927
2731,constant_time,293372
2731,baseline,301176
2732,constant_time,293035
2732,baseline,267301
2733,constant_time,293354
2733,baseline,277115
2734,constant_time,292793
2734,baseline,299848
2735,constant_time,297490
2735,baseline,290269
2736,constant_time,299450
2736,baseline,271863
2737,constant_time,293428
2737,baseline,270552
2738,constant_time,293603
2738,baseline,270956
2739,constant_time,292872
2739,baseline,270325
2740,constant_time,293129
2740,baseline,271897
2741,constant_time,293326
2741,baseline,267548
2742,constant_time,296030
2742,baseline,268125
2743,constant_time,292934
2743,baseline,291365
2744,constant_time,419588
2744,baseline,331319
2745,constant_time,299118
2745,baseline,267928
2746,constant_time,352802
2746,baseline,319432
2747,constant_time,324596
2747,baseline,336710
2748,constant_time,315200
2748,baseline,274332
2749,constant_time,296905
2749,baseline,268253
2750,constant_time,351233
2750,baseline,268276
2751,constant_time,292282
2751,baseline,267990
2752,constant_time,336042
2752,baseline,267864
2753,constant_time,292808
2753,baseline,298348
2754,constant_time,308655
2754,baseline,320008
2755,constant_time,347440
2755,baseline,268423
2756,constant_time,292917
2756,baseline,267748
2757,constant_time,298740
2757,baseline,311018
2758,constant_time,293246
2758,baseline,281639
2759,constant_time,316677
2759,baseline,274143
2760,constant_time,299187
2760,baseline,267873
2761,constant_time,292593
2761,baseline,268142
2762,constant_time,298083
2762,baseline,267907
2763,constant_time,293118
2763,baseline,270394
2764,constant_time,293262
2764,baseline,267954
2765,constant_time,293595
2765,baseline,270780
2766,constant_time,293020
2766,baseline,267666
2767,constant_time,402167
2767,baseline,267503
2768,constant_time,293285
2768,baseline,267931
2769,constant_time,328590
2769,baseline,268163
2770,constant_time,293255
2770,baseline,367831
2771,constant_time,404013
2771,baseline,364491
2772,constant_time,303167
2772,baseline,269593
2773,constant_time,354946
2773,baseline,303011
2774,constant_time,343086
2774,baseline,268531
2775,constant_time,304062
2775,baseline,268326
2776,constant_time,292440
2776,baseline,268193
2777,constant_time,297344
2777,baseline,320278
2778,constant_time,330331
2778,baseline,276128
2779,constant_time,316967
2779,baseline,273063
2780,constant_time,329586
2780,baseline,285649
2781,constant_time,293830
2781,baseline,295731
2782,constant_time,314817
2782,baseline,281312
2783,constant_time,300943
2783,baseline,277748
2784,constant_time,293298
2784,baseline,268182
2785,constant_time,298815
2785,baseline,268563
2786,constant_time,292806
2786,baseline,268163
2787,constant_time,295526
2787,baseline,268498
2788,constant_time,292803
2788,baseline,268112
2789,constant_time,295456
2789,baseline,268069
2790,constant_time,292686
2790,baseline,269886
2791,constant_time,293298
2791,baseline,267773
2792,constant_time,293497
2792,baseline,296627
2793,constant_time,292357
2793,baseline,282979
2794,constant_time,325116
2794,baseline,268015
2795,constant_time,293238
2795,baseline,270188
2796,constant_time,299613
2796,baseline,267748
2797,constant_time,293485
2797,baseline,272368
2798,constant_time,293105
2798,baseline,267795
2799,constant_time,301503
2799,baseline,376236
2800,constant_time,387779
2800,baseline,273578
2801,constant_time,292732
2801,baseline,310632
2802,constant_time,292938
2802,baseline,282134
2803,constant_time,293024
2803,baseline,267878
2804,constant_time,330508
2804,baseline,268058
2805,constant_time,318346
2805,baseline,273719
2806,constant_time,318345
2806,baseline,271434
2807,constant_time,292918
2807,baseline,274992
2808,constant_time,296593
2808,baseline,294373
2809,constant_time,310541
2809,baseline,268112
2810,constant_time,294216
2810,baseline,275432
2811,constant_time,305735
2811,baseline,280111
2812,constant_time,293477
2812,baseline,268063
2813,constant_time,300471
2813,baseline,267620
2814,constant_time,292277
2814,baseline,271993
2815,constant_time,293502
2815,baseline,307033
2816,constant_time,296584
2816,baseline,267641
2817,constant_time,311915
2817,baseline,279857
2818,constant_time,310468
2818,baseline,267846
2819,constant_time,295590
2819,baseline,271309
2820,constant_time,293690
2820,baseline,268281
2821,constant_time,295637
2821,baseline,270947
2822,constant_time,293409
2822,baseline,267852
2823,constant_time,296517
2823,baseline,267458
2824,constant_time,292685
2824,baseline,267691
2825,constant_time,295354
2825,baseline,268301
2826,constant_time,292752
2826,baseline,268599
2827,constant_time,295992
2827,baseline,267707
2828,constant_time,326250
2828,baseline,301957
2829,constant_time,364004
2829,baseline,341448
2830,constant_time,405286
2830,baseline,345672
2831,constant_time,405113
2831,baseline,365304
2832,constant_time,395861
2832,baseline,375557
2833,constant_time,394857
2833,baseline,369296
2834,constant_time,431754
2834,baseline,362750
2835,constant_time,315556
2835,baseline,268143
2836,constant_time,293520
2836,baseline,287566
2837,constant_time,297473
2837,baseline,311276
2838,constant_time,293409
2838,baseline,280878
2839,constant_time,334079
2839,baseline,275551
2840,constant_time,309561
2840,baseline,267880
2841,constant_time,295579
2841,baseline,267529
2842,constant_time,297532
2842,baseline,267950
2843,constant_time,296298
2843,baseline,267546
2844,constant_time,296727
2844,baseline,268321
2845,constant_time,292221
2845,baseline,272051
2846,constant_time,292959
2846,baseline,268092
2847,constant_time,292943
2847,baseline,270860
2848,constant_time,293217
2848,baseline,267897
2849,constant_time,296242
2849,baseline,310009
2850,constant_time,292957
2850,baseline,268631
2851,constant_time,318425
2851,baseline,277077
2852,constant_time,298589
2852,baseline,272808
2853,constant_time,296219
2853,baseline,268091
2854,constant_time,293591
2854,baseline,348719
2855,constant_time,402445
2855,baseline,303016
2856,constant_time,292505
2856,baseline,294730
2857,constant_time,310822
2857,baseline,273305
2858,constant_time,293297
2858,baseline,267741
2859,constant_time,296005
2859,baseline,267954
2860,constant_time,292808
2860,baseline,267973
2861,constant_time,341441
2861,baseline,276128
2862,constant_time,318136
2862,baseline,295668
2863,constant_time,298834
2863,baseline,267610
2864,constant_time,296933
2864,baseline,268099
2865,constant_time,293342
2865,baseline,268168
2866,constant_time,320723
2866,baseline,333501
2867,constant_time,366462
2867,baseline,284195
2868,constant_time,292276
2868,baseline,267986
2869,constant_time,293088
2869,baseline,274837
2870,constant_time,293351
2870,baseline,267837
2871,constant_time,296418
2871,baseline,268411
2872,constant_time,293018
2872,baseline,307416
2873,constant_time,297657
2873,baseline,267230
2874,constant_time,323867
2874,baseline,277438
2875,constant_time,292603
2875,baseline,268155
2876,constant_time,296852
2876,baseline,268139
2877,constant_time,293117
2877,baseline,267945
2878,constant_time,296358
2878,baseline,267711
2879,constant_time,293468
2879,baseline,267599
2880,constant_time,297483
2880,baseline,268154
2881,constant_time,293399
2881,baseline,271138
2882,constant_time,293572
2882,baseline,268175
2883,constant_time,293476
2883,baseline,277881
2884,constant_time,398532
2884,baseline,389695
2885,constant_time,318534
2885,baseline,304795
2886,constant_time,366992
2886,baseline,334965
2887,constant_time,315986
2887,baseline,268212
2888,constant_time,300650
2888,baseline,267895
2889,constant_time,292706
2889,baseline,273135
2890,constant_time,325501
2890,baseline,276311
2891,constant_time,293080
2891,baseline,274459
2892,constant_time,312319
2892,baseline,268112
2893,constant_time,298112
2893,baseline,268147
2894,constant_time,293566
2894,baseline,278373
2895,constant_time,300490
2895,baseline,275864
2896,constant_time,337722
2896,baseline,272386
2897,constant_time,307219
2897,baseline,298874
2898,constant_time,320926
2898,baseline,267975
2899,constant_time,292637
2899,baseline,267348
2900,constant_time,296576
2900,baseline,268190
2901,constant_time,292911
2901,baseline,271408
2902,constant_time,293431
2902,baseline,268585
2903,constant_time,293568
2903,baseline,271795
2904,constant_time,293045
2904,baseline,267918
2905,constant_time,295209
2905,baseline,267841
2906,constant_time,293239
2906,baseline,268487
2907,constant_time,295908
2907,baseline,267810
2908,constant_time,333233
2908,baseline,379612
2909,constant_time,328903
2909,baseline,282066
2910,constant_time,298863
2910,baseline,314459
2911,constant_time,404181
2911,baseline,326248
2912,constant_time,293143
2912,baseline,296306
2913,constant_time,304339
2913,baseline,272050
2914,constant_time,293625
2914,baseline,273292
2915,constant_time,298081
2915,baseline,268240
2916,constant_time,292614
2916,baseline,268560
2917,constant_time,296883
2917,baseline,267778
2918,constant_time,293001
2918,baseline,295718
2919,constant_time,328444
2919,baseline,267867
2920,constant_time,293351
2920,baseline,313558
2921,constant_time,299023
2921,baseline,267723
2922,constant_time,297965
2922,baseline,284690
2923,constant_time,358584
2923,baseline,297883
2924,constant_time,293015
2924,baseline,267944
2925,constant_time,292919
2925,baseline,274089
2926,constant_time,293006
2926,baseline,267492
2927,constant_time,296141
2927,baseline,268660
2928,constant_time,293412
2928,baseline,267904
2929,constant_time,314647
2929,baseline,268095
2930,constant_time,292847
2930,baseline,271157
2931,constant_time,340006
2931,baseline,268301
2932,constant_time,310656
2932,baseline,272115
2933,constant_time,293425
2933,baseline,267908
2934,constant_time,296138
2934,baseline,267878
2935,constant_time,293444
2935,baseline,268107
2936,constant_time,304230
2936,baseline,267460
2937,constant_time,292853
2937,baseline,270047
2938,constant_time,293229
2938,baseline,267730
2939,constant_time,293238
2939,baseline,271040
2940,constant_time,372354
2940,baseline,369458
2941,constant_time,328836
2941,baseline,267694
2942,constant_time,297314
2942,baseline,362626
2943,constant_time,295290
2943,baseline,283962
2944,constant_time,332643
2944,baseline,284963
2945,constant_time,293047
2945,baseline,272637
2946,constant_time,293321
2946,baseline,292884
2947,constant_time,337787
2947,baseline,340768
2948,constant_time,438991
2948,baseline,410017
2949,constant_time,325002
2949,baseline,267740
2950,constant_time,298968
2950,baseline,300062
2951,constant_time,350432
2951,baseline,291792
2952,constant_time,301231
2952,baseline,267749
2953,constant_time,293123
2953,baseline,326298
2954,constant_time,292929
2954,baseline,281756
2955,constant_time,296458
2955,baseline,267627
2956,constant_time,293400
2956,baseline,267754
2957,constant_time,295645
2957,baseline,268128
2958,constant_time,293019
2958,baseline,268196
2959,constant_time,293582
2959,baseline,268101
2960,constant_time,292821
2960,baseline,269539
2961,constant_time,293788
2961,baseline,268526
2962,constant_time,293161
2962,baseline,269150
2963,constant_time,293455
2963,baseline,267968
2964,constant_time,294350
2964,baseline,268055
2965,constant_time,292906
2965,baseline,310131
2966,constant_time,296573
2966,baseline,323319
2967,constant_time,403879
2967,baseline,344626
2968,constant_time,305039
2968,baseline,273452
2969,constant_time,303378
2969,baseline,308520
2970,constant_time,308270
2970,baseline,274787
2971,constant_time,293889
2971,baseline,267766
2972,constant_time,293796
2972,baseline,274922
2973,constant_time,308396
2973,baseline,332154
2974,constant_time,416329
2974,baseline,404221
2975,constant_time,399824
2975,baseline,267717
2976,constant_time,292704
2976,baseline,300790
2977,constant_time,297433
2977,baseline,301408
2978,constant_time,328051
2978,baseline,325503
2979,constant_time,319821
2979,baseline,267956
2980,constant_time,299201
2980,baseline,267968
2981,constant_time,292976
2981,baseline,267605
2982,constant_time,298379
2982,baseline,267985
2983,constant_time,293587
2983,baseline,275240
2984,constant_time,293782
2984,baseline,267791
2985,constant_time,292284
2985,baseline,271631
2986,constant_time,293089
2986,baseline,267819
2987,constant_time,300132
2987,baseline,275043
2988,constant_time,335116
2988,baseline,267943
2989,constant_time,304891
2989,baseline,295834
2990,constant_time,293088
2990,baseline,272176
2991,constant_time,293660
2991,baseline,267776
2992,constant_time,294112
2992,baseline,270713
2993,constant_time,293268
2993,baseline,268226
2994,constant_time,324449
2994,baseline,268199
2995,constant_time,353849
2995,baseline,370878
2996,constant_time,406893
2996,baseline,376251
2997,constant_time,358554
2997,baseline,268001
2998,constant_time,326236
2998,baseline,296630
2999,constant_time,317335
2999,baseline,355222
3000,constant_time,301526
3000,baseline,305203
3001,constant_time,359037
3001,baseline,324208
3002,constant_time,339831
3002,baseline,272306
3003,constant_time,313035
3003,baseline,269416
3004,constant_time,345500
3004,baseline,391041
3005,constant_time,441174
3005,baseline,364481
3006,constant_time,302389
3006,baseline,279243
3007,constant_time,298184
3007,baseline,267773
3008,constant_time,298391
3008,baseline,267948
3009,constant_time,293240
3009,baseline,271326
3010,constant_time,334853
3010,baseline,267844
3011,constant_time,306481
3011,baseline,313125
3012,constant_time,334555
3012,baseline,268071
3013,constant_time,298820
3013,baseline,267516
3014,constant_time,293156
3014,baseline,271449
3015,constant_time,293976
3015,baseline,267565
3016,constant_time,293285
3016,baseline,270949
3017,constant_time,293219
3017,baseline,268164
3018,constant_time,295542
3018,baseline,267717
3019,constant_time,293292
3019,baseline,268018
3020,constant_time,405034
3020,baseline,267831
3021,constant_time,293035
3021,baseline,311335
3022,constant_time,293756
3022,baseline,357598
3023,constant_time,410402
3023,baseline,379942
3024,constant_time,402692
3024,baseline,290386
3025,constant_time,293289
3025,baseline,320350
3026,constant_time,299015
3026,baseline,315851
3027,constant_time,307575
3027,baseline,274106
3028,constant_time,293377
3028,baseline,302139
3029,constant_time,315190
3029,baseline,267738
3030,constant_time,292631
3030,baseline,268300
3031,constant_time,366227
3031,baseline,334153
3032,constant_time,466774
3032,baseline,408116
3033,constant_time,363453
3033,baseline,305012
3034,constant_time,292494
3034,baseline,280014
3035,constant_time,297213
3035,baseline,270988
3036,constant_time,293120
3036,baseline,267792
3037,constant_time,297088
3037,baseline,267807
3038,constant_time,292712
3038,baseline,268132
3039,constant_time,296245
3039,baseline,268141
3040,constant_time,293275
3040,baseline,271067
3041,constant_time,292211
3041,baseline,267854
3042,constant_time,292741
3042,baseline,269582
3043,constant_time,293396
3043,baseline,268026
3044,constant_time,322194
3044,baseline,267887
3045,constant_time,312689
3045,baseline,277074
3046,constant_time,297599
3046,baseline,267406
3047,constant_time,295985
3047,baseline,270802
3048,constant_time,293333
3048,baseline,272975
3049,constant_time,403670
3049,baseline,375027
3050,constant_time,411744
3050,baseline,343484
3051,constant_time,293117
3051,baseline,285682
3052,constant_time,334727
3052,baseline,288634
3053,constant_time,343371
3053,baseline,283471
3054,constant_time,293729
3054,baseline,272455
3055,constant_time,327076
3055,baseline,280584
3056,constant_time,339908
3056,baseline,309804
3057,constant_time,360382
3057,baseline,320477
3058,constant_time,299323
3058,baseline,280332
3059,constant_time,313040
3059,baseline,267550
3060,constant_time,303861
3060,baseline,277011
3061,constant_time,301695
3061,baseline,267692
3062,constant_time,303728
3062,baseline,267806
3063,constant_time,293426
3063,baseline,267760
3064,constant_time,295685
3064,baseline,267718
3065,constant_time,292217
3065,baseline,271955
3066,constant_time,293511
3066,baseline,311152
3067,constant_time,296048
3067,baseline,268005
3068,constant_time,320981
3068,baseline,281903
3069,constant_time,297183
3069,baseline,268143
3070,constant_time,295894
3070,baseline,271139
3071,constant_time,293490
3071,baseline,268326
3072,constant_time,296044
3072,baseline,271298
3073,constant_time,292929
3073,baseline,267820
3074,constant_time,293144
3074,baseline,380918
3075,constant_time,293298
3075,baseline,268250
3076,constant_time,295306
3076,baseline,267728
3077,constant_time,305401
3077,baseline,390979
3078,constant_time,416588
3078,baseline,377330
3079,constant_time,387818
3079,baseline,338507
3080,constant_time,417401
3080,baseline,349021
3081,constant_time,330525
3081,baseline,273700
3082,constant_time,293139
3082,baseline,267790
3083,constant_time,294250
3083,baseline,315235
3084,constant_time,295735
3084,baseline,344410
3085,constant_time,363446
3085,baseline,291923
3086,constant_time,419832
3086,baseline,413637
3087,constant_time,395691
3087,baseline,275564
3088,constant_time,336820
3088,baseline,268262
3089,constant_time,302565
3089,baseline,295899
3090,constant_time,301227
3090,baseline,268103
3091,constant_time,299266
3091,baseline,270425
3092,constant_time,293553
3092,baseline,267894
3093,constant_time,297968
3093,baseline,267877
3094,constant_time,293411
3094,baseline,272042
3095,constant_time,293703
3095,baseline,267828
3096,constant_time,293367
3096,baseline,270757
3097,constant_time,293280
3097,baseline,267951
3098,constant_time,296046
3098,baseline,267991
3099,constant_time,292862
3099,baseline,268030
3100,constant_time,328014
3100,baseline,267708
3101,constant_time,293183
3101,baseline,293541
3102,constant_time,303634
3102,baseline,267675
3103,constant_time,402608
3103,baseline,375758
3104,constant_time,410231
3104,baseline,359614
3105,constant_time,361435
3105,baseline,373167
3106,constant_time,374098
3106,baseline,307494
3107,constant_time,303668
3107,baseline,274312
3108,constant_time,293570
3108,baseline,267962
3109,constant_time,357266
3109,baseline,317369
3110,constant_time,366907
3110,baseline,439647
3111,constant_time,442038
3111,baseline,370990
3112,constant_time,304988
3112,baseline,268166
3113,constant_time,293033
3113,baseline,274820
3114,constant_time,293219
3114,baseline,267694
3115,constant_time,303044
3115,baseline,268217
3116,constant_time,292999
3116,baseline,268139
3117,constant_time,297946
3117,baseline,267798
3118,constant_time,292949
3118,baseline,273585
3119,constant_time,293315
3119,baseline,267899
3120,constant_time,293929
3120,baseline,289222
3121,constant_time,293763
3121,baseline,267729
3122,constant_time,375535
3122,baseline,267770
3123,constant_time,324715
3123,baseline,296858
3124,constant_time,298790
3124,baseline,268111
3125,constant_time,293307
3125,baseline,269919
3126,constant_time,293550
3126,baseline,267363
3127,constant_time,294912
3127,baseline,268023
3128,constant_time,292730
3128,baseline,267665
3129,constant_time,295602
3129,baseline,267980
3130,constant_time,292928
3130,baseline,319527
3131,constant_time,378112
3131,baseline,341207
3132,constant_time,392029
3132,baseline,353384
3133,constant_time,455727
3133,baseline,364544
3134,constant_time,419046
3134,baseline,369703
3135,constant_time,378051
3135,baseline,346101
3136,constant_time,395779
3136,baseline,340578
3137,constant_time,394343
3137,baseline,379156
3138,constant_time,335337
3138,baseline,268113
3139,constant_time,303340
3139,baseline,283925
3140,constant_time,292876
3140,baseline,294912
3141,constant_time,352806
3141,baseline,281428
3142,constant_time,307165
3142,baseline,267893
3143,constant_time,382900
3143,baseline,275672
3144,constant_time,324558
3144,baseline,289421
3145,constant_time,313831
3145,baseline,272187
3146,constant_time,293691
3146,baseline,268436
3147,constant_time,304256
3147,baseline,267904
3148,constant_time,293463
3148,baseline,268132
3149,constant_time,296784
3149,baseline,267747
3150,constant_time,292760
3150,baseline,271361
3151,constant_time,293628
3151,baseline,267834
3152,constant_time,293005
3152,baseline,271759
3153,constant_time,293367
3153,baseline,267861
3154,constant_time,295837
3154,baseline,268116
3155,constant_time,359416
3155,baseline,267932
3156,constant_time,320901
3156,baseline,298191
3157,constant_time,292710
3157,baseline,309059
3158,constant_time,297069
3158,baseline,267837
3159,constant_time,303839
3159,baseline,268003
3160,constant_time,341406
3160,baseline,356966
3161,constant_time,426743
3161,baseline,334887
3162,constant_time,321075
3162,baseline,275389
3163,constant_time,293375
3163,baseline,274065
3164,constant_time,343397
3164,baseline,267904
3165,constant_time,321431
3165,baseline,300843
3166,constant_time,400731
3166,baseline,268443
3167,constant_time,371202
3167,baseline,324700
3168,constant_time,356287
3168,baseline,327966
3169,constant_time,297895
3169,baseline,272029
3170,constant_time,308687
3170,baseline,268381
3171,constant_time,295331
3171,baseline,268169
3172,constant_time,298627
3172,baseline,268280
3173,constant_time,292727
3173,baseline,274437
3174,constant_time,293621
3174,baseline,267809
3175,constant_time,293456
3175,baseline,271836
3176,constant_time,293781
3176,baseline,268364
3177,constant_time,295109
3177,baseline,315530
3178,constant_time,293302
3178,baseline,286101
3179,constant_time,320867
3179,baseline,273908
3180,constant_time,292854
3180,baseline,388265
3181,constant_time,293463
3181,baseline,268101
3182,constant_time,298668
3182,baseline,267988
3183,constant_time,292340
3183,baseline,268144
3184,constant_time,376378
3184,baseline,369568
3185,constant_time,422831
3185,baseline,370703
3186,constant_time,299402
3186,baseline,282085
3187,constant_time,349456
3187,baseline,287704
3188,constant_time,337810
3188,baseline,305289
3189,constant_time,293455
3189,baseline,307728
3190,constant_time,315983
3190,baseline,267881
3191,constant_time,320428
3191,baseline,306568
3192,constant_time,309399
3192,baseline,267933
3193,constant_time,299637
3193,baseline,267932
3194,constant_time,294274
3194,baseline,305358
3195,constant_time,323460
3195,baseline,329712
3196,constant_time,349937
3196,baseline,282072
3197,constant_time,293382
3197,baseline,267566
3198,constant_time,296856
3198,baseline,268188
3199,constant_time,292662
3199,baseline,268033
3200,constant_time,352572
3200,baseline,267786
3201,constant_time,312809
3201,baseline,296146
3202,constant_time,300736
3202,baseline,267942
3203,constant_time,292523
3203,baseline,270678
3204,constant_time,293709
3204,baseline,268556
3205,constant_time,296177
3205,baseline,268183
3206,constant_time,293366
3206,baseline,268164
3207,constant_time,295946
3207,baseline,268228
3208,constant_time,293449
3208,baseline,400467
3209,constant_time,293465
3209,baseline,267659
3210,constant_time,295148
3210,baseline,268472
3211,constant_time,293554
3211,baseline,306824
3212,constant_time,325438
3212,baseline,339450
3213,constant_time,372053
3213,baseline,351466
3214,constant_time,388461
3214,baseline,362975
3215,constant_time,393557
3215,baseline,359356
3216,constant_time,404775
3216,baseline,364261
3217,constant_time,389641
3217,baseline,347818
3218,constant_time,370420
3218,baseline,377348
3219,constant_time,404238
3219,baseline,333927
3220,constant_time,377581
3220,baseline,384097
3221,constant_time,459534
3221,baseline,383045
3222,constant_time,371130
3222,baseline,299890
3223,constant_time,307687
3223,baseline,267732
3224,constant_time,292891
3224,baseline,272022
3225,constant_time,293070
3225,baseline,267864
3226,constant_time,296961
3226,baseline,267596
3227,constant_time,292450
3227,baseline,267853
3228,constant_time,297065
3228,baseline,267808
3229,constant_time,293343
3229,baseline,270810
3230,constant_time,292317
3230,baseline,268210
3231,constant_time,292412
3231,baseline,271337
3232,constant_time,293595
3232,baseline,309040
3233,constant_time,296422
3233,baseline,276851
3234,constant_time,324599
3234,baseline,267639
3235,constant_time,298671
3235,baseline,267585
3236,constant_time,292665
3236,baseline,270930
3237,constant_time,310660
3237,baseline,270347
3238,constant_time,293373
3238,baseline,280026
3239,constant_time,293235
3239,baseline,310183
3240,constant_time,386295
3240,baseline,372704
3241,constant_time,364916
3241,baseline,349148
3242,constant_time,303477
3242,baseline,268021
3243,constant_time,302939
3243,baseline,303184
3244,constant_time,292573
3244,baseline,345101
3245,constant_time,353396
3245,baseline,351902
3246,constant_time,425040
3246,baseline,389901
3247,constant_time,412677
3247,baseline,272181
3248,constant_time,334688
3248,baseline,335675
3249,constant_time,339976
3249,baseline,268189
3250,constant_time,293166
3250,baseline,275718
3251,constant_time,292416
3251,baseline,268328
3252,constant_time,297002
3252,baseline,268324
3253,constant_time,293554
3253,baseline,268346
3254,constant_time,318972
3254,baseline,283175
3255,constant_time,292909
3255,baseline,315588
3256,constant_time,307023
3256,baseline,268353
3257,constant_time,293075
3257,baseline,272936
3258,constant_time,293704
3258,baseline,267777
3259,constant_time,296882
3259,baseline,268290
3260,constant_time,293630
3260,baseline,267956
3261,constant_time,295759
3261,baseline,268016
3262,constant_time,292702
3262,baseline,274758
3263,constant_time,292826
3263,baseline,268203
3264,constant_time,293369
3264,baseline,273911
3265,constant_time,390882
3265,baseline,375747
3266,constant_time,457138
3266,baseline,371873
3267,constant_time,330425
3267,baseline,270374
3268,constant_time,358800
3268,baseline,370369
3269,constant_time,375407
3269,baseline,335664
3270,constant_time,300181
3270,baseline,267799
3271,constant_time,325033
3271,baseline,323209
3272,constant_time,293938
3272,baseline,267998
3273,constant_time,294167
3273,baseline,300291
3274,constant_time,312552
3274,baseline,268145
3275,constant_time,307203
3275,baseline,338572
3276,constant_time,352603
3276,baseline,330339
3277,constant_time,293073
3277,baseline,298502
3278,constant_time,318459
3278,baseline,275187
3279,constant_time,293586
3279,baseline,274378
3280,constant_time,304431
3280,baseline,313408
3281,constant_time,293175
3281,baseline,272457
3282,constant_time,293061
3282,baseline,268086
3283,constant_time,293771
3283,baseline,272540
3284,constant_time,293929
3284,baseline,267793
3285,constant_time,297270
3285,baseline,267829
3286,constant_time,293266
3286,baseline,267613
3287,constant_time,296356
3287,baseline,267277
3288,constant_time,334332
3288,baseline,375281
3289,constant_time,293257
3289,baseline,309372
3290,constant_time,303808
3290,baseline,267413
3291,constant_time,292905
3291,baseline,267600
3292,constant_time,296869
3292,baseline,287718
3293,constant_time,292892
3293,baseline,273602
3294,constant_time,297866
3294,baseline,269176
3295,constant_time,324604
3295,baseline,342109
3296,constant_time,406545
3296,baseline,336133
3297,constant_time,346637
3297,baseline,268024
3298,constant_time,293149
3298,baseline,281283
3299,constant_time,317226
3299,baseline,291563
3300,constant_time,300397
3300,baseline,332605
3301,constant_time,330151
3301,baseline,276188
3302,constant_time,317079
3302,baseline,270913
3303,constant_time,358924
3303,baseline,267875
3304,constant_time,292783
3304,baseline,267634
3305,constant_time,302675
3305,baseline,268230
3306,constant_time,293487
3306,baseline,267701
3307,constant_time,306771
3307,baseline,267625
3308,constant_time,292544
3308,baseline,269360
3309,constant_time,293255
3309,baseline,267717
3310,constant_time,293285
3310,baseline,287748
3311,constant_time,339105
3311,baseline,267928
3312,constant_time,295152
3312,baseline,298107
3313,constant_time,309744
3313,baseline,275053
3314,constant_time,292779
3314,baseline,271194
3315,constant_time,293766
3315,baseline,271423
3316,constant_time,293489
3316,baseline,270000
3317,constant_time,295887
3317,baseline,267880
3318,constant_time,293599
3318,baseline,267894
3319,constant_time,297966
3319,baseline,280831
3320,constant_time,311098
3320,baseline,369110
3321,constant_time,293538
3321,baseline,273982
3322,constant_time,325208
3322,baseline,357617
3323,constant_time,403914
3323,baseline,348930
3324,constant_time,366215
3324,baseline,281851
3325,constant_time,347828
3325,baseline,267682
3326,constant_time,293772
3326,baseline,272178
3327,constant_time,330640
3327,baseline,267824
3328,constant_time,292824
3328,baseline,281836
3329,constant_time,292954
3329,baseline,312832
3330,constant_time,407387
3330,baseline,401117
3331,constant_time,414495
3331,baseline,306370
3332,constant_time,292046
3332,baseline,274515
3333,constant_time,299685
3333,baseline,302926
3334,constant_time,292642
3334,baseline,290065
3335,constant_time,319091
3335,baseline,278447
3336,constant_time,293281
3336,baseline,273189
3337,constant_time,293684
3337,baseline,267981
3338,constant_time,295910
3338,baseline,267869
3339,constant_time,293655
3339,baseline,267842
3340,constant_time,294777
3340,baseline,267807
3341,constant_time,293803
3341,baseline,273102
3342,constant_time,293197
3342,baseline,267774
3343,constant_time,293260
3343,baseline,270943
3344,constant_time,293656
3344,baseline,267995
3345,constant_time,295624
3345,baseline,307890
3346,constant_time,292323
3346,baseline,296758
3347,constant_time,312502
3347,baseline,267925
3348,constant_time,374850
3348,baseline,358891
3349,constant_time,379189
3349,baseline,344702
3350,constant_time,394700
3350,baseline,356714
3351,constant_time,398632
3351,baseline,362178
3352,constant_time,389971
3352,baseline,360352
3353,constant_time,369536
3353,baseline,349690
3354,constant_time,395257
3354,baseline,380503
3355,constant_time,413114
3355,baseline,292950
3356,constant_time,410206
3356,baseline,391276
3357,constant_time,429928
3357,baseline,315598
3358,constant_time,327745
3358,baseline,268102
3359,constant_time,293247
3359,baseline,273467
3360,constant_time,293508
3360,baseline,267774
3361,constant_time,297010
3361,baseline,267870
3362,constant_time,292455
3362,baseline,267805
3363,constant_time,294913
3363,baseline,268131
3364,constant_time,292856
3364,baseline,267664
3365,constant_time,296696
3365,baseline,267583
3366,constant_time,313205
3366,baseline,295234
3367,constant_time,293299
3367,baseline,277719
3368,constant_time,316592
3368,baseline,287466
3369,constant_time,292670
3369,baseline,267935
3370,constant_time,299596
3370,baseline,267812
3371,constant_time,292751
3371,baseline,272819
3372,constant_time,292643
3372,baseline,267996
3373,constant_time,365389
3373,baseline,331001
3374,constant_time,390871
3374,baseline,362514
3375,constant_time,379647
3375,baseline,355756
3376,constant_time,399739
3376,baseline,362071
3377,constant_time,404043
3377,baseline,358934
3378,constant_time,380490
3378,baseline,358272
3379,constant_time,361117
3379,baseline,365534
3380,constant_time,419446
3380,baseline,353031
3381,constant_time,321990
3381,baseline,274379
3382,constant_time,292754
3382,baseline,287482
3383,constant_time,299152
3383,baseline,318919
3384,constant_time,339842
3384,baseline,267863
3385,constant_time,301246
3385,baseline,267858
3386,constant_time,293241
3386,baseline,288262
3387,constant_time,293290
3387,baseline,311773
3388,constant_time,293462
3388,baseline,283279
3389,constant_time,320010
3389,baseline,275105
3390,constant_time,301723
3390,baseline,267581
3391,constant_time,292679
3391,baseline,267473
3392,constant_time,295906
3392,baseline,267889
3393,constant_time,293745
3393,baseline,270524
3394,constant_time,293679
3394,baseline,267687
3395,constant_time,293277
3395,baseline,269211
3396,constant_time,292544
3396,baseline,268058
3397,constant_time,412437
3397,baseline,267859
3398,constant_time,293197
3398,baseline,269629
3399,constant_time,293710
3399,baseline,307844
3400,constant_time,423288
3400,baseline,372967
3401,constant_time,411135
3401,baseline,346465
3402,constant_time,293383
3402,baseline,286640
3403,constant_time,335377
3403,baseline,274215
3404,constant_time,293844
3404,baseline,288501
3405,constant_time,298120
3405,baseline,268037
3406,constant_time,294019
3406,baseline,290826
3407,constant_time,326619
3407,baseline,267849
3408,constant_time,344688
3408,baseline,298192
3409,constant_time,293075
3409,baseline,267703
3410,constant_time,358977
3410,baseline,274011
3411,constant_time,310630
3411,baseline,281490
3412,constant_time,295323
3412,baseline,268376
3413,constant_time,299575
3413,baseline,267743
3414,constant_time,292993
3414,baseline,267533
3415,constant_time,297452
3415,baseline,267838
3416,constant_time,293814
3416,baseline,268179
3417,constant_time,295751
3417,baseline,267623
3418,constant_time,292705
3418,baseline,270315
3419,constant_time,293573
3419,baseline,267586
3420,constant_time,293385
3420,baseline,276050
3421,constant_time,294000
3421,baseline,267603
3422,constant_time,295535
3422,baseline,267839
3423,constant_time,293048
3423,baseline,267634
3424,constant_time,295342
3424,baseline,267636
3425,constant_time,292840
3425,baseline,270518
3426,constant_time,292714
3426,baseline,268292
3427,constant_time,369899
3427,baseline,374582
3428,constant_time,408293
3428,baseline,373890
3429,constant_time,298381
3429,baseline,267882
3430,constant_time,353442
3430,baseline,274173
3431,constant_time,354432
3431,baseline,276173
3432,constant_time,300292
3432,baseline,267831
3433,constant_time,292782
3433,baseline,295062
3434,constant_time,293506
3434,baseline,300051
3435,constant_time,357654
3435,baseline,297031
3436,constant_time,293105
3436,baseline,269392
3437,constant_time,323359
3437,baseline,267550
3438,constant_time,293369
3438,baseline,273518
3439,constant_time,307310
3439,baseline,276509
3440,constant_time,293701
3440,baseline,276379
3441,constant_time,293149
3441,baseline,267785
3442,constant_time,297392
3442,baseline,268127
3443,constant_time,293246
3443,baseline,267443
3444,constant_time,296372
3444,baseline,267683
3445,constant_time,293107
3445,baseline,270913
3446,constant_time,293821
3446,baseline,267808
3447,constant_time,293129
3447,baseline,269954
3448,constant_time,292780
3448,baseline,267908
3449,constant_time,294368
3449,baseline,268290
3450,constant_time,292978
3450,baseline,267542
3451,constant_time,294287
3451,baseline,267938
3452,constant_time,292768
3452,baseline,379398
3453,constant_time,293651
3453,baseline,267955
3454,constant_time,293465
3454,baseline,269232
3455,constant_time,293208
3455,baseline,267726
3456,constant_time,421782
3456,baseline,371080
3457,constant_time,415058
3457,baseline,326325
3458,constant_time,292726
3458,baseline,288891
3459,constant_time,333605
3459,baseline,290361
3460,constant_time,330348
3460,baseline,274000
3461,constant_time,330625
3461,baseline,320484
3462,constant_time,415863
3462,baseline,382618
3463,constant_time,422695
3463,baseline,312905
3464,constant_time,295450
3464,baseline,267875
3465,constant_time,303921
3465,baseline,267602
3466,constant_time,292660
3466,baseline,271912
3467,constant_time,293328
3467,baseline,268171
3468,constant_time,293962
3468,baseline,277804
3469,constant_time,292083
3469,baseline,268135
3470,constant_time,313177
3470,baseline,268234
3471,constant_time,293068
3471,baseline,268252
3472,constant_time,297615
3472,baseline,268043
3473,constant_time,292623
3473,baseline,271489
3474,constant_time,292278
3474,baseline,267805
3475,constant_time,292220
3475,baseline,274637
3476,constant_time,293313
3476,baseline,267880
3477,constant_time,295993
3477,baseline,267872
3478,constant_time,293624
3478,baseline,267452
3479,constant_time,295147
3479,baseline,267999
3480,constant_time,293490
3480,baseline,268167
3481,constant_time,414944
3481,baseline,267953
3482,constant_time,292320
3482,baseline,269636
3483,constant_time,293058
3483,baseline,268486
3484,constant_time,324227
3484,baseline,343200
3485,constant_time,367829
3485,baseline,367197
3486,constant_time,394000
3486,baseline,360879
3487,constant_time,401501
3487,baseline,366526
3488,constant_time,387603
3488,baseline,352139
3489,constant_time,381607
3489,baseline,370074
3490,constant_time,400246
3490,baseline,330791
3491,constant_time,423558
3491,baseline,405391
3492,constant_time,384132
3492,baseline,268312
3493,constant_time,293866
3493,baseline,267188
3494,constant_time,297930
3494,baseline,267937
3495,constant_time,301858
3495,baseline,271056
3496,constant_time,293601
3496,baseline,267288
3497,constant_time,292684
3497,baseline,271621
3498,constant_time,292951
3498,baseline,267983
3499,constant_time,296634
3499,baseline,267492
3500,constant_time,292758
3500,baseline,268042
3501,constant_time,300224
3501,baseline,268016
3502,constant_time,293232
3502,baseline,272024
3503,constant_time,293430
3503,baseline,267707
3504,constant_time,293266
3504,baseline,272475
3505,constant_time,292480
3505,baseline,267515
3506,constant_time,295341
3506,baseline,267896
3507,constant_time,292488
3507,baseline,267785
3508,constant_time,414915
3508,baseline,267680
3509,constant_time,292882
3509,baseline,289053
3510,constant_time,376546
3510,baseline,341616
3511,constant_time,402011
3511,baseline,361042
3512,constant_time,395054
3512,baseline,361624
3513,constant_time,403034
3513,baseline,352544
3514,constant_time,377467
3514,baseline,356656
3515,constant_time,418573
3515,baseline,344902
3516,constant_time,359039
3516,baseline,271829
3517,constant_time,292968
3517,baseline,281912
3518,constant_time,296376
3518,baseline,268123
3519,constant_time,293179
3519,baseline,267379
3520,constant_time,295486
3520,baseline,268233
3521,constant_time,293355
3521,baseline,278884
3522,constant_time,293526
3522,baseline,267812
3523,constant_time,293213
3523,baseline,276736
3524,constant_time,292594
3524,baseline,267728
3525,constant_time,294774
3525,baseline,268043
3526,constant_time,293110
3526,baseline,268342
3527,constant_time,311654
3527,baseline,268120
3528,constant_time,292867
3528,baseline,269952
3529,constant_time,292924
3529,baseline,268051
3530,constant_time,293094
3530,baseline,269114
3531,constant_time,293289
3531,baseline,267804
3532,constant_time,294567
3532,baseline,268142
3533,constant_time,293737
3533,baseline,267882
3534,constant_time,398598
3534,baseline,268191
3535,constant_time,293145
3535,baseline,269052
3536,constant_time,292578
3536,baseline,267690
3537,constant_time,292167
3537,baseline,284022
3538,constant_time,367391
3538,baseline,342382
3539,constant_time,396168
3539,baseline,360318
3540,constant_time,395419
3540,baseline,363006
3541,constant_time,397615
3541,baseline,360939
3542,constant_time,379411
3542,baseline,350291
3543,constant_time,445238
3543,baseline,367840
3544,constant_time,360610
3544,baseline,387383
3545,constant_time,452214
3545,baseline,342741
3546,constant_time,293107
3546,baseline,268042
3547,constant_time,335493
3547,baseline,323246
3548,constant_time,292755
3548,baseline,277668
3549,constant_time,292744
3549,baseline,268049
3550,constant_time,313333
3550,baseline,268611
3551,constant_time,293690
3551,baseline,268188
3552,constant_time,295832
3552,baseline,268034
3553,constant_time,293412
3553,baseline,268018
3554,constant_time,297933
3554,baseline,268651
3555,constant_time,293990
3555,baseline,271180
3556,constant_time,293317
3556,baseline,268567
3557,constant_time,292859
3557,baseline,272969
3558,constant_time,292875
3558,baseline,267829
3559,constant_time,295594
3559,baseline,267769
3560,constant_time,292463
3560,baseline,267114
3561,constant_time,410071
3561,baseline,268125
3562,constant_time,293283
3562,baseline,271001
3563,constant_time,315946
3563,baseline,267878
3564,constant_time,297439
3564,baseline,274551
3565,constant_time,320166
3565,baseline,330259
3566,constant_time,391843
3566,baseline,335967
3567,constant_time,363034
3567,baseline,268155
3568,constant_time,293241
3568,baseline,268517
3569,constant_time,326242
3569,baseline,325211
3570,constant_time,293226
3570,baseline,320789
3571,constant_time,311860
3571,baseline,285152
3572,constant_time,301708
3572,baseline,267802
3573,constant_time,292542
3573,baseline,267652
3574,constant_time,307923
3574,baseline,275742
3575,constant_time,340711
3575,baseline,331068
3576,constant_time,316656
3576,baseline,268433
3577,constant_time,298997
3577,baseline,267899
3578,constant_time,293527
3578,baseline,267895
3579,constant_time,298276
3579,baseline,267488
3580,constant_time,292359
3580,baseline,267840
3581,constant_time,309042
3581,baseline,267732
3582,constant_time,293009
3582,baseline,270820
3583,constant_time,293122
3583,baseline,267781
3584,constant_time,293238
3584,baseline,271507
3585,constant_time,293882
3585,baseline,267832
3586,constant_time,297352
3586,baseline,267828
3587,constant_time,292889
3587,baseline,267992
3588,constant_time,294647
3588,baseline,268350
3589,constant_time,292461
3589,baseline,388419
3590,constant_time,292519
3590,baseline,268786
3591,constant_time,294588
3591,baseline,267624
3592,constant_time,314300
3592,baseline,268233
3593,constant_time,297596
3593,baseline,273625
3594,constant_time,332051
3594,baseline,363145
3595,constant_time,356123
3595,baseline,330307
3596,constant_time,322309
3596,baseline,268437
3597,constant_time,294579
3597,baseline,274686
3598,constant_time,295964
3598,baseline,309341
3599,constant_time,361978
3599,baseline,275726
3600,constant_time,294085
3600,baseline,296035
3601,constant_time,299382
3601,baseline,267874
3602,constant_time,292587
3602,baseline,267541
3603,constant_time,301717
3603,baseline,327285
3604,constant_time,340006
3604,baseline,275103
3605,constant_time,293151
3605,baseline,267825
3606,constant_time,299856
3606,baseline,267732
3607,constant_time,292772
3607,baseline,267530
3608,constant_time,296981
3608,baseline,268262
3609,constant_time,292211
3609,baseline,272017
3610,constant_time,293719
3610,baseline,268015
3611,constant_time,293564
3611,baseline,270986
3612,constant_time,293680
3612,baseline,267884
3613,constant_time,295060
3613,baseline,268411
3614,constant_time,293034
3614,baseline,268334
3615,constant_time,294264
3615,baseline,267590
3616,constant_time,292445
3616,baseline,268234
3617,constant_time,400701
3617,baseline,268064
3618,constant_time,293418
3618,baseline,269314
3619,constant_time,294634
3619,baseline,295227
3620,constant_time,327110
3620,baseline,307148
3621,constant_time,299820
3621,baseline,276546
3622,constant_time,292382
3622,baseline,267672
3623,constant_time,292533
3623,baseline,271622
3624,constant_time,293463
3624,baseline,267779
3625,constant_time,298554
3625,baseline,267407
3626,constant_time,298291
3626,baseline,267684
3627,constant_time,296119
3627,baseline,286768
3628,constant_time,293662
3628,baseline,274625
3629,constant_time,294855
3629,baseline,267951
3630,constant_time,293610
3630,baseline,274246
3631,constant_time,293980
3631,baseline,267673
3632,constant_time,293114
3632,baseline,271829
3633,constant_time,293430
3633,baseline,267768
3634,constant_time,297133
3634,baseline,267536
3635,constant_time,292858
3635,baseline,268066
3636,constant_time,299114
3636,baseline,267689
3637,constant_time,292498
3637,baseline,270805
3638,constant_time,292938
3638,baseline,268055
3639,constant_time,293595
3639,baseline,284366
3640,constant_time,292966
3640,baseline,267792
3641,constant_time,294767
3641,baseline,267662
3642,constant_time,292790
3642,baseline,267768
3643,constant_time,295205
3643,baseline,267484
3644,constant_time,292713
3644,baseline,268912
3645,constant_time,292880
3645,baseline,268900
3646,constant_time,293498
3646,baseline,372296
3647,constant_time,293079
3647,baseline,267492
3648,constant_time,294217
3648,baseline,268285
3649,constant_time,292676
3649,baseline,301747
3650,constant_time,297540
3650,baseline,267272
3651,constant_time,293306
3651,baseline,270454
3652,constant_time,293306
3652,baseline,267936
3653,constant_time,293471
3653,baseline,270612
3654,constant_time,292379
3654,baseline,267834
3655,constant_time,295250
3655,baseline,268038
3656,constant_time,292301
3656,baseline,270796
3657,constant_time,306369
3657,baseline,267855
3658,constant_time,292792
3658,baseline,271463
3659,constant_time,293676
3659,baseline,267739
3660,constant_time,293541
3660,baseline,272233
3661,constant_time,294264
3661,baseline,268183
3662,constant_time,295355
3662,baseline,267796
3663,constant_time,292840
3663,baseline,275078
3664,constant_time,298247
3664,baseline,267632
3665,constant_time,293025
3665,baseline,269217
3666,constant_time,293369
3666,baseline,267394
3667,constant_time,292823
3667,baseline,272437
3668,constant_time,293105
3668,baseline,267690
3669,constant_time,292954
3669,baseline,270058
3670,constant_time,294990
3670,baseline,268511
3671,constant_time,296424
3671,baseline,268435
3672,constant_time,293137
3672,baseline,268834
3673,constant_time,294114
3673,baseline,267900
3674,constant_time,291970
3674,baseline,377321
3675,constant_time,292934
3675,baseline,268085
3676,constant_time,294443
3676,baseline,267594
3677,constant_time,293565
3677,baseline,286684
3678,constant_time,295516
3678,baseline,268410
3679,constant_time,293780
3679,baseline,269695
3680,constant_time,293881
3680,baseline,268053
3681,constant_time,293653
3681,baseline,269562
3682,constant_time,293035
3682,baseline,268737
3683,constant_time,292928
3683,baseline,269434
3684,constant_time,293900
3684,baseline,267987
3685,constant_time,294428
3685,baseline,267283
3686,constant_time,311579
3686,baseline,267824
3687,constant_time,297568
3687,baseline,267705
3688,constant_time,293117
3688,baseline,270534
3689,constant_time,292682
3689,baseline,267744
3690,constant_time,292751
3690,baseline,269529
3691,constant_time,293111
3691,baseline,268055
3692,constant_time,294573
3692,baseline,267997
3693,constant_time,292643
3693,baseline,267962
3694,constant_time,299212
3694,baseline,267538
3695,constant_time,292847
3695,baseline,269514
3696,constant_time,293362
3696,baseline,267855
3697,constant_time,293196
3697,baseline,269440
3698,constant_time,292581
3698,baseline,267754
3699,constant_time,294192
3699,baseline,268103
3700,constant_time,292387
3700,baseline,267804
3701,constant_time,296935
3701,baseline,268083
3702,constant_time,293691
3702,baseline,268041
3703,constant_time,295201
3703,baseline,268106
3704,constant_time,292683
3704,baseline,370079
3705,constant_time,294127
3705,baseline,268317
3706,constant_time,294922
3706,baseline,267545
3707,constant_time,293160
3707,baseline,267754
3708,constant_time,314843
3708,baseline,268122
3709,constant_time,292681
3709,baseline,269403
3710,constant_time,291964
3710,baseline,268231
3711,constant_time,291964
3711,baseline,269817
3712,constant_time,292288
3712,baseline,269141
3713,constant_time,294118
3713,baseline,267932
3714,constant_time,293118
3714,baseline,267664
3715,constant_time,294360
3715,baseline,267934
3716,constant_time,293072
3716,baseline,267918
3717,constant_time,293263
3717,baseline,267912
3718,constant_time,293058
3718,baseline,268919
3719,constant_time,292800
3719,baseline,267912
3720,constant_time,293271
3720,baseline,268864
3721,constant_time,293341
3721,baseline,267960
3722,constant_time,294188
3722,baseline,267964
3723,constant_time,336689
3723,baseline,267370
3724,constant_time,304499
3724,baseline,268001
3725,constant_time,292795
3725,baseline,270353
3726,constant_time,293596
3726,baseline,268289
3727,constant_time,293154
3727,baseline,269898
3728,constant_time,293048
3728,baseline,268240
3729,constant_time,294178
3729,baseline,267785
3730,constant_time,293716
3730,baseline,267683
3731,constant_time,294620
3731,baseline,267850
3732,constant_time,293475
3732,baseline,268828
3733,constant_time,292626
3733,baseline,267766
3734,constant_time,293417
3734,baseline,268892
3735,constant_time,325979
3735,baseline,267382
3736,constant_time,303530
3736,baseline,267971
3737,constant_time,292546
3737,baseline,267886
3738,constant_time,310485
3738,baseline,267945
3739,constant_time,292894
3739,baseline,274493
3740,constant_time,293302
3740,baseline,267831
3741,constant_time,292762
3741,baseline,269995
3742,constant_time,292864
3742,baseline,267824
3743,constant_time,292693
3743,baseline,269331
3744,constant_time,292424
3744,baseline,267773
3745,constant_time,294090
3745,baseline,267725
3746,constant_time,295832
3746,baseline,267905
3747,constant_time,337497
3747,baseline,268083
3748,constant_time,295557
3748,baseline,277844
3749,constant_time,293318
3749,baseline,267704
3750,constant_time,293568
3750,baseline,269774
3751,constant_time,292387
3751,baseline,268125
3752,constant_time,293887
3752,baseline,268211
3753,constant_time,292954
3753,baseline,268108
3754,constant_time,294240
3754,baseline,267968
3755,constant_time,292340
3755,baseline,269292
3756,constant_time,293187
3756,baseline,268651
3757,constant_time,293279
3757,baseline,269509
3758,constant_time,293403
3758,baseline,268063
3759,constant_time,322489
3759,baseline,267719
3760,constant_time,292963
3760,baseline,275716
3761,constant_time,294334
3761,baseline,268056
3762,constant_time,293353
3762,baseline,269234
3763,constant_time,293217
3763,baseline,267806
3764,constant_time,293278
3764,baseline,269416
3765,constant_time,292900
3765,baseline,267658
3766,constant_time,293785
3766,baseline,322781
3767,constant_time,370280
3767,baseline,267577
3768,constant_time,297980
3768,baseline,267833
3769,constant_time,292898
3769,baseline,270763
3770,constant_time,293511
3770,baseline,267951
3771,constant_time,343086
3771,baseline,267848
3772,constant_time,293269
3772,baseline,276470
3773,constant_time,295301
3773,baseline,268017
3774,constant_time,293613
3774,baseline,267612
3775,constant_time,294739
3775,baseline,268044
3776,constant_time,293848
3776,baseline,269498
3777,constant_time,292997
3777,baseline,267515
3778,constant_time,293492
3778,baseline,269244
3779,constant_time,292478
3779,baseline,268336
3780,constant_time,294041
3780,baseline,267584
3781,constant_time,292640
3781,baseline,268089
3782,constant_time,293771
3782,baseline,268123
3783,constant_time,332652
3783,baseline,273216
3784,constant_time,294030
3784,baseline,275666
3785,constant_time,292304
3785,baseline,272500
3786,constant_time,293472
3786,baseline,267782
3787,constant_time,295433
3787,baseline,268250
3788,constant_time,293345
3788,baseline,268426
3789,constant_time,295062
3789,baseline,267775
3790,constant_time,293511
3790,baseline,268824
3791,constant_time,293742
3791,baseline,268132
3792,constant_time,293264
3792,baseline,269515
3793,constant_time,293357
3793,baseline,268194
3794,constant_time,293349
3794,baseline,269282
3795,constant_time,328688
3795,baseline,272765
3796,constant_time,296954
3796,baseline,299756
3797,constant_time,293307
3797,baseline,270770
3798,constant_time,292592
3798,baseline,268357
3799,constant_time,292710
3799,baseline,269944
3800,constant_time,292739
3800,baseline,268213
3801,constant_time,295074
3801,baseline,268046
3802,constant_time,294029
3802,baseline,267767
3803,constant_time,295036
3803,baseline,267998
3804,constant_time,293299
3804,baseline,268264
3805,constant_time,294390
3805,baseline,267891
3806,constant_time,292983
3806,baseline,270489
3807,constant_time,292498
3807,baseline,315585
3808,constant_time,379224
3808,baseline,323833
3809,constant_time,306353
3809,baseline,268249
3810,constant_time,310529
3810,baseline,267933
3811,constant_time,293859
3811,baseline,272236
3812,constant_time,292963
3812,baseline,267669
3813,constant_time,292898
3813,baseline,270974
3814,constant_time,293537
3814,baseline,268083
3815,constant_time,295139
3815,baseline,268315
3816,constant_time,292531
3816,baseline,268034
3817,constant_time,294955
3817,baseline,268541
3818,constant_time,292291
3818,baseline,269327
3819,constant_time,341667
3819,baseline,269082
3820,constant_time,292572
3820,baseline,278199
3821,constant_time,293153
3821,baseline,268045
3822,constant_time,297744
3822,baseline,267841
3823,constant_time,292855
3823,baseline,267840
3824,constant_time,295116
3824,baseline,291481
3825,constant_time,293281
3825,baseline,270705
3826,constant_time,292909
3826,baseline,267731
3827,constant_time,292556
3827,baseline,269383
3828,constant_time,292723
3828,baseline,267751
3829,constant_time,294533
3829,baseline,268025
3830,constant_time,292560
3830,baseline,267906
3831,constant_time,335925
3831,baseline,268137
3832,constant_time,292733
3832,baseline,304481
3833,constant_time,293846
3833,baseline,267835
3834,constant_time,293177
3834,baseline,273911
3835,constant_time,293915
3835,baseline,267841
3836,constant_time,297105
3836,baseline,267725
3837,constant_time,292385
3837,baseline,267755
3838,constant_time,296227
3838,baseline,268243
3839,constant_time,293504
3839,baseline,279537
3840,constant_time,292242
3840,baseline,267823
3841,constant_time,292832
3841,baseline,272122
3842,constant_time,293288
3842,baseline,268082
3843,constant_time,318560
3843,baseline,268139
3844,constant_time,293025
3844,baseline,276090
3845,constant_time,294709
3845,baseline,268169
3846,constant_time,293741
3846,baseline,269910
3847,constant_time,292743
3847,baseline,268051
3848,constant_time,292756
3848,baseline,270065
3849,constant_time,292469
3849,baseline,268044
3850,constant_time,404116
3850,baseline,268085
3851,constant_time,292730
3851,baseline,267742
3852,constant_time,294310
3852,baseline,268151
3853,constant_time,293332
3853,baseline,268910
3854,constant_time,293455
3854,baseline,286949
3855,constant_time,326616
3855,baseline,270456
3856,constant_time,293286
3856,baseline,276189
3857,constant_time,295039
3857,baseline,268249
3858,constant_time,293576
3858,baseline,268211
3859,constant_time,295504
3859,baseline,267940
3860,constant_time,292562
3860,baseline,269858
3861,constant_time,293321
3861,baseline,267882
3862,constant_time,292401
3862,baseline,269215
3863,constant_time,293583
3863,baseline,268074
3864,constant_time,294331
3864,baseline,268577
3865,constant_time,293650
3865,baseline,268261
3866,constant_time,295017
3866,baseline,268043
3867,constant_time,334426
3867,baseline,269558
3868,constant_time,293650
3868,baseline,277017
3869,constant_time,292063
3869,baseline,270562
3870,constant_time,293215
3870,baseline,268188
3871,constant_time,294658
3871,baseline,268062
3872,constant_time,292202
3872,baseline,268015
3873,constant_time,295900
3873,baseline,267543
3874,constant_time,295990
3874,baseline,267763
3875,constant_time,296712
3875,baseline,268012
3876,constant_time,292907
3876,baseline,269771
3877,constant_time,293793
3877,baseline,268421
3878,constant_time,293441
3878,baseline,269614
3879,constant_time,292687
3879,baseline,301171
3880,constant_time,295213
3880,baseline,275927
3881,constant_time,293295
3881,baseline,267619
3882,constant_time,295131
3882,baseline,289689
3883,constant_time,294149
3883,baseline,271965
3884,constant_time,291906
3884,baseline,269346
3885,constant_time,293618
3885,baseline,269872
3886,constant_time,293567
3886,baseline,268361
3887,constant_time,294506
3887,baseline,268062
3888,constant_time,292295
3888,baseline,267693
3889,constant_time,293775
3889,baseline,267852
3890,constant_time,292917
3890,baseline,269297
3891,constant_time,293953
3891,baseline,300606
3892,constant_time,293543
3892,baseline,269453
3893,constant_time,301551
3893,baseline,267428
3894,constant_time,295257
3894,baseline,268438
3895,constant_time,292690
3895,baseline,268055
3896,constant_time,295172
3896,baseline,268157
3897,constant_time,292549
3897,baseline,269289
3898,constant_time,293372
3898,baseline,268355
3899,constant_time,293425
3899,baseline,269889
3900,constant_time,293639
3900,baseline,267881
3901,constant_time,295026
3901,baseline,268450
3902,constant_time,293620
3902,baseline,268394
3903,constant_time,294834
3903,baseline,300627
3904,constant_time,293073
3904,baseline,279716
3905,constant_time,293613
3905,baseline,268125
3906,constant_time,293591
3906,baseline,270366
3907,constant_time,293321
3907,baseline,268147
3908,constant_time,295866
3908,baseline,268118
3909,constant_time,292931
3909,baseline,267798
3910,constant_time,305816
3910,baseline,267480
3911,constant_time,293732
3911,baseline,267659
3912,constant_time,295530
3912,baseline,267871
3913,constant_time,314501
3913,baseline,270476
3914,constant_time,293330
3914,baseline,268101
3915,constant_time,293653
3915,baseline,302493
3916,constant_time,293477
3916,baseline,267982
3917,constant_time,305192
3917,baseline,267602
3918,constant_time,293782
3918,baseline,267485
3919,constant_time,294613
3919,baseline,268073
3920,constant_time,292774
3920,baseline,269658
3921,constant_time,293806
3921,baseline,268203
3922,constant_time,293070
3922,baseline,269173
3923,constant_time,295092
3923,baseline,268366
3924,constant_time,296441
3924,baseline,268058
3925,constant_time,294238
3925,baseline,267842
3926,constant_time,294507
3926,baseline,268304
3927,constant_time,293050
3927,baseline,268979
3928,constant_time,326175
3928,baseline,267712
3929,constant_time,301332
3929,baseline,296723
3930,constant_time,304566
3930,baseline,267558
3931,constant_time,295851
3931,baseline,267934
3932,constant_time,292278
3932,baseline,267566
3933,constant_time,294253
3933,baseline,267588
3934,constant_time,292299
3934,baseline,269015
3935,constant_time,291988
3935,baseline,267814
3936,constant_time,293350
3936,baseline,268820
3937,constant_time,292464
3937,baseline,267654
3938,constant_time,294026
3938,baseline,267996
3939,constant_time,292692
3939,baseline,297343
3940,constant_time,305743
3940,baseline,267910
3941,constant_time,317700
3941,baseline,283516
3942,constant_time,293451
3942,baseline,270268
3943,constant_time,316198
3943,baseline,270167
3944,constant_time,292537
3944,baseline,267862
3945,constant_time,295324
3945,baseline,268153
3946,constant_time,292958
3946,baseline,268355
3947,constant_time,294884
3947,baseline,267927
3948,constant_time,292854
3948,baseline,311983
3949,constant_time,292923
3949,baseline,267800
3950,constant_time,322604
3950,baseline,271582
3951,constant_time,293369
3951,baseline,315131
3952,constant_time,296545
3952,baseline,267903
3953,constant_time,307578
3953,baseline,299425
3954,constant_time,306779
3954,baseline,267830
3955,constant_time,292444
3955,baseline,271468
3956,constant_time,292777
3956,baseline,267996
3957,constant_time,294624
3957,baseline,268179
3958,constant_time,293108
3958,baseline,268226
3959,constant_time,294610
3959,baseline,268401
3960,constant_time,293052
3960,baseline,268140
3961,constant_time,296398
3961,baseline,268099
3962,constant_time,292724
3962,baseline,269147
3963,constant_time,292730
3963,baseline,288638
3964,constant_time,315148
3964,baseline,269447
3965,constant_time,322507
3965,baseline,283503
3966,constant_time,298237
3966,baseline,267807
3967,constant_time,293540
3967,baseline,267929
3968,constant_time,295084
3968,baseline,268195
3969,constant_time,292951
3969,baseline,270492
3970,constant_time,293533
3970,baseline,267911
3971,constant_time,317770
3971,baseline,268031
3972,constant_time,328399
3972,baseline,341116
3973,constant_time,353089
3973,baseline,298970
3974,constant_time,374326
3974,baseline,321289
3975,constant_time,344025
3975,baseline,268063
3976,constant_time,316079
3976,baseline,287540
3977,constant_time,298767
3977,baseline,273315
3978,constant_time,301724
3978,baseline,268143
3979,constant_time,292291
3979,baseline,274977
3980,constant_time,296524
3980,baseline,267637
3981,constant_time,298958
3981,baseline,268426
3982,constant_time,292510
3982,baseline,268076
3983,constant_time,296244
3983,baseline,267933
3984,constant_time,293424
3984,baseline,270304
3985,constant_time,293406
3985,baseline,268183
3986,constant_time,293722
3986,baseline,273418
3987,constant_time,324740
3987,baseline,267943
3988,constant_time,322809
3988,baseline,279450
3989,constant_time,293194
3989,baseline,268058
3990,constant_time,301212
3990,baseline,268138
3991,constant_time,293548
3991,baseline,270189
3992,constant_time,292718
3992,baseline,268256
3993,constant_time,293342
3993,baseline,270500
3994,constant_time,293316
3994,baseline,268292
3995,constant_time,295038
3995,baseline,268393
3996,constant_time,292177
3996,baseline,268333
3997,constant_time,400616
3997,baseline,268562
3998,constant_time,292646
3998,baseline,269637
3999,constant_time,325060
3999,baseline,267811
4000,constant_time,369709
4000,baseline,314962
4001,constant_time,336239
4001,baseline,335868
4002,constant_time,377815
4002,baseline,303400
4003,constant_time,317041
4003,baseline,267723
4004,constant_time,292734
4004,baseline,267880
4005,constant_time,299259
4005,baseline,268124
4006,constant_time,333740
4006,baseline,272551
4007,constant_time,293706
4007,baseline,279284
4008,constant_time,293109
4008,baseline,274041
4009,constant_time,293619
4009,baseline,268039
4010,constant_time,342855
4010,baseline,268120
4011,constant_time,327556
4011,baseline,331414
4012,constant_time,348245
4012,baseline,296878
4013,constant_time,293386
4013,baseline,278920
4014,constant_time,293901
4014,baseline,267954
4015,constant_time,300448
4015,baseline,268464
4016,constant_time,292869
4016,baseline,268022
4017,constant_time,296417
4017,baseline,267602
4018,constant_time,292351
4018,baseline,271659
4019,constant_time,293431
4019,baseline,267739
4020,constant_time,293080
4020,baseline,282209
4021,constant_time,294312
4021,baseline,268205
4022,constant_time,334890
4022,baseline,268109
4023,constant_time,303483
4023,baseline,290066
4024,constant_time,302158
4024,baseline,267973
4025,constant_time,292631
4025,baseline,270176
4026,constant_time,293640
4026,baseline,268400
4027,constant_time,309083
4027,baseline,275748
4028,constant_time,293084
4028,baseline,305383
4029,constant_time,377450
4029,baseline,340196
4030,constant_time,309331
4030,baseline,273715
4031,constant_time,293263
4031,baseline,267902
4032,constant_time,299218
4032,baseline,267936
4033,constant_time,293535
4033,baseline,314885
4034,constant_time,296248
4034,baseline,267992
4035,constant_time,342110
4035,baseline,289161
4036,constant_time,292377
4036,baseline,267578
4037,constant_time,295939
4037,baseline,273510
4038,constant_time,293383
4038,baseline,267875
4039,constant_time,304716
4039,baseline,275850
4040,constant_time,318563
4040,baseline,281563
4041,constant_time,307627
4041,baseline,267707
4042,constant_time,293254
4042,baseline,270732
4043,constant_time,293250
4043,baseline,268413
4044,constant_time,293204
4044,baseline,271175
4045,constant_time,293529
4045,baseline,305964
4046,constant_time,294992
4046,baseline,277550
4047,constant_time,314816
4047,baseline,282254
4048,constant_time,292764
4048,baseline,267688
4049,constant_time,296079
4049,baseline,270756
4050,constant_time,293605
4050,baseline,270866
4051,constant_time,293591
4051,baseline,269644
4052,constant_time,292166
4052,baseline,267805
4053,constant_time,295600
4053,baseline,267932
4054,constant_time,293647
4054,baseline,267972
4055,constant_time,294588
4055,baseline,267995
4056,constant_time,292837
4056,baseline,290492
4057,constant_time,292476
4057,baseline,306689
4058,constant_time,348317
4058,baseline,371542
4059,constant_time,352246
4059,baseline,353252
4060,constant_time,292602
4060,baseline,268360
4061,constant_time,292594
4061,baseline,280216
4062,constant_time,293133
4062,baseline,268023
4063,constant_time,303429
4063,baseline,357405
4064,constant_time,297075
4064,baseline,275617
4065,constant_time,305989
4065,baseline,268018
4066,constant_time,292796
4066,baseline,271608
4067,constant_time,293841
4067,baseline,267377
4068,constant_time,299061
4068,baseline,268000
4069,constant_time,338994
4069,baseline,267876
4070,constant_time,325560
4070,baseline,274415
4071,constant_time,305399
4071,baseline,275663
4072,constant_time,295921
4072,baseline,267723
4073,constant_time,292199
4073,baseline,272336
4074,constant_time,295781
4074,baseline,267457
4075,constant_time,297070
4075,baseline,268202
4076,constant_time,292461
4076,baseline,267438
4077,constant_time,294075
4077,baseline,267758
4078,constant_time,293274
4078,baseline,269223
4079,constant_time,294279
4079,baseline,268201
4080,constant_time,293752
4080,baseline,310096
4081,constant_time,293868
4081,baseline,267718
4082,constant_time,422696
4082,baseline,277439
4083,constant_time,292418
4083,baseline,272409
4084,constant_time,295597
4084,baseline,267827
4085,constant_time,292746
4085,baseline,287026
4086,constant_time,296710
4086,baseline,274953
4087,constant_time,336360
4087,baseline,348293
4088,constant_time,342128
4088,baseline,292699
4089,constant_time,293714
4089,baseline,267763
4090,constant_time,293690
4090,baseline,273767
4091,constant_time,293528
4091,baseline,267945
4092,constant_time,356762
4092,baseline,267830
4093,constant_time,302551
4093,baseline,287505
4094,constant_time,310401
4094,baseline,267840
4095,constant_time,292591
4095,baseline,275007
4096,constant_time,298389
4096,baseline,275145
4097,constant_time,327194
4097,baseline,289744
4098,constant_time,297269
4098,baseline,268338
4099,constant_time,297308
4099,baseline,267721
4100,constant_time,292441
4100,baseline,273796
4101,constant_time,293892
4101,baseline,268017
4102,constant_time,293439
4102,baseline,271337
4103,constant_time,293356
4103,baseline,268005
4104,constant_time,346699
4104,baseline,268285
4105,constant_time,301265
4105,baseline,282746
4106,constant_time,311554
4106,baseline,268658
4107,constant_time,292724
4107,baseline,274799
4108,constant_time,293489
4108,baseline,268465
4109,constant_time,296049
4109,baseline,271329
4110,constant_time,292956
4110,baseline,267775
4111,constant_time,296075
4111,baseline,268392
4112,constant_time,292778
4112,baseline,268135
4113,constant_time,321148
4113,baseline,329996
4114,constant_time,377585
4114,baseline,367490
4115,constant_time,390580
4115,baseline,400391
4116,constant_time,399873
4116,baseline,362977
4117,constant_time,404003
4117,baseline,368830
4118,constant_time,405507
4118,baseline,380560
4119,constant_time,436707
4119,baseline,329112
4120,constant_time,300352
4120,baseline,268115
4121,constant_time,312484
4121,baseline,269976
4122,constant_time,293354
4122,baseline,268161
4123,constant_time,305132
4123,baseline,275296
4124,constant_time,322795
4124,baseline,274397
4125,constant_time,294107
4125,baseline,310579
4126,constant_time,294228
4126,baseline,270952
4127,constant_time,319743
4127,baseline,286875
4128,constant_time,298031
4128,baseline,267899
4129,constant_time,296455
4129,baseline,268226
4130,constant_time,296289
4130,baseline,267784
4131,constant_time,295807
4131,baseline,270868
4132,constant_time,293299
4132,baseline,268167
4133,constant_time,292686
4133,baseline,270629
4134,constant_time,292176
4134,baseline,268001
4135,constant_time,295499
4135,baseline,268211
4136,constant_time,292742
4136,baseline,267913
4137,constant_time,400678
4137,baseline,301155
4138,constant_time,293223
4138,baseline,270193
4139,constant_time,314156
4139,baseline,284717
4140,constant_time,300191
4140,baseline,349252
4141,constant_time,407203
4141,baseline,312306
4142,constant_time,293298
4142,baseline,288065
4143,constant_time,318840
4143,baseline,268484
4144,constant_time,293547
4144,baseline,268004
4145,constant_time,296484
4145,baseline,268439
4146,constant_time,292952
4146,baseline,291736
4147,constant_time,308262
4147,baseline,268378
4148,constant_time,293002
4148,baseline,272103
4149,constant_time,340313
4149,baseline,267597
4150,constant_time,315321
4150,baseline,284518
4151,constant_time,296398
4151,baseline,329688
4152,constant_time,348291
4152,baseline,275477
4153,constant_time,292165
4153,baseline,273185
4154,constant_time,293446
4154,baseline,267892
4155,constant_time,298271
4155,baseline,268080
4156,constant_time,293211
4156,baseline,267853
4157,constant_time,301349
4157,baseline,281281
4158,constant_time,299276
4158,baseline,269854
4159,constant_time,293309
4159,baseline,267854
4160,constant_time,293526
4160,baseline,306469
4161,constant_time,296549
4161,baseline,268207
4162,constant_time,329587
4162,baseline,273235
4163,constant_time,293120
4163,baseline,267891
4164,constant_time,297678
4164,baseline,267945
4165,constant_time,293228
4165,baseline,270887
4166,constant_time,292720
4166,baseline,267562
4167,constant_time,292604
4167,baseline,271844
4168,constant_time,402961
4168,baseline,366501
4169,constant_time,318733
4169,baseline,267727
4170,constant_time,300628
4170,baseline,348726
4171,constant_time,310576
4171,baseline,267930
4172,constant_time,299947
4172,baseline,312761
4173,constant_time,293545
4173,baseline,301544
4174,constant_time,369200
4174,baseline,298442
4175,constant_time,333234
4175,baseline,279733
4176,constant_time,315818
4176,baseline,268065
4177,constant_time,296130
4177,baseline,267700
4178,constant_time,293250
4178,baseline,272260
4179,constant_time,293592
4179,baseline,269143
4180,constant_time,292823
4180,baseline,293888
4181,constant_time,293624
4181,baseline,267883
4182,constant_time,298273
4182,baseline,276008
4183,constant_time,291996
4183,baseline,268030
4184,constant_time,340577
4184,baseline,267890
4185,constant_time,326151
4185,baseline,292265
4186,constant_time,293488
4186,baseline,267983
4187,constant_time,292857
4187,baseline,272097
4188,constant_time,293573
4188,baseline,267725
4189,constant_time,295812
4189,baseline,268150
4190,constant_time,292214
4190,baseline,268172
4191,constant_time,296047
4191,baseline,267612
4192,constant_time,293546
4192,baseline,271794
4193,constant_time,293303
4193,baseline,267993
4194,constant_time,293450
4194,baseline,278971
4195,constant_time,293829
4195,baseline,267873
4196,constant_time,326628
4196,baseline,269168
4197,constant_time,370510
4197,baseline,352221
4198,constant_time,345628
4198,baseline,267755
4199,constant_time,330237
4199,baseline,275447
4200,constant_time,293923
4200,baseline,268065
4201,constant_time,296159
4201,baseline,268184
4202,constant_time,293078
4202,baseline,267970
4203,constant_time,297534
4203,baseline,269487
4204,constant_time,327361
4204,baseline,272430
4205,constant_time,293098
4205,baseline,267918
4206,constant_time,293436
4206,baseline,273382
4207,constant_time,292671
4207,baseline,315472
4208,constant_time,297539
4208,baseline,278868
4209,constant_time,329812
4209,baseline,309721
4210,constant_time,311977
4210,baseline,271825
4211,constant_time,296419
4211,baseline,271314
4212,constant_time,293777
4212,baseline,268115
4213,constant_time,299246
4213,baseline,282431
4214,constant_time,310287
4214,baseline,267992
4215,constant_time,298201
4215,baseline,268468
4216,constant_time,293219
4216,baseline,272152
4217,constant_time,293675
4217,baseline,268068
4218,constant_time,293485
4218,baseline,268832
4219,constant_time,331508
4219,baseline,267960
4220,constant_time,294498
4220,baseline,288304
4221,constant_time,310842
4221,baseline,267818
4222,constant_time,307260
4222,baseline,270110
4223,constant_time,292832
4223,baseline,270847
4224,constant_time,293570
4224,baseline,270795
4225,constant_time,292723
4225,baseline,272422
4226,constant_time,335426
4226,baseline,326071
4227,constant_time,384619
4227,baseline,366867
4228,constant_time,405042
4228,baseline,384830
4229,constant_time,396330
4229,baseline,368038
4230,constant_time,426852
4230,baseline,370406
4231,constant_time,405757
4231,baseline,395664
4232,constant_time,450573
4232,baseline,292633
4233,constant_time,297242
4233,baseline,274594
4234,constant_time,315355
4234,baseline,268050
4235,constant_time,297565
4235,baseline,268150
4236,constant_time,304470
4236,baseline,267984
4237,constant_time,298107
4237,baseline,267477
4238,constant_time,293034
4238,baseline,271577
4239,constant_time,304070
4239,baseline,268132
4240,constant_time,293168
4240,baseline,273076
4241,constant_time,338241
4241,baseline,267982
4242,constant_time,309536
4242,baseline,333296
4243,constant_time,310165
4243,baseline,268058
4244,constant_time,302116
4244,baseline,268027
4245,constant_time,293054
4245,baseline,270655
4246,constant_time,293425
4246,baseline,268024
4247,constant_time,293128
4247,baseline,271621
4248,constant_time,293366
4248,baseline,268183
4249,constant_time,402534
4249,baseline,267694
4250,constant_time,293201
4250,baseline,271367
4251,constant_time,293764
4251,baseline,280741
4252,constant_time,293426
4252,baseline,325707
4253,constant_time,352498
4253,baseline,350634
4254,constant_time,360612
4254,baseline,283185
4255,constant_time,293421
4255,baseline,277333
4256,constant_time,293072
4256,baseline,267824
4257,constant_time,296336
4257,baseline,268014
4258,constant_time,293776
4258,baseline,267677
4259,constant_time,330806
4259,baseline,267825
4260,constant_time,293360
4260,baseline,270692
4261,constant_time,293638
4261,baseline,267689
4262,constant_time,293122
4262,baseline,271763
4263,constant_time,293193
4263,baseline,267920
4264,constant_time,355744
4264,baseline,267916
4265,constant_time,302073
4265,baseline,324101
4266,constant_time,318933
4266,baseline,267848
4267,constant_time,292585
4267,baseline,272552
4268,constant_time,293205
4268,baseline,267831
4269,constant_time,293044
4269,baseline,272640
4270,constant_time,293192
4270,baseline,267954
4271,constant_time,295343
4271,baseline,268097
4272,constant_time,294230
4272,baseline,267755
4273,constant_time,295401
4273,baseline,267627
4274,constant_time,293893
4274,baseline,269398
4275,constant_time,292961
4275,baseline,267503
4276,constant_time,332398
4276,baseline,271707
4277,constant_time,292864
4277,baseline,309862
4278,constant_time,323047
4278,baseline,268181
4279,constant_time,293171
4279,baseline,267698
4280,constant_time,297615
4280,baseline,267898
4281,constant_time,314838
4281,baseline,275471
4282,constant_time,321353
4282,baseline,330090
4283,constant_time,378593
4283,baseline,276866
4284,constant_time,343849
4284,baseline,281762
4285,constant_time,293326
4285,baseline,267977
4286,constant_time,292968
4286,baseline,275474
4287,constant_time,292670
4287,baseline,350928
4288,constant_time,306211
4288,baseline,285145
4289,constant_time,347902
4289,baseline,332083
4290,constant_time,308432
4290,baseline,268088
4291,constant_time,296453
4291,baseline,285732
4292,constant_time,296668
4292,baseline,296318
4293,constant_time,298311
4293,baseline,267711
4294,constant_time,292308
4294,baseline,267977
4295,constant_time,295466
4295,baseline,267938
4296,constant_time,292872
4296,baseline,270497
4297,constant_time,292824
4297,baseline,268294
4298,constant_time,292584
4298,baseline,269939
4299,constant_time,339926
4299,baseline,267776
4300,constant_time,296127
4300,baseline,295221
4301,constant_time,308552
4301,baseline,271969
4302,constant_time,293436
4302,baseline,270597
4303,constant_time,293475
4303,baseline,270572
4304,constant_time,292350
4304,baseline,270762
4305,constant_time,296120
4305,baseline,276593
4306,constant_time,293752
4306,baseline,268053
4307,constant_time,296918
4307,baseline,267547
4308,constant_time,302458
4308,baseline,355791
4309,constant_time,372483
4309,baseline,379364
4310,constant_time,393557
4310,baseline,314162
4311,constant_time,293488
4311,baseline,272851
4312,constant_time,343309
4312,baseline,300306
4313,constant_time,301433
4313,baseline,267440
4314,constant_time,292501
4314,baseline,267865
4315,constant_time,297798
4315,baseline,277479
4316,constant_time,293513
4316,baseline,271687
4317,constant_time,295081
4317,baseline,267786
4318,constant_time,292326
4318,baseline,273904
4319,constant_time,292964
4319,baseline,268144
4320,constant_time,313030
4320,baseline,295733
4321,constant_time,294060
4321,baseline,268255
4322,constant_time,300918
4322,baseline,308945
4323,constant_time,293175
4323,baseline,311354
4324,constant_time,308119
4324,baseline,268001
4325,constant_time,292440
4325,baseline,277623
4326,constant_time,293696
4326,baseline,267932
4327,constant_time,297442
4327,baseline,267781
4328,constant_time,292946
4328,baseline,268208
4329,constant_time,296526
4329,baseline,268132
4330,constant_time,292557
4330,baseline,270906
4331,constant_time,293487
4331,baseline,268084
4332,constant_time,293215
4332,baseline,272332
4333,constant_time,293569
4333,baseline,267711
4334,constant_time,297216
4334,baseline,299453
4335,constant_time,293662
4335,baseline,306461
4336,constant_time,298440
4336,baseline,267872
4337,constant_time,310235
4337,baseline,338217
4338,constant_time,380953
4338,baseline,363295
4339,constant_time,389400
4339,baseline,394903
4340,constant_time,439005
4340,baseline,393317
4341,constant_time,421228
4341,baseline,379254
4342,constant_time,405235
4342,baseline,407921
4343,constant_time,408764
4343,baseline,310934
4344,constant_time,339175
4344,baseline,267416
4345,constant_time,327421
4345,baseline,324010
4346,constant_time,329058
4346,baseline,267999
4347,constant_time,302794
4347,baseline,272085
4348,constant_time,293542
4348,baseline,267847
4349,constant_time,297315
4349,baseline,276996
4350,constant_time,292534
4350,baseline,272655
4351,constant_time,293877
4351,baseline,267213
4352,constant_time,293768
4352,baseline,269889
4353,constant_time,292570
4353,baseline,267602
4354,constant_time,292163
4354,baseline,272607
4355,constant_time,292755
4355,baseline,315912
4356,constant_time,294645
4356,baseline,267879
4357,constant_time,333085
4357,baseline,303350
4358,constant_time,292502
4358,baseline,267730
4359,constant_time,293182
4359,baseline,271386
4360,constant_time,292951
4360,baseline,268083
4361,constant_time,298127
4361,baseline,267809
4362,constant_time,293102
4362,baseline,281425
4363,constant_time,303628
4363,baseline,267726
4364,constant_time,335502
4364,baseline,356435
4365,constant_time,354933
4365,baseline,279178
4366,constant_time,300410
4366,baseline,267719
4367,constant_time,333910
4367,baseline,274205
4368,constant_time,299728
4368,baseline,295907
4369,constant_time,352725
4369,baseline,272358
4370,constant_time,292374
4370,baseline,310030
4371,constant_time,299695
4371,baseline,267884
4372,constant_time,292513
4372,baseline,268212
4373,constant_time,297318
4373,baseline,268036
4374,constant_time,292492
4374,baseline,272938
4375,constant_time,293329
4375,baseline,270917
4376,constant_time,300275
4376,baseline,272536
4377,constant_time,293124
4377,baseline,267870
4378,constant_time,296633
4378,baseline,268286
4379,constant_time,334603
4379,baseline,268195
4380,constant_time,296799
4380,baseline,333945
4381,constant_time,294702
4381,baseline,273338
4382,constant_time,293815
4382,baseline,268077
4383,constant_time,293799
4383,baseline,272161
4384,constant_time,292765
4384,baseline,268468
4385,constant_time,297685
4385,baseline,267982
4386,constant_time,293218
4386,baseline,268359
4387,constant_time,295030
4387,baseline,267761
4388,constant_time,292597
4388,baseline,387558
4389,constant_time,293483
4389,baseline,267820
4390,constant_time,293313
4390,baseline,268303
4391,constant_time,331735
4391,baseline,267840
4392,constant_time,377459
4392,baseline,318484
4393,constant_time,402285
4393,baseline,355531
4394,constant_time,412592
4394,baseline,372552
4395,constant_time,396506
4395,baseline,366403
4396,constant_time,408997
4396,baseline,364111
4397,constant_time,424237
4397,baseline,388708
4398,constant_time,375521
4398,baseline,274820
4399,constant_time,292928
4399,baseline,296676
4400,constant_time,297660
4400,baseline,313305
4401,constant_time,293502
4401,baseline,289184
4402,constant_time,342836
4402,baseline,307830
4403,constant_time,321630
4403,baseline,275362
4404,constant_time,293579
4404,baseline,267811
4405,constant_time,299978
4405,baseline,268259
4406,constant_time,293116
4406,baseline,268365
4407,constant_time,294836
4407,baseline,267794
4408,constant_time,293375
4408,baseline,270707
4409,constant_time,292772
4409,baseline,268233
4410,constant_time,292445
4410,baseline,269539
4411,constant_time,292907
4411,baseline,267795
4412,constant_time,294194
4412,baseline,297928
4413,constant_time,292860
4413,baseline,279603
4414,constant_time,325252
4414,baseline,275082
4415,constant_time,293708
4415,baseline,272453
4416,constant_time,293322
4416,baseline,268189
4417,constant_time,293074
4417,baseline,272030
4418,constant_time,293098
4418,baseline,268009
4419,constant_time,300358
4419,baseline,282253
4420,constant_time,292624
4420,baseline,302543
4421,constant_time,366955
4421,baseline,343409
4422,constant_time,319425
4422,baseline,274384
4423,constant_time,292936
4423,baseline,268067
4424,constant_time,351317
4424,baseline,267570
4425,constant_time,305989
4425,baseline,289517
4426,constant_time,371138
4426,baseline,287913
4427,constant_time,293407
4427,baseline,273681
4428,constant_time,292801
4428,baseline,267779
4429,constant_time,296982
4429,baseline,267986
4430,constant_time,293786
4430,baseline,267879
4431,constant_time,296524
4431,baseline,267841
4432,constant_time,293236
4432,baseline,271841
4433,constant_time,293056
4433,baseline,267883
4434,constant_time,293794
4434,baseline,273356
4435,constant_time,293561
4435,baseline,267843
4436,constant_time,338125
4436,baseline,268172
4437,constant_time,352471
4437,baseline,283650
4438,constant_time,297497
4438,baseline,268113
4439,constant_time,293511
4439,baseline,271250
4440,constant_time,293769
4440,baseline,268248
4441,constant_time,293753
4441,baseline,271641
4442,constant_time,293001
4442,baseline,267682
4443,constant_time,296871
4443,baseline,268489
4444,constant_time,293111
4444,baseline,268062
4445,constant_time,296142
4445,baseline,268014
4446,constant_time,293044
4446,baseline,271602
4447,constant_time,316955
4447,baseline,267917
4448,constant_time,348454
4448,baseline,342985
4449,constant_time,374331
4449,baseline,350110
4450,constant_time,342923
4450,baseline,281517
4451,constant_time,299667
4451,baseline,276290
4452,constant_time,295214
4452,baseline,267846
4453,constant_time,296048
4453,baseline,294182
4454,constant_time,317106
4454,baseline,288282
4455,constant_time,313179
4455,baseline,304541
4456,constant_time,293018
4456,baseline,273637
4457,constant_time,293201
4457,baseline,267856
4458,constant_time,297697
4458,baseline,280784
4459,constant_time,337017
4459,baseline,280236
4460,constant_time,309289
4460,baseline,292707
4461,constant_time,308681
4461,baseline,272968
4462,constant_time,293774
4462,baseline,267798
4463,constant_time,296254
4463,baseline,268189
4464,constant_time,293814
4464,baseline,267948
4465,constant_time,296629
4465,baseline,267477
4466,constant_time,292850
4466,baseline,267791
4467,constant_time,297791
4467,baseline,268319
4468,constant_time,295592
4468,baseline,268772
4469,constant_time,293797
4469,baseline,268037
4470,constant_time,293144
4470,baseline,269043
4471,constant_time,331513
4471,baseline,267349
4472,constant_time,296238
4472,baseline,300903
4473,constant_time,297557
4473,baseline,267522
4474,constant_time,297634
4474,baseline,267445
4475,constant_time,293284
4475,baseline,270469
4476,constant_time,320656
4476,baseline,267687
4477,constant_time,323352
4477,baseline,329749
4478,constant_time,375138
4478,baseline,293460
4479,constant_time,300548
4479,baseline,268258
4480,constant_time,292818
4480,baseline,273227
4481,constant_time,292555
4481,baseline,267648
4482,constant_time,295403
4482,baseline,284656
4483,constant_time,333645
4483,baseline,268045
4484,constant_time,331974
4484,baseline,285436
4485,constant_time,292570
4485,baseline,274699
4486,constant_time,293735
4486,baseline,268121
4487,constant_time,340219
4487,baseline,320067
4488,constant_time,303930
4488,baseline,268303
4489,constant_time,299734
4489,baseline,268210
4490,constant_time,292767
4490,baseline,275043
4491,constant_time,293254
4491,baseline,268216
4492,constant_time,293271
4492,baseline,271532
4493,constant_time,307013
4493,baseline,275770
4494,constant_time,296210
4494,baseline,310922
4495,constant_time,292962
4495,baseline,277049
4496,constant_time,336581
4496,baseline,268092
4497,constant_time,293535
4497,baseline,271628
4498,constant_time,293369
4498,baseline,267597
4499,constant_time,293703
4499,baseline,271853
4500,constant_time,292884
4500,baseline,267785
4501,constant_time,297188
4501,baseline,268061
4502,constant_time,292737
4502,baseline,268020
4503,constant_time,296990
4503,baseline,287754
4504,constant_time,292596
4504,baseline,289389
4505,constant_time,355351
4505,baseline,341269
4506,constant_time,395535
4506,baseline,291969
4507,constant_time,317596
4507,baseline,343720
4508,constant_time,313684
4508,baseline,267585
4509,constant_time,302768
4509,baseline,268437
4510,constant_time,330887
4510,baseline,274324
4511,constant_time,336424
4511,baseline,312573
4512,constant_time,300218
4512,baseline,273791
4513,constant_time,293481
4513,baseline,268048
4514,constant_time,293635
4514,baseline,272231
4515,constant_time,316613
4515,baseline,320869
4516,constant_time,332475
4516,baseline,268091
4517,constant_time,293028
4517,baseline,318788
4518,constant_time,298446
4518,baseline,287253
4519,constant_time,303144
4519,baseline,287801
4520,constant_time,293175
4520,baseline,270664
4521,constant_time,298584
4521,baseline,268174
4522,constant_time,292674
4522,baseline,270303
4523,constant_time,298368
4523,baseline,268318
4524,constant_time,293665
4524,baseline,271163
4525,constant_time,292700
4525,baseline,267761
4526,constant_time,292949
4526,baseline,271837
4527,constant_time,293787
4527,baseline,267748
4528,constant_time,296348
4528,baseline,267986
4529,constant_time,292224
4529,baseline,304929
4530,constant_time,295422
4530,baseline,290000
4531,constant_time,308959
4531,baseline,271596
4532,constant_time,311261
4532,baseline,272940
4533,constant_time,298898
4533,baseline,311360
4534,constant_time,380871
4534,baseline,306867
4535,constant_time,316701
4535,baseline,267736
4536,constant_time,293249
4536,baseline,272401
4537,constant_time,293357
4537,baseline,268235
4538,constant_time,296614
4538,baseline,267467
4539,constant_time,299659
4539,baseline,278513
4540,constant_time,300860
4540,baseline,268134
4541,constant_time,341082
4541,baseline,270344
4542,constant_time,310907
4542,baseline,275414
4543,constant_time,297576
4543,baseline,280693
4544,constant_time,304743
4544,baseline,286464
4545,constant_time,299177
4545,baseline,268086
4546,constant_time,294694
4546,baseline,268873
4547,constant_time,300269
4547,baseline,267917
4548,constant_time,292482
4548,baseline,270870
4549,constant_time,293600
4549,baseline,267710
4550,constant_time,293653
4550,baseline,270452
4551,constant_time,292403
4551,baseline,267703
4552,constant_time,293911
4552,baseline,268392
4553,constant_time,336461
4553,baseline,267622
4554,constant_time,302636
4554,baseline,282394
4555,constant_time,298264
4555,baseline,272677
4556,constant_time,293318
4556,baseline,270174
4557,constant_time,292297
4557,baseline,270913
4558,constant_time,293414
4558,baseline,270330
4559,constant_time,295062
4559,baseline,268130
4560,constant_time,292496
4560,baseline,268016
4561,constant_time,294200
4561,baseline,284400
4562,constant_time,361099
4562,baseline,337190
4563,constant_time,403435
4563,baseline,343402
4564,constant_time,426895
4564,baseline,363735
4565,constant_time,400836
4565,baseline,363792
4566,constant_time,402717
4566,baseline,367366
4567,constant_time,405360
4567,baseline,398775
4568,constant_time,371036
4568,baseline,379818
4569,constant_time,446720
4569,baseline,376402
4570,constant_time,315667
4570,baseline,277276
4571,constant_time,322826
4571,baseline,268112
4572,constant_time,297251
4572,baseline,267698
4573,constant_time,292700
4573,baseline,267590
4574,constant_time,342942
4574,baseline,267990
4575,constant_time,303169
4575,baseline,289431
4576,constant_time,307938
4576,baseline,268477
4577,constant_time,299977
4577,baseline,268748
4578,constant_time,293376
4578,baseline,267825
4579,constant_time,298798
4579,baseline,268406
4580,constant_time,293573
4580,baseline,267803
4581,constant_time,297051
4581,baseline,268159
4582,constant_time,293553
4582,baseline,269763
4583,constant_time,293732
4583,baseline,268185
4584,constant_time,293231
4584,baseline,270140
4585,constant_time,293562
4585,baseline,268193
4586,constant_time,323981
4586,baseline,267714
4587,constant_time,371443
4587,baseline,377953
4588,constant_time,354739
4588,baseline,268537
4589,constant_time,328166
4589,baseline,285280
4590,constant_time,293782
4590,baseline,273375
4591,constant_time,325008
4591,baseline,268144
4592,constant_time,293210
4592,baseline,273493
4593,constant_time,293356
4593,baseline,268141
4594,constant_time,309949
4594,baseline,274186
4595,constant_time,293356
4595,baseline,268171
4596,constant_time,298760
4596,baseline,268298
4597,constant_time,292841
4597,baseline,313991
4598,constant_time,296547
4598,baseline,305569
4599,constant_time,360653
4599,baseline,318080
4600,constant_time,292862
4600,baseline,267822
4601,constant_time,299722
4601,baseline,268041
4602,constant_time,292871
4602,baseline,267861
4603,constant_time,298193
4603,baseline,267893
4604,constant_time,292919
4604,baseline,269592
4605,constant_time,292506
4605,baseline,267742
4606,constant_time,292880
4606,baseline,272640
4607,constant_time,292914
4607,baseline,267649
4608,constant_time,298377
4608,baseline,267572
4609,constant_time,292705
4609,baseline,307794
4610,constant_time,297477
4610,baseline,295793
4611,constant_time,301715
4611,baseline,272758
4612,constant_time,293071
4612,baseline,267857
4613,constant_time,293132
4613,baseline,271533
4614,constant_time,293535
4614,baseline,267912
4615,constant_time,300057
4615,baseline,267863
4616,constant_time,308316
4616,baseline,270136
4617,constant_time,303395
4617,baseline,315345
4618,constant_time,380306
4618,baseline,319826
4619,constant_time,321604
4619,baseline,268539
4620,constant_time,300842
4620,baseline,268072
4621,constant_time,339026
4621,baseline,272188
4622,constant_time,303035
4622,baseline,315852
4623,constant_time,392283
4623,baseline,291352
4624,constant_time,304263
4624,baseline,285915
4625,constant_time,299317
4625,baseline,267993
4626,constant_time,292663
4626,baseline,271516
4627,constant_time,294149
4627,baseline,268338
4628,constant_time,308262
4628,baseline,272674
4629,constant_time,293000
4629,baseline,267834
4630,constant_time,300297
4630,baseline,267793
4631,constant_time,292668
4631,baseline,267728
4632,constant_time,298740
4632,baseline,314742
4633,constant_time,293455
4633,baseline,271555
4634,constant_time,322666
4634,baseline,282386
4635,constant_time,293372
4635,baseline,271828
4636,constant_time,295422
4636,baseline,268161
4637,constant_time,295964
4637,baseline,267847
4638,constant_time,295664
4638,baseline,268103
4639,constant_time,296838
4639,baseline,267471
4640,constant_time,292786
4640,baseline,272091
4641,constant_time,293253
4641,baseline,268108
4642,constant_time,292813
4642,baseline,271030
4643,constant_time,293533
4643,baseline,296861
4644,constant_time,371746
4644,baseline,393123
4645,constant_time,307454
4645,baseline,323753
4646,constant_time,320689
4646,baseline,279012
4647,constant_time,299626
4647,baseline,268015
4648,constant_time,297098
4648,baseline,267916
4649,constant_time,296099
4649,baseline,268177
4650,constant_time,293410
4650,baseline,270194
4651,constant_time,318833
4651,baseline,267900
4652,constant_time,292576
4652,baseline,274551
4653,constant_time,293213
4653,baseline,267743
4654,constant_time,299230
4654,baseline,267689
4655,constant_time,292681
4655,baseline,303525
4656,constant_time,390307
4656,baseline,276050
4657,constant_time,293916
4657,baseline,339511
4658,constant_time,308630
4658,baseline,268196
4659,constant_time,300702
4659,baseline,268128
4660,constant_time,292650
4660,baseline,267850
4661,constant_time,298177
4661,baseline,268022
4662,constant_time,292821
4662,baseline,270913
4663,constant_time,292789
4663,baseline,268159
4664,constant_time,292755
4664,baseline,270654
4665,constant_time,293482
4665,baseline,267830
4666,constant_time,306580
4666,baseline,268269
4667,constant_time,293465
4667,baseline,267963
4668,constant_time,346041
4668,baseline,267977
4669,constant_time,301024
4669,baseline,271743
4670,constant_time,292898
4670,baseline,267978
4671,constant_time,292864
4671,baseline,269685
4672,constant_time,293838
4672,baseline,282629
4673,constant_time,306420
4673,baseline,268592
4674,constant_time,332703
4674,baseline,356464
4675,constant_time,357537
4675,baseline,288224
4676,constant_time,299882
4676,baseline,268080
4677,constant_time,293539
4677,baseline,267899
4678,constant_time,299754
4678,baseline,268444
4679,constant_time,292499
4679,baseline,322893
4680,constant_time,315041
4680,baseline,291628
4681,constant_time,359358
4681,baseline,307968
4682,constant_time,293517
4682,baseline,270983
4683,constant_time,300106
4683,baseline,267797
4684,constant_time,304893
4684,baseline,298911
4685,constant_time,297644
4685,baseline,268163
4686,constant_time,294045
4686,baseline,271701
4687,constant_time,303203
4687,baseline,268187
4688,constant_time,297534
4688,baseline,268030
4689,constant_time,292800
4689,baseline,268029
4690,constant_time,315249
4690,baseline,268437
4691,constant_time,344449
4691,baseline,271424
4692,constant_time,293746
4692,baseline,314654
4693,constant_time,307471
4693,baseline,271473
4694,constant_time,293707
4694,baseline,270810
4695,constant_time,296573
4695,baseline,268115
4696,constant_time,293763
4696,baseline,270775
4697,constant_time,295712
4697,baseline,267935
4698,constant_time,293171
4698,baseline,271236
4699,constant_time,293337
4699,baseline,267466
4700,constant_time,314817
4700,baseline,270507
4701,constant_time,299527
4701,baseline,311766
4702,constant_time,385573
4702,baseline,404260
4703,constant_time,309131
4703,baseline,297740
4704,constant_time,313922
4704,baseline,283791
4705,constant_time,301097
4705,baseline,267851
4706,constant_time,296150
4706,baseline,267409
4707,constant_time,296404
4707,baseline,275023
4708,constant_time,299466
4708,baseline,272577
4709,constant_time,291995
4709,baseline,267640
4710,constant_time,292267
4710,baseline,272857
4711,constant_time,293324
4711,baseline,267679
4712,constant_time,304164
4712,baseline,275427
4713,constant_time,320684
4713,baseline,268131
4714,constant_time,298336
4714,baseline,335049
4715,constant_time,293562
4715,baseline,305021
4716,constant_time,298952
4716,baseline,267601
4717,constant_time,298541
4717,baseline,270218
4718,constant_time,292629
4718,baseline,267748
4719,constant_time,297962
4719,baseline,270770
4720,constant_time,293629
4720,baseline,272259
4721,constant_time,293235
4721,baseline,268214
4722,constant_time,293557
4722,baseline,270006
4723,constant_time,293949
4723,baseline,268082
4724,constant_time,295306
4724,baseline,267708
4725,constant_time,292844
4725,baseline,267590
4726,constant_time,296326
4726,baseline,334431
4727,constant_time,293304
4727,baseline,269126
4728,constant_time,333462
4728,baseline,267751
4729,constant_time,295445
4729,baseline,341115
4730,constant_time,362012
4730,baseline,383094
4731,constant_time,370762
4731,baseline,363035
4732,constant_time,405276
4732,baseline,367508
4733,constant_time,400204
4733,baseline,377895
4734,constant_time,401819
4734,baseline,393193
4735,constant_time,420466
4735,baseline,323325
4736,constant_time,526139
4736,baseline,408267
4737,constant_time,379625
4737,baseline,268135
4738,constant_time,293691
4738,baseline,274995
4739,constant_time,294080
4739,baseline,268077
4740,constant_time,293394
4740,baseline,271493
4741,constant_time,293219
4741,baseline,268446
4742,constant_time,293760
4742,baseline,270850
4743,constant_time,293157
4743,baseline,269197
4744,constant_time,297137
4744,baseline,268108
4745,constant_time,292952
4745,baseline,267954
4746,constant_time,295645
4746,baseline,268495
4747,constant_time,292615
4747,baseline,269482
4748,constant_time,293742
4748,baseline,268120
4749,constant_time,292793
4749,baseline,269861
4750,constant_time,292687
4750,baseline,267993
4751,constant_time,296193
4751,baseline,268474
4752,constant_time,292745
4752,baseline,268421
4753,constant_time,397269
4753,baseline,267873
4754,constant_time,292497
4754,baseline,269600
4755,constant_time,292681
4755,baseline,267930
4756,constant_time,292291
4756,baseline,290631
4757,constant_time,299324
4757,baseline,287709
4758,constant_time,302947
4758,baseline,312408
4759,constant_time,294030
4759,baseline,273976
4760,constant_time,293412
4760,baseline,267687
4761,constant_time,293388
4761,baseline,271312
4762,constant_time,293631
4762,baseline,267487
4763,constant_time,313632
4763,baseline,267822
4764,constant_time,292950
4764,baseline,267805
4765,constant_time,297045
4765,baseline,267484
4766,constant_time,293575
4766,baseline,271266
4767,constant_time,294013
4767,baseline,307034
4768,constant_time,351399
4768,baseline,289273
4769,constant_time,307410
4769,baseline,268140
4770,constant_time,299749
4770,baseline,268235
4771,constant_time,292693
4771,baseline,268051
4772,constant_time,296450
4772,baseline,268328
4773,constant_time,293066
4773,baseline,288977
4774,constant_time,293391
4774,baseline,267972
4775,constant_time,293215
4775,baseline,275209
4776,constant_time,293622
4776,baseline,268357
4777,constant_time,295689
4777,baseline,268057
4778,constant_time,293151
4778,baseline,268384
4779,constant_time,294817
4779,baseline,268256
4780,constant_time,292447
4780,baseline,270353
4781,constant_time,293946
4781,baseline,268497
4782,constant_time,293110
4782,baseline,271996
4783,constant_time,292336
4783,baseline,267916
4784,constant_time,293869
4784,baseline,307975
4785,constant_time,299627
4785,baseline,283470
4786,constant_time,301778
4786,baseline,293489
4787,constant_time,293221
4787,baseline,273899
4788,constant_time,292883
4788,baseline,268090
4789,constant_time,293117
4789,baseline,271169
4790,constant_time,293355
4790,baseline,267754
4791,constant_time,297803
4791,baseline,268055
4792,constant_time,299164
4792,baseline,267395
4793,constant_time,297931
4793,baseline,267385
4794,constant_time,293327
4794,baseline,272442
4795,constant_time,293707
4795,baseline,267860
4796,constant_time,293145
4796,baseline,271947
4797,constant_time,294101
4797,baseline,268079
4798,constant_time,296581
4798,baseline,267486
4799,constant_time,293007
4799,baseline,267441
4800,constant_time,296376
4800,baseline,267686
4801,constant_time,292460
4801,baseline,267197
4802,constant_time,297798
4802,baseline,267372
4803,constant_time,293363
4803,baseline,277010
4804,constant_time,293373
4804,baseline,268006
4805,constant_time,293400
4805,baseline,269978
4806,constant_time,293290
4806,baseline,268061
4807,constant_time,294458
4807,baseline,268030
4808,constant_time,293288
4808,baseline,267823
4809,constant_time,294151
4809,baseline,268135
4810,constant_time,293114
4810,baseline,269696
4811,constant_time,293668
4811,baseline,268255
4812,constant_time,293865
4812,baseline,269437
4813,constant_time,293586
4813,baseline,267963
4814,constant_time,294377
4814,baseline,282928
4815,constant_time,311921
4815,baseline,291042
4816,constant_time,387838
4816,baseline,299124
4817,constant_time,315266
4817,baseline,279605
4818,constant_time,293552
4818,baseline,267976
4819,constant_time,298358
4819,baseline,267707
4820,constant_time,292732
4820,baseline,268102
4821,constant_time,297634
4821,baseline,280105
4822,constant_time,293411
4822,baseline,274426
4823,constant_time,292830
4823,baseline,267521
4824,constant_time,292888
4824,baseline,272865
4825,constant_time,293416
4825,baseline,271430
4826,constant_time,359260
4826,baseline,301080
4827,constant_time,292956
4827,baseline,294220
4828,constant_time,426399
4828,baseline,289480
4829,constant_time,324741
4829,baseline,281725
4830,constant_time,308823
4830,baseline,278293
4831,constant_time,309462
4831,baseline,267859
4832,constant_time,293117
4832,baseline,271489
4833,constant_time,293548
4833,baseline,268230
4834,constant_time,293724
4834,baseline,272241
4835,constant_time,293641
4835,baseline,268172
4836,constant_time,296898
4836,baseline,267896
4837,constant_time,292518
4837,baseline,268343
4838,constant_time,294599
4838,baseline,268694
4839,constant_time,292674
4839,baseline,268408
4840,constant_time,295060
4840,baseline,268046
4841,constant_time,293320
4841,baseline,269614
4842,constant_time,314720
4842,baseline,272534
4843,constant_time,322844
4843,baseline,273562
4844,constant_time,310113
4844,baseline,282432
4845,constant_time,302413
4845,baseline,267904
4846,constant_time,292095
4846,baseline,270797
4847,constant_time,293464
4847,baseline,267916
4848,constant_time,293103
4848,baseline,270934
4849,constant_time,293600
4849,baseline,267641
4850,constant_time,313026
4850,baseline,267983
4851,constant_time,292687
4851,baseline,267481
4852,constant_time,297788
4852,baseline,267667
4853,constant_time,292720
4853,baseline,272015
4854,constant_time,293257
4854,baseline,302419
4855,constant_time,377019
4855,baseline,283021
4856,constant_time,292786
4856,baseline,268104
4857,constant_time,300310
4857,baseline,268460
4858,constant_time,302943
4858,baseline,268159
4859,constant_time,296286
4859,baseline,268083
4860,constant_time,292788
4860,baseline,269557
4861,constant_time,292471
4861,baseline,267972
4862,constant_time,292308
4862,baseline,269616
4863,constant_time,292637
4863,baseline,268324
4864,constant_time,295487
4864,baseline,268004
4865,constant_time,292566
4865,baseline,268165
4866,constant_time,293845
4866,baseline,268176
4867,constant_time,292918
4867,baseline,270356
4868,constant_time,293606
4868,baseline,268084
4869,constant_time,293399
4869,baseline,269835
4870,constant_time,292518
4870,baseline,268612
4871,constant_time,293809
4871,baseline,268262
4872,constant_time,313467
4872,baseline,268081
4873,constant_time,317349
4873,baseline,273510
4874,constant_time,312417
4874,baseline,269622
4875,constant_time,293753
4875,baseline,268493
4876,constant_time,293870
4876,baseline,270272
4877,constant_time,293597
4877,baseline,268850
4878,constant_time,295158
4878,baseline,268908
4879,constant_time,293253
4879,baseline,298469
4880,constant_time,297893
4880,baseline,267681
4881,constant_time,293337
4881,baseline,271495
4882,constant_time,293479
4882,baseline,268165
4883,constant_time,293309
4883,baseline,291031
4884,constant_time,379753
4884,baseline,284931
4885,constant_time,307979
4885,baseline,267698
4886,constant_time,294343
4886,baseline,274902
4887,constant_time,330736
4887,baseline,267875
4888,constant_time,292757
4888,baseline,271290
4889,constant_time,293222
4889,baseline,267851
4890,constant_time,293742
4890,baseline,272712
4891,constant_time,292441
4891,baseline,268315
4892,constant_time,299092
4892,baseline,268307
4893,constant_time,292231
4893,baseline,268091
4894,constant_time,295358
4894,baseline,268056
4895,constant_time,293321
4895,baseline,269868
4896,constant_time,293618
4896,baseline,267907
4897,constant_time,293713
4897,baseline,269678
4898,constant_time,292268
4898,baseline,268222
4899,constant_time,295072
4899,baseline,267964
4900,constant_time,325060
4900,baseline,275896
4901,constant_time,331474
4901,baseline,356959
4902,constant_time,344452
4902,baseline,290824
4903,constant_time,293136
4903,baseline,268338
4904,constant_time,301130
4904,baseline,268168
4905,constant_time,292744
4905,baseline,267901
4906,constant_time,294746
4906,baseline,268230
4907,constant_time,293049
4907,baseline,278741
4908,constant_time,309507
4908,baseline,267902
4909,constant_time,292918
4909,baseline,271899
4910,constant_time,293807
4910,baseline,267946
4911,constant_time,298608
4911,baseline,268081
4912,constant_time,292777
4912,baseline,306334
4913,constant_time,384518
4913,baseline,280509
4914,constant_time,293448
4914,baseline,276608
4915,constant_time,292781
4915,baseline,267779
4916,constant_time,297521
4916,baseline,267757
4917,constant_time,292751
4917,baseline,268139
4918,constant_time,294904
4918,baseline,268215
4919,constant_time,293210
4919,baseline,277622
4920,constant_time,293419
4920,baseline,268088
4921,constant_time,293945
4921,baseline,269746
4922,constant_time,293126
4922,baseline,268077
4923,constant_time,293362
4923,baseline,269969
4924,constant_time,293597
4924,baseline,268016
4925,constant_time,294268
4925,baseline,267917
4926,constant_time,292441
4926,baseline,267426
4927,constant_time,404713
4927,baseline,267766
4928,constant_time,293009
4928,baseline,269821
4929,constant_time,292771
4929,baseline,292081
4930,constant_time,300865
4930,baseline,291070
4931,constant_time,308193
4931,baseline,279655
4932,constant_time,297230
4932,baseline,267351
4933,constant_time,293263
4933,baseline,272418
4934,constant_time,292479
4934,baseline,267649
4935,constant_time,293753
4935,baseline,270486
4936,constant_time,292236
4936,baseline,268578
4937,constant_time,315497
4937,baseline,270083
4938,constant_time,293321
4938,baseline,267740
4939,constant_time,299549
4939,baseline,267996
4940,constant_time,293199
4940,baseline,270951
4941,constant_time,292752
4941,baseline,316347
4942,constant_time,338116
4942,baseline,268241
4943,constant_time,292615
4943,baseline,267801
4944,constant_time,306971
4944,baseline,268405
4945,constant_time,292243
4945,baseline,268080
4946,constant_time,296494
4946,baseline,267487
4947,constant_time,293209
4947,baseline,271984
4948,constant_time,293432
4948,baseline,267877
4949,constant_time,293493
4949,baseline,271284
4950,constant_time,293071
4950,baseline,268149
4951,constant_time,298090
4951,baseline,268098
4952,constant_time,292524
4952,baseline,268112
4953,constant_time,294531
4953,baseline,268134
4954,constant_time,292318
4954,baseline,269849
4955,constant_time,292579
4955,baseline,267943
4956,constant_time,292148
4956,baseline,378452
4957,constant_time,294161
4957,baseline,268079
4958,constant_time,294899
4958,baseline,267543
4959,constant_time,292440
4959,baseline,287950
4960,constant_time,316730
4960,baseline,274717
4961,constant_time,313107
4961,baseline,271643
4962,constant_time,292824
4962,baseline,267857
4963,constant_time,296908
4963,baseline,267827
4964,constant_time,293144
4964,baseline,267977
4965,constant_time,294969
4965,baseline,267922
4966,constant_time,316410
4966,baseline,268124
4967,constant_time,299685
4967,baseline,267625
4968,constant_time,292830
4968,baseline,271164
4969,constant_time,293839
4969,baseline,268185
4970,constant_time,293311
4970,baseline,315705
4971,constant_time,329853
4971,baseline,267978
4972,constant_time,298087
4972,baseline,267634
4973,constant_time,292178
4973,baseline,273882
4974,constant_time,293741
4974,baseline,267761
4975,constant_time,293029
4975,baseline,271682
4976,constant_time,293863
4976,baseline,267756
4977,constant_time,295696
4977,baseline,267691
4978,constant_time,293213
4978,baseline,267959
4979,constant_time,293937
4979,baseline,267818
4980,constant_time,292350
4980,baseline,268146
4981,constant_time,293892
4981,baseline,267641
4982,constant_time,293157
4982,baseline,269431
4983,constant_time,292449
4983,baseline,268292
4984,constant_time,292686
4984,baseline,386706
4985,constant_time,293477
4985,baseline,267658
4986,constant_time,294306
4986,baseline,268168
4987,constant_time,293010
4987,baseline,301663
4988,constant_time,304721
4988,baseline,335608
4989,constant_time,368265
4989,baseline,283124
4990,constant_time,292905
4990,baseline,267609
4991,constant_time,301437
4991,baseline,267953
4992,constant_time,293258
4992,baseline,270821
4993,constant_time,293704
4993,baseline,268573
4994,constant_time,292983
4994,baseline,280182
4995,constant_time,310610
4995,baseline,267644
4996,constant_time,300377
4996,baseline,267862
4997,constant_time,291999
4997,baseline,267445
4998,constant_time,297652
4998,baseline,267942
4999,constant_time,293329
4999,baseline,270922
