metric,value
Accuracy,0.99809813617345
Precision,1.0
Recall,0.9962235649546828
F1,0.9981082103670071
