run,t_stat,p_value,cohens_d,fixed_mean_ns,random_mean_ns,fixed_std_ns,random_std_ns,significant,negligible
1,0.854244,0.39298061,0.012081,293438.79,293391.86,4200.89,3539.16,no,yes
2,-0.290909,0.77112417,-0.004114,299294.12,299390.65,23536.55,23387.49,no,yes
3,-0.450980,0.65200874,-0.006378,297807.11,297958.70,23661.58,23876.13,no,yes
4,0.519014,0.60375656,0.007340,305073.52,304802.00,38136.64,35810.43,no,yes
5,0.837229,0.40247413,0.011840,294265.78,294147.90,10239.62,9664.09,no,yes
6,-0.288088,0.77328273,-0.004074,318376.62,318903.09,118558.77,139072.69,no,yes
7,0.153888,0.87769973,0.002176,293940.95,293925.99,6710.25,7038.07,no,yes
8,1.650529,0.09885504,0.023342,293474.09,293380.16,4983.59,2747.62,no,yes
9,0.055617,0.95564729,0.000787,293520.10,293517.83,2551.71,3196.51,no,yes
10,-0.146346,0.88364989,-0.002070,303887.77,303896.00,3873.22,4072.71,no,yes
11,0.355065,0.72254472,0.005021,293614.05,293596.68,3772.88,3112.65,no,yes
12,-0.880116,0.37880890,-0.012447,293499.55,293523.24,1446.38,2270.70,no,yes
13,0.009589,0.99234923,0.000136,293359.34,293359.22,851.41,998.10,no,yes
14,1.267929,0.20483848,0.017931,293410.59,293394.14,990.84,837.80,no,yes
15,-0.289556,0.77215883,-0.004095,293201.44,293206.93,1366.34,1316.45,no,yes
16,0.632158,0.52729099,0.008940,293705.90,293678.81,3358.97,2658.64,no,yes
17,-0.565676,0.57162031,-0.008000,293418.03,293435.67,2146.27,2262.67,no,yes
18,0.351165,0.72546844,0.004966,293363.21,293355.40,1608.18,1538.63,no,yes
19,-0.510413,0.60976815,-0.007218,293375.82,293382.50,902.89,949.36,no,yes
20,0.652935,0.51380552,0.009234,293830.88,293763.85,7698.39,6791.98,no,yes
21,-0.049398,0.96060225,-0.000699,293428.53,293431.25,3464.70,4275.38,no,yes
22,-0.850766,0.39490954,-0.012032,293903.54,293947.84,3439.88,3909.60,no,yes
23,-0.425983,0.67012505,-0.006024,293506.61,293524.67,2552.02,3384.27,no,yes
24,0.809872,0.41802409,0.011453,293320.34,293290.97,2868.83,2218.53,no,yes
25,-0.915041,0.36018274,-0.012941,293362.15,293379.14,1024.10,1549.32,no,yes
26,1.301079,0.19324705,0.018400,293564.41,293547.87,997.73,788.15,no,yes
27,-0.336113,0.73678942,-0.004753,293445.39,293476.59,6306.88,6808.54,no,yes
28,0.012018,0.99041100,0.000170,293280.31,293279.82,2805.00,2964.51,no,yes
29,-0.750398,0.45302769,-0.010612,293499.13,293528.01,1555.55,3519.84,no,yes
30,-1.311954,0.18955396,-0.018554,293658.98,293702.29,1690.73,2834.98,no,yes
31,-0.210840,0.83301411,-0.002982,293486.65,293497.86,3333.71,4138.14,no,yes
32,0.236675,0.81291160,0.003347,293188.13,293184.30,1317.48,939.67,no,yes
33,0.463466,0.64303556,0.006554,293333.62,293323.43,1596.62,1512.39,no,yes
34,-0.035762,0.97147275,-0.000506,293407.73,293408.76,2320.17,1690.43,no,yes
35,-0.217604,0.82774026,-0.003077,293347.56,293360.46,4196.40,4186.25,no,yes
36,1.695812,0.08993929,0.023982,293532.33,293503.57,1408.22,944.58,no,yes
37,-0.791106,0.42889138,-0.011188,293540.29,293553.19,1168.68,1136.78,no,yes
38,-0.408541,0.68288118,-0.005778,293451.10,293473.52,4018.14,3738.40,no,yes
39,0.379954,0.70398353,0.005373,293382.71,293355.39,5424.60,4719.93,no,yes
40,0.058184,0.95360285,0.000823,293455.96,293455.13,1045.40,986.46,no,yes
41,-0.843917,0.39872804,-0.011935,293341.45,293387.13,2792.15,4636.65,no,yes
42,-0.434658,0.66381575,-0.006147,293357.73,293370.15,1795.73,2225.00,no,yes
43,0.234224,0.81481399,0.003312,299469.64,299466.48,1060.05,840.41,no,yes
44,0.275379,0.78302778,0.003894,293485.50,293475.17,2692.10,2609.47,no,yes
45,0.193400,0.84664773,0.002735,293455.97,293452.13,1522.66,1275.17,no,yes
46,-1.224733,0.22069236,-0.017320,293411.63,293433.92,1009.66,1513.98,no,yes
47,1.710192,0.08724643,0.024186,293382.01,293351.17,1381.43,1159.09,no,yes
48,-0.070371,0.94389910,-0.000995,294701.78,294703.25,1432.79,1533.95,no,yes
49,-0.041477,0.96691575,-0.000587,299642.62,299643.38,1435.88,1153.72,no,yes
50,1.434100,0.15156497,0.020281,293475.29,293394.37,5056.16,2503.46,no,yes
51,0.354648,0.72285720,0.005015,293276.66,293270.86,1158.64,1155.07,no,yes
52,0.684626,0.49358865,0.009682,293554.72,293542.39,1477.97,1027.61,no,yes
53,-0.248700,0.80359575,-0.003517,293495.31,293500.32,1370.77,1476.12,no,yes
54,-0.995943,0.31929078,-0.014085,293206.22,293239.74,2028.31,2685.56,no,yes
55,0.928239,0.35329476,0.013127,293592.96,293578.84,1103.18,1047.04,no,yes
56,0.350512,0.72595795,0.004957,293511.19,293493.62,3668.78,3413.37,no,yes
57,0.284063,0.77636484,0.004017,293218.98,293209.88,2232.08,2299.56,no,yes
58,-0.027893,0.97774762,-0.000394,293374.23,293376.20,5143.91,4820.18,no,yes
59,1.371059,0.17037826,0.019390,293554.07,293519.62,2272.21,1073.58,no,yes
60,-1.349675,0.17714232,-0.019087,293193.50,293232.39,1176.16,2630.13,no,yes
61,0.066474,0.94700078,0.000940,294857.63,294854.60,3275.26,3166.82,no,yes
62,1.417615,0.15632180,0.020048,302571.03,302521.44,2961.94,1861.30,no,yes
63,-0.706786,0.47970762,-0.009995,293467.05,293487.92,1975.46,2195.30,no,yes
64,-2.440702,0.01466922,-0.034517,293518.71,293552.67,721.33,1189.53,yes,yes
65,-0.887393,0.37487830,-0.012550,293666.53,293747.47,6084.23,6794.66,no,yes
66,1.123566,0.26121360,0.015890,293284.38,293238.99,3439.35,2119.89,no,yes
67,0.588499,0.55620441,0.008323,293585.34,293573.48,1622.43,1196.32,no,yes
68,0.876133,0.38096837,0.012390,293443.53,293424.49,1565.06,1507.48,no,yes
69,0.971003,0.33155879,0.013732,293401.52,293384.30,1326.19,1177.14,no,yes
70,-0.718587,0.47240407,-0.010162,293304.76,293315.43,1029.25,1069.29,no,yes
71,0.442494,0.65813666,0.006258,293371.33,293362.54,1410.83,1399.27,no,yes
72,0.141467,0.88750248,0.002001,293395.92,293394.06,917.44,945.25,no,yes
73,-0.462875,0.64345872,-0.006546,293364.38,293378.24,2114.24,2121.81,no,yes
74,0.868742,0.38499862,0.012286,293571.99,293558.58,1114.50,1068.26,no,yes
75,-0.274715,0.78353798,-0.003885,293547.96,293573.40,6379.81,6715.21,no,yes
76,0.239146,0.81099513,0.003382,293283.74,293277.47,2251.94,1342.09,no,yes
77,0.305042,0.76033741,0.004314,293283.09,293275.73,1740.06,1672.10,no,yes
78,0.122425,0.90256380,0.001731,293643.07,293640.36,1594.41,1536.14,no,yes
79,-0.526241,0.59872705,-0.007442,293397.85,293426.28,3376.86,4216.66,no,yes
80,0.701430,0.48304291,0.009920,293311.23,293277.34,3653.52,3160.60,no,yes
81,1.033751,0.30126499,0.014619,293491.80,293479.60,836.23,833.14,no,yes
82,1.193491,0.23269183,0.016879,293230.86,293209.45,1364.87,1164.28,no,yes
83,0.973816,0.33015980,0.013772,293386.89,293368.46,1234.01,1434.51,no,yes
84,-0.489281,0.62464831,-0.006919,293229.67,293245.06,2085.39,2352.47,no,yes
85,-1.009360,0.31281472,-0.014275,293530.16,293579.68,3113.95,3791.46,no,yes
86,-2.274861,0.02293375,-0.032171,301263.02,301381.12,1021.44,5090.33,yes,yes
87,0.547272,0.58419811,0.007740,293293.83,293282.34,1457.99,1508.38,no,yes
88,0.323159,0.74657854,0.004570,293266.60,293258.68,1666.66,1793.87,no,yes
89,0.605938,0.54456307,0.008569,293331.27,293321.16,1166.64,1192.77,no,yes
90,0.583515,0.55955358,0.008252,293696.32,293651.86,5477.13,5296.70,no,yes
91,1.757734,0.07881102,0.024858,293413.74,293352.88,2934.77,1837.07,no,yes
92,-0.106121,0.91548715,-0.001501,293313.93,293319.56,3723.15,3785.87,no,yes
93,-0.240893,0.80964065,-0.003407,293270.51,293282.93,3819.72,3462.36,no,yes
94,-0.558084,0.57679333,-0.007892,293268.16,293280.54,1604.00,1533.14,no,yes
95,-0.345647,0.72961205,-0.004888,293531.77,293538.09,1539.53,987.63,no,yes
96,-1.212710,0.22525948,-0.017150,293282.60,293321.38,1514.90,2815.76,no,yes
97,0.210156,0.83354791,0.002972,293279.43,293274.98,1539.28,1456.70,no,yes
98,-2.770904,0.00559925,-0.039187,293169.02,293257.73,784.77,3103.75,yes,yes
99,0.090123,0.92819000,0.001275,293426.73,293418.83,6347.33,6055.62,no,yes
100,0.543286,0.58693952,0.007683,293563.89,293548.15,2300.31,1761.71,no,yes
101,0.373308,0.70892306,0.005279,293305.82,293285.51,3960.06,3728.93,no,yes
102,-1.097594,0.27239747,-0.015522,293560.22,293612.38,2514.81,4031.70,no,yes
103,0.170581,0.86455519,0.002412,293562.33,293560.25,882.92,844.07,no,yes
104,0.423192,0.67216023,0.005985,293268.06,293246.40,4143.56,3002.06,no,yes
105,0.166282,0.86793682,0.002352,293268.55,293261.09,3394.05,2942.09,no,yes
106,-0.216811,0.82835773,-0.003066,293256.68,293260.97,1298.75,1492.85,no,yes
107,0.521888,0.60175473,0.007381,293347.64,293339.58,1229.23,937.52,no,yes
108,0.888550,0.37425985,0.012566,307161.92,307134.35,2797.52,1342.02,no,yes
109,0.206310,0.83655076,0.002918,293259.80,293249.59,3703.16,3280.32,no,yes
110,0.285691,0.77511787,0.004040,293316.19,293303.02,3493.23,3007.67,no,yes
111,-0.729546,0.46567808,-0.010317,293455.10,293512.35,4224.65,6613.68,no,yes
112,0.589759,0.55535897,0.008340,293352.63,293343.51,1115.08,1072.52,no,yes
113,-1.420413,0.15550758,-0.020088,293404.98,293433.42,970.71,1751.17,no,yes
114,1.745521,0.08091004,0.024685,293229.50,293203.63,1131.51,957.19,no,yes
115,0.609467,0.54222414,0.008619,293494.29,293463.69,4428.03,2366.32,no,yes
116,-0.104478,0.91679145,-0.001478,361906.26,361908.28,1247.20,1469.48,no,yes
117,-1.526236,0.12697263,-0.021584,293246.67,293311.12,1897.12,3773.13,no,yes
118,-1.232819,0.21766187,-0.017435,293277.06,293339.53,2429.36,4446.95,no,yes
119,1.185280,0.23592455,0.016762,293171.80,293149.33,1653.10,927.96,no,yes
120,-0.140351,0.88838388,-0.001985,306173.50,306185.38,6000.57,5969.97,no,yes
121,-0.072150,0.94248294,-0.001020,293286.19,293287.06,900.34,803.77,no,yes
122,-0.343906,0.73092072,-0.004864,293842.48,293847.65,1155.94,963.12,no,yes
123,-0.486586,0.62655732,-0.006881,361875.05,361883.12,1163.68,1184.26,no,yes
124,0.398975,0.68991628,0.005642,293586.66,293550.57,6736.80,6037.01,no,yes
125,0.254992,0.79873206,0.003606,293328.60,293324.70,1055.21,1111.43,no,yes
126,-0.861485,0.38898150,-0.012183,293571.24,293586.18,1124.59,1321.30,no,yes
127,-0.328721,0.74236983,-0.004649,293399.47,293403.62,856.17,927.46,no,yes
128,-0.421035,0.67373413,-0.005954,293590.82,293607.28,2633.19,2887.59,no,yes
129,-0.289822,0.77195565,-0.004099,303966.21,303970.61,1081.19,1063.66,no,yes
130,-1.913084,0.05575335,-0.027055,293390.22,293420.46,894.33,1302.99,no,yes
131,1.414157,0.15733341,0.019999,293593.30,293562.09,1826.98,1238.18,no,yes
132,0.807532,0.41937018,0.011420,390847.31,390830.85,1582.23,1284.81,no,yes
133,-0.565937,0.57144316,-0.008004,293617.55,293649.31,3483.02,4399.02,no,yes
134,-0.239787,0.81049778,-0.003391,293594.16,293599.63,1418.23,1788.34,no,yes
135,1.187717,0.23495962,0.016797,293438.57,293417.20,1380.27,1153.72,no,yes
136,-0.608978,0.54254613,-0.008612,293501.04,293519.31,2053.47,2186.99,no,yes
137,1.637779,0.10148868,0.023162,293702.70,293610.36,4999.87,2605.78,no,yes
138,0.559463,0.57585352,0.007912,293556.86,293542.66,2163.52,1325.73,no,yes
139,1.383270,0.16659799,0.019562,293522.14,293500.84,1162.40,1009.97,no,yes
140,-0.493439,0.62170789,-0.006978,293887.54,293900.15,1760.66,1853.31,no,yes
141,-0.454313,0.64960895,-0.006425,293639.37,293669.83,4270.42,5170.15,no,yes
142,0.753450,0.45118883,0.010655,293427.43,293412.42,1266.33,1538.23,no,yes
143,0.169520,0.86538971,0.002397,293535.16,293530.51,1849.71,2025.87,no,yes
144,0.895152,0.37071659,0.012659,293617.83,293595.62,1794.20,1712.33,no,yes
145,-0.547131,0.58429483,-0.007738,293819.50,293872.99,6264.56,7506.76,no,yes
146,-1.238884,0.21540307,-0.017520,293389.03,293405.91,905.53,1017.32,no,yes
147,-1.560081,0.11876302,-0.022063,295258.97,295337.41,2127.73,4555.13,no,yes
148,0.290914,0.77111991,0.004114,293423.19,293419.56,871.25,893.30,no,yes
149,-0.699371,0.48432859,-0.009891,293270.67,293280.50,944.26,1041.60,no,yes
150,-0.258356,0.79613463,-0.003654,293227.45,293232.22,1275.09,1333.12,no,yes
151,-0.817029,0.41392270,-0.011555,293242.84,293263.46,1479.03,2044.77,no,yes
152,-0.324374,0.74565810,-0.004587,293172.18,293179.60,1596.04,1636.38,no,yes
153,-0.781053,0.43478089,-0.011046,293247.74,293264.44,1328.80,1676.19,no,yes
154,-0.586824,0.55732886,-0.008299,293564.82,293577.65,1381.24,1694.48,no,yes
155,-0.008998,0.99282122,-0.000127,293168.23,293168.39,1357.63,1031.30,no,yes
156,0.854564,0.39280312,0.012085,293293.61,293247.68,4218.32,3330.23,no,yes
157,-0.662951,0.50736994,-0.009376,293237.21,293249.25,1149.82,1404.65,no,yes
158,0.809138,0.41844634,0.011443,293480.89,293440.86,3978.71,2939.69,no,yes
159,-0.263873,0.79188032,-0.003732,293281.20,293293.52,3039.15,3548.37,no,yes
160,-0.942850,0.34577072,-0.013334,293478.60,293496.29,1022.19,1572.70,no,yes
161,-0.728618,0.46624372,-0.010304,293167.89,293182.78,1434.07,1455.81,no,yes
162,-0.285192,0.77549982,-0.004033,306000.52,306013.05,3129.72,3081.20,no,yes
163,0.529596,0.59639847,0.007490,293332.99,293308.07,3820.85,2747.09,no,yes
164,0.859637,0.38999929,0.012157,293638.62,293625.14,1081.82,1134.46,no,yes
165,0.265271,0.79080377,0.003751,293309.38,293295.22,3854.35,3695.38,no,yes
166,0.772297,0.43994780,0.010922,293432.57,293414.90,1699.69,1533.23,no,yes
167,0.283837,0.77653830,0.004014,293576.63,293571.82,1374.04,992.58,no,yes
168,-0.378277,0.70522907,-0.005350,293600.46,293611.54,1964.27,2175.88,no,yes
169,0.845801,0.39767405,0.011961,293384.27,293365.61,1673.39,1436.02,no,yes
170,0.864542,0.38730051,0.012226,293625.79,293603.80,1833.74,1762.20,no,yes
171,-0.438366,0.66112566,-0.006199,293467.41,293490.91,3521.96,4042.67,no,yes
172,1.318943,0.18720438,0.018653,293630.38,293590.49,2427.94,1803.55,no,yes
173,0.055309,0.95589278,0.000782,293445.75,293443.40,3379.07,2588.28,no,yes
174,-0.016561,0.98678686,-0.000234,293362.84,293363.37,2374.43,2145.62,no,yes
175,1.408438,0.15902005,0.019918,293247.38,293210.06,2256.14,1389.39,no,yes
176,1.266972,0.20518678,0.017918,293241.40,293204.39,2668.08,1189.31,no,yes
177,-1.093449,0.27421014,-0.015464,293579.42,293592.74,803.87,916.09,no,yes
178,0.345089,0.73003142,0.004880,293260.59,293246.52,3190.67,2539.57,no,yes
179,-0.194378,0.84588191,-0.002749,293330.40,293339.10,3132.52,3191.87,no,yes
180,0.736433,0.46148002,0.010415,293456.18,293421.29,4387.03,1790.58,no,yes
181,1.306711,0.19132839,0.018480,293267.45,293209.08,3755.27,2419.81,no,yes
182,0.727514,0.46692035,0.010289,293606.17,293574.18,3468.19,2703.88,no,yes
183,0.397608,0.69092377,0.005623,301497.37,301464.47,5946.68,5752.65,no,yes
184,0.625855,0.53141709,0.008851,293609.68,293585.94,2642.76,2722.75,no,yes
185,1.555943,0.11973988,0.022004,293558.48,293533.67,1326.68,884.90,no,yes
186,-0.188941,0.85014137,-0.002672,293174.23,293176.51,806.89,895.72,no,yes
187,0.094258,0.92490521,0.001333,293348.62,293346.54,1589.49,1526.89,no,yes
188,0.470487,0.63801230,0.006654,293672.70,293646.52,4104.79,3757.49,no,yes
189,-0.632687,0.52694543,-0.008948,293349.00,293359.64,1121.75,1251.86,no,yes
190,2.041900,0.04118036,0.028877,293339.30,293284.21,2461.31,1105.52,yes,yes
191,-0.044415,0.96457421,-0.000628,293802.03,293804.21,3460.00,3484.48,no,yes
192,1.739157,0.08202295,0.024595,293620.80,293575.96,1978.86,1652.62,no,yes
193,-0.356868,0.72119473,-0.005047,293780.80,293814.19,6352.46,6871.16,no,yes
194,-0.205518,0.83716931,-0.002906,293347.97,293351.24,1149.63,1099.34,no,yes
195,-0.861504,0.38897195,-0.012184,293471.31,293527.78,3853.36,5303.16,no,yes
196,1.251967,0.21059721,0.017705,293614.49,293583.32,1931.56,1571.29,no,yes
197,-0.021460,0.98287916,-0.000303,293719.10,293720.05,3157.04,3115.27,no,yes
198,-0.103455,0.91760295,-0.001463,293810.46,293819.03,5719.19,5992.14,no,yes
199,0.344673,0.73034394,0.004874,293591.48,293569.72,4711.98,4204.08,no,yes
200,-0.679078,0.49709637,-0.009604,293350.30,293362.39,1167.57,1343.83,no,yes
201,1.717215,0.08595803,0.024285,299071.50,299043.57,1367.17,881.38,no,yes
202,0.036325,0.97102380,0.000514,293408.38,293407.82,1044.20,1132.67,no,yes
203,1.570080,0.11641680,0.022204,293536.95,293454.22,4604.27,2562.68,no,yes
204,-0.230958,0.81734962,-0.003266,293361.97,293374.32,3206.46,4279.90,no,yes
205,1.463173,0.14343629,0.020692,293280.42,293243.01,1966.30,1634.35,no,yes
206,1.084058,0.27835319,0.015331,293513.41,293459.35,3986.28,2995.49,no,yes
207,0.163650,0.87000851,0.002314,293247.08,293244.16,1275.64,1247.67,no,yes
208,-0.124916,0.90059108,-0.001767,293542.41,293548.41,3086.72,3687.50,no,yes
209,2.389548,0.01688060,0.033793,293634.82,293558.16,2774.08,1611.43,yes,yes
210,-1.038776,0.29892186,-0.014691,293182.26,293198.44,1023.84,1173.99,no,yes
211,-0.094780,0.92449087,-0.001340,293413.65,293418.21,2899.88,3842.31,no,yes
212,-0.815429,0.41483733,-0.011532,293335.62,293352.26,1235.65,1623.70,no,yes
213,-1.320706,0.18661852,-0.018678,293258.24,293281.70,871.79,1547.48,no,yes
214,-0.370222,0.71122089,-0.005236,293485.83,293506.88,3835.79,4195.09,no,yes
215,0.102198,0.91860072,0.001445,293231.79,293230.29,1046.96,1029.64,no,yes
216,0.609024,0.54251585,0.008613,293499.29,293483.28,2052.17,1644.63,no,yes
217,0.941627,0.34639691,0.013317,293444.21,293399.03,4045.31,2579.91,no,yes
218,2.796575,0.00517259,0.039550,293583.65,293503.65,2690.96,970.44,yes,yes
219,0.014650,0.98831152,0.000207,293503.39,293502.80,2777.59,2972.48,no,yes
220,0.102218,0.91858456,0.001446,293352.22,293350.55,1160.11,1148.69,no,yes
221,-0.131691,0.89523011,-0.001862,293406.87,293418.28,6061.34,6193.06,no,yes
222,1.115071,0.26483363,0.015769,293264.04,293242.70,1411.68,1291.96,no,yes
223,0.797692,0.42505926,0.011281,293227.53,293206.08,2127.05,1644.93,no,yes
224,-0.808622,0.41874303,-0.011436,293379.97,293399.52,1453.37,1931.76,no,yes
225,-0.234853,0.81432526,-0.003321,293428.51,293433.84,1737.36,1463.32,no,yes
226,-0.310140,0.75645747,-0.004386,293205.36,293212.88,1701.07,1728.70,no,yes
227,-2.183713,0.02900460,-0.030882,293321.33,293431.86,1040.69,4953.47,yes,yes
228,1.104967,0.26918708,0.015627,293321.03,293303.68,1129.70,1090.98,no,yes
229,-0.338575,0.73493387,-0.004788,293506.99,293526.25,3397.25,4562.52,no,yes
230,0.373912,0.70847402,0.005288,293441.78,293432.06,2045.34,1605.82,no,yes
231,-0.286321,0.77463520,-0.004049,293307.94,293316.85,1885.69,2475.18,no,yes
232,0.910644,0.36250086,0.012878,293466.03,293433.84,3348.90,1132.80,no,yes
233,0.956288,0.33893861,0.013524,293432.11,293406.34,2078.68,1714.49,no,yes
234,0.673599,0.50057417,0.009526,293215.64,293204.85,1125.50,1140.03,no,yes
235,0.835184,0.40362421,0.011811,293405.76,293356.24,4485.14,3878.60,no,yes
236,0.711329,0.47688963,0.010060,305989.22,305962.11,3173.75,2110.14,no,yes
237,0.631890,0.52746620,0.008936,293426.87,293414.77,1464.75,1232.78,no,yes
238,-0.793748,0.42735306,-0.011225,293294.14,293309.31,1023.61,1613.51,no,yes
239,-1.204881,0.22826385,-0.017040,293505.41,293519.96,775.82,925.38,no,yes
240,0.906108,0.36488971,0.012814,293174.06,293159.44,1139.04,1141.87,no,yes
241,0.486790,0.62641279,0.006884,293568.63,293559.41,1342.86,1335.71,no,yes
242,0.343600,0.73115066,0.004859,293425.44,293416.15,2063.25,1747.64,no,yes
243,1.451218,0.14673984,0.020523,293468.93,293414.55,3316.55,1744.11,no,yes
244,-0.386700,0.69898256,-0.005469,293417.13,293436.76,3279.94,3874.98,no,yes
245,0.708344,0.47874007,0.010017,293419.28,293396.40,2356.62,2208.63,no,yes
246,0.742293,0.45791960,0.010498,293478.75,293461.65,1879.23,1333.50,no,yes
247,-1.311912,0.18956691,-0.018553,293177.77,293210.93,1425.53,2087.01,no,yes
248,0.100949,0.91959200,0.001428,293577.47,293570.32,4801.78,5200.95,no,yes
249,0.220020,0.82585777,0.003112,294040.35,294036.38,1277.24,1273.51,no,yes
250,-0.345455,0.72975640,-0.004885,293476.14,293493.06,3031.15,3849.04,no,yes
251,-1.895258,0.05807273,-0.026803,293326.06,293352.28,937.91,1017.22,no,yes
252,-0.744420,0.45663195,-0.010528,293291.29,293318.57,2126.98,2984.39,no,yes
253,-0.106209,0.91541752,-0.001502,293409.64,293412.16,1673.61,1692.46,no,yes
254,0.361516,0.71771747,0.005113,293178.07,293169.09,1953.16,1534.89,no,yes
255,0.138263,0.89003365,0.001955,293789.89,293778.07,6144.44,5946.88,no,yes
256,1.872176,0.06120615,0.026477,293549.55,293475.50,3753.03,1247.98,no,yes
257,-0.076894,0.93870869,-0.001087,293325.91,293326.93,943.38,938.46,no,yes
258,0.399980,0.68917589,0.005657,293595.48,293588.92,1181.12,1138.23,no,yes
259,0.239066,0.81105723,0.003381,293740.20,293719.49,6308.11,5933.07,no,yes
260,-0.300766,0.76359592,-0.004253,293373.62,293377.89,873.09,1119.46,no,yes
261,0.168999,0.86579884,0.002390,303263.17,303259.71,1522.30,1368.22,no,yes
262,0.013513,0.98921879,0.000191,293247.56,293246.93,3320.10,3276.30,no,yes
263,-0.258755,0.79582729,-0.003659,361859.92,361867.65,2019.58,2201.89,no,yes
264,-0.618527,0.53623609,-0.008747,308689.69,308701.25,1082.56,1522.69,no,yes
265,1.655701,0.09780075,0.023415,293605.46,293572.39,1675.10,1088.30,no,yes
266,1.704448,0.08831575,0.024105,293228.24,293198.11,1489.43,952.16,no,yes
267,1.263162,0.20654606,0.017864,293538.22,293479.53,3508.49,3045.69,no,yes
268,0.101977,0.91877596,0.001442,293435.37,293432.95,1799.22,1551.87,no,yes
269,-0.124167,0.90118392,-0.001756,293584.52,293586.50,1097.78,1161.91,no,yes
270,0.491064,0.62338693,0.006945,293457.46,293439.94,2778.23,2239.30,no,yes
271,-0.011364,0.99093337,-0.000161,293403.92,293404.15,1202.61,1629.05,no,yes
272,-0.560051,0.57545102,-0.007920,293419.06,293433.67,1698.00,1979.73,no,yes
273,-0.504717,0.61376333,-0.007138,293560.22,293591.78,4512.63,4327.89,no,yes
274,0.136498,0.89142917,0.001930,294476.59,294474.39,1010.32,1258.51,no,yes
275,0.212147,0.83199470,0.003000,293440.94,293434.48,2321.44,1971.27,no,yes
276,0.812773,0.41635812,0.011494,293469.66,293429.78,3821.04,3076.53,no,yes
277,-1.116498,0.26422421,-0.015790,293412.89,293463.07,2562.30,3692.06,no,yes
278,-0.531348,0.59518435,-0.007514,293466.56,293477.36,1177.35,1656.21,no,yes
279,-1.025666,0.30506207,-0.014505,294686.71,294728.79,2590.94,3181.15,no,yes
280,0.388324,0.69778026,0.005492,293465.21,293452.31,2521.90,2165.61,no,yes
281,-0.121490,0.90330453,-0.001718,293937.14,293939.81,1506.98,1593.79,no,yes
282,-0.239665,0.81059276,-0.003389,293394.42,293399.42,1278.01,1649.92,no,yes
283,0.074660,0.94048607,0.001056,293301.02,293299.53,1412.90,1419.69,no,yes
284,1.379424,0.16778272,0.019508,293454.67,293411.59,2657.97,1640.35,no,yes
285,0.277630,0.78129892,0.003926,293293.11,293287.34,1465.57,1471.75,no,yes
286,0.650282,0.51551760,0.009196,293536.38,293527.44,899.91,1039.49,no,yes
287,0.222896,0.82361953,0.003152,293346.97,293340.16,2617.76,1572.68,no,yes
288,-1.441308,0.14951511,-0.020383,293764.49,293804.33,1588.63,2262.01,no,yes
289,-0.307106,0.75876627,-0.004343,293843.77,293852.85,1931.43,2238.55,no,yes
290,0.331854,0.74000368,0.004693,293628.66,293608.94,4821.91,3472.95,no,yes
291,-0.063287,0.94953829,-0.000895,293349.74,293351.33,1901.75,1648.00,no,yes
292,0.030116,0.97597463,0.000426,299085.80,299084.15,3964.82,3792.69,no,yes
293,-0.199209,0.84210111,-0.002817,293246.41,293253.22,2079.76,2715.48,no,yes
294,-0.059765,0.95234352,-0.000845,293340.58,293343.36,3159.21,3405.03,no,yes
295,0.076508,0.93901604,0.001082,293523.13,293521.87,1064.53,1256.60,no,yes
296,1.681164,0.09274965,0.023775,293353.93,293318.90,1763.60,1108.99,no,yes
297,1.619976,0.10525822,0.022910,293497.15,293408.09,4868.42,2553.81,no,yes
298,1.452819,0.14629002,0.020546,293380.87,293358.08,1193.26,1017.87,no,yes
299,2.619646,0.00880915,0.037047,293247.19,293203.17,1325.44,1032.69,yes,yes
300,0.857380,0.39124654,0.012125,293556.97,293530.00,2614.62,1748.16,no,yes
301,-0.480972,0.63054133,-0.006802,293207.93,293219.24,1614.72,1707.03,no,yes
302,-0.782795,0.43375672,-0.011070,293439.59,293459.36,1732.28,1837.11,no,yes
303,0.643285,0.52004671,0.009097,293457.53,293447.45,1136.26,1077.44,no,yes
304,0.619066,0.53588057,0.008755,293450.94,293435.77,1931.57,1509.10,no,yes
305,0.516552,0.60547523,0.007305,293529.76,293517.89,1849.00,1362.68,no,yes
306,-0.098668,0.92140259,-0.001395,293245.99,293248.20,1790.57,1349.66,no,yes
307,0.680154,0.49641507,0.009619,293399.72,293382.81,1954.33,1536.17,no,yes
308,1.106771,0.26840859,0.015652,293447.95,293420.05,2109.72,1380.06,no,yes
309,-0.934348,0.35013881,-0.013214,293227.26,293260.34,1716.66,3096.41,no,yes
310,0.510900,0.60942680,0.007225,293684.43,293657.74,4081.87,3261.22,no,yes
311,0.490181,0.62401092,0.006932,293888.74,293838.92,7399.21,6969.28,no,yes
312,1.172411,0.24104664,0.016580,293235.68,293213.85,1421.82,1202.22,no,yes
313,0.406368,0.68447641,0.005747,293337.43,293314.15,4389.43,3684.44,no,yes
314,-0.071250,0.94319973,-0.001008,305902.90,305903.88,938.21,994.24,no,yes
315,-0.793278,0.42762806,-0.011219,293512.27,293552.91,2506.69,4467.29,no,yes
316,0.392966,0.69434847,0.005557,293467.77,293462.14,960.12,1064.82,no,yes
317,-0.579534,0.56223567,-0.008196,293247.15,293258.99,1345.60,1537.35,no,yes
318,-0.206253,0.83659543,-0.002917,293798.74,293816.66,6079.94,6209.79,no,yes
319,1.075494,0.28216672,0.015210,293277.26,293243.00,2382.51,2114.14,no,yes
320,-1.079993,0.28016072,-0.015273,293222.41,293240.15,868.49,1394.62,no,yes
321,1.225394,0.22044162,0.017330,293549.15,293528.43,1281.63,1103.57,no,yes
322,-0.476068,0.63403133,-0.006733,293407.13,293421.94,2148.85,2248.96,no,yes
323,-0.307462,0.75849531,-0.004348,293303.53,293313.81,1980.28,2694.58,no,yes
324,-1.007260,0.31382934,-0.014245,308683.66,308717.92,1170.97,3193.03,no,yes
325,-0.302457,0.76230659,-0.004277,293320.86,293327.51,1517.17,1591.27,no,yes
326,0.556411,0.57793612,0.007869,361885.01,361870.74,1804.74,1822.66,no,yes
327,0.152915,0.87846696,0.002163,293522.50,293518.98,1676.73,1580.33,no,yes
328,-0.372903,0.70922491,-0.005274,293421.00,293428.50,1204.53,1611.39,no,yes
329,-2.316785,0.02053401,-0.032764,293332.50,293445.73,974.34,4789.23,yes,yes
330,-0.949888,0.34218152,-0.013433,293420.14,293439.33,1202.28,1623.49,no,yes
331,0.834862,0.40380582,0.011807,293486.95,293442.28,4242.22,3259.71,no,yes
332,-1.587284,0.11246920,-0.022448,293196.48,293242.20,1336.53,2551.20,no,yes
333,-0.998460,0.31806991,-0.014120,293222.52,293254.89,1841.24,2668.49,no,yes
334,-0.103621,0.91747144,-0.001465,293180.87,293182.69,1355.84,1106.04,no,yes
335,1.468993,0.14185086,0.020775,302569.90,302541.81,1462.73,1230.90,no,yes
336,1.277076,0.20159074,0.018061,293608.64,293588.22,1221.21,1030.96,no,yes
337,-0.839678,0.40109894,-0.011875,293415.81,293427.56,946.22,1030.42,no,yes
338,0.349527,0.72669727,0.004943,293548.64,293538.85,1976.50,1985.44,no,yes
339,0.479638,0.63148977,0.006783,293341.88,293321.18,3189.89,2905.36,no,yes
340,-1.314559,0.18867586,-0.018591,293548.89,293569.27,841.27,1301.41,no,yes
341,-0.636726,0.52431057,-0.009005,293276.37,293297.37,2142.91,2506.46,no,yes
342,-0.367980,0.71289227,-0.005204,293453.26,293471.40,3478.91,3495.83,no,yes
343,-0.345599,0.72964783,-0.004888,293698.63,293708.14,1886.60,2004.52,no,yes
344,-0.678915,0.49720034,-0.009601,293578.34,293599.85,1869.58,2558.82,no,yes
345,-0.135395,0.89230131,-0.001915,293402.09,293404.33,1248.09,1090.61,no,yes
346,0.598114,0.54977148,0.008459,293479.35,293459.13,2814.21,1874.96,no,yes
347,1.267521,0.20498391,0.017925,293453.07,293427.00,1546.14,1355.81,no,yes
348,0.306496,0.75923009,0.004335,293407.83,293401.98,1293.67,1402.97,no,yes
349,2.106856,0.03514854,0.029795,293379.83,293268.18,4883.44,2057.91,yes,yes
350,-1.984279,0.04723904,-0.028062,293523.35,293548.42,790.72,985.00,yes,yes
351,-0.590001,0.55519693,-0.008344,293357.02,293387.44,3524.95,3763.33,no,yes
352,0.509685,0.61027780,0.007208,293315.06,293297.65,2578.79,2240.75,no,yes
353,0.984500,0.32488309,0.013923,294484.45,294451.30,2754.51,1936.47,no,yes
354,1.383359,0.16657125,0.019564,293539.14,293507.95,1781.98,1382.24,no,yes
355,1.214201,0.22468611,0.017171,293434.13,293411.46,1482.60,1134.96,no,yes
356,-0.402932,0.68700244,-0.005698,293593.19,293613.33,3113.90,3911.66,no,yes
357,0.462630,0.64363489,0.006543,293547.31,293525.42,3557.43,3118.52,no,yes
358,1.572810,0.11577995,0.022243,293566.87,293543.09,1210.34,905.95,no,yes
359,1.266422,0.20537770,0.017910,293650.53,293619.50,1949.65,1483.74,no,yes
360,1.228985,0.21909264,0.017380,293672.39,293642.10,1941.00,1517.87,no,yes
361,-1.001495,0.31660082,-0.014163,293381.95,293434.66,3051.67,4288.37,no,yes
362,-2.502281,0.01234769,-0.035388,293179.57,293216.70,969.99,1123.24,yes,yes
363,-1.240885,0.21466305,-0.017549,293312.04,293327.66,809.43,963.92,no,yes
364,0.092229,0.92651671,0.001304,293329.34,293328.01,1019.80,1011.74,no,yes
365,-1.186060,0.23561328,-0.016773,293476.65,293503.86,1427.08,1796.02,no,yes
366,-1.296621,0.19477677,-0.018337,293585.99,293611.15,1261.93,1474.06,no,yes
367,-0.495762,0.62006853,-0.007011,293307.42,293333.25,3060.91,4216.11,no,yes
368,0.259545,0.79521791,0.003671,293221.34,293215.78,1241.06,1742.55,no,yes
369,-0.645617,0.51853482,-0.009130,293454.88,293467.88,1316.73,1523.43,no,yes
370,-2.222348,0.02628013,-0.031429,293196.32,293309.25,1083.25,4964.61,yes,yes
371,1.304753,0.19199311,0.018452,301072.95,301034.03,2392.78,1781.47,no,yes
372,0.585496,0.55822125,0.008280,293641.17,293611.55,4023.25,3067.20,no,yes
373,-1.074922,0.28242642,-0.015202,293470.01,293493.34,1043.37,1903.19,no,yes
374,0.199183,0.84212195,0.002817,293629.32,293611.64,6613.26,5924.18,no,yes
375,0.056785,0.95471679,0.000803,293412.62,293411.78,1096.24,982.15,no,yes
376,0.627160,0.53056165,0.008869,293366.15,293350.57,1703.83,1807.25,no,yes
377,-1.486667,0.13711972,-0.021025,293540.09,293560.51,828.77,1095.02,no,yes
378,0.699131,0.48447923,0.009887,293256.14,293224.03,3710.71,2705.40,no,yes
379,-1.065107,0.28684034,-0.015063,308660.28,308679.76,1268.23,1317.42,no,yes
380,-0.322497,0.74707964,-0.004561,293317.21,293321.45,879.53,979.22,no,yes
381,-0.578636,0.56284178,-0.008183,293236.98,293256.10,2173.00,2490.88,no,yes
382,0.260871,0.79419440,0.003689,293336.08,293328.51,1994.41,2106.33,no,yes
383,-0.218841,0.82677623,-0.003095,293378.80,293389.80,3240.52,3845.16,no,yes
384,-0.650840,0.51515807,-0.009204,293396.63,293407.26,934.39,1339.96,no,yes
385,-0.643280,0.52005010,-0.009097,294772.75,294801.27,3228.62,3038.75,no,yes
386,-1.666994,0.09553828,-0.023575,294108.32,294177.87,1689.98,3814.05,no,yes
387,0.047262,0.96230527,0.000668,293793.96,293789.78,6165.75,6326.73,no,yes
388,0.624971,0.53199735,0.008838,293596.00,293587.94,939.99,882.95,no,yes
389,0.069490,0.94460039,0.000983,293316.68,293315.57,1281.90,945.78,no,yes
390,-0.631243,0.52788941,-0.008927,293314.49,293343.66,2792.61,3682.99,no,yes
391,0.246377,0.80539321,0.003484,293795.97,293774.66,6223.10,6002.94,no,yes
392,0.132242,0.89479406,0.001870,293638.87,293632.35,3521.87,3454.97,no,yes
393,0.083808,0.93320982,0.001185,293442.98,293438.67,3373.01,3886.45,no,yes
394,0.028778,0.97704183,0.000407,293428.49,293427.85,1540.16,1603.79,no,yes
395,0.131157,0.89565248,0.001855,293419.50,293417.07,1173.07,1433.38,no,yes
396,0.321140,0.74810789,0.004542,293568.83,293563.24,1401.16,1032.39,no,yes
397,0.928754,0.35302792,0.013135,293377.21,293365.44,967.77,818.92,no,yes
398,2.417976,0.01561782,0.034195,293480.12,293430.18,1763.01,1075.36,yes,yes
399,-0.296336,0.76697677,-0.004191,293385.61,293391.93,1355.29,1642.91,no,yes
400,0.351730,0.72504469,0.004974,293310.22,293290.65,4473.23,3306.50,no,yes
401,1.084803,0.27802418,0.015341,293691.99,293637.44,4229.71,2718.83,no,yes
402,1.017640,0.30886273,0.014392,293457.54,293405.29,4178.40,2983.67,no,yes
403,-0.309543,0.75691152,-0.004378,293315.83,293323.88,1645.08,2015.66,no,yes
404,0.739870,0.45938753,0.010463,293392.62,293379.10,1394.49,1180.55,no,yes
405,-0.235699,0.81366830,-0.003333,293306.34,293309.83,1068.33,1029.41,no,yes
406,0.113541,0.90960261,0.001606,293373.29,293369.19,2904.08,2152.47,no,yes
407,-0.156797,0.87540684,-0.002217,293208.03,293211.41,1090.85,1855.28,no,yes
408,-0.000730,0.99941720,-0.000010,293566.75,293566.81,6114.81,6275.23,no,yes
409,1.496879,0.13444298,0.021169,293231.35,293200.35,1733.45,1133.24,no,yes
410,0.105284,0.91615136,0.001489,293514.70,293511.80,1858.27,2034.98,no,yes
411,0.893281,0.37171759,0.012633,293228.82,293215.42,1086.05,1034.66,no,yes
412,0.062310,0.95031651,0.000881,293622.41,293616.93,6315.38,6112.64,no,yes
413,0.950973,0.34162968,0.013449,293575.33,293563.74,850.62,873.82,no,yes
414,-0.701983,0.48270155,-0.009928,293543.18,293558.33,880.14,1970.41,no,yes
415,-0.001086,0.99913316,-0.000015,293387.84,293387.90,3541.94,3932.63,no,yes
416,1.099439,0.27159013,0.015548,293339.94,293323.64,1143.70,943.14,no,yes
417,0.693974,0.48770655,0.009814,293369.58,293360.30,987.62,901.95,no,yes
418,-0.869051,0.38482967,-0.012290,293310.09,293322.47,986.12,1029.25,no,yes
419,1.586553,0.11263432,0.022437,293397.05,293327.13,3861.07,2124.07,no,yes
420,0.601729,0.54736154,0.008510,293418.99,293403.26,1884.95,1811.41,no,yes
421,0.447435,0.65456656,0.006328,293353.91,293332.60,3879.03,2767.11,no,yes
422,-0.128214,0.89798096,-0.001813,293404.45,293406.42,1003.61,1160.86,no,yes
423,0.290731,0.77126034,0.004112,293330.94,293314.49,4183.31,3812.00,no,yes
424,0.109613,0.91271747,0.001550,293702.28,293698.83,2378.41,2053.49,no,yes
425,-0.262284,0.79310530,-0.003709,293556.79,293563.50,1670.67,1937.76,no,yes
426,-0.276119,0.78245949,-0.003905,293323.00,293326.88,988.74,1002.04,no,yes
427,0.460548,0.64512822,0.006513,293533.26,293527.96,862.32,761.09,no,yes
428,0.363003,0.71660627,0.005134,299171.19,299165.83,1113.35,968.27,no,yes
429,0.548145,0.58359951,0.007752,293357.90,293342.08,2395.36,1610.93,no,yes
430,-0.746046,0.45564927,-0.010551,293269.49,293288.45,1470.92,2073.35,no,yes
431,0.174509,0.86146724,0.002468,293508.35,293505.07,1295.68,1363.97,no,yes
432,1.820811,0.06865610,0.025750,293376.94,293326.52,2485.89,1220.18,no,yes
433,-0.911058,0.36227615,-0.012884,293264.61,293294.77,2162.77,2505.83,no,yes
434,0.179538,0.85751732,0.002539,293434.75,293428.62,2686.82,2107.24,no,yes
435,-0.314103,0.75344592,-0.004442,293444.73,293453.96,1978.01,2172.38,no,yes
436,-0.506227,0.61270314,-0.007159,293627.33,293638.74,1444.86,1730.89,no,yes
437,0.238221,0.81171189,0.003369,293566.92,293561.96,1458.21,1487.48,no,yes
438,0.785088,0.43241184,0.011103,293228.76,293214.13,1488.22,1122.56,no,yes
439,-0.355842,0.72196309,-0.005032,293474.57,293486.53,1960.86,2728.73,no,yes
440,-0.083468,0.93348014,-0.001180,293582.45,293586.64,3515.47,3582.72,no,yes
441,1.093871,0.27402590,0.015470,293548.40,293506.99,3064.44,2223.16,no,yes
442,0.810749,0.41752018,0.011466,305809.62,305791.78,1779.12,1294.38,no,yes
443,-1.033254,0.30149989,-0.014612,293410.21,293430.87,1079.28,1683.19,no,yes
444,-0.546139,0.58497655,-0.007724,293224.84,293234.13,1094.49,1300.78,no,yes
445,0.016976,0.98645593,0.000240,293490.82,293490.32,1794.24,2367.60,no,yes
446,0.019141,0.98472912,0.000271,293232.01,293231.74,1039.44,926.36,no,yes
447,-0.943429,0.34547624,-0.013342,293536.30,293562.21,1334.34,2400.17,no,yes
448,-0.101349,0.91927447,-0.001433,293230.14,293233.22,2063.30,2223.15,no,yes
449,0.305972,0.75962947,0.004327,293374.30,293369.21,1187.88,1163.08,no,yes
450,-1.067546,0.28574079,-0.015097,293236.14,293258.43,1083.59,1784.32,no,yes
451,-0.819313,0.41261876,-0.011587,293167.29,293180.32,943.11,1280.42,no,yes
452,-0.463118,0.64328480,-0.006549,293245.11,293253.75,1384.77,1247.95,no,yes
453,0.941082,0.34667427,0.013309,293350.25,293336.29,1075.04,1021.83,no,yes
454,-0.371751,0.71008239,-0.005257,293447.47,293465.61,3435.94,3465.12,no,yes
455,0.754354,0.45064548,0.010668,293609.90,293595.46,1432.84,1269.62,no,yes
456,-1.215764,0.22409002,-0.017193,293169.98,293186.57,843.18,1072.39,no,yes
457,2.261744,0.02373010,0.031986,307437.89,307297.51,5822.22,2150.18,yes,yes
458,-0.432682,0.66525070,-0.006119,293183.06,293190.00,1093.97,1175.54,no,yes
459,0.289633,0.77209985,0.004096,293576.35,293571.91,1128.53,1036.95,no,yes
460,1.055469,0.29122432,0.014927,293482.97,293430.64,3933.87,3018.68,no,yes
461,1.117400,0.26384007,0.015802,293544.38,293479.35,5060.53,2874.70,no,yes
462,0.328477,0.74255462,0.004645,293533.02,293524.43,1891.63,1806.61,no,yes
463,0.041143,0.96718267,0.000582,293504.01,293501.73,4606.09,3085.66,no,yes
464,1.261365,0.20719285,0.017838,293646.54,293622.34,1503.29,1192.37,no,yes
465,-0.335954,0.73690877,-0.004751,293537.87,293542.83,1101.13,985.71,no,yes
466,-0.568056,0.57000355,-0.008034,293327.45,293340.18,1468.28,1692.41,no,yes
467,-2.258616,0.02392677,-0.031942,293329.83,293440.67,1068.94,4789.54,yes,yes
468,0.671916,0.50164500,0.009502,293456.15,293436.49,2271.01,1844.41,no,yes
469,0.465344,0.64169046,0.006581,293228.51,293217.75,1729.13,1535.61,no,yes
470,1.877380,0.06048214,0.026550,293458.63,293424.47,1481.64,1056.07,no,yes
471,0.135366,0.89232405,0.001914,293811.65,293799.43,6384.44,6380.24,no,yes
472,0.369945,0.71142763,0.005232,293454.93,293439.66,3349.04,2414.36,no,yes
473,0.612978,0.53989788,0.008669,293353.34,293343.27,1167.96,1156.69,no,yes
474,0.476200,0.63393807,0.006734,293473.71,293462.53,1330.24,1935.76,no,yes
475,-0.268364,0.78842158,-0.003795,293461.70,293465.46,955.69,1025.21,no,yes
476,0.011132,0.99111808,0.000157,293274.29,293273.71,3383.57,4052.43,no,yes
477,0.214973,0.82979087,0.003040,293428.96,293425.51,1128.44,1142.97,no,yes
478,1.101716,0.27059941,0.015581,293386.72,293362.40,1776.53,1309.84,no,yes
479,0.108357,0.91371349,0.001532,293405.49,293402.60,1848.50,1929.67,no,yes
480,-0.212503,0.83171649,-0.003005,293340.00,293346.92,2205.32,2397.80,no,yes
481,-0.402210,0.68753383,-0.005688,293351.71,293359.76,1413.36,1418.23,no,yes
482,0.346145,0.72923711,0.004895,293433.02,293428.22,1028.97,930.03,no,yes
483,-0.132745,0.89439673,-0.001877,293628.48,293632.38,2127.08,2017.67,no,yes
484,1.048566,0.29439114,0.014829,293313.18,293259.58,4024.64,3151.87,no,yes
485,0.400911,0.68849027,0.005670,293359.64,293353.67,1074.15,1032.81,no,yes
486,1.329018,0.18386049,0.018795,293652.57,293628.79,1530.93,926.06,no,yes
487,0.572543,0.56696042,0.008097,293331.12,293322.02,1182.81,1062.64,no,yes
488,0.822615,0.41073772,0.011634,293545.71,293533.09,1225.30,924.67,no,yes
489,1.648722,0.09922342,0.023316,293633.68,293556.76,3959.62,2467.83,no,yes
490,2.738148,0.00618502,0.038723,293576.23,293529.76,1427.59,918.08,yes,yes
491,1.721308,0.08521178,0.024343,293579.66,293554.29,1185.68,875.36,no,yes
492,-0.836522,0.40287337,-0.011830,293581.86,293621.71,2484.14,4064.88,no,yes
493,0.136085,0.89175541,0.001925,293219.76,293217.21,1426.16,1215.33,no,yes
494,0.383611,0.70127105,0.005425,293406.01,293401.01,932.03,911.77,no,yes
495,-0.821139,0.41157896,-0.011613,293442.39,293460.55,1177.87,1871.87,no,yes
496,-0.626390,0.53106626,-0.008858,293510.25,293524.63,1646.75,1597.86,no,yes
497,-0.695019,0.48705233,-0.009829,293548.94,293579.23,2536.94,3544.38,no,yes
498,0.559008,0.57616256,0.007906,293428.25,293399.07,3905.50,3464.46,no,yes
499,0.124548,0.90088239,0.001761,293320.97,293313.53,4671.91,3712.69,no,yes
500,0.186382,0.85214699,0.002636,293211.20,293206.06,2038.35,1856.66,no,yes
501,-0.621878,0.53402983,-0.008795,293355.77,293386.45,2776.23,4078.20,no,yes
502,0.124083,0.90125058,0.001755,293188.56,293186.56,1184.83,1095.38,no,yes
503,0.173712,0.86209398,0.002457,293597.17,293594.06,1126.86,1393.06,no,yes
504,-0.275445,0.78297749,-0.003895,293412.84,293425.92,3364.44,3354.70,no,yes
505,0.481650,0.63005962,0.006812,293690.48,293648.47,6264.67,6067.39,no,yes
506,1.329332,0.18375517,0.018800,293621.93,293582.90,2386.93,1709.82,no,yes
507,1.125864,0.26023923,0.015922,293456.15,293398.79,4341.82,2664.82,no,yes
508,0.267818,0.78884252,0.003788,293631.28,293617.74,3779.24,3358.78,no,yes
509,0.282574,0.77750664,0.003996,293598.46,293573.17,6397.12,6259.53,no,yes
510,-1.067437,0.28578941,-0.015096,293388.28,293405.26,864.84,1334.67,no,yes
511,-0.991532,0.32143842,-0.014022,293417.47,293433.46,1017.26,1251.84,no,yes
512,-0.916095,0.35963096,-0.012956,293603.84,293651.11,2598.27,4458.31,no,yes
513,-0.604874,0.54526982,-0.008554,293318.86,293332.72,1389.13,1822.32,no,yes
514,1.668859,0.09516288,0.023601,293434.19,293405.66,1402.00,978.82,no,yes
515,-0.020824,0.98338661,-0.000294,293416.62,293417.25,2329.44,1971.65,no,yes
516,-0.090379,0.92798724,-0.001278,293457.03,293462.60,4303.65,4419.31,no,yes
517,-1.003639,0.31556667,-0.014194,293394.37,293417.26,1269.47,1895.09,no,yes
518,0.632891,0.52681225,0.008950,293350.39,293305.16,5607.12,4430.89,no,yes
519,1.144579,0.25240186,0.016187,293368.51,293333.52,2724.28,1386.89,no,yes
520,0.276079,0.78249004,0.003904,293767.97,293752.64,4081.06,3760.88,no,yes
521,0.592484,0.55353358,0.008379,293587.39,293572.37,2051.08,1490.14,no,yes
522,-0.027535,0.97803368,-0.000389,293416.96,293417.91,2472.54,2429.73,no,yes
523,0.115850,0.90777286,0.001638,293381.79,293380.33,894.76,882.95,no,yes
524,0.342892,0.73168316,0.004849,293566.38,293560.88,1194.34,1068.72,no,yes
525,-2.114153,0.03451499,-0.029899,307133.89,307165.29,944.49,1146.23,yes,yes
526,-0.153236,0.87821394,-0.002167,293635.17,293637.42,1079.37,992.96,no,yes
527,1.559024,0.11901081,0.022048,293452.12,293422.10,1675.62,947.49,no,yes
528,-0.066302,0.94713776,-0.000938,293353.66,293356.03,2367.24,2664.63,no,yes
529,0.581121,0.56116526,0.008218,293470.24,293456.18,1676.96,1743.25,no,yes
530,1.342269,0.17952448,0.018983,298994.39,298978.07,936.19,775.89,no,yes
531,-0.036929,0.97054209,-0.000522,293389.74,293391.54,3300.23,3606.49,no,yes
532,0.169793,0.86517477,0.002401,293325.06,293322.88,861.23,948.40,no,yes
533,-0.163173,0.87038361,-0.002308,293465.20,293473.92,3774.99,3780.84,no,yes
534,-0.162274,0.87109187,-0.002295,293404.27,293409.99,2358.65,2623.13,no,yes
535,0.449405,0.65314423,0.006356,293522.24,293502.65,3123.13,3043.22,no,yes
536,-0.235571,0.81376836,-0.003331,293429.41,293435.33,1578.19,1955.25,no,yes
537,-1.105493,0.26896232,-0.015634,293544.23,293581.92,1728.56,2938.72,no,yes
538,1.184591,0.23619318,0.016753,293599.99,293577.90,1294.75,1342.19,no,yes
539,1.181389,0.23746613,0.016707,293595.92,293549.27,3432.20,1953.17,no,yes
540,-0.394791,0.69300299,-0.005583,293647.12,293657.30,1195.17,2285.53,no,yes
541,0.276385,0.78225588,0.003909,293527.48,293523.24,1250.98,891.47,no,yes
542,0.308813,0.75746698,0.004367,293228.62,293223.03,1229.07,1327.91,no,yes
543,-1.551767,0.12073801,-0.021945,293314.26,293346.50,1021.82,1809.37,no,yes
544,-2.151796,0.03143489,-0.030431,293333.25,293424.96,977.96,4148.51,yes,yes
545,-0.958424,0.33786693,-0.013554,293526.85,293552.90,988.10,2532.18,no,yes
546,0.196320,0.84436151,0.002776,294656.64,294654.16,931.47,854.67,no,yes
547,-0.709992,0.47771741,-0.010041,296466.99,296497.35,2705.97,3310.77,no,yes
548,0.390406,0.69624040,0.005521,293372.50,293366.77,1077.73,996.62,no,yes
549,0.007607,0.99393052,0.000108,293426.88,293426.61,2154.16,2715.90,no,yes
550,1.246971,0.21242667,0.017635,293459.04,293399.76,4148.88,2321.60,no,yes
551,0.830620,0.40619993,0.011747,293205.79,293191.05,1501.73,946.45,no,yes
552,0.806105,0.42019189,0.011400,293206.03,293193.89,1065.03,1064.82,no,yes
553,0.326877,0.74376425,0.004623,293597.31,293580.91,3748.29,3332.67,no,yes
554,0.386307,0.69927312,0.005463,293432.04,293416.06,3039.92,2804.96,no,yes
555,-2.119160,0.03409898,-0.029969,293347.21,293437.49,994.56,4142.83,yes,yes
556,1.476398,0.13985719,0.020879,293452.09,293376.35,4484.00,2492.23,no,yes
557,1.364020,0.17258386,0.019290,293401.31,293372.41,1942.53,846.44,no,yes
558,-0.996541,0.31900155,-0.014093,294599.68,294626.64,1447.52,2286.15,no,yes
559,-0.065914,0.94744718,-0.000932,293297.26,293299.38,2103.82,2432.44,no,yes
560,1.209986,0.22629924,0.017112,293338.37,293319.49,1222.02,970.78,no,yes
561,0.802849,0.42207320,0.011354,293760.87,293725.78,3719.69,2294.45,no,yes
562,0.566413,0.57112029,0.008010,293456.97,293444.10,1839.59,1333.20,no,yes
563,-0.877093,0.38044730,-0.012404,293396.75,293435.88,2675.57,3569.15,no,yes
564,-0.540599,0.58879021,-0.007645,293483.93,293533.60,5967.58,6986.36,no,yes
565,-0.148854,0.88167001,-0.002105,293178.82,293183.23,2117.07,2073.35,no,yes
566,-0.327061,0.74362529,-0.004625,293226.83,293237.80,2109.99,2607.81,no,yes
567,0.528741,0.59699098,0.007478,293572.54,293559.25,1647.67,1900.24,no,yes
568,-0.946417,0.34394975,-0.013384,293511.79,293551.10,2192.67,3526.94,no,yes
569,-1.066718,0.28611530,-0.015086,296221.13,296272.62,2377.09,4200.35,no,yes
570,0.181877,0.85568087,0.002572,293366.23,293363.81,930.82,953.86,no,yes
571,1.533385,0.12519703,0.021685,293251.46,293214.27,1626.39,1799.44,no,yes
572,-0.723062,0.46965117,-0.010226,294106.85,294122.72,1313.17,1759.57,no,yes
573,0.070793,0.94356304,0.001001,293545.25,293543.98,1267.74,1266.50,no,yes
574,0.107060,0.91474218,0.001514,293492.28,293490.49,1111.59,1250.30,no,yes
575,1.425969,0.15389440,0.020166,293320.40,293260.27,3429.93,2452.29,no,yes
576,-0.467413,0.64020932,-0.006610,293431.00,293443.39,1912.09,1834.33,no,yes
577,-0.641696,0.52107821,-0.009075,293559.78,293572.55,1193.32,1591.72,no,yes
578,0.334918,0.73769174,0.004736,293279.72,293270.37,2465.09,1310.83,no,yes
579,0.429948,0.66723831,0.006080,293329.35,293322.50,1216.51,1031.40,no,yes
580,-0.049168,0.96078568,-0.000695,293405.63,293406.35,1017.70,1058.01,no,yes
581,1.850546,0.06425464,0.026171,293585.03,293542.90,2024.41,1041.33,no,yes
582,-0.374739,0.70785891,-0.005300,308697.05,308709.86,2295.02,2531.08,no,yes
583,-0.249300,0.80313135,-0.003526,293217.10,293223.85,1871.20,1955.11,no,yes
584,-0.638664,0.52304874,-0.009032,293436.68,293467.85,3400.89,3501.40,no,yes
585,-0.816492,0.41422932,-0.011547,293361.80,293399.06,2649.67,3715.37,no,yes
586,0.196197,0.84445803,0.002775,293313.48,293308.37,1911.60,1769.59,no,yes
587,-1.571902,0.11599279,-0.022230,293315.71,293340.94,821.22,1378.93,no,yes
588,-0.663810,0.50681962,-0.009388,293510.12,293519.72,977.75,1065.08,no,yes
589,2.006477,0.04482161,0.028376,293272.22,293221.11,2171.21,1332.16,yes,yes
590,2.357677,0.01839990,0.033343,293593.28,293556.83,1225.86,942.09,yes,yes
591,2.087779,0.03683484,0.029526,293483.62,293437.89,1957.23,984.25,yes,yes
592,0.042193,0.96634492,0.000597,293515.58,293513.23,3740.89,4128.50,no,yes
593,-0.528264,0.59732172,-0.007471,293443.30,293452.64,1191.42,1305.37,no,yes
594,-0.049191,0.96076750,-0.000696,293377.24,293378.07,1117.09,1262.64,no,yes
595,-0.430687,0.66670034,-0.006091,293562.75,293570.80,1365.43,1275.43,no,yes
596,-0.381829,0.70259250,-0.005400,293324.61,293330.25,1021.42,1068.36,no,yes
597,-0.446585,0.65517957,-0.006316,293549.29,293560.19,1495.68,1930.76,no,yes
598,0.601356,0.54761020,0.008504,293565.15,293540.83,3226.58,2439.54,no,yes
599,0.952160,0.34103016,0.013466,293529.69,293489.31,3661.93,2139.29,no,yes
600,0.383967,0.70100732,0.005430,293468.70,293455.60,2582.76,2227.63,no,yes
601,1.106197,0.26865721,0.015644,293279.26,293245.73,2570.89,1605.14,no,yes
602,0.035766,0.97146911,0.000506,293790.62,293787.46,6377.72,6110.65,no,yes
603,-2.223046,0.02622985,-0.031439,293316.39,293368.99,859.92,2204.43,yes,yes
604,-0.422964,0.67232740,-0.005982,293202.64,293215.31,1458.91,2615.11,no,yes
605,0.531339,0.59519012,0.007514,293346.81,293338.22,1097.26,1187.62,no,yes
606,-1.348610,0.17747945,-0.019072,293541.43,293581.65,1710.33,2443.16,no,yes
607,0.208129,0.83513027,0.002943,293570.03,293562.47,2637.17,2501.44,no,yes
608,-0.633605,0.52634715,-0.008961,293260.33,293274.14,1211.61,1811.76,no,yes
609,0.712332,0.47626786,0.010074,293524.45,293480.66,4614.53,4061.08,no,yes
610,1.287800,0.19783229,0.018212,293438.44,293405.73,2097.28,1432.44,no,yes
611,-0.081931,0.93470213,-0.001159,293241.13,293243.09,1697.19,1692.16,no,yes
612,0.162802,0.87067607,0.002302,293459.62,293451.11,3616.22,3774.31,no,yes
613,0.757086,0.44900701,0.010707,293329.95,293318.56,1098.24,1029.37,no,yes
614,0.315452,0.75242196,0.004461,293342.81,293333.39,2261.71,1951.97,no,yes
615,1.338837,0.18064133,0.018934,293502.52,293438.67,3987.72,2615.64,no,yes
616,0.406702,0.68423140,0.005752,293644.16,293626.83,3199.66,2812.51,no,yes
617,0.227209,0.82026339,0.003213,293443.06,293437.05,1908.24,1833.30,no,yes
618,-0.256319,0.79770774,-0.003625,293400.90,293409.11,1934.78,2551.40,no,yes
619,1.685804,0.09185470,0.023841,293407.96,293367.73,2128.26,1079.56,no,yes
620,-0.242449,0.80843508,-0.003429,293284.14,293287.48,957.57,987.81,no,yes
621,-0.060138,0.95204627,-0.000850,293443.43,293446.53,3826.16,3448.14,no,yes
622,0.632803,0.52686972,0.008949,293510.95,293503.39,885.70,800.38,no,yes
623,-0.067245,0.94638740,-0.000951,293698.90,293705.11,6507.54,6539.50,no,yes
624,0.420254,0.67430476,0.005943,293443.03,293419.97,4074.82,3675.92,no,yes
625,-0.766082,0.44363693,-0.010834,293532.43,293542.38,810.17,1014.56,no,yes
626,-0.523355,0.60073338,-0.007401,294175.25,294182.39,895.05,1028.84,no,yes
627,-0.462202,0.64394181,-0.006537,293417.37,293432.05,1902.18,2545.27,no,yes
628,0.194590,0.84571560,0.002752,293229.30,293225.10,1470.29,1576.28,no,yes
629,0.096436,0.92317542,0.001364,293531.86,293530.03,1010.07,1617.49,no,yes
630,0.610761,0.54136496,0.008637,293185.70,293176.33,1052.73,1114.30,no,yes
631,2.185569,0.02885895,0.030909,293553.51,293500.72,1817.83,1589.90,yes,yes
632,0.849341,0.39570273,0.012011,293498.71,293453.52,4275.60,3166.92,no,yes
633,0.769034,0.44188221,0.010876,293198.76,293181.70,1597.80,1539.06,no,yes
634,0.816674,0.41412624,0.011550,293252.78,293215.08,3892.10,2483.06,no,yes
635,0.342648,0.73186710,0.004846,293600.58,293591.81,1942.78,1668.76,no,yes
636,2.112963,0.03461739,0.029882,293553.15,293518.74,1310.68,966.45,yes,yes
637,-1.303308,0.19248818,-0.018432,293349.37,293372.32,896.36,1515.72,no,yes
638,0.696577,0.48607567,0.009851,293449.79,293439.74,1031.10,1008.83,no,yes
639,0.110709,0.91184838,0.001566,293369.08,293365.37,2142.60,2575.64,no,yes
640,0.458170,0.64683514,0.006480,294565.60,294559.54,1012.69,850.74,no,yes
641,-0.757458,0.44878478,-0.010712,293322.83,293343.30,1688.46,2110.00,no,yes
642,-0.118432,0.90572692,-0.001675,293207.00,293209.19,1309.43,1297.79,no,yes
643,-0.175163,0.86095321,-0.002477,293610.79,293619.60,3569.02,3540.30,no,yes
644,-0.165607,0.86846805,-0.002342,293406.90,293411.21,1823.23,1855.14,no,yes
645,-0.085193,0.93210861,-0.001205,293507.57,293512.18,3869.91,3778.18,no,yes
646,1.362778,0.17297444,0.019273,293222.14,293181.51,2710.03,1243.17,no,yes
647,-0.154101,0.87753193,-0.002179,294656.24,294661.91,2672.81,2533.38,no,yes
648,0.798842,0.42439247,0.011297,295060.25,295025.00,3618.45,2526.81,no,yes
649,-0.612602,0.54014626,-0.008664,294756.97,294767.77,1253.66,1238.52,no,yes
650,1.514462,0.12993023,0.021418,293372.67,293329.19,2564.99,1289.20,no,yes
651,-0.025746,0.97946013,-0.000364,293454.38,293455.66,3384.82,3663.69,no,yes
652,0.650645,0.51528403,0.009202,293543.60,293532.83,1333.37,981.14,no,yes
653,-0.094420,0.92477626,-0.001335,293208.97,293210.94,1433.92,1507.85,no,yes
654,0.237595,0.81219780,0.003360,293398.09,293394.14,1167.88,1183.25,no,yes
655,0.292648,0.76979468,0.004139,293435.48,293425.77,2184.27,2496.78,no,yes
656,-2.523935,0.01161656,-0.035694,293182.61,293250.60,1013.47,2495.52,yes,yes
657,0.086558,0.93102359,0.001224,293732.48,293724.90,6273.45,6116.52,no,yes
658,0.075003,0.94021318,0.001061,293615.06,293611.66,3362.04,3047.91,no,yes
659,-0.815389,0.41485933,-0.011531,293436.32,293451.51,1305.04,1330.78,no,yes
660,1.637459,0.10155081,0.023157,293572.37,293547.68,1150.67,974.82,no,yes
661,2.018997,0.04350144,0.028553,293564.44,293521.94,1639.27,1320.45,yes,yes
662,-0.638541,0.52312912,-0.009030,293384.38,293417.32,3217.19,4032.66,no,yes
663,1.487167,0.13698747,0.021032,293586.57,293560.86,1363.06,1063.54,no,yes
664,0.003005,0.99760259,0.000042,293658.18,293658.12,1176.70,1393.40,no,yes
665,-0.226201,0.82104783,-0.003199,293440.86,293445.99,1290.05,1865.67,no,yes
666,0.358923,0.71965680,0.005076,293336.85,293331.09,1109.05,1160.95,no,yes
667,1.906460,0.05660520,0.026961,293416.85,293382.11,1391.82,1176.64,no,yes
668,-0.391059,0.69575802,-0.005530,293617.30,293622.34,908.18,914.39,no,yes
669,1.318865,0.18723333,0.018652,293359.02,293330.65,1869.93,1062.39,no,yes
670,0.228823,0.81900922,0.003236,293292.27,293282.75,3033.23,2849.94,no,yes
671,0.835104,0.40367040,0.011810,293519.62,293477.32,4107.74,2963.64,no,yes
672,0.110632,0.91190933,0.001565,293577.66,293576.17,854.21,1036.92,no,yes
673,-0.357488,0.72073032,-0.005056,293316.31,293328.74,2073.21,2792.45,no,yes
674,-0.003868,0.99691351,-0.000055,293571.73,293572.08,6315.12,6235.04,no,yes
675,-0.760725,0.44683134,-0.010758,293397.06,293416.69,1465.74,2123.64,no,yes
676,1.269599,0.20424280,0.017955,293333.06,293315.69,1038.34,890.56,no,yes
677,0.886831,0.37518240,0.012542,293567.18,293524.21,4065.78,2636.43,no,yes
678,0.473492,0.63586763,0.006696,293490.01,293483.04,1126.29,948.59,no,yes
679,0.067825,0.94592590,0.000959,293398.11,293395.85,2225.43,2483.98,no,yes
680,1.691903,0.09068215,0.023927,293588.87,293557.89,1515.50,1028.49,no,yes
681,0.708296,0.47877048,0.010017,293604.31,293587.90,1860.20,1379.79,no,yes
682,0.595271,0.55167036,0.008418,293246.97,293219.70,3811.27,2543.14,no,yes
683,-0.835152,0.40364681,-0.011811,293453.08,293477.19,1116.81,2661.80,no,yes
684,-0.734137,0.46287410,-0.010382,293560.36,293572.70,1060.46,1302.89,no,yes
685,-0.257219,0.79701241,-0.003638,293226.11,293236.42,2523.03,3115.25,no,yes
686,0.725670,0.46805072,0.010263,293609.87,293592.21,1980.11,1416.60,no,yes
687,0.062940,0.94981520,0.000890,293484.88,293483.54,1488.58,1514.56,no,yes
688,1.509063,0.13129938,0.021341,293401.40,293378.04,1215.96,958.57,no,yes
689,-0.492904,0.62208574,-0.006971,293396.54,293407.72,1441.28,1752.03,no,yes
690,-0.536906,0.59133870,-0.007593,293561.62,293573.56,1612.11,1531.95,no,yes
691,0.055574,0.95568208,0.000786,293430.76,293427.96,3206.09,3886.89,no,yes
692,-2.224498,0.02613600,-0.031459,293308.25,293426.21,871.69,5230.81,yes,yes
693,0.601205,0.54771058,0.008502,293638.97,293624.49,1793.78,1607.21,no,yes
694,-0.431073,0.66642025,-0.006096,293245.58,293256.82,1730.56,1951.12,no,yes
695,-0.354955,0.72262747,-0.005020,293569.21,293579.81,1578.90,2534.16,no,yes
696,-0.640834,0.52163773,-0.009063,293177.58,293187.06,1008.40,1082.56,no,yes
697,0.456965,0.64770086,0.006462,293422.58,293416.15,1009.49,982.29,no,yes
698,-0.684169,0.49387672,-0.009676,293499.42,293530.60,2781.89,3609.38,no,yes
699,1.396384,0.16261503,0.019748,293517.92,293499.31,1024.94,851.34,no,yes
700,-0.061373,0.95106291,-0.000868,293463.34,293467.47,4890.49,4625.34,no,yes
701,-0.678779,0.49728548,-0.009599,293230.15,293249.81,2009.24,2085.87,no,yes
702,-0.528338,0.59727107,-0.007472,293427.43,293457.25,3438.57,4475.86,no,yes
703,0.904692,0.36564038,0.012794,294878.17,294831.92,4071.24,3091.83,no,yes
704,0.592886,0.55326437,0.008385,293231.36,293220.72,1316.95,1220.34,no,yes
705,-0.032812,0.97382465,-0.000464,298500.84,298517.61,36136.59,36182.49,no,yes
706,0.164733,0.86915602,0.002330,303206.73,303202.05,2130.48,1884.34,no,yes
707,0.445291,0.65611458,0.006297,293463.39,293445.12,3234.89,2523.61,no,yes
708,-2.034693,0.04189989,-0.028775,307117.86,307165.54,1027.51,2105.64,yes,yes
709,1.911603,0.05595103,0.027034,294043.70,293950.98,4626.79,1455.18,no,yes
710,0.681629,0.49548177,0.009640,293557.32,293548.29,982.46,888.26,no,yes
711,0.772842,0.43962620,0.010930,293462.55,293436.14,2804.14,1952.06,no,yes
712,1.691621,0.09073414,0.023923,293342.41,293313.20,1295.41,1142.27,no,yes
713,0.138494,0.88985163,0.001959,293420.40,293417.29,1234.95,1875.77,no,yes
714,-1.280710,0.20031385,-0.018112,296223.42,296262.11,1540.61,2598.39,no,yes
715,1.937433,0.05271705,0.027399,293348.68,293281.22,3364.01,899.13,no,yes
716,-1.669505,0.09503620,-0.023610,293232.45,293318.11,2682.39,4373.67,no,yes
717,-0.554752,0.57907025,-0.007845,293575.05,293583.45,1103.28,1037.27,no,yes
718,-0.181351,0.85609361,-0.002565,293298.04,293301.19,1206.53,1249.52,no,yes
719,-1.692929,0.09048627,-0.023942,293597.00,293664.71,2308.43,3266.15,no,yes
720,0.043587,0.96523370,0.000616,293371.69,293370.72,1356.54,1752.57,no,yes
721,-0.844781,0.39824496,-0.011947,293583.32,293611.02,1779.05,2753.48,no,yes
722,-0.304840,0.76049219,-0.004311,293202.69,293209.74,1075.89,2045.48,no,yes
723,1.153087,0.24888984,0.016307,293279.57,293241.93,2665.55,1884.03,no,yes
724,0.106229,0.91540199,0.001502,293260.19,293257.32,1833.00,1976.71,no,yes
725,0.273348,0.78458851,0.003866,293540.59,293532.47,1940.16,2246.65,no,yes
726,0.197888,0.84313466,0.002799,293430.67,293427.59,1075.07,1129.60,no,yes
727,0.102379,0.91845692,0.001448,293452.24,293450.44,1198.13,1283.39,no,yes
728,-0.142282,0.88685871,-0.002012,293502.52,293508.60,3063.22,2978.92,no,yes
729,0.854671,0.39274451,0.012087,293246.45,293232.58,1299.50,972.31,no,yes
730,0.731196,0.46466967,0.010341,293422.63,293403.80,2161.95,1399.11,no,yes
731,-1.059113,0.28956348,-0.014978,293451.96,293524.43,3607.41,5815.26,no,yes
732,0.036176,0.97114254,0.000512,298469.05,298467.96,2111.89,2164.92,no,yes
733,-0.114418,0.90890757,-0.001618,293393.17,293394.72,980.14,938.81,no,yes
734,0.985607,0.32433890,0.013939,293256.01,293239.35,1350.23,1016.76,no,yes
735,-0.505701,0.61307238,-0.007152,293451.08,293462.43,1303.92,1826.76,no,yes
736,-1.207277,0.22734234,-0.017073,293370.83,293425.16,2418.05,3796.00,no,yes
737,-0.433661,0.66453966,-0.006133,293840.96,293883.30,6507.62,7278.63,no,yes
738,-1.829373,0.06736574,-0.025871,293658.91,293744.13,1831.24,4283.88,no,yes
739,-0.487912,0.62561759,-0.006900,293404.47,293422.06,2239.35,2824.44,no,yes
740,0.144800,0.88487047,0.002048,293414.96,293412.61,1017.42,1262.74,no,yes
741,1.739834,0.08191091,0.024605,302295.34,302209.51,4532.62,1948.51,no,yes
742,1.047102,0.29506693,0.014808,293635.21,293581.80,4209.23,2881.77,no,yes
743,0.152431,0.87884873,0.002156,293616.14,293610.36,2605.80,2755.57,no,yes
744,1.329164,0.18381117,0.018797,293580.21,293553.98,1635.89,1103.88,no,yes
745,0.795762,0.42618213,0.011254,293261.95,293236.02,2785.70,1690.60,no,yes
746,0.502996,0.61497283,0.007113,293596.93,293585.84,1692.71,1412.73,no,yes
747,0.962614,0.33575311,0.013613,293585.86,293572.48,1024.04,940.34,no,yes
748,0.863453,0.38789898,0.012211,293367.36,293352.96,1173.58,1185.04,no,yes
749,1.295791,0.19506246,0.018325,293513.81,293477.69,2045.32,1893.95,no,yes
750,0.496782,0.61934819,0.007026,293203.04,293194.92,1230.67,1074.86,no,yes
751,1.449912,0.14710462,0.020505,293405.03,293362.99,2597.78,1287.24,no,yes
752,-0.907506,0.36415025,-0.012834,293412.38,293426.81,1098.60,1150.21,no,yes
753,0.150158,0.88064165,0.002124,293307.06,293300.03,3227.75,3395.08,no,yes
754,0.903201,0.36643026,0.012773,293513.47,293485.29,2369.23,2030.13,no,yes
755,0.096044,0.92348624,0.001358,293560.15,293557.93,1790.92,1452.69,no,yes
756,0.723978,0.46908745,0.010239,293331.94,293318.80,1274.49,1292.28,no,yes
757,-0.001890,0.99849171,-0.000027,293542.14,293542.18,1581.14,1772.42,no,yes
758,1.442223,0.14925682,0.020396,293583.11,293550.73,1831.09,1299.42,no,yes
759,0.043638,0.96519358,0.000617,293447.88,293445.63,3621.14,3659.22,no,yes
760,-0.141346,0.88759813,-0.001999,293368.66,293370.76,983.64,1114.60,no,yes
761,-0.611647,0.54077803,-0.008650,293564.74,293575.93,1269.88,1316.59,no,yes
762,-0.005647,0.99549403,-0.000080,303283.35,303283.50,1616.37,2085.23,no,yes
763,-0.997361,0.31860466,-0.014105,293367.82,293387.61,958.39,1737.31,no,yes
764,-0.593987,0.55252731,-0.008400,293576.41,293604.38,3148.50,3500.33,no,yes
765,0.177358,0.85922931,0.002508,293464.91,293457.34,3309.63,2698.30,no,yes
766,1.290533,0.19688330,0.018251,293326.93,293303.90,1501.38,965.12,no,yes
767,-0.023572,0.98119460,-0.000333,293538.34,293538.64,769.77,1011.41,no,yes
768,0.473751,0.63568237,0.006700,293446.92,293436.56,1583.48,1506.99,no,yes
769,-0.814325,0.41547310,-0.011516,293338.22,293359.77,1072.13,2419.38,no,yes
770,-0.325937,0.74447552,-0.004609,293464.52,293480.12,3184.34,3573.77,no,yes
771,-0.323754,0.74612793,-0.004579,293326.76,293342.01,3100.61,3546.33,no,yes
772,0.899612,0.36833845,0.012722,293365.20,293343.87,1894.75,1426.55,no,yes
773,0.127219,0.89876837,0.001799,293423.91,293422.40,878.42,805.47,no,yes
774,-0.416169,0.67729072,-0.005886,293370.71,293379.96,1483.79,1652.96,no,yes
775,-0.739687,0.45949858,-0.010461,293352.13,293362.42,899.53,1061.05,no,yes
776,-0.266266,0.79003732,-0.003766,293574.78,293589.03,4123.42,3407.49,no,yes
777,1.272795,0.20310649,0.018000,293371.21,293350.87,1252.11,993.24,no,yes
778,0.147734,0.88255386,0.002089,293526.99,293518.28,4367.19,3966.23,no,yes
779,0.852118,0.39415919,0.012051,293387.50,293369.88,1535.72,1384.38,no,yes
780,0.834015,0.40428327,0.011795,293489.64,293478.77,1031.03,796.32,no,yes
781,0.040590,0.96762308,0.000574,293581.35,293580.65,1224.77,1204.28,no,yes
782,-0.299058,0.76489895,-0.004229,293330.50,293337.47,1557.60,1737.73,no,yes
783,-0.954988,0.33959700,-0.013506,293479.88,293523.52,2590.22,3764.95,no,yes
784,-0.550184,0.58219967,-0.007781,307093.88,307101.48,948.89,1005.37,no,yes
785,-0.629327,0.52914261,-0.008900,293407.74,293436.87,3074.37,3460.40,no,yes
786,-0.512176,0.60853388,-0.007243,293409.52,293421.07,1493.60,1690.85,no,yes
787,0.204317,0.83810760,0.002889,293472.38,293467.48,1830.14,1549.04,no,yes
788,0.337413,0.73580924,0.004772,293481.77,293474.32,1555.90,1569.02,no,yes
789,0.798012,0.42487426,0.011286,308849.87,308812.77,3793.09,2687.22,no,yes
790,-0.749752,0.45341269,-0.010603,293184.41,293195.35,999.83,1062.40,no,yes
791,0.337511,0.73573587,0.004773,293280.38,293275.26,893.54,1225.43,no,yes
792,-0.054194,0.95678138,-0.000766,293410.88,293413.31,3386.70,2947.67,no,yes
793,0.603765,0.54600739,0.008539,293439.66,293419.21,2763.20,1958.43,no,yes
794,-0.063097,0.94968973,-0.000892,293252.17,293253.52,1287.36,1708.92,no,yes
795,-0.299353,0.76467428,-0.004233,293518.59,293532.49,3001.54,3539.39,no,yes
796,0.217673,0.82768644,0.003078,304043.69,304024.75,6294.09,6011.31,no,yes
797,0.509066,0.61071124,0.007199,304026.80,304013.63,1813.57,1844.17,no,yes
798,0.482985,0.62911203,0.006830,307308.92,307299.57,1399.50,1338.03,no,yes
799,0.047391,0.96220191,0.000670,293536.40,293535.55,1383.32,1121.65,no,yes
800,-1.881622,0.05991191,-0.026610,293313.33,293392.41,1222.63,4021.20,no,yes
801,-0.081071,0.93538626,-0.001147,293536.25,293538.85,1776.90,2663.72,no,yes
802,0.655333,0.51226076,0.009268,293605.77,293588.15,1928.89,1873.07,no,yes
803,0.396773,0.69153988,0.005611,293557.48,293549.92,1644.34,964.08,no,yes
804,-0.637933,0.52352475,-0.009022,293626.14,293638.39,1251.36,1456.14,no,yes
805,-0.346789,0.72875336,-0.004904,293325.02,293331.54,1257.77,1394.90,no,yes
806,0.042157,0.96637360,0.000596,293580.51,293579.02,2489.77,2514.56,no,yes
807,1.191351,0.23353090,0.016848,293702.26,293651.97,3370.43,2541.33,no,yes
808,0.226356,0.82092707,0.003201,293280.03,293275.52,1598.74,1192.59,no,yes
809,0.480851,0.63062788,0.006800,293569.71,293561.98,1214.56,1051.21,no,yes
810,-0.214801,0.82992483,-0.003038,293427.13,293432.44,1758.66,1742.73,no,yes
811,-1.562610,0.11816227,-0.022099,293232.04,293255.15,838.72,1217.65,no,yes
812,-0.398272,0.69043401,-0.005632,293232.46,293238.55,981.49,1172.31,no,yes
813,0.756808,0.44917408,0.010703,293496.49,293484.98,1036.16,1113.82,no,yes
814,0.625523,0.53163576,0.008846,293340.04,293307.06,4195.92,3191.07,no,yes
815,0.005385,0.99570373,0.000076,293293.61,293293.33,3442.60,3971.20,no,yes
816,0.601788,0.54732184,0.008511,293451.72,293421.47,3692.25,3410.86,no,yes
817,-0.322828,0.74682858,-0.004565,293224.61,293237.68,2676.71,3036.91,no,yes
818,0.452673,0.65078959,0.006402,294615.87,294595.15,3772.30,2594.20,no,yes
819,0.358894,0.71967874,0.005076,293457.12,293441.85,3445.54,2498.78,no,yes
820,-1.221016,0.22209466,-0.017268,293508.18,293525.31,934.61,1047.14,no,yes
821,0.845976,0.39757802,0.011964,293357.46,293337.65,1963.12,1277.24,no,yes
822,0.292990,0.76953271,0.004144,293233.45,293225.53,1887.04,1938.79,no,yes
823,0.333537,0.73873228,0.004717,293218.50,293213.80,1042.27,947.35,no,yes
824,-1.392110,0.16391433,-0.019687,293675.69,293712.49,842.98,2505.65,no,yes
825,1.114574,0.26504751,0.015762,293621.91,293564.07,4136.14,3133.69,no,yes
826,0.494335,0.62107523,0.006991,293595.20,293585.16,1347.50,1518.76,no,yes
827,0.376387,0.70663371,0.005323,293267.96,293261.04,1431.39,1152.52,no,yes
828,0.189421,0.84976504,0.002679,293222.26,293218.10,1569.26,1541.77,no,yes
829,0.096504,0.92312140,0.001365,293394.06,293391.92,1473.21,1650.91,no,yes
830,-0.377251,0.70599085,-0.005335,293263.31,293272.46,1600.21,1822.62,no,yes
831,-1.726243,0.08432537,-0.024413,293357.49,293442.37,2110.98,4440.96,no,yes
832,0.849099,0.39583763,0.012008,293385.48,293373.27,1171.42,833.87,no,yes
833,-0.230634,0.81760150,-0.003262,293298.35,293311.59,3622.15,4452.04,no,yes
834,0.008253,0.99341501,0.000117,293362.02,293361.91,1064.91,793.37,no,yes
835,-0.558311,0.57663827,-0.007896,293392.20,293421.52,3681.95,3743.37,no,yes
836,0.968868,0.33262397,0.013702,293430.50,293402.34,2343.32,1718.75,no,yes
837,0.203456,0.83878127,0.002877,302592.59,302580.97,4707.27,3234.14,no,yes
838,1.040177,0.29827039,0.014710,293264.49,293240.10,1758.62,1551.01,no,yes
839,0.784210,0.43292633,0.011090,293529.27,293518.70,1042.49,855.89,no,yes
840,1.992176,0.04637040,0.028174,293387.31,293342.50,2020.78,988.88,yes,yes
841,1.157661,0.24702068,0.016372,293368.64,293338.09,2340.97,1219.23,no,yes
842,-0.104613,0.91668388,-0.001479,293408.24,293413.40,3557.18,3414.48,no,yes
843,0.509498,0.61040905,0.007205,293364.43,293356.54,1078.69,1110.85,no,yes
844,-1.156254,0.24759382,-0.016352,293307.03,293338.02,1408.56,2280.80,no,yes
845,-0.970860,0.33162972,-0.013730,293279.30,293291.62,849.63,941.78,no,yes
846,0.801071,0.42310056,0.011329,293375.13,293352.61,2213.70,1731.60,no,yes
847,-0.573949,0.56600857,-0.008117,298602.09,298614.38,1523.12,1504.94,no,yes
848,0.463585,0.64295004,0.006556,293489.23,293463.70,4193.03,3572.23,no,yes
849,0.325197,0.74503571,0.004599,293415.84,293410.06,1457.37,1018.56,no,yes
850,0.118293,0.90583711,0.001673,293867.13,293861.78,3445.16,2931.15,no,yes
851,-0.990054,0.32215994,-0.014001,293522.74,293539.74,1184.60,1242.68,no,yes
852,0.414541,0.67848235,0.005862,293432.63,293409.78,4246.09,3516.62,no,yes
853,0.695665,0.48664860,0.009838,293456.75,293443.77,1615.99,932.06,no,yes
854,0.625520,0.53163731,0.008846,293497.22,293482.46,1763.49,1567.46,no,yes
855,0.529475,0.59648227,0.007488,293461.04,293447.04,2054.11,1665.01,no,yes
856,-0.561597,0.57439864,-0.007942,293491.43,293515.52,2163.23,3702.71,no,yes
857,-1.142835,0.25312122,-0.016162,293180.88,293199.83,1094.39,1245.66,no,yes
858,0.216185,0.82884620,0.003057,303405.82,303400.49,1946.54,1515.55,no,yes
859,-0.321402,0.74790903,-0.004545,293483.54,293499.10,3282.66,3558.32,no,yes
860,-0.925805,0.35455887,-0.013093,293548.11,293562.13,1012.57,1125.99,no,yes
861,0.395983,0.69212162,0.005600,293267.61,293253.61,2521.94,2476.53,no,yes
862,0.142032,0.88705613,0.002009,293447.96,293444.59,1704.81,1653.50,no,yes
863,1.281694,0.19996515,0.018126,293600.32,293566.97,1744.76,1929.82,no,yes
864,-1.762924,0.07793248,-0.024932,307104.19,307150.31,1297.78,2271.32,no,yes
865,0.889240,0.37388541,0.012576,293590.92,293574.93,1430.85,1088.73,no,yes
866,-0.200601,0.84101264,-0.002837,305776.31,305778.96,963.01,903.48,no,yes
867,0.594295,0.55232190,0.008405,293394.08,293382.23,1610.16,1175.94,no,yes
868,1.387065,0.16544586,0.019616,293538.94,293501.04,2550.02,980.89,no,yes
869,-0.502849,0.61507681,-0.007111,293379.35,293404.00,2681.89,4102.62,no,yes
870,0.415888,0.67749615,0.005882,293162.49,293157.18,962.99,839.01,no,yes
871,-0.725795,0.46797376,-0.010264,293456.10,293468.10,1006.19,1310.36,no,yes
872,0.885153,0.37608533,0.012518,293408.13,293395.25,1126.37,920.23,no,yes
873,0.268356,0.78842852,0.003795,293530.12,293516.46,3183.50,3970.00,no,yes
874,0.482036,0.62978604,0.006817,293346.61,293329.86,2610.47,2293.56,no,yes
875,-0.100018,0.92033075,-0.001414,293483.34,293486.45,2036.35,2349.85,no,yes
876,-0.290152,0.77170264,-0.004103,293585.05,293591.77,1664.62,1610.29,no,yes
877,0.563524,0.57308470,0.007969,293525.64,293517.69,1008.99,986.30,no,yes
878,1.279113,0.20087678,0.018089,293483.98,293431.55,3628.27,1905.49,no,yes
879,1.323556,0.18567441,0.018718,293542.17,293494.08,3408.76,1256.20,no,yes
880,-1.046279,0.29544709,-0.014797,293199.71,293220.34,1060.36,1662.41,no,yes
881,-0.084732,0.93247572,-0.001198,293413.05,293415.86,2517.15,2154.67,no,yes
882,-0.527493,0.59785733,-0.007460,293457.78,293465.44,1072.62,980.86,no,yes
883,0.561843,0.57422921,0.007946,293377.91,293365.87,1559.79,1468.98,no,yes
884,1.065870,0.28649714,0.015074,293358.58,293310.20,3775.34,2519.26,no,yes
885,-0.204427,0.83802228,-0.002891,293360.84,293364.36,1208.54,1224.87,no,yes
886,1.132804,0.25731020,0.016020,293473.44,293456.27,1093.16,1050.19,no,yes
887,-1.259545,0.20784903,-0.017813,293525.39,293541.64,788.11,1021.37,no,yes
888,-0.878304,0.37979194,-0.012421,299036.10,299061.78,1491.57,2514.55,no,yes
889,0.593547,0.55282206,0.008394,293338.92,293314.75,3234.27,2472.38,no,yes
890,-0.213221,0.83115714,-0.003015,308767.93,308779.27,3916.23,3601.09,no,yes
891,1.513011,0.13029618,0.021397,293409.19,293367.97,2332.05,1408.02,no,yes
892,0.412727,0.67981071,0.005837,293376.65,293369.13,1279.72,1296.07,no,yes
893,1.551795,0.12072757,0.021946,293260.70,293234.17,1300.29,1110.10,no,yes
894,1.805343,0.07103721,0.025531,293357.96,293328.99,1282.06,964.93,no,yes
895,-0.796325,0.42585340,-0.011262,390954.12,390969.79,1132.41,1609.54,no,yes
896,0.213673,0.83080457,0.003022,293442.52,293435.99,2163.74,2155.81,no,yes
897,0.386231,0.69932992,0.005462,293382.82,293373.25,1892.94,1597.62,no,yes
898,-1.455294,0.14560433,-0.020581,293203.17,293225.40,945.21,1199.78,no,yes
899,1.370195,0.17064411,0.019377,293249.98,293214.92,2157.05,1377.24,no,yes
900,0.358964,0.71962569,0.005077,293656.00,293643.71,2417.85,2423.30,no,yes
901,1.102886,0.27008993,0.015597,293721.06,293679.52,2625.41,2701.31,no,yes
902,1.001887,0.31641102,0.014169,293581.91,293563.60,1450.03,1112.56,no,yes
903,0.552655,0.58050614,0.007816,293459.09,293447.24,1572.51,1459.13,no,yes
904,0.419531,0.67483340,0.005933,293412.11,293403.60,1707.63,1095.26,no,yes
905,0.131636,0.89527365,0.001862,293478.64,293474.20,2463.04,2301.04,no,yes
906,0.584021,0.55921246,0.008259,293390.83,293363.03,3360.77,3372.25,no,yes
907,0.924059,0.35546712,0.013068,294468.13,294454.72,1087.91,960.37,no,yes
908,0.069780,0.94436973,0.000987,361880.75,361879.68,1089.09,1081.07,no,yes
909,-0.244518,0.80683217,-0.003458,293642.08,293645.58,1035.30,990.76,no,yes
910,1.016516,0.30939678,0.014376,293284.39,293231.40,4165.41,3134.19,no,yes
911,0.811322,0.41719351,0.011474,293286.77,293243.86,4660.52,2499.63,no,yes
912,-0.728827,0.46611642,-0.010307,293259.67,293295.24,3013.36,3839.44,no,yes
913,-1.796892,0.07236840,-0.025412,293419.50,293445.06,899.01,1102.09,no,yes
914,-0.893019,0.37185855,-0.012629,293482.89,293502.52,1355.99,1730.53,no,yes
915,0.891588,0.37262507,0.012609,293257.38,293237.25,1796.20,1368.74,no,yes
916,0.066899,0.94666288,0.000946,293630.52,293629.54,989.26,1083.45,no,yes
917,0.215216,0.82960081,0.003044,293571.68,293559.80,4245.17,3529.36,no,yes
918,0.425998,0.67011353,0.006025,293553.31,293544.08,1524.55,1539.42,no,yes
919,-0.658772,0.51004965,-0.009316,293602.01,293629.39,2888.28,2989.30,no,yes
920,0.401942,0.68773069,0.005684,293439.27,293433.02,1071.65,1128.23,no,yes
921,-0.014514,0.98842004,-0.000205,293589.53,293590.04,2493.06,2514.22,no,yes
922,-0.053705,0.95717089,-0.000760,293533.34,293534.52,1610.68,1507.83,no,yes
923,0.352267,0.72464175,0.004982,293275.32,293269.32,1179.26,1227.85,no,yes
924,1.854993,0.06361293,0.026234,293553.12,293520.27,1408.10,1073.81,no,yes
925,-0.092784,0.92607649,-0.001312,293321.53,293324.84,2458.43,2578.56,no,yes
926,-1.122813,0.26153123,-0.015879,293459.32,293497.74,2057.39,2733.88,no,yes
927,-2.450893,0.01426604,-0.034661,293320.22,293438.13,917.82,4722.79,yes,yes
928,0.632312,0.52719090,0.008942,293431.77,293408.82,2916.39,2160.57,no,yes
929,1.127076,0.25973118,0.015939,293457.77,293427.78,2471.80,985.56,no,yes
930,0.402965,0.68697956,0.005699,293675.42,293654.44,4459.57,2684.11,no,yes
931,0.751017,0.45265161,0.010621,293537.11,293505.14,3338.17,2641.95,no,yes
932,0.171816,0.86358389,0.002430,293492.72,293481.00,4899.42,4745.90,no,yes
933,1.220332,0.22235542,0.017258,293459.95,293433.81,1774.79,1199.60,no,yes
934,-1.368541,0.17115829,-0.019354,293504.21,293522.88,946.87,982.74,no,yes
935,1.092861,0.27447156,0.015455,293562.94,293505.13,4600.56,2610.49,no,yes
936,-0.371716,0.71010817,-0.005257,293194.72,293204.44,1934.69,1761.52,no,yes
937,-0.120242,0.90429253,-0.001700,293349.00,293350.85,1111.83,1066.37,no,yes
938,0.596608,0.55077645,0.008437,293234.84,293209.96,3325.92,2515.82,no,yes
939,-0.833002,0.40485509,-0.011780,294666.08,294708.36,2843.28,4204.80,no,yes
940,0.050542,0.95969114,0.000715,293203.71,293202.79,1109.33,1442.68,no,yes
941,-1.579910,0.11414746,-0.022343,293538.81,293623.35,2659.16,4643.89,no,yes
942,-1.818964,0.06893612,-0.025724,308670.91,308703.31,860.21,1559.83,no,yes
943,-0.975118,0.32951499,-0.013790,293314.16,293332.94,1114.45,1569.98,no,yes
944,-0.956043,0.33906537,-0.013520,293273.74,293324.39,2554.99,4640.19,no,yes
945,0.317523,0.75084984,0.004490,293366.11,293361.43,1030.95,1051.67,no,yes
946,0.562910,0.57350231,0.007961,293582.27,293575.65,873.53,787.37,no,yes
947,0.512609,0.60823066,0.007249,293507.01,293493.74,1893.22,1766.21,no,yes
948,-2.337703,0.01941595,-0.033060,293888.51,293938.88,966.25,1925.96,yes,yes
949,-0.933123,0.35076897,-0.013196,293749.19,293763.61,909.84,1249.91,no,yes
950,0.579039,0.56257040,0.008189,293398.20,293389.67,1228.10,810.97,no,yes
951,0.282615,0.77747529,0.003997,299148.82,299135.56,3423.07,3208.61,no,yes
952,-0.197668,0.84330677,-0.002795,293561.05,293578.86,6194.67,6541.18,no,yes
953,-0.608486,0.54287214,-0.008605,293292.12,293320.57,3185.22,3421.87,no,yes
954,0.911490,0.36204828,0.012890,293350.07,293336.22,1161.15,980.49,no,yes
955,-0.304851,0.76048267,-0.004311,293586.20,293602.06,3416.89,3925.35,no,yes
956,0.063238,0.94957738,0.000894,293516.00,293514.64,1551.44,1483.84,no,yes
957,0.179494,0.85755201,0.002538,293303.07,293293.86,3722.68,3530.78,no,yes
958,1.603745,0.10878610,0.022680,293170.64,293151.76,862.54,801.06,no,yes
959,1.080338,0.28000486,0.015278,293510.33,293492.74,1241.87,1052.66,no,yes
960,-1.138160,0.25506886,-0.016096,293633.02,293661.74,1433.66,2076.06,no,yes
961,-1.581371,0.11380930,-0.022364,293576.00,293599.47,980.44,1113.86,no,yes
962,0.405620,0.68502655,0.005736,293545.63,293528.41,3273.16,2702.25,no,yes
963,-0.406160,0.68462970,-0.005744,293362.06,293366.90,921.22,758.07,no,yes
964,-0.564894,0.57215281,-0.007989,293605.38,293615.12,1017.32,1392.69,no,yes
965,-0.219639,0.82615432,-0.003106,293841.89,293864.58,7109.79,7492.51,no,yes
966,-1.208388,0.22691516,-0.017089,293390.43,293459.62,2983.21,4886.64,no,yes
967,-0.780058,0.43536658,-0.011032,293227.00,293251.80,1993.37,2476.86,no,yes
968,-1.250155,0.21125835,-0.017680,293224.93,293251.48,1336.23,1651.02,no,yes
969,-0.077032,0.93859852,-0.001089,293409.11,293415.93,6161.66,6366.28,no,yes
970,0.717294,0.47320206,0.010144,293891.98,293856.82,4058.43,2748.91,no,yes
971,-0.367728,0.71308035,-0.005200,293313.89,293318.29,796.80,891.00,no,yes
972,-0.410979,0.68109251,-0.005812,293581.67,293597.45,2579.04,2843.09,no,yes
973,1.840063,0.06577532,0.026022,293534.43,293497.17,1648.01,1176.60,no,yes
974,0.171318,0.86397582,0.002423,293462.80,293453.58,3715.82,3892.27,no,yes
975,0.420813,0.67389656,0.005951,293608.01,293600.44,1360.36,1178.22,no,yes
976,-0.584400,0.55895772,-0.008265,293588.17,293609.31,2354.32,2745.19,no,yes
977,-0.520772,0.60253169,-0.007365,293424.36,293442.69,2459.42,2517.82,no,yes
978,-1.644268,0.10014376,-0.023253,293601.49,293686.40,2079.96,4726.29,no,yes
979,-0.423114,0.67221710,-0.005984,293542.23,293560.18,2672.43,3292.34,no,yes
980,-0.071014,0.94338763,-0.001004,293819.20,293823.05,3962.70,3698.09,no,yes
981,0.255237,0.79854309,0.003610,293574.94,293570.23,1485.11,1091.96,no,yes
982,0.687522,0.49176202,0.009723,293509.44,293494.96,1493.87,1485.73,no,yes
983,1.030490,0.30279256,0.014573,293419.25,293403.97,1052.18,1045.69,no,yes
984,0.368287,0.71266338,0.005208,293563.13,293558.46,897.28,895.80,no,yes
985,-0.979101,0.32754226,-0.013847,293468.72,293485.61,1093.23,1334.45,no,yes
986,1.738580,0.08212618,0.024587,293579.79,293530.78,2328.70,1588.31,no,yes
987,0.601431,0.54756067,0.008506,294260.66,294234.33,3623.17,2458.01,no,yes
988,-1.411697,0.15806036,-0.019964,303930.33,303962.09,1013.26,2008.08,no,yes
989,0.837609,0.40226038,0.011846,293583.73,293571.20,1050.26,1065.18,no,yes
990,0.608903,0.54259639,0.008611,293216.68,293201.58,2041.05,1407.60,no,yes
991,0.997293,0.31863485,0.014104,293618.78,293592.88,2011.41,1641.99,no,yes
992,-0.618436,0.53629507,-0.008746,293379.41,293389.52,1094.48,1215.15,no,yes
993,-1.120810,0.26238305,-0.015851,293311.63,293332.97,1172.56,1499.41,no,yes
994,0.135122,0.89251716,0.001911,293558.17,293553.89,2340.43,2131.63,no,yes
995,-0.399106,0.68981988,-0.005644,293312.37,293318.43,958.57,1177.89,no,yes
996,1.286708,0.19821125,0.018197,293553.78,293537.78,934.42,821.17,no,yes
997,1.262370,0.20684186,0.017853,293182.90,293139.79,3309.37,841.25,no,yes
998,0.733868,0.46303778,0.010378,293508.08,293486.03,2139.52,2109.73,no,yes
999,-0.354596,0.72289593,-0.005015,293317.66,293327.00,1629.17,2070.09,no,yes
1000,1.368982,0.17102350,0.019360,293631.95,293566.08,4111.95,2498.97,no,yes
1001,-2.036246,0.04174907,-0.028797,303310.10,303400.52,1074.86,4308.38,yes,yes
1002,0.539597,0.58948087,0.007631,293582.62,293574.31,1068.87,1109.63,no,yes
1003,-0.491168,0.62331306,-0.006946,293571.56,293578.31,950.66,992.52,no,yes
1004,0.744451,0.45661243,0.010528,300941.61,300929.72,1229.84,1018.71,no,yes
1005,0.718708,0.47232946,0.010164,293328.77,293285.62,4706.89,3727.51,no,yes
1006,1.776489,0.07566862,0.025123,293495.88,293462.89,1474.15,1129.17,no,yes
1007,-1.172690,0.24093525,-0.016584,293538.94,293567.44,1460.05,1942.84,no,yes
1008,-0.863594,0.38782274,-0.012213,293249.17,293295.50,3082.07,4389.92,no,yes
1009,0.579605,0.56218912,0.008197,293184.50,293172.33,1811.25,1059.37,no,yes
1010,0.404668,0.68572671,0.005723,293418.19,293408.82,1907.66,1311.44,no,yes
1011,1.224906,0.22062512,0.017323,293456.02,293432.08,1420.79,1341.81,no,yes
1012,-0.207891,0.83531646,-0.002940,293472.10,293481.06,2650.14,3396.70,no,yes
1013,-0.633371,0.52649912,-0.008957,293522.80,293532.56,993.53,1179.48,no,yes
1014,-0.290173,0.77168715,-0.004104,293209.73,293220.78,2434.93,2925.97,no,yes
1015,-0.719314,0.47195626,-0.010173,293436.86,293450.58,1141.97,1527.72,no,yes
1016,0.658502,0.51022324,0.009313,293424.35,293410.40,1601.31,1386.21,no,yes
1017,0.577686,0.56348350,0.008170,293312.52,293299.09,1953.14,1260.57,no,yes
1018,-0.720753,0.47107193,-0.010193,293289.79,293323.84,2376.25,4082.72,no,yes
1019,-0.828233,0.40755062,-0.011713,293409.85,293443.93,2073.31,3554.11,no,yes
1020,1.736751,0.08245387,0.024561,293584.25,293497.53,4586.09,1973.66,no,yes
1021,0.597336,0.55029074,0.008448,293400.71,293390.22,1430.93,1018.18,no,yes
1022,0.215409,0.82945097,0.003046,293541.42,293537.94,1193.35,1085.32,no,yes
1023,1.505162,0.13229990,0.021286,293236.44,293205.20,1682.00,1216.27,no,yes
1024,-0.417186,0.67654718,-0.005900,293840.02,293879.49,6462.09,6909.58,no,yes
1025,-0.811623,0.41701941,-0.011478,293257.08,293293.45,2388.34,3792.49,no,yes
1026,1.450545,0.14692610,0.020514,293291.70,293234.46,3410.10,1985.43,no,yes
1027,-0.556650,0.57777288,-0.007872,293775.49,293784.92,1171.79,1223.27,no,yes
1028,0.948528,0.34287211,0.013414,293581.16,293566.19,1124.83,1107.39,no,yes
1029,-0.481275,0.63032669,-0.006806,293559.15,293565.97,1016.69,986.45,no,yes
1030,-0.045319,0.96385365,-0.000641,293572.72,293573.72,1474.47,1623.50,no,yes
1031,0.778754,0.43613518,0.011013,293231.43,293211.97,2095.90,1360.77,no,yes
1032,-0.265123,0.79091781,-0.003749,293446.30,293455.94,2574.98,2571.92,no,yes
1033,1.032310,0.30193984,0.014599,293247.73,293226.52,1564.75,1331.27,no,yes
1034,0.811910,0.41685463,0.011482,293415.10,293380.98,3515.43,2302.43,no,yes
1035,0.330340,0.74114637,0.004672,293365.67,293354.03,2471.32,2512.33,no,yes
1036,0.477991,0.63266220,0.006760,293210.89,293200.70,1656.55,1341.26,no,yes
1037,0.202445,0.83957074,0.002863,293610.31,293602.05,3084.93,2668.26,no,yes
1038,1.306965,0.19124187,0.018483,361942.72,361904.20,2451.80,1634.95,no,yes
1039,1.405563,0.15986952,0.019878,293566.65,293544.53,1128.41,1096.81,no,yes
1040,0.163767,0.86991605,0.002316,293582.82,293575.00,3637.19,3095.59,no,yes
1041,-0.240259,0.81013165,-0.003398,293761.33,293784.43,6666.60,6926.50,no,yes
1042,-0.607037,0.54383336,-0.008585,293316.32,293324.19,925.19,907.86,no,yes
1043,-2.031609,0.04221484,-0.028731,293368.25,293447.25,1232.01,3688.08,yes,yes
1044,0.054126,0.95683500,0.000765,293321.65,293320.97,860.60,901.01,no,yes
1045,-0.304238,0.76095030,-0.004303,293514.85,293523.69,1564.80,2445.65,no,yes
1046,0.890909,0.37298880,0.012599,293581.39,293568.94,1006.87,969.12,no,yes
1047,0.620838,0.53471388,0.008780,293591.91,293575.03,2169.33,1638.51,no,yes
1048,1.626455,0.10386905,0.023002,293591.40,293563.94,1294.79,1083.69,no,yes
1049,0.530612,0.59569367,0.007504,293662.63,293650.86,1638.68,1494.22,no,yes
1050,0.616347,0.53767305,0.008716,293616.57,293584.37,4209.16,3095.70,no,yes
1051,0.495766,0.62006526,0.007011,302530.42,302514.95,2515.59,1846.44,no,yes
1052,-0.342148,0.73224291,-0.004839,293306.31,293312.30,1148.96,1320.92,no,yes
1053,1.221560,0.22189227,0.017275,293678.72,293627.80,3637.95,2034.86,no,yes
1054,-0.845523,0.39783059,-0.011958,293267.60,293283.14,986.63,1550.71,no,yes
1055,1.119259,0.26304326,0.015829,293450.22,293427.73,1513.62,1321.90,no,yes
1056,0.229542,0.81845030,0.003246,293310.14,293307.31,892.57,852.33,no,yes
1057,1.428982,0.15302734,0.020209,293623.57,293587.72,2084.92,1395.58,no,yes
1058,0.193780,0.84635004,0.002740,293607.53,293602.10,2100.57,1847.76,no,yes
1059,0.472412,0.63663792,0.006681,293521.93,293515.73,1009.98,836.22,no,yes
1060,-1.316722,0.18794990,-0.018621,293462.86,293496.68,1364.69,2176.34,no,yes
1061,1.129936,0.25851673,0.015980,293497.35,293472.06,1605.72,1559.18,no,yes
1062,-1.410442,0.15842975,-0.019947,293396.60,293450.82,1788.52,3402.68,no,yes
1063,-1.440345,0.14979417,-0.020370,293247.69,293305.37,1425.81,3742.50,no,yes
1064,0.225991,0.82121090,0.003196,293439.63,293435.33,1625.30,987.03,no,yes
1065,-0.352684,0.72432920,-0.004988,293295.55,293301.70,1075.88,1374.14,no,yes
1066,0.751793,0.45218777,0.010632,296381.96,296339.46,5057.58,2524.00,no,yes
1067,0.421860,0.67313159,0.005966,293437.05,293431.65,930.85,879.17,no,yes
1068,1.519800,0.12857786,0.021493,293456.39,293425.45,1582.89,1280.15,no,yes
1069,-0.895548,0.37050760,-0.012665,390889.56,390909.47,1146.32,1904.23,no,yes
1070,0.150120,0.88067125,0.002123,293178.10,293175.87,1139.83,956.74,no,yes
1071,0.573937,0.56601659,0.008117,293360.04,293353.07,846.27,869.32,no,yes
1072,0.344169,0.73072285,0.004867,293625.41,293620.23,1036.97,1094.53,no,yes
1073,1.741260,0.08165388,0.024625,293243.02,293215.70,1199.30,1011.76,no,yes
1074,-0.825682,0.40899419,-0.011677,293514.43,293541.64,2368.66,2290.74,no,yes
1075,0.168369,0.86629508,0.002381,293378.48,293375.75,1203.75,1080.28,no,yes
1076,-1.448637,0.14746289,-0.020487,293340.79,293385.96,1168.45,2891.12,no,yes
1077,0.421631,0.67329921,0.005963,293406.95,293399.21,1331.68,1260.86,no,yes
1078,0.398756,0.69007736,0.005639,293203.35,293196.19,1418.65,1101.77,no,yes
1079,-0.360651,0.71836416,-0.005100,293220.91,293227.96,1357.24,1409.51,no,yes
1080,0.221191,0.82494609,0.003128,293489.10,293478.24,3693.20,3234.75,no,yes
1081,-0.627190,0.53054449,-0.008870,293511.47,293529.98,1367.14,2614.91,no,yes
1082,0.113760,0.90942895,0.001609,293284.28,293278.44,3672.57,3590.33,no,yes
1083,0.784040,0.43302602,0.011088,293472.48,293459.43,1203.53,1150.16,no,yes
1084,0.309374,0.75704042,0.004375,293454.22,293446.06,1902.53,1824.66,no,yes
1085,-0.429120,0.66784047,-0.006069,293610.33,293615.75,836.88,947.75,no,yes
1086,0.694861,0.48715230,0.009827,293248.40,293227.43,2590.90,1546.04,no,yes
1087,-1.406820,0.15950082,-0.019895,293365.01,293442.45,2637.55,4831.61,no,yes
1088,1.049882,0.29378695,0.014848,293555.37,293519.36,2871.57,1876.10,no,yes
1089,0.884687,0.37633639,0.012511,293465.93,293446.79,1617.43,1437.62,no,yes
1090,0.283904,0.77648661,0.004015,293758.34,293745.89,3349.75,2830.54,no,yes
1091,0.182137,0.85547711,0.002576,293269.54,293264.90,1594.36,1988.70,no,yes
1092,0.680022,0.49650178,0.009617,293414.79,293399.19,2100.69,923.05,no,yes
1093,-1.750353,0.08007694,-0.024754,293194.47,293226.76,906.34,1606.64,no,yes
1094,0.269712,0.78738509,0.003814,293480.34,293470.53,2828.30,2284.52,no,yes
1095,0.162003,0.87130553,0.002291,293581.15,293577.29,1530.00,1825.82,no,yes
1096,-1.224867,0.22064490,-0.017322,293321.70,293348.33,986.50,1936.88,no,yes
1097,0.411292,0.68086304,0.005817,293413.08,293392.53,3842.22,3191.98,no,yes
1098,0.023312,0.98140173,0.000330,293237.79,293237.44,1110.57,1039.43,no,yes
1099,0.170004,0.86500864,0.002404,293710.80,293701.06,3976.12,4125.10,no,yes
1100,1.770048,0.07673818,0.025032,293538.07,293502.11,1756.76,1020.39,no,yes
1101,-0.123934,0.90136853,-0.001753,293516.99,293523.32,3140.85,4030.32,no,yes
1102,1.226106,0.22017481,0.017340,293291.02,293264.37,1778.35,1250.82,no,yes
1103,0.024039,0.98082142,0.000340,293204.88,293204.47,1108.48,1277.52,no,yes
1104,0.843405,0.39901307,0.011928,293263.17,293241.18,2131.89,1499.53,no,yes
1105,0.075669,0.93968338,0.001070,302546.21,302542.67,3470.59,3137.29,no,yes
1106,1.569959,0.11644076,0.022203,293625.30,293598.39,1295.19,1122.64,no,yes
1107,-0.089358,0.92879863,-0.001264,293628.22,293631.92,2795.42,3060.23,no,yes
1108,-0.836610,0.40282186,-0.011831,293424.38,293456.21,2618.91,2759.46,no,yes
1109,0.686515,0.49239669,0.009709,293806.73,293774.01,3645.15,3070.02,no,yes
1110,-1.400397,0.16141110,-0.019805,293308.28,293327.09,803.16,1076.07,no,yes
1111,0.187240,0.85147408,0.002648,293416.69,293413.74,1159.17,1064.44,no,yes
1112,-1.687851,0.09146005,-0.023870,293391.66,293426.25,979.91,1799.98,no,yes
1113,-0.265004,0.79100949,-0.003748,293418.65,293422.82,1146.10,1081.63,no,yes
1114,1.209651,0.22642982,0.017107,293323.63,293265.56,4077.93,2533.72,no,yes
1115,0.165104,0.86886358,0.002335,293387.11,293384.89,925.17,980.39,no,yes
1116,1.825735,0.06790906,0.025820,293221.68,293188.52,1580.98,894.69,no,yes
1117,-0.568389,0.56977733,-0.008038,293551.49,293558.77,942.52,866.81,no,yes
1118,1.464250,0.14314387,0.020708,293535.71,293461.43,4250.59,2769.65,no,yes
1119,-0.259189,0.79549191,-0.003665,293443.03,293456.17,3446.52,3719.44,no,yes
1120,-0.328247,0.74272834,-0.004642,293625.73,293643.12,3514.79,3966.29,no,yes
1121,-0.990884,0.32175602,-0.014013,293171.37,293195.58,1358.22,2030.71,no,yes
1122,-0.303286,0.76167494,-0.004289,293469.74,293484.97,3150.22,3912.59,no,yes
1123,1.208678,0.22680343,0.017093,293554.94,293510.19,3118.13,1996.42,no,yes
1124,0.042899,0.96578270,0.000607,293325.92,293324.08,3432.16,2568.51,no,yes
1125,0.982148,0.32604064,0.013890,293315.54,293291.12,2067.80,1381.15,no,yes
1126,0.840294,0.40075380,0.011884,293499.51,293480.94,1658.28,1460.10,no,yes
1127,1.680716,0.09284358,0.023769,293303.03,293224.08,4448.08,1509.13,no,yes
1128,0.430746,0.66665791,0.006092,390922.58,390914.92,1300.46,1210.38,no,yes
1129,-0.749049,0.45383695,-0.010593,293241.21,293258.23,1359.85,1820.34,no,yes
1130,-0.372358,0.70963032,-0.005266,293417.40,293424.48,1188.51,1484.17,no,yes
1131,0.594068,0.55247430,0.008401,293239.46,293222.12,2379.86,1690.32,no,yes
1132,0.920363,0.35739499,0.013016,293379.35,293365.80,1170.08,894.12,no,yes
1133,0.126971,0.89896454,0.001796,293358.90,293356.85,1156.80,1127.77,no,yes
1134,-1.251624,0.21072282,-0.017701,293434.03,293454.20,962.05,1292.87,no,yes
1135,-1.097007,0.27265283,-0.015514,293428.40,293469.24,2172.51,3023.48,no,yes
1136,0.094190,0.92495894,0.001332,293535.71,293534.47,1016.22,845.74,no,yes
1137,-0.430828,0.66659838,-0.006093,301372.31,301397.77,3717.24,4593.33,no,yes
1138,0.529216,0.59666252,0.007484,293423.04,293413.61,1497.17,965.15,no,yes
1139,-0.088309,0.92963204,-0.001249,293457.12,293463.10,4981.44,4598.90,no,yes
1140,-0.242418,0.80845873,-0.003428,293479.27,293487.48,2010.02,2723.47,no,yes
1141,1.039784,0.29845470,0.014705,293405.35,293336.11,5566.41,3654.26,no,yes
1142,0.394606,0.69313783,0.005581,293248.45,293242.14,1149.67,1110.26,no,yes
1143,0.770461,0.44103777,0.010896,293273.54,293241.40,3585.06,2131.83,no,yes
1144,-0.283078,0.77712028,-0.004003,361874.79,361880.20,1168.97,1511.76,no,yes
1145,0.676956,0.49844172,0.009574,293545.68,293530.56,1674.20,1477.47,no,yes
1146,0.116997,0.90686339,0.001655,293411.15,293404.58,4190.20,3740.79,no,yes
1147,-0.006023,0.99519429,-0.000085,293223.04,293223.15,1348.69,1342.06,no,yes
1148,-0.377918,0.70549568,-0.005345,293423.21,293428.82,1042.83,1055.04,no,yes
1149,0.529159,0.59670111,0.007483,293291.79,293280.44,1510.19,1524.93,no,yes
1150,0.828424,0.40744042,0.011716,293312.14,293301.39,999.98,826.40,no,yes
1151,1.988085,0.04682150,0.028116,293407.46,293346.51,2775.09,1302.16,yes,yes
1152,0.581033,0.56122548,0.008217,293299.81,293286.64,1889.08,1252.82,no,yes
1153,-0.123947,0.90135827,-0.001753,293327.47,293330.64,1652.19,1954.89,no,yes
1154,-0.241702,0.80901343,-0.003418,293285.38,293297.88,3564.57,3745.26,no,yes
1155,0.310780,0.75597135,0.004395,293495.23,293488.11,1699.84,1532.83,no,yes
1156,-1.189457,0.23427420,-0.016821,293509.16,293525.36,933.49,992.77,no,yes
1157,0.636264,0.52461188,0.008998,293591.33,293561.25,3679.49,2967.72,no,yes
1158,-0.738899,0.45997745,-0.010450,293240.84,293261.25,1745.12,2141.19,no,yes
1159,-0.724761,0.46860770,-0.010250,293825.59,293862.22,2954.89,4099.33,no,yes
1160,1.398377,0.16201772,0.019776,293201.30,293177.98,1389.58,921.95,no,yes
1161,-0.135608,0.89213240,-0.001918,293414.25,293419.18,2390.13,2744.23,no,yes
1162,0.692185,0.48882962,0.009789,293353.22,293344.95,897.21,790.47,no,yes
1163,-0.016829,0.98657287,-0.000238,293329.15,293329.96,3552.17,3265.21,no,yes
1164,0.045969,0.96333543,0.000650,293500.18,293498.91,1827.86,2062.33,no,yes
1165,-0.196039,0.84458176,-0.002772,293227.48,293230.85,1259.07,1169.37,no,yes
1166,0.303864,0.76123459,0.004297,294711.30,294701.96,2201.16,2143.06,no,yes
1167,-0.233533,0.81535039,-0.003303,293231.95,293238.77,1553.10,2473.03,no,yes
1168,0.989632,0.32236614,0.013996,293268.39,293250.06,1400.30,1212.03,no,yes
1169,-0.626195,0.53119559,-0.008856,293371.44,293392.93,1834.48,2898.87,no,yes
1170,0.000432,0.99965554,0.000006,293475.34,293475.33,1648.05,1820.00,no,yes
1171,1.185262,0.23593151,0.016762,293289.29,293252.90,2656.35,1539.66,no,yes
1172,0.344943,0.73014221,0.004878,293348.74,293339.23,1198.72,2482.55,no,yes
1173,1.439643,0.14998409,0.020360,293419.24,293396.67,1153.13,1062.28,no,yes
1174,1.634585,0.10215870,0.023117,293411.27,293368.69,2373.34,1072.58,no,yes
1175,-0.069765,0.94438139,-0.000987,303306.56,303308.40,1745.67,1984.29,no,yes
1176,0.175858,0.86040773,0.002487,293300.06,293291.66,3663.54,3068.73,no,yes
1177,0.496061,0.61985708,0.007015,299641.91,299609.51,5251.84,3883.42,no,yes
1178,0.420598,0.67405328,0.005948,293564.44,293558.15,982.59,1126.50,no,yes
1179,-0.477548,0.63297694,-0.006754,293225.97,293243.01,2521.14,2523.91,no,yes
1180,1.201507,0.22957010,0.016992,293350.47,293285.13,4386.21,3215.30,no,yes
1181,-0.024726,0.98027365,-0.000350,293491.34,293492.31,2677.77,2864.16,no,yes
1182,0.238924,0.81116688,0.003379,294858.34,294844.55,4265.80,3885.69,no,yes
1183,-0.018754,0.98503756,-0.000265,293526.38,293527.01,1868.90,2796.55,no,yes
1184,-0.264921,0.79107316,-0.003747,293861.71,293888.03,6727.34,7315.07,no,yes
1185,0.149201,0.88139639,0.002110,293348.20,293344.83,1724.57,1455.70,no,yes
1186,1.695280,0.09004199,0.023975,293305.16,293251.14,2767.25,1579.84,no,yes
1187,0.938603,0.34794604,0.013274,293246.35,293224.43,1757.48,1538.47,no,yes
1188,-0.131885,0.89507652,-0.001865,293674.11,293677.08,1586.19,1600.04,no,yes
1189,-0.095166,0.92418421,-0.001346,293472.02,293474.76,1278.20,2579.19,no,yes
1190,0.903270,0.36639684,0.012774,293463.22,293445.53,1735.52,906.38,no,yes
1191,1.089002,0.27616808,0.015401,293509.33,293474.61,2670.86,1740.32,no,yes
1192,0.217712,0.82765538,0.003079,293470.23,293466.10,1421.96,1261.88,no,yes
1193,-0.241205,0.80939853,-0.003411,293588.21,293595.64,1885.78,2435.98,no,yes
1194,-0.332983,0.73915036,-0.004709,301342.81,301361.00,3788.88,3935.58,no,yes
1195,0.714407,0.47498417,0.010103,293643.07,293631.13,1250.49,1108.71,no,yes
1196,-0.408252,0.68309289,-0.005774,293501.39,293510.91,1675.76,1621.23,no,yes
1197,0.291235,0.77087454,0.004119,293355.50,293351.45,1055.80,904.79,no,yes
1198,-0.315232,0.75258887,-0.004458,293316.09,293320.82,1017.40,1102.97,no,yes
1199,0.267472,0.78910824,0.003783,293431.06,293426.84,1131.65,1098.67,no,yes
1200,0.076875,0.93872413,0.001087,293238.75,293237.41,1093.38,1358.88,no,yes
1201,-0.156402,0.87571782,-0.002212,293239.73,293243.49,1491.03,1889.82,no,yes
1202,0.955570,0.33930610,0.013514,293290.31,293247.85,4067.05,1791.39,no,yes
1203,1.954529,0.05065673,0.027641,293592.86,293559.70,1489.12,813.02,no,yes
1204,0.317520,0.75085231,0.004490,293370.98,293365.23,1313.05,1244.97,no,yes
1205,0.321218,0.74804833,0.004543,293329.74,293317.10,2929.76,2627.93,no,yes
1206,0.993303,0.32057461,0.014047,293553.29,293539.30,1079.34,905.49,no,yes
1207,-1.255758,0.20922152,-0.017759,293558.34,293580.15,903.12,1484.36,no,yes
1208,-0.304440,0.76079581,-0.004305,293336.36,293345.52,1955.36,2285.81,no,yes
1209,-0.440756,0.65939435,-0.006233,293319.34,293325.27,998.48,902.67,no,yes
1210,0.476087,0.63401783,0.006733,293741.18,293723.09,2672.65,2700.37,no,yes
1211,-0.246009,0.80567824,-0.003479,293449.80,293458.06,2596.74,2130.16,no,yes
1212,-0.308755,0.75751121,-0.004366,298446.47,298450.69,972.91,959.32,no,yes
1213,0.704338,0.48123082,0.009961,293247.46,293228.98,1865.90,1844.39,no,yes
1214,0.138870,0.88955427,0.001964,293395.39,293391.32,1756.17,2346.10,no,yes
1215,-0.239356,0.81083217,-0.003385,293411.82,293417.66,1928.23,1499.46,no,yes
1216,-0.787017,0.43128181,-0.011130,293258.91,293272.98,1375.59,1142.00,no,yes
1217,0.360520,0.71846231,0.005099,293256.11,293242.02,3145.36,2320.74,no,yes
1218,0.738863,0.45999946,0.010449,293435.26,293419.35,1660.03,1370.55,no,yes
1219,0.173390,0.86234656,0.002452,293362.04,293357.13,2048.96,1952.90,no,yes
1220,1.033308,0.30147264,0.014613,293485.56,293463.84,1613.09,1347.43,no,yes
1221,0.545675,0.58529546,0.007717,293644.83,293631.77,1706.80,1679.35,no,yes
1222,-0.616443,0.53761022,-0.008718,293361.92,293386.56,2234.95,3313.50,no,yes
1223,-0.360948,0.71814298,-0.005105,293302.97,293309.44,931.09,1531.22,no,yes
1224,0.392181,0.69492861,0.005546,293350.06,293342.31,1494.51,1295.44,no,yes
1225,0.416419,0.67710780,0.005889,305911.89,305898.63,2198.97,2303.76,no,yes
1226,-0.698762,0.48471086,-0.009882,293407.15,293424.37,1270.98,2110.68,no,yes
1227,0.576369,0.56437246,0.008151,293615.97,293598.04,2262.71,2133.63,no,yes
1228,-0.724518,0.46875629,-0.010246,302216.33,302244.30,2841.81,2612.16,no,yes
1229,-0.471891,0.63700986,-0.006674,293217.37,293232.64,2222.75,2349.06,no,yes
1230,0.624493,0.53231104,0.008832,293408.68,293394.81,1498.98,1637.27,no,yes
1231,1.031529,0.30230590,0.014588,293476.07,293436.27,2979.28,2451.72,no,yes
1232,-0.043139,0.96559114,-0.000610,293330.63,293331.19,890.48,917.94,no,yes
1233,-1.586944,0.11254690,-0.022443,293344.49,293427.08,2328.73,4653.86,no,yes
1234,-0.387038,0.69873205,-0.005474,293363.61,293377.37,2570.94,2456.15,no,yes
1235,0.850437,0.39509256,0.012027,293415.64,293401.64,1265.86,1051.45,no,yes
1236,-0.086882,0.93076640,-0.001229,293369.85,293372.74,2357.80,2357.13,no,yes
1237,1.207840,0.22712307,0.017081,293531.42,293513.72,1090.59,978.86,no,yes
1238,-0.516448,0.60554714,-0.007304,293470.36,293494.49,3095.17,3501.80,no,yes
1239,-0.420342,0.67424028,-0.005945,293556.18,293595.08,6496.21,6591.10,no,yes
1240,-0.530312,0.59590194,-0.007500,293623.23,293640.00,2013.21,2437.29,no,yes
1241,-0.087353,0.93039159,-0.001235,293796.51,293798.94,1596.65,2276.29,no,yes
1242,-0.153433,0.87805813,-0.002170,293287.18,293292.64,2287.90,2720.30,no,yes
1243,-0.542863,0.58723054,-0.007677,293433.53,293449.82,1904.99,2320.17,no,yes
1244,0.054513,0.95652734,0.000771,293360.87,293359.45,1827.74,1848.31,no,yes
1245,1.291931,0.19639966,0.018271,293581.53,293551.16,2036.58,1173.58,no,yes
1246,-1.411655,0.15807301,-0.019964,293316.03,293363.99,1487.75,3054.20,no,yes
1247,0.319224,0.74955975,0.004515,293455.74,293448.26,1657.63,1656.26,no,yes
1248,-0.059658,0.95242899,-0.000844,303308.01,303311.50,4013.35,4255.62,no,yes
1249,0.075750,0.93961887,0.001071,293451.49,293449.45,2195.47,1560.58,no,yes
1250,0.197613,0.84334988,0.002795,293531.61,293523.69,3063.60,2584.71,no,yes
1251,-0.319581,0.74928979,-0.004520,293423.60,293434.70,2793.28,2064.37,no,yes
1252,-0.628666,0.52957498,-0.008891,293405.78,293414.86,934.53,1101.39,no,yes
1253,0.289031,0.77256088,0.004088,293429.14,293416.31,3482.69,2751.50,no,yes
1254,-0.807253,0.41953235,-0.011416,293257.39,293289.49,2131.38,3356.61,no,yes
1255,0.395760,0.69228655,0.005597,293460.56,293452.85,1245.32,1497.89,no,yes
1256,0.268115,0.78861328,0.003792,293752.62,293731.95,5593.45,5305.16,no,yes
1257,-1.785180,0.07425046,-0.025246,293392.95,293428.69,1040.31,1710.45,no,yes
1258,-0.316462,0.75165605,-0.004475,293551.48,293560.15,1481.28,2303.72,no,yes
1259,-0.116953,0.90689838,-0.001654,293609.00,293614.91,3705.38,3429.83,no,yes
1260,-1.041795,0.29752116,-0.014733,293251.85,293303.81,2726.68,4175.35,no,yes
1261,1.099602,0.27151864,0.015551,293615.80,293585.18,2031.00,1904.77,no,yes
1262,-0.002056,0.99835994,-0.000029,293489.15,293489.22,2059.23,2210.58,no,yes
1263,-0.794666,0.42681935,-0.011238,293327.83,293364.43,2343.03,3965.56,no,yes
1264,0.385402,0.69994358,0.005450,293656.53,293646.50,1695.19,1973.27,no,yes
1265,-0.442899,0.65784410,-0.006264,293514.55,293528.95,1874.77,2656.69,no,yes
1266,0.307610,0.75838246,0.004350,293571.77,293566.21,1277.11,1279.61,no,yes
1267,1.570354,0.11634947,0.022208,293452.95,293424.83,1413.04,1099.79,no,yes
1268,-1.368974,0.17102876,-0.019360,293213.29,293288.10,2384.03,4916.89,no,yes
1269,2.213406,0.02688126,0.031302,293788.77,293725.07,2200.51,1854.84,yes,yes
1270,0.874309,0.38196041,0.012365,293412.86,293398.01,1214.34,1187.53,no,yes
1271,-0.478009,0.63264966,-0.006760,293825.13,293839.82,1843.26,2457.10,no,yes
1272,-0.335376,0.73734527,-0.004743,293333.14,293348.79,3267.67,3329.81,no,yes
1273,0.335256,0.73743586,0.004741,293340.59,293335.22,1104.98,1158.12,no,yes
1274,1.441328,0.14951431,0.020383,293258.53,293218.83,2504.42,1145.78,no,yes
1275,0.482533,0.62943303,0.006824,293587.75,293575.37,2031.36,1566.66,no,yes
1276,1.011437,0.31182532,0.014304,293375.37,293340.52,3176.46,1336.54,no,yes
1277,0.697738,0.48534964,0.009868,293327.30,293294.94,3638.93,2874.34,no,yes
1278,-1.093137,0.27435089,-0.015459,293748.74,293772.43,1025.23,1909.78,no,yes
1279,0.065344,0.94790101,0.000924,302574.69,302573.57,1123.47,1299.33,no,yes
1280,0.259174,0.79550396,0.003665,293554.26,293544.40,2916.07,2440.77,no,yes
1281,0.147223,0.88295759,0.002082,293635.66,293632.36,1717.52,1442.19,no,yes
1282,-0.307679,0.75833022,-0.004351,293590.04,293600.21,1935.06,2677.29,no,yes
1283,0.993150,0.32064901,0.014045,293343.74,293326.97,1227.69,1159.21,no,yes
1284,0.539622,0.58946396,0.007631,293597.11,293582.38,1812.71,2039.56,no,yes
1285,0.076641,0.93891019,0.001084,293305.69,293302.27,2911.30,3386.88,no,yes
1286,-0.039710,0.96832487,-0.000562,293260.92,293261.87,1614.29,1768.36,no,yes
1287,2.208237,0.02723920,0.031229,293232.29,293200.15,1090.80,963.10,yes,yes
1288,0.201377,0.84040606,0.002848,293418.70,293415.64,1064.51,1084.21,no,yes
1289,0.459195,0.64609954,0.006494,293718.33,293692.55,4254.19,3663.21,no,yes
1290,-1.406428,0.15961298,-0.019890,293383.39,293400.31,777.13,918.35,no,yes
1291,0.010274,0.99180265,0.000145,293523.58,293523.01,3945.04,3882.73,no,yes
1292,-0.345288,0.72988143,-0.004883,293433.86,293440.17,1297.56,1284.95,no,yes
1293,0.537349,0.59103292,0.007599,293384.00,293352.16,4415.00,3950.82,no,yes
1294,0.027411,0.97813242,0.000388,293562.58,293562.18,1109.82,992.44,no,yes
1295,-0.042242,0.96630616,-0.000597,293510.39,293512.67,3720.41,3903.85,no,yes
1296,-0.756769,0.44919943,-0.010702,293498.94,293515.89,1091.11,1955.95,no,yes
1297,-1.986411,0.04700919,-0.028092,293257.16,293356.35,1736.38,4682.13,yes,yes
1298,-0.024133,0.98074646,-0.000341,293307.81,293308.18,1111.44,1016.55,no,yes
1299,0.613744,0.53939159,0.008680,293376.59,293366.11,1216.64,1198.57,no,yes
1300,1.000997,0.31684063,0.014156,293566.30,293550.68,1203.39,993.38,no,yes
1301,-1.090049,0.27571170,-0.015416,293408.13,293439.54,1054.61,2681.74,no,yes
1302,0.307697,0.75831631,0.004351,293447.02,293437.15,2246.52,2286.88,no,yes
1303,-1.139253,0.25461328,-0.016111,293608.94,293669.75,2964.15,4439.18,no,yes
1304,0.113292,0.90980007,0.001602,293185.89,293184.26,1095.06,932.38,no,yes
1305,-0.833716,0.40445163,-0.011791,293456.37,293471.11,1117.19,1370.08,no,yes
1306,-0.302516,0.76226159,-0.004278,293266.43,293273.90,1647.51,1838.83,no,yes
1307,-0.321570,0.74778225,-0.004548,293290.52,293308.62,3505.92,4406.36,no,yes
1308,-1.181116,0.23757187,-0.016704,294476.17,294492.28,804.24,1101.93,no,yes
1309,0.852257,0.39408230,0.012053,293562.01,293551.32,969.81,796.41,no,yes
1310,0.302549,0.76223701,0.004279,293685.04,293667.51,4696.37,3395.06,no,yes
1311,0.498659,0.61802531,0.007052,293265.25,293247.85,2604.26,2324.64,no,yes
1312,0.115030,0.90842263,0.001627,293525.32,293523.42,1076.96,1244.21,no,yes
1313,0.731748,0.46433160,0.010348,293277.41,293267.96,1032.24,776.26,no,yes
1314,0.177315,0.85926312,0.002508,293459.61,293450.01,3934.91,3713.48,no,yes
1315,0.307104,0.75876708,0.004343,293506.81,293499.94,1581.32,1582.95,no,yes
1316,-0.081657,0.93492051,-0.001155,293605.65,293606.81,1035.91,983.14,no,yes
1317,0.528396,0.59723061,0.007473,293294.80,293278.00,2540.07,1912.98,no,yes
1318,1.536244,0.12449839,0.021726,293372.28,293316.75,3133.89,1801.43,no,yes
1319,-1.280820,0.20027415,-0.018114,293726.66,293802.99,3299.45,4962.31,no,yes
1320,1.301076,0.19325031,0.018400,293541.72,293481.89,3910.22,2421.03,no,yes
1321,-0.523648,0.60052952,-0.007405,293773.04,293783.30,1315.01,1451.12,no,yes
1322,0.540019,0.58919099,0.007637,293332.72,293301.57,4813.55,3175.67,no,yes
1323,-1.012958,0.31109541,-0.014325,293512.11,293566.26,2694.87,4617.01,no,yes
1324,-0.363026,0.71658920,-0.005134,293468.59,293485.05,3216.83,3197.21,no,yes
1325,1.074417,0.28264950,0.015195,293456.09,293409.59,3353.41,2736.48,no,yes
1326,0.420254,0.67430414,0.005943,293467.83,293452.73,2452.88,2627.79,no,yes
1327,0.853450,0.39341988,0.012070,293466.52,293419.05,3966.83,3898.73,no,yes
1328,2.197064,0.02803044,0.031071,293940.38,293823.74,4630.44,2596.94,yes,yes
1329,0.625398,0.53171802,0.008844,293298.65,293281.66,2202.78,1590.49,no,yes
1330,1.396509,0.16257960,0.019750,293290.86,293231.02,3612.03,2305.08,no,yes
1331,-0.944403,0.34497558,-0.013356,303254.31,303307.25,3547.94,4339.01,no,yes
1332,-0.382215,0.70230604,-0.005405,293499.97,293513.97,2253.78,2887.78,no,yes
1333,0.383060,0.70167948,0.005417,293463.47,293452.14,2142.55,2041.12,no,yes
1334,-0.270034,0.78713693,-0.003819,293296.04,293305.57,2649.24,2332.39,no,yes
1335,-0.272811,0.78500153,-0.003858,293604.50,293612.44,2101.24,2014.24,no,yes
1336,-0.134394,0.89309250,-0.001901,293470.39,293474.23,2015.12,2023.88,no,yes
1337,-0.014107,0.98874491,-0.000200,293438.62,293439.14,2534.40,2646.34,no,yes
1338,0.258565,0.79597361,0.003657,293452.87,293446.12,2040.36,1629.59,no,yes
1339,-0.427236,0.66921199,-0.006042,293568.15,293575.07,1141.51,1150.32,no,yes
1340,0.091290,0.92726350,0.001291,293280.50,293278.03,1634.35,2159.45,no,yes
1341,0.935314,0.34963820,0.013227,293343.01,293329.50,1078.12,961.55,no,yes
1342,0.915820,0.35977259,0.012952,293225.88,293214.81,888.76,818.99,no,yes
1343,0.220105,0.82579178,0.003113,293536.47,293529.49,2402.89,2065.72,no,yes
1344,0.634841,0.52553981,0.008978,293239.81,293222.33,2178.58,1684.41,no,yes
1345,-0.399321,0.68966074,-0.005647,293404.00,293416.26,2092.62,2245.07,no,yes
1346,2.348249,0.01887537,0.033209,293688.79,293593.00,3674.78,1770.34,yes,yes
1347,-0.330454,0.74106086,-0.004673,293466.67,293474.46,1846.15,1465.86,no,yes
1348,0.343144,0.73149405,0.004853,293572.11,293566.22,1166.20,1258.85,no,yes
1349,-0.120849,0.90381164,-0.001709,293188.60,293190.77,1119.41,1398.06,no,yes
1350,0.687987,0.49147065,0.009730,293386.12,293352.00,4268.67,2524.35,no,yes
1351,0.481307,0.63030357,0.006807,293427.33,293402.26,3892.31,3461.30,no,yes
1352,0.192415,0.84741916,0.002721,293343.66,293338.97,1675.03,1775.28,no,yes
1353,0.613059,0.53984532,0.008670,305919.24,305907.58,1577.33,1061.33,no,yes
1354,0.837499,0.40232428,0.011844,293578.40,293546.06,3333.95,1948.58,no,yes
1355,-0.190583,0.84885443,-0.002695,293543.93,293549.90,2442.14,1961.26,no,yes
1356,-0.371505,0.71026544,-0.005254,293344.17,293354.70,1899.91,2101.73,no,yes
1357,0.278722,0.78046089,0.003942,293360.39,293354.12,1735.14,1427.63,no,yes
1358,0.135876,0.89192077,0.001922,293235.83,293232.96,1511.95,1468.41,no,yes
1359,0.269587,0.78748060,0.003813,293356.26,293349.49,1802.30,1751.24,no,yes
1360,1.040808,0.29797879,0.014719,293285.97,293231.28,4349.12,2948.75,no,yes
1361,-0.461971,0.64410742,-0.006533,305831.99,305847.47,1936.89,2734.33,no,yes
1362,-1.075889,0.28198986,-0.015215,293370.95,293389.71,1172.84,1289.83,no,yes
1363,0.364493,0.71549376,0.005155,293573.87,293556.87,3280.32,3316.61,no,yes
1364,0.577126,0.56386188,0.008162,293316.39,293303.29,1863.04,1295.66,no,yes
1365,-0.531700,0.59493979,-0.007519,293581.14,293590.95,1203.48,1399.92,no,yes
1366,-0.133183,0.89405031,-0.001883,293377.28,293384.26,3677.73,3733.11,no,yes
1367,0.197780,0.84321926,0.002797,293419.50,293416.46,1094.50,1079.68,no,yes
1368,1.694566,0.09017350,0.023965,293310.34,293278.69,1400.33,1235.25,no,yes
1369,0.960346,0.33689286,0.013581,293442.33,293422.86,1458.47,1408.37,no,yes
1370,0.655243,0.51231975,0.009267,293454.64,293425.48,3595.71,2621.99,no,yes
1371,-1.274267,0.20259058,-0.018021,293722.33,293756.04,1057.21,2424.97,no,yes
1372,-0.245181,0.80631885,-0.003467,293344.49,293352.59,2486.02,2178.26,no,yes
1373,-0.644667,0.51915056,-0.009117,293567.24,293586.89,2190.61,2121.27,no,yes
1374,0.139436,0.88910717,0.001972,293251.60,293248.04,1712.21,1887.72,no,yes
1375,-0.066378,0.94707788,-0.000939,293379.68,293381.09,1789.05,1162.18,no,yes
1376,-0.311012,0.75579456,-0.004398,293393.13,293397.38,991.05,942.88,no,yes
1377,-0.210514,0.83326878,-0.002977,293296.18,293304.41,2719.26,2808.39,no,yes
1378,-0.260373,0.79457865,-0.003682,293543.18,293548.99,1417.37,1723.89,no,yes
1379,0.231697,0.81677571,0.003277,293622.00,293613.89,2471.56,2483.30,no,yes
1380,-0.027161,0.97833161,-0.000384,293523.81,293524.77,2311.47,2692.84,no,yes
1381,0.232292,0.81631336,0.003285,300073.61,299975.55,28089.32,31507.71,no,yes
1382,-0.119113,0.90518686,-0.001685,293429.68,293432.45,1686.49,1605.69,no,yes
1383,-0.997746,0.31841456,-0.014110,293447.81,293481.62,2286.11,2501.57,no,yes
1384,0.107191,0.91463827,0.001516,293371.62,293369.56,1305.72,1416.71,no,yes
1385,-0.434432,0.66397956,-0.006144,293635.56,293655.74,2831.66,3681.98,no,yes
1386,-0.640056,0.52214684,-0.009052,293558.62,293576.19,1080.87,2523.34,no,yes
1387,0.857768,0.39103351,0.012131,293677.67,293653.46,2443.21,1413.51,no,yes
1388,1.108772,0.26754448,0.015680,293634.03,293597.72,2789.79,1714.79,no,yes
1389,0.241932,0.80883580,0.003421,293220.08,293215.07,1743.45,1116.93,no,yes
1390,0.033915,0.97294547,0.000480,293521.06,293519.66,2968.28,2839.81,no,yes
1391,-2.011783,0.04426286,-0.028451,293209.56,293256.69,898.79,2163.45,yes,yes
1392,0.523562,0.60058887,0.007404,293171.13,293164.06,931.64,975.59,no,yes
1393,0.979834,0.32718077,0.013857,293452.07,293399.29,4340.25,3190.15,no,yes
1394,0.892359,0.37221187,0.012620,307247.02,307228.74,1634.78,1234.13,no,yes
1395,0.455379,0.64884231,0.006440,293629.13,293618.99,1839.27,1257.16,no,yes
1396,-1.378926,0.16794364,-0.019501,293437.23,293479.46,888.44,2930.96,no,yes
1397,-0.856942,0.39148793,-0.012119,293439.35,293462.42,1658.29,2119.95,no,yes
1398,2.048057,0.04057489,0.028964,293408.86,293348.30,2772.19,1028.72,yes,yes
1399,0.459105,0.64616400,0.006493,293499.24,293479.98,3241.82,2662.53,no,yes
1400,0.105964,0.91561227,0.001499,293533.16,293530.63,1573.60,1788.02,no,yes
1401,-0.526204,0.59875333,-0.007442,293460.72,293479.71,1923.42,3053.85,no,yes
1402,0.736682,0.46132447,0.010418,293202.09,293190.45,1130.86,1104.79,no,yes
1403,0.503031,0.61494880,0.007114,293370.85,293349.06,3656.33,2323.64,no,yes
1404,-1.119100,0.26311235,-0.015826,293293.41,293323.36,1579.78,2159.85,no,yes
1405,0.302889,0.76197781,0.004283,293368.56,293364.02,1050.48,1071.19,no,yes
1406,1.710398,0.08721707,0.024189,293599.86,293512.37,4813.97,1730.10,no,yes
1407,-1.264439,0.20609251,-0.017882,293547.10,293574.27,952.13,1926.02,no,yes
1408,0.002648,0.99788730,0.000037,293518.18,293518.09,1867.26,2475.23,no,yes
1409,-0.266020,0.79022681,-0.003762,293162.67,293168.88,1892.59,1364.80,no,yes
1410,0.101928,0.91881484,0.001441,293365.58,293363.16,1758.76,1584.66,no,yes
1411,0.781172,0.43471085,0.011047,293559.54,293548.35,950.87,1072.14,no,yes
1412,0.257413,0.79686292,0.003640,293260.64,293253.23,1990.40,2079.69,no,yes
1413,1.803917,0.07126711,0.025511,293618.81,293540.86,4004.01,1624.92,no,yes
1414,1.136425,0.25579338,0.016071,293461.46,293400.20,4253.54,3311.91,no,yes
1415,-0.052825,0.95787210,-0.000747,293447.58,293451.91,5661.57,5927.05,no,yes
1416,-0.711276,0.47692158,-0.010059,293371.03,293385.52,1461.76,1419.03,no,yes
1417,2.540565,0.01108109,0.035929,293599.51,293470.78,4956.09,1054.24,yes,yes
1418,-0.164472,0.86936120,-0.002326,293477.33,293483.88,2554.54,3058.11,no,yes
1419,0.928590,0.35311317,0.013132,293450.59,293421.55,2425.41,1973.99,no,yes
1420,1.934869,0.05302144,0.027363,293389.06,293355.04,1400.26,1063.29,no,yes
1421,-0.094943,0.92436087,-0.001343,293599.56,293601.25,1254.09,1255.33,no,yes
1422,0.098320,0.92167897,0.001390,293595.13,293589.97,4215.55,3132.03,no,yes
1423,1.833632,0.06672421,0.025931,293355.41,293326.57,1227.66,984.01,no,yes
1424,2.242179,0.02496442,0.031709,293401.11,293347.69,2119.26,1087.95,yes,yes
1425,-1.387973,0.16516154,-0.019629,293394.36,293417.00,1021.90,1271.36,no,yes
1426,0.108608,0.91351470,0.001536,293568.66,293565.77,1370.98,2284.66,no,yes
1427,0.922617,0.35621809,0.013048,293350.06,293335.94,1088.25,1077.42,no,yes
1428,-0.871772,0.38334355,-0.012329,293435.87,293450.64,1089.25,1297.74,no,yes
1429,-0.048727,0.96113732,-0.000689,293235.48,293237.30,3011.17,2219.61,no,yes
1430,-0.841553,0.40005342,-0.011901,293327.36,293353.05,1179.30,2816.14,no,yes
1431,0.050165,0.95999165,0.000709,293320.16,293319.21,1304.48,1366.78,no,yes
1432,0.284568,0.77597792,0.004024,293370.17,293361.05,2213.28,2321.12,no,yes
1433,-0.129162,0.89723086,-0.001827,293793.80,293805.90,6563.51,6681.06,no,yes
1434,1.028721,0.30362503,0.014548,293531.20,293489.13,3372.47,2313.15,no,yes
1435,0.356537,0.72144270,0.005042,293344.86,293334.73,2232.44,1757.72,no,yes
1436,-0.279165,0.78012098,-0.003948,293351.86,293358.97,1809.00,1793.45,no,yes
1437,-0.567063,0.57067747,-0.008019,293331.09,293347.51,2067.98,2028.00,no,yes
1438,1.256577,0.20892165,0.017771,293380.61,293359.09,1273.17,1144.51,no,yes
1439,-0.258683,0.79588238,-0.003658,293228.66,293232.44,1076.88,989.82,no,yes
1440,0.737847,0.46061758,0.010435,293325.01,293306.74,2105.91,1301.89,no,yes
1441,1.998241,0.04570720,0.028259,293470.99,293429.67,1777.99,1055.43,yes,yes
1442,0.913860,0.36080220,0.012924,293535.95,293524.39,1006.99,765.19,no,yes
1443,-0.118505,0.90566911,-0.001676,293431.43,293434.81,1796.73,2217.21,no,yes
1444,0.804527,0.42110216,0.011378,293279.57,293268.75,977.25,923.96,no,yes
1445,0.323681,0.74618261,0.004578,361854.47,361846.93,1630.15,1665.10,no,yes
1446,-0.121708,0.90313152,-0.001721,293272.54,293276.44,2078.43,2440.30,no,yes
1447,0.045917,0.96337707,0.000649,293437.03,293434.91,3191.67,3320.54,no,yes
1448,-0.438380,0.66111552,-0.006200,293452.72,293467.25,2075.74,2581.51,no,yes
1449,0.972503,0.33081317,0.013753,293650.70,293597.20,4433.65,3258.18,no,yes
1450,0.078307,0.93758492,0.001107,293601.82,293600.24,1347.52,1509.83,no,yes
1451,0.788250,0.43055968,0.011148,293567.58,293553.31,1302.85,1258.19,no,yes
1452,0.947073,0.34361320,0.013394,293242.07,293229.21,1005.67,912.23,no,yes
1453,-0.233247,0.81557223,-0.003299,293479.17,293487.63,2558.49,2567.61,no,yes
1454,0.129399,0.89704359,0.001830,293605.89,293594.45,6192.86,6313.31,no,yes
1455,-0.118234,0.90588367,-0.001672,293488.45,293491.65,2013.36,1815.69,no,yes
1456,-0.352093,0.72477249,-0.004979,293448.77,293461.26,2073.64,2877.52,no,yes
1457,1.420633,0.15544267,0.020091,293594.53,293562.99,1913.74,1124.73,no,yes
1458,0.140942,0.88791710,0.001993,293568.64,293561.69,3487.12,3486.01,no,yes
1459,1.043407,0.29677318,0.014756,293603.04,293585.44,1333.46,1033.26,no,yes
1460,0.762355,0.44585756,0.010781,293449.53,293425.37,2471.20,1982.27,no,yes
1461,-0.348721,0.72730266,-0.004932,293325.00,293330.13,1049.69,1031.28,no,yes
1462,-0.140366,0.88837229,-0.001985,293324.61,293328.33,1828.56,1923.94,no,yes
1463,0.374652,0.70792329,0.005298,293687.77,293676.35,2104.91,2203.39,no,yes
1464,0.924150,0.35541938,0.013069,293223.37,293200.04,1886.15,1679.28,no,yes
1465,0.117461,0.90649630,0.001661,293671.87,293668.10,1946.23,2552.39,no,yes
1466,0.893324,0.37169619,0.012634,293251.42,293225.61,2432.08,1559.74,no,yes
1467,0.843373,0.39903045,0.011927,293290.89,293261.39,2677.16,2251.58,no,yes
1468,0.584519,0.55887944,0.008266,293219.94,293208.14,1741.29,1020.74,no,yes
1469,0.868419,0.38517721,0.012281,293303.63,293270.97,3134.22,2078.15,no,yes
1470,0.319527,0.74933022,0.004519,293680.44,293663.63,3751.76,3685.90,no,yes
1471,-0.432879,0.66510704,-0.006122,293576.64,293593.02,2727.62,2622.25,no,yes
1472,-0.329756,0.74158822,-0.004663,293336.45,293357.58,3947.49,5045.31,no,yes
1473,2.152567,0.03136552,0.030442,293678.20,293644.39,1250.60,949.79,yes,yes
1474,0.880399,0.37865406,0.012451,293572.26,293556.82,1311.17,1164.79,no,yes
1475,0.122715,0.90233366,0.001735,293627.93,293623.81,2467.10,2274.00,no,yes
1476,0.700459,0.48364915,0.009906,293457.52,293445.71,1218.16,1166.07,no,yes
1477,-0.232828,0.81589719,-0.003293,293449.20,293460.09,3003.38,3582.75,no,yes
1478,1.070016,0.28462684,0.015132,293518.30,293460.71,4450.07,3026.68,no,yes
1479,0.726546,0.46751362,0.010275,293276.42,293241.15,3906.87,2882.24,no,yes
1480,0.190164,0.84918242,0.002689,293362.43,293358.18,1742.43,1401.48,no,yes
1481,-0.253439,0.79993179,-0.003584,293479.53,293495.51,4100.88,4788.61,no,yes
1482,0.420827,0.67388577,0.005951,293564.82,293546.08,3302.61,2989.54,no,yes
1483,1.463827,0.14325747,0.020702,293588.83,293537.47,2691.72,2250.71,no,yes
1484,-0.160534,0.87246181,-0.002270,293462.23,293466.11,1608.03,1805.22,no,yes
1485,-0.150281,0.88054451,-0.002125,293508.81,293514.25,2468.20,2650.48,no,yes
1486,-0.305240,0.76018783,-0.004317,293198.68,293206.22,1188.68,2166.43,no,yes
1487,0.601740,0.54735501,0.008510,293359.98,293344.77,1348.35,2138.34,no,yes
1488,-0.219881,0.82596627,-0.003110,293267.21,293273.97,1711.58,2553.56,no,yes
1489,0.813409,0.41599416,0.011503,293564.73,293549.47,1497.82,1129.86,no,yes
1490,-0.963882,0.33511674,-0.013631,293241.94,293262.62,1500.76,1532.92,no,yes
1491,0.307006,0.75884183,0.004342,293501.51,293491.79,2122.91,2349.97,no,yes
1492,-1.441509,0.14945710,-0.020386,293225.84,293252.74,1197.89,1430.75,no,yes
1493,0.771487,0.44042771,0.010910,293615.44,293598.08,1699.93,1473.75,no,yes
1494,-0.113191,0.90988044,-0.001601,293600.89,293603.86,1728.65,1963.86,no,yes
1495,-0.041931,0.96655441,-0.000593,293593.61,293595.28,2620.10,3005.60,no,yes
1496,-0.762315,0.44588084,-0.010781,293558.25,293581.82,2061.62,2303.26,no,yes
1497,0.662818,0.50745506,0.009374,293520.16,293509.99,1155.52,1009.01,no,yes
1498,0.844035,0.39866022,0.011936,293556.50,293542.31,1138.33,1236.61,no,yes
1499,-0.102031,0.91873288,-0.001443,293201.58,293204.12,1648.83,1866.81,no,yes
1500,-0.202163,0.83979156,-0.002859,293499.98,293509.75,3076.97,3728.85,no,yes
1501,1.478298,0.13934397,0.020906,293432.65,293394.43,1907.38,1745.91,no,yes
1502,-0.450896,0.65207039,-0.006377,293383.87,293398.55,1789.35,2720.53,no,yes
1503,-0.732920,0.46361982,-0.010365,293442.01,293459.95,975.90,2244.44,no,yes
1504,0.052372,0.95823244,0.000741,293400.86,293398.95,2777.97,2383.15,no,yes
1505,0.722045,0.47027657,0.010211,293626.05,293600.93,2927.01,1882.23,no,yes
1506,0.502059,0.61563206,0.007100,293790.64,293773.73,2773.04,1913.12,no,yes
1507,-0.279942,0.77952504,-0.003959,293210.01,293218.60,1793.84,2490.55,no,yes
1508,1.009209,0.31288933,0.014272,293429.38,293384.25,3827.23,2312.74,no,yes
1509,-0.534974,0.59267409,-0.007566,293252.28,293272.66,2419.56,2941.91,no,yes
1510,-0.552216,0.58080946,-0.007810,293397.77,293413.04,1153.35,2513.57,no,yes
1511,0.841704,0.39996563,0.011903,293204.07,293183.94,2028.21,1267.91,no,yes
1512,-0.014926,0.98809135,-0.000211,293205.66,293206.13,2163.99,2234.61,no,yes
1513,0.653165,0.51365829,0.009237,294126.25,294107.47,1674.52,2336.25,no,yes
1514,0.820267,0.41207424,0.011600,293472.96,293459.03,1317.19,1070.74,no,yes
1515,0.121184,0.90354664,0.001714,293525.68,293518.95,4154.07,3688.22,no,yes
1516,1.501923,0.13313314,0.021240,293235.04,293213.83,1072.82,918.06,no,yes
1517,0.634103,0.52602110,0.008968,293702.84,293670.69,4017.86,3092.14,no,yes
1518,-0.125348,0.90024973,-0.001773,293467.44,293470.76,1188.07,2365.25,no,yes
1519,1.398954,0.16184283,0.019784,293358.07,293322.21,1958.72,1653.50,no,yes
1520,1.341748,0.17969601,0.018975,293781.98,293751.92,1907.02,1175.12,no,yes
1521,-0.558323,0.57663005,-0.007896,293208.96,293218.67,1178.63,1278.21,no,yes
1522,-0.179680,0.85740536,-0.002541,293571.94,293575.64,1597.31,1298.54,no,yes
1523,0.727427,0.46697316,0.010287,293305.69,293264.54,4167.88,3825.96,no,yes
1524,-0.132001,0.89498474,-0.001867,293298.10,293303.91,3209.47,3016.23,no,yes
1525,-0.243068,0.80795539,-0.003437,293397.41,293409.87,3488.87,3754.95,no,yes
1526,0.823328,0.41033146,0.011644,293261.53,293245.94,1463.32,1201.77,no,yes
1527,0.461612,0.64436500,0.006528,293207.22,293192.61,2369.96,2097.31,no,yes
1528,0.380177,0.70381825,0.005377,293403.92,293398.59,1050.21,926.22,no,yes
1529,-0.106026,0.91556302,-0.001499,293871.62,293875.59,2547.97,2742.59,no,yes
1530,0.865499,0.38677668,0.012240,293272.23,293249.05,2194.79,1533.87,no,yes
1531,-0.060017,0.95214249,-0.000849,299168.81,299169.76,1235.55,984.33,no,yes
1532,0.072306,0.94235935,0.001023,293780.30,293776.56,3704.06,3615.28,no,yes
1533,1.575578,0.11514495,0.022282,293205.99,293172.89,1889.38,918.12,no,yes
1534,-0.280319,0.77923587,-0.003964,293561.46,293565.06,962.28,854.36,no,yes
1535,0.763514,0.44516597,0.010798,293499.59,293451.46,4722.00,4175.42,no,yes
1536,-0.221081,0.82503174,-0.003127,293576.94,293590.28,3973.28,4542.11,no,yes
1537,-0.217700,0.82766524,-0.003079,293628.53,293638.92,3615.96,3112.61,no,yes
1538,0.718921,0.47219867,0.010167,293673.27,293633.43,4431.79,3328.31,no,yes
1539,-0.088913,0.92915199,-0.001257,313977.09,314063.54,68651.51,68839.05,no,yes
1540,-0.608603,0.54279553,-0.008607,293347.27,293371.01,2228.69,3201.46,no,yes
1541,-1.577668,0.11465939,-0.022312,293510.93,293538.79,1021.94,1440.33,no,yes
1542,0.000095,0.99992401,0.000001,294632.43,294632.43,1731.16,1831.30,no,yes
1543,0.207691,0.83547254,0.002937,293446.78,293442.14,1496.29,1660.88,no,yes
1544,-0.700003,0.48393406,-0.009900,293237.89,293274.74,3363.39,4049.91,no,yes
1545,0.343090,0.73153475,0.004852,293671.36,293651.54,4239.01,3924.48,no,yes
1546,1.183381,0.23667365,0.016736,293678.26,293616.85,4233.57,3001.32,no,yes
1547,-0.047116,0.96242109,-0.000666,293510.80,293513.41,3890.26,3933.75,no,yes
1548,0.707440,0.47930159,0.010005,293621.72,293602.70,1918.38,1882.95,no,yes
1549,-0.226904,0.82050081,-0.003209,293188.15,293191.27,1037.54,901.53,no,yes
1550,-0.084221,0.93288118,-0.001191,293635.90,293638.76,2472.62,2326.90,no,yes
1551,-1.479751,0.13895596,-0.020927,293230.63,293250.13,852.23,1005.13,no,yes
1552,0.360435,0.71852653,0.005097,293376.57,293366.27,2386.08,1574.10,no,yes
1553,1.606984,0.10807730,0.022726,293410.90,293368.59,2269.90,1333.90,no,yes
1554,0.526791,0.59834483,0.007450,293438.28,293418.70,2796.25,2446.56,no,yes
1555,1.451705,0.14660607,0.020530,293391.98,293300.78,5705.89,2629.26,no,yes
1556,-1.513188,0.13025220,-0.021400,293359.18,293432.60,2355.20,4241.70,no,yes
1557,0.383541,0.70132272,0.005424,293415.21,293404.19,1962.80,2100.58,no,yes
1558,1.020059,0.30771289,0.014426,293583.30,293566.00,1116.48,1276.40,no,yes
1559,0.769329,0.44170694,0.010880,293181.00,293169.85,972.89,1074.49,no,yes
1560,-0.457656,0.64720485,-0.006472,293373.96,293387.22,1861.87,2220.10,no,yes
1561,1.741385,0.08163943,0.024627,293205.46,293166.35,2081.32,844.45,no,yes
1562,0.561720,0.57431334,0.007944,293573.57,293566.21,898.15,953.24,no,yes
1563,-0.091333,0.92722880,-0.001292,293369.06,293370.83,1551.77,1152.66,no,yes
1564,0.725799,0.46797115,0.010264,293615.56,293597.96,1928.24,1472.51,no,yes
1565,-0.161349,0.87182010,-0.002282,293561.31,293563.75,1037.50,1102.52,no,yes
1566,1.664621,0.09600624,0.023541,293525.41,293487.44,1894.32,1271.38,no,yes
1567,0.667216,0.50464208,0.009436,293627.10,293607.69,2061.22,2053.61,no,yes
1568,-1.650862,0.09878481,-0.023347,293172.38,293209.55,1244.52,1876.72,no,yes
1569,0.150684,0.88022629,0.002131,293358.44,293354.02,2111.85,2034.97,no,yes
1570,1.122216,0.26178889,0.015871,293503.93,293446.28,4602.20,2281.16,no,yes
1571,0.770335,0.44111045,0.010894,293404.79,293381.45,2093.49,2191.52,no,yes
1572,-0.401915,0.68775127,-0.005684,293245.19,293254.59,1405.78,1867.92,no,yes
1573,0.469324,0.63884335,0.006637,293556.97,293550.67,1047.20,841.49,no,yes
1574,0.651825,0.51452261,0.009218,293701.12,293664.13,4733.25,3130.60,no,yes
1575,0.411980,0.68035827,0.005826,293324.74,293319.01,1056.44,905.16,no,yes
1576,-0.449795,0.65286342,-0.006361,293829.57,293836.74,1108.01,1144.93,no,yes
1577,-0.379433,0.70437048,-0.005366,293412.35,293417.53,968.32,963.32,no,yes
1578,0.367338,0.71337077,0.005195,293210.58,293205.51,990.53,960.44,no,yes
1579,0.501523,0.61600854,0.007093,293466.74,293443.96,3410.92,2999.36,no,yes
1580,-0.735643,0.46195679,-0.010404,293293.79,293304.71,1024.79,1074.39,no,yes
1581,0.441268,0.65902386,0.006240,293482.04,293466.20,2849.08,2181.98,no,yes
1582,0.383242,0.70154459,0.005420,293280.50,293260.41,3962.20,3432.80,no,yes
1583,-0.444297,0.65683339,-0.006283,293261.39,293276.48,2010.42,2738.48,no,yes
1584,0.697216,0.48567612,0.009860,293569.40,293532.88,4075.92,3290.37,no,yes
1585,0.609647,0.54210259,0.008622,293487.94,293465.34,2762.45,2472.37,no,yes
1586,0.645233,0.51878375,0.009125,293311.53,293302.16,1029.27,1024.48,no,yes
1587,1.109058,0.26741892,0.015684,293497.05,293473.31,1632.10,1385.84,no,yes
1588,-0.787369,0.43107610,-0.011135,293444.08,293461.43,1302.53,1776.97,no,yes
1589,0.090277,0.92806775,0.001277,293620.22,293617.29,2548.73,2004.54,no,yes
1590,-1.382895,0.16671732,-0.019557,293408.30,293444.27,1216.31,2298.77,no,yes
1591,1.036765,0.29985820,0.014662,293459.14,293439.78,1265.66,1373.69,no,yes
1592,0.912950,0.36128167,0.012911,293540.13,293519.19,1940.60,1224.01,no,yes
1593,0.074525,0.94059365,0.001054,293381.32,293375.90,5249.10,5025.16,no,yes
1594,-0.639337,0.52261083,-0.009042,293208.32,293221.04,1399.31,1414.35,no,yes
1595,0.669380,0.50326111,0.009466,293582.51,293571.06,1259.15,1159.18,no,yes
1596,-0.156338,0.87576804,-0.002211,293309.59,293316.01,2988.73,2817.08,no,yes
1597,0.959842,0.33714750,0.013574,293343.76,293304.02,3318.03,2475.83,no,yes
1598,-1.348843,0.17740538,-0.019076,293591.04,293633.44,1707.55,2638.72,no,yes
1599,-0.180429,0.85681782,-0.002552,293397.53,293402.14,1836.90,1775.29,no,yes
1600,-0.058676,0.95321093,-0.000830,293634.57,293637.62,3745.58,3618.22,no,yes
1601,-0.155599,0.87635098,-0.002200,293317.12,293320.13,1410.29,1320.53,no,yes
1602,0.482894,0.62917684,0.006829,293587.86,293573.73,2282.49,1832.10,no,yes
1603,0.005299,0.99577239,0.000075,293403.89,293403.76,1687.06,1899.18,no,yes
1604,1.583402,0.11335363,0.022393,293492.30,293448.21,2577.11,1054.91,no,yes
1605,0.492165,0.62260835,0.006960,293489.01,293482.56,969.93,882.06,no,yes
1606,1.260597,0.20747268,0.017828,293277.77,293225.54,3600.82,2048.87,no,yes
1607,0.086527,0.93104834,0.001224,293508.37,293503.67,3763.06,3921.00,no,yes
1608,0.025812,0.97940785,0.000365,293317.33,293316.55,2003.24,2250.58,no,yes
1609,1.246031,0.21276965,0.017622,293330.92,293270.52,4018.59,2711.60,no,yes
1610,-0.030979,0.97528667,-0.000438,293440.09,293440.63,1178.80,1300.70,no,yes
1611,0.365309,0.71488451,0.005166,293356.56,293344.08,2555.53,2264.74,no,yes
1612,0.034044,0.97284217,0.000481,293583.94,293583.06,1891.04,1731.51,no,yes
1613,1.902774,0.05708862,0.026909,293249.95,293202.72,2180.38,1186.13,no,yes
1614,-0.089182,0.92893835,-0.001261,293582.90,293585.03,1586.37,1780.33,no,yes
1615,0.662240,0.50782536,0.009365,293337.98,293307.95,3547.95,2822.58,no,yes
1616,-0.255423,0.79839887,-0.003612,293407.28,293410.97,887.94,1136.78,no,yes
1617,0.559464,0.57585129,0.007912,293449.66,293429.30,2730.57,2404.42,no,yes
1618,-0.396671,0.69161453,-0.005610,293414.41,293421.11,1099.32,1281.95,no,yes
1619,-0.044099,0.96482577,-0.000624,293645.47,293646.95,2407.91,2329.96,no,yes
1620,0.842373,0.39959091,0.011913,293542.40,293530.96,1140.07,738.44,no,yes
1621,0.126581,0.89927373,0.001790,293335.46,293331.55,2374.51,1985.54,no,yes
1622,-0.035639,0.97157019,-0.000504,293149.50,293150.45,1891.77,1876.72,no,yes
1623,-0.157079,0.87518410,-0.002221,293523.96,293530.03,2359.14,3061.96,no,yes
1624,0.418315,0.67572132,0.005916,293409.32,293400.50,1321.68,1642.88,no,yes
1625,-0.037091,0.97041318,-0.000525,293373.48,293374.71,2412.06,2263.59,no,yes
1626,-0.715210,0.47448787,-0.010115,293197.09,293208.32,1131.95,1087.20,no,yes
1627,1.122950,0.26147468,0.015881,293282.27,293233.60,3675.46,2297.23,no,yes
1628,1.275573,0.20212155,0.018039,293588.98,293569.40,1159.07,1006.53,no,yes
1629,0.078422,0.93749297,0.001109,293280.40,293275.74,4569.08,3801.28,no,yes
1630,0.293977,0.76877866,0.004157,293681.08,293663.97,4606.45,3552.78,no,yes
1631,-1.619127,0.10544593,-0.022898,293534.49,293580.87,894.99,2721.34,no,yes
1632,-0.834873,0.40379950,-0.011807,298532.54,298543.24,931.23,880.15,no,yes
1633,1.230778,0.21842101,0.017406,296387.34,296361.26,1639.55,1342.43,no,yes
1634,-1.100269,0.27122892,-0.015560,293383.88,293401.88,1035.56,1266.50,no,yes
1635,1.012983,0.31108137,0.014326,293423.70,293392.02,2497.98,1880.43,no,yes
1636,0.225910,0.82127403,0.003195,293307.73,293299.95,2386.78,2484.22,no,yes
1637,-0.043581,0.96523857,-0.000616,293242.55,293244.21,2894.08,2472.16,no,yes
1638,0.048451,0.96135758,0.000685,293438.91,293438.07,1175.67,1272.52,no,yes
1639,0.527851,0.59760842,0.007465,293233.65,293223.23,1358.08,1434.63,no,yes
1640,-1.372119,0.17004610,-0.019405,293488.33,293553.34,2301.31,4141.90,no,yes
1641,0.248852,0.80347761,0.003519,293222.66,293218.14,1207.20,1355.77,no,yes
1642,1.503758,0.13265944,0.021266,293393.38,293364.33,1377.10,1354.43,no,yes
1643,0.864218,0.38748152,0.012222,293361.49,293342.09,1956.26,1099.25,no,yes
1644,0.307050,0.75880830,0.004342,293221.60,293212.51,2066.79,2118.87,no,yes
1645,0.837558,0.40228969,0.011845,293597.59,293575.56,2066.24,1627.39,no,yes
1646,1.167958,0.24284029,0.016517,293281.30,293239.34,3036.94,1918.29,no,yes
1647,-0.531939,0.59477510,-0.007523,293389.11,293399.49,1090.55,1617.79,no,yes
1648,-0.089285,0.92885671,-0.001263,293458.21,293462.78,3393.91,3827.57,no,yes
1649,0.534402,0.59306930,0.007558,293376.19,293357.06,2625.97,2433.28,no,yes
1650,-0.895508,0.37052641,-0.012664,293379.20,293392.10,1015.66,1021.61,no,yes
1651,-1.043779,0.29660134,-0.014761,293321.38,293335.87,843.98,1102.44,no,yes
1652,1.040956,0.29790873,0.014721,293248.75,293225.27,1599.17,1590.83,no,yes
1653,1.476484,0.13982980,0.020881,307270.01,307247.88,1066.26,1052.94,no,yes
1654,-3.173394,0.00151007,-0.044879,293512.12,293581.29,845.80,2008.75,yes,yes
1655,0.206859,0.83612227,0.002925,293330.41,293325.18,1742.40,1832.29,no,yes
1656,0.134943,0.89265815,0.001908,293413.49,293411.55,1010.22,1023.19,no,yes
1657,-0.559159,0.57605985,-0.007908,293255.19,293267.57,1432.20,1688.26,no,yes
1658,-0.418480,0.67560046,-0.005918,293356.97,293362.97,1004.59,1021.97,no,yes
1659,0.066846,0.94670484,0.000945,293190.90,293189.79,1249.58,1081.49,no,yes
1660,0.812729,0.41638426,0.011494,293370.38,293325.96,4432.84,3197.86,no,yes
1661,-0.885663,0.37581090,-0.012525,293459.30,293508.50,3183.02,4552.85,no,yes
1662,1.091355,0.27513546,0.015434,293446.01,293417.70,2365.19,1067.01,no,yes
1663,-0.773476,0.43925063,-0.010939,293210.77,293224.48,1041.97,1433.86,no,yes
1664,1.387153,0.16541085,0.019617,293643.71,293620.71,1239.97,1100.59,no,yes
1665,0.117535,0.90643708,0.001662,293366.31,293363.75,1505.76,1582.33,no,yes
1666,0.540408,0.58892153,0.007643,293405.00,293398.05,928.23,889.63,no,yes
1667,-1.483970,0.13783330,-0.020987,303193.96,303215.73,931.25,1133.94,no,yes
1668,0.190904,0.84860300,0.002700,293532.83,293524.46,3196.29,2997.23,no,yes
1669,-0.214995,0.82977381,-0.003040,293243.35,293248.79,1926.12,1640.23,no,yes
1670,-0.449253,0.65325418,-0.006353,293403.85,293409.86,802.52,1070.44,no,yes
1671,0.176302,0.86005853,0.002493,293343.70,293340.73,1210.60,1165.60,no,yes
1672,1.155849,0.24775698,0.016346,293362.05,293341.03,1365.08,1201.82,no,yes
1673,-0.620486,0.53494553,-0.008775,293281.04,293296.42,1557.70,1927.20,no,yes
1674,0.645374,0.51869222,0.009127,293337.44,293328.97,976.49,876.89,no,yes
1675,-0.066916,0.94664947,-0.000946,293453.46,293454.66,1197.02,1339.93,no,yes
1676,-1.783611,0.07450530,-0.025224,293408.10,293442.33,993.26,1642.07,no,yes
1677,0.467618,0.64006318,0.006613,293341.62,293332.73,1129.35,1529.46,no,yes
1678,0.460527,0.64514292,0.006513,293374.17,293365.76,1350.50,1229.57,no,yes
1679,0.209883,0.83376103,0.002968,293446.73,293444.20,939.75,758.05,no,yes
1680,-0.395899,0.69218404,-0.005599,293429.46,293439.90,1682.88,2028.63,no,yes
1681,0.267738,0.78890345,0.003786,293461.49,293453.20,2190.67,2189.02,no,yes
1682,0.231183,0.81717464,0.003269,293477.07,293469.81,2258.20,2183.22,no,yes
1683,-0.674648,0.49990840,-0.009541,293233.77,293264.33,2541.11,3750.08,no,yes
1684,-1.241266,0.21452299,-0.017554,293558.81,293618.94,2925.78,3860.19,no,yes
1685,-0.050073,0.96006472,-0.000708,293584.22,293586.30,2829.41,3043.77,no,yes
1686,0.445608,0.65588547,0.006302,296327.62,296320.82,1138.47,1015.15,no,yes
1687,0.085534,0.93183798,0.001210,293234.77,293232.87,1951.81,1054.91,no,yes
1688,-0.397314,0.69114056,-0.005619,293447.15,293454.54,1092.22,1503.32,no,yes
1689,-1.516790,0.12933681,-0.021451,293259.71,293288.19,1130.03,1500.07,no,yes
1690,-0.244829,0.80659117,-0.003462,299020.20,299026.01,1581.53,1765.26,no,yes
1691,0.718469,0.47247671,0.010161,300966.18,300954.91,1117.88,1101.10,no,yes
1692,-1.251458,0.21078779,-0.017698,293169.04,293201.69,1136.28,2348.61,no,yes
1693,-0.017994,0.98564377,-0.000254,293258.65,293258.88,927.89,894.39,no,yes
1694,0.397572,0.69094989,0.005623,293229.71,293221.88,1246.75,1525.07,no,yes
1695,0.119086,0.90520886,0.001684,293574.14,293570.37,1700.37,2677.75,no,yes
1696,0.052930,0.95778796,0.000749,293179.97,293179.25,1042.78,889.29,no,yes
1697,-0.000147,0.99988234,-0.000002,293365.64,293365.64,1853.32,2251.19,no,yes
1698,0.845205,0.39800834,0.011953,293257.58,293230.12,2752.44,1726.78,no,yes
1699,-0.607946,0.54323143,-0.008598,293209.29,293229.07,1800.99,2711.49,no,yes
1700,0.062770,0.94995059,0.000888,300254.50,300215.46,44025.95,43930.87,no,yes
1701,1.183857,0.23648932,0.016742,293234.13,293207.03,2067.95,982.72,no,yes
1702,0.154933,0.87687610,0.002191,293410.63,293404.91,2967.20,2191.84,no,yes
1703,0.434514,0.66392028,0.006145,293470.70,293459.29,1887.00,1826.28,no,yes
1704,-0.484448,0.62807526,-0.006851,293440.00,293453.54,1162.31,2540.45,no,yes
1705,0.526518,0.59853570,0.007446,303943.33,303922.78,3320.13,2050.89,no,yes
1706,0.253200,0.80011650,0.003581,302519.22,302514.12,1532.29,1308.32,no,yes
1707,0.514751,0.60673423,0.007280,293226.11,293205.21,3512.64,2039.75,no,yes
1708,0.627800,0.53014258,0.008878,293550.11,293542.00,973.79,848.71,no,yes
1709,-0.335815,0.73701430,-0.004749,293253.50,293268.47,2347.26,3788.87,no,yes
1710,0.446385,0.65532373,0.006313,293251.17,293237.53,2016.88,2297.92,no,yes
1711,-0.570605,0.56827389,-0.008070,293309.05,293324.43,1902.89,1909.40,no,yes
1712,-0.983142,0.32554930,-0.013904,301090.06,301122.12,2211.64,2397.13,no,yes
1713,0.490110,0.62406147,0.006931,293474.60,293452.32,3466.37,2943.61,no,yes
1714,-2.235552,0.02540034,-0.031615,295059.32,295149.61,1056.51,3898.40,yes,yes
1715,-1.008049,0.31344594,-0.014256,293377.71,293400.55,1167.90,1942.00,no,yes
1716,-0.889703,0.37363608,-0.012582,293424.08,293454.28,2577.85,2207.67,no,yes
1717,-0.906345,0.36476428,-0.012818,293318.70,293341.92,1932.88,1681.87,no,yes
1718,0.476043,0.63404860,0.006732,293442.91,293435.38,1119.03,1118.31,no,yes
1719,0.452102,0.65120053,0.006394,293400.10,293393.16,1118.00,1051.20,no,yes
1720,0.573411,0.56637405,0.008109,293454.97,293426.37,4134.61,2789.00,no,yes
1721,-0.526038,0.59886739,-0.007439,293565.51,293573.42,999.09,1125.09,no,yes
1722,0.420554,0.67408555,0.005948,293484.59,293464.02,3821.10,3053.42,no,yes
1723,0.206064,0.83674342,0.002914,294071.03,294060.69,3758.34,3323.86,no,yes
1724,0.303597,0.76143813,0.004294,293321.87,293307.29,3827.81,2900.46,no,yes
1725,0.144268,0.88529012,0.002040,293487.29,293480.54,3171.77,3443.19,no,yes
1726,1.026009,0.30490341,0.014510,293401.82,293352.87,4203.80,2255.50,no,yes
1727,0.387020,0.69874584,0.005473,293308.55,293290.47,3564.92,3020.65,no,yes
1728,-1.161964,0.24527443,-0.016433,293659.13,293704.15,989.93,3745.90,no,yes
1729,1.025724,0.30503533,0.014506,293543.22,293494.80,3832.33,2756.29,no,yes
1730,-0.181619,0.85588330,-0.002568,295076.29,295134.76,22502.60,23026.98,no,yes
1731,-1.436648,0.15084103,-0.020317,293190.02,293231.79,1152.22,2669.00,no,yes
1732,1.253257,0.21012712,0.017724,293295.96,293271.08,1521.15,1275.33,no,yes
1733,1.000290,0.31718632,0.014146,293330.34,293294.11,3210.77,1676.64,no,yes
1734,0.614700,0.53876003,0.008693,293399.13,293368.00,3845.77,3296.21,no,yes
1735,0.418367,0.67568419,0.005917,293343.79,293330.00,2783.54,1765.85,no,yes
1736,-0.474582,0.63509013,-0.006712,293533.20,293539.24,863.38,933.39,no,yes
1737,0.074879,0.94031150,0.001059,293818.20,293810.60,7120.05,7232.37,no,yes
1738,-0.267108,0.78938882,-0.003777,293242.55,293255.54,3398.42,3478.04,no,yes
1739,-0.049783,0.96029543,-0.000704,293290.83,293292.82,2671.04,2989.53,no,yes
1740,0.093412,0.92557688,0.001321,307238.90,307235.67,2435.26,2452.94,no,yes
1741,1.236525,0.21628369,0.017487,293236.95,293211.95,1822.50,876.28,no,yes
1742,-0.698595,0.48481401,-0.009880,293583.79,293624.17,3569.89,4545.17,no,yes
1743,-0.680517,0.49618544,-0.009624,293506.69,293544.32,3394.74,4364.14,no,yes
1744,0.834998,0.40372896,0.011809,293493.53,293467.80,2377.62,1959.52,no,yes
1745,-0.328747,0.74235047,-0.004649,293179.24,293183.37,865.91,913.09,no,yes
1746,-0.014881,0.98812703,-0.000210,293614.40,293615.17,3662.53,3596.75,no,yes
1747,-0.071074,0.94333987,-0.001005,305895.89,305898.09,2013.81,2340.35,no,yes
1748,-0.591181,0.55440611,-0.008361,293604.03,293635.36,3400.31,4064.28,no,yes
1749,-0.342693,0.73183298,-0.004846,293599.91,293605.50,1162.63,1141.99,no,yes
1750,0.012011,0.99041702,0.000170,293473.86,293473.29,2992.22,3681.34,no,yes
1751,1.067235,0.28587900,0.015093,293415.28,293398.42,1189.84,1038.60,no,yes
1752,1.019804,0.30783546,0.014422,293226.33,293195.65,2477.69,1707.14,no,yes
1753,-0.216066,0.82893845,-0.003056,293385.30,293396.24,3461.27,3694.93,no,yes
1754,-0.113298,0.90979517,-0.001602,293333.43,293335.76,1620.07,1267.46,no,yes
1755,1.227443,0.21967130,0.017359,293369.42,293348.26,1334.97,1090.44,no,yes
1756,0.041302,0.96705521,0.000584,293605.18,293603.26,3615.21,2950.37,no,yes
1757,-0.172384,0.86313741,-0.002438,293439.46,293442.11,1071.51,1100.27,no,yes
1758,0.310293,0.75634192,0.004388,293683.22,293665.25,4641.49,3464.09,no,yes
1759,-1.015068,0.31008593,-0.014355,293423.21,293437.76,950.53,1073.00,no,yes
1760,-2.384409,0.01712263,-0.033721,293372.77,293497.00,1398.95,5018.80,yes,yes
1761,0.770020,0.44129696,0.010890,293456.20,293444.26,1142.61,1047.69,no,yes
1762,0.232136,0.81643514,0.003283,308839.91,308827.95,4143.08,3060.52,no,yes
1763,1.362662,0.17301168,0.019271,293363.23,293322.19,2772.92,1174.45,no,yes
1764,-1.225319,0.22047924,-0.017329,293491.15,293544.70,1283.18,4178.19,no,yes
1765,-0.165718,0.86838057,-0.002344,293189.79,293192.21,1049.41,1008.20,no,yes
1766,1.201051,0.22974562,0.016985,293329.11,293313.40,946.27,902.84,no,yes
1767,-0.663415,0.50707396,-0.009382,293296.27,293320.83,1883.83,3186.63,no,yes
1768,-0.427416,0.66908115,-0.006045,293543.56,293564.38,3292.25,3589.49,no,yes
1769,0.593787,0.55266190,0.008397,293228.53,293213.37,1998.98,1588.76,no,yes
1770,-0.076833,0.93875725,-0.001087,293344.91,293347.59,2154.48,2731.57,no,yes
1771,0.281015,0.77870176,0.003974,293630.23,293602.18,7372.07,6730.67,no,yes
1772,-0.248634,0.80364733,-0.003516,293452.29,293457.69,1088.74,1882.99,no,yes
1773,-0.998816,0.31789642,-0.014125,294557.78,294575.32,1147.07,1329.87,no,yes
1774,-0.703546,0.48172400,-0.009950,293395.46,293433.66,3344.76,4277.20,no,yes
1775,0.291148,0.77094131,0.004117,293321.52,293309.31,2961.12,2968.90,no,yes
1776,1.010355,0.31233864,0.014289,293605.56,293562.52,3460.63,2484.04,no,yes
1777,-0.580578,0.56153216,-0.008211,293666.91,293708.96,4253.08,5862.63,no,yes
1778,-0.485527,0.62730789,-0.006866,295841.00,295927.26,12202.67,12911.76,no,yes
1779,0.067316,0.94633088,0.000952,293249.96,293248.00,2238.93,1858.16,no,yes
1780,1.097906,0.27226396,0.015527,293396.87,293344.77,4294.09,2019.63,no,yes
1781,0.319070,0.74967716,0.004512,293424.92,293410.38,3438.90,2990.59,no,yes
1782,-0.171117,0.86413329,-0.002420,293400.66,293410.61,4402.79,3799.91,no,yes
1783,-0.067737,0.94599587,-0.000958,293412.74,293413.80,936.11,1252.17,no,yes
1784,0.832840,0.40494639,0.011778,293453.18,293402.45,5015.89,3456.24,no,yes
1785,-0.761538,0.44634474,-0.010770,293430.74,293443.17,1083.50,1219.54,no,yes
1786,-0.672506,0.50127029,-0.009511,308849.72,308884.38,2883.83,4270.48,no,yes
1787,1.271056,0.20372383,0.017975,293337.62,293303.63,1994.62,1781.20,no,yes
1788,-1.109556,0.26720755,-0.015691,293361.67,293422.80,2700.87,4801.15,no,yes
1789,-0.621201,0.53447499,-0.008785,293468.78,293506.36,3810.66,4699.14,no,yes
1790,0.212533,0.83169351,0.003006,293309.80,293306.34,1251.49,1043.49,no,yes
1791,-0.696287,0.48625878,-0.009847,293690.44,293728.86,2975.01,4646.22,no,yes
1792,-1.694490,0.09019344,-0.023964,293577.85,293671.61,2469.26,4951.87,no,yes
1793,0.425312,0.67061403,0.006015,293273.61,293259.36,2323.87,2415.31,no,yes
1794,0.313981,0.75353858,0.004440,293674.29,293653.90,4673.82,4511.10,no,yes
1795,0.254171,0.79936615,0.003595,293785.58,293775.98,2324.02,2977.98,no,yes
1796,-0.287883,0.77343939,-0.004071,293692.83,293711.56,4090.75,5059.44,no,yes
1797,-0.079848,0.93635887,-0.001129,293488.72,293490.83,2201.50,1451.38,no,yes
1798,0.210283,0.83344893,0.002974,293610.01,293594.60,4913.72,5434.36,no,yes
1799,-0.454676,0.64934781,-0.006430,293421.63,293432.19,1248.66,1958.81,no,yes
1800,0.562855,0.57354113,0.007960,307237.93,307210.96,4028.28,2595.29,no,yes
1801,-0.349713,0.72655782,-0.004946,293423.99,293434.18,2024.94,2094.19,no,yes
1802,1.592795,0.11122810,0.022526,293205.94,293171.53,1944.11,942.32,no,yes
1803,0.115796,0.90781557,0.001638,293381.74,293376.99,2998.68,2801.59,no,yes
1804,-1.167231,0.24313145,-0.016507,293704.57,293782.01,4337.16,5020.51,no,yes
1805,-0.638707,0.52302119,-0.009033,293181.64,293190.05,935.11,927.04,no,yes
1806,0.284146,0.77630121,0.004018,293430.33,293416.04,3811.63,3281.34,no,yes
1807,-0.287237,0.77393420,-0.004062,293409.69,293416.63,1819.71,1587.21,no,yes
1808,-0.928392,0.35321701,-0.013129,293285.95,293337.36,3049.70,4622.40,no,yes
1809,-0.161985,0.87131954,-0.002291,293585.03,293589.58,1954.61,2015.05,no,yes
1810,0.072845,0.94193006,0.001030,293596.98,293594.59,2343.16,2283.97,no,yes
1811,-2.267002,0.02340897,-0.032060,293183.80,293272.15,954.14,3778.52,yes,yes
1812,-1.463496,0.14335120,-0.020697,293371.61,293444.15,2505.75,4276.95,no,yes
1813,-0.128637,0.89764600,-0.001819,294679.09,294683.22,2509.86,2002.84,no,yes
1814,0.380841,0.70332563,0.005386,293446.94,293435.47,2198.90,2056.42,no,yes
1815,1.443604,0.14886775,0.020416,293896.85,293852.92,2486.58,1754.02,no,yes
1816,-0.465794,0.64136856,-0.006587,293432.35,293440.39,1041.77,1375.83,no,yes
1817,-0.296186,0.76709153,-0.004189,293370.79,293380.09,1893.43,2504.08,no,yes
1818,0.883116,0.37718460,0.012489,293242.16,293229.09,1141.01,941.48,no,yes
1819,1.798439,0.07213346,0.025434,293528.07,293461.98,3536.71,998.90,no,yes
1820,-0.160937,0.87214481,-0.002276,293393.60,293395.59,897.40,855.18,no,yes
1821,0.227501,0.82003636,0.003217,293199.68,293196.84,948.53,811.44,no,yes
1822,-1.134305,0.25668068,-0.016041,293209.03,293247.57,2186.11,2601.05,no,yes
1823,-0.522968,0.60100258,-0.007396,293607.99,293616.58,1212.27,1109.31,no,yes
1824,0.795211,0.42650021,0.011246,293507.79,293474.66,3148.63,2727.40,no,yes
1825,-0.628033,0.52998948,-0.008882,293379.42,293392.15,1363.15,1500.24,no,yes
1826,-0.047410,0.96218715,-0.000670,293612.79,293614.55,2815.37,2418.42,no,yes
1827,-0.278880,0.78034052,-0.003944,303338.77,303346.89,1380.31,2564.24,no,yes
1828,0.716163,0.47389964,0.010128,293596.55,293580.40,1739.30,1436.24,no,yes
1829,1.373659,0.16956326,0.019426,293382.73,293358.88,1297.30,1153.87,no,yes
1830,0.164566,0.86928708,0.002327,293276.40,293272.42,1830.73,1577.27,no,yes
1831,0.542895,0.58720824,0.007678,293443.17,293425.63,2502.49,2044.78,no,yes
1832,1.158599,0.24663352,0.016385,293383.74,293364.63,1217.12,1112.69,no,yes
1833,0.102030,0.91873404,0.001443,293439.07,293434.53,3125.95,3165.34,no,yes
1834,-0.664145,0.50660601,-0.009392,293439.53,293478.20,3471.34,4673.60,no,yes
1835,0.785516,0.43216047,0.011109,293433.70,293414.28,1877.45,1606.91,no,yes
1836,0.253484,0.79989679,0.003585,293419.18,293402.19,5001.20,4465.56,no,yes
1837,0.220404,0.82555862,0.003117,293456.34,293447.19,3176.84,2676.67,no,yes
1838,0.543697,0.58665623,0.007689,293491.05,293481.82,1208.48,1190.55,no,yes
1839,1.325568,0.18499937,0.018746,293304.85,293262.03,2592.58,1927.69,no,yes
1840,-0.478817,0.63207442,-0.006771,293370.35,293385.13,1970.88,2375.26,no,yes
1841,0.086716,0.93089799,0.001226,293542.84,293541.55,1180.50,909.56,no,yes
1842,-0.744952,0.45630990,-0.010535,293168.67,293181.80,1343.05,1143.05,no,yes
1843,-1.601423,0.10929969,-0.022648,296262.17,296286.44,962.10,1170.32,no,yes
1844,0.928293,0.35326690,0.013128,293225.20,293206.33,1370.77,1499.99,no,yes
1845,1.480664,0.13871587,0.020940,293382.36,293347.21,2054.95,1188.11,no,yes
1846,1.275778,0.20204908,0.018042,293497.84,293474.86,1330.26,1214.43,no,yes
1847,-0.574127,0.56588887,-0.008119,293217.33,293238.43,2323.09,2848.99,no,yes
1848,0.017663,0.98590773,0.000250,293284.86,293284.40,1343.42,2227.72,no,yes
1849,0.574524,0.56562049,0.008125,293387.80,293379.06,1221.54,906.24,no,yes
1850,0.322252,0.74726487,0.004557,293464.79,293458.48,1341.16,1429.53,no,yes
1851,0.083901,0.93313559,0.001187,293543.68,293536.14,6366.39,6336.49,no,yes
1852,-1.079512,0.28037272,-0.015267,293526.49,293560.65,2257.83,2216.08,no,yes
1853,0.053988,0.95694495,0.000764,293571.30,293569.76,2007.16,2024.70,no,yes
1854,0.506577,0.61245719,0.007164,293431.20,293423.02,1241.03,1033.40,no,yes
1855,0.853679,0.39329343,0.012073,293516.87,293481.79,3135.85,2656.48,no,yes
1856,0.540683,0.58873327,0.007646,293264.44,293244.63,3119.00,1923.15,no,yes
1857,-0.081949,0.93468818,-0.001159,293497.27,293501.45,3316.51,3869.89,no,yes
1858,1.269558,0.20425709,0.017954,293372.89,293352.24,1176.38,1123.08,no,yes
1859,-0.002416,0.99807197,-0.000034,293401.85,293401.97,3745.36,3373.16,no,yes
1860,0.418400,0.67565977,0.005917,293472.59,293463.24,1308.60,1811.57,no,yes
1861,0.878422,0.37972599,0.012423,293398.09,293354.65,3914.48,3022.15,no,yes
1862,0.393590,0.69388825,0.005566,293404.86,293393.88,1954.51,1991.63,no,yes
1863,-0.600616,0.54810272,-0.008494,293319.36,293349.23,3040.86,3936.77,no,yes
1864,2.019285,0.04347675,0.028557,293406.43,293349.65,2561.87,1159.81,yes,yes
1865,-0.116441,0.90730445,-0.001647,293516.26,293518.01,1034.28,1082.95,no,yes
1866,-0.094870,0.92441925,-0.001342,293251.14,293255.47,2766.94,3622.91,no,yes
1867,-0.011173,0.99108582,-0.000158,293666.89,293667.39,2835.05,3511.11,no,yes
1868,0.226957,0.82045965,0.003210,293629.18,293608.72,6382.85,6363.25,no,yes
1869,0.497117,0.61911233,0.007030,293410.92,293404.44,912.47,930.83,no,yes
1870,1.200490,0.22996327,0.016977,293630.60,293613.16,1048.07,1005.72,no,yes
1871,-0.003571,0.99715068,-0.000051,293273.94,293274.06,2622.09,2314.52,no,yes
1872,0.528039,0.59747798,0.007468,293267.31,293248.42,2578.51,2479.96,no,yes
1873,1.077361,0.28133739,0.015236,293301.15,293267.19,2864.36,1315.85,no,yes
1874,0.527518,0.59783970,0.007460,293314.15,293288.93,3680.34,3051.72,no,yes
1875,-0.761874,0.44614631,-0.010775,293534.25,293547.65,903.30,1509.97,no,yes
1876,0.592478,0.55353733,0.008379,293336.44,293314.13,2844.59,2468.21,no,yes
1877,0.431144,0.66636833,0.006097,293236.77,293221.40,2803.62,2203.99,no,yes
1878,1.148728,0.25068223,0.016245,293417.44,293396.66,1351.68,1202.81,no,yes
1879,-0.092530,0.92627775,-0.001309,293331.49,293332.68,907.48,914.18,no,yes
1880,-0.657758,0.51070170,-0.009302,293260.09,293290.63,2699.07,3779.10,no,yes
1881,-0.072981,0.94182197,-0.001032,293282.75,293284.37,1653.10,1493.09,no,yes
1882,0.960429,0.33685382,0.013583,293496.70,293476.38,1819.18,1079.63,no,yes
1883,0.063357,0.94948258,0.000896,293566.78,293565.24,1735.56,1693.61,no,yes
1884,0.146943,0.88317816,0.002078,293514.89,293511.78,1558.86,1429.65,no,yes
1885,-0.496235,0.61973426,-0.007018,293447.74,293459.62,1573.56,1803.41,no,yes
1886,1.159340,0.24633165,0.016396,293635.89,293619.03,1081.03,972.89,no,yes
1887,-1.337103,0.18120804,-0.018909,293250.16,293311.15,2301.30,3938.62,no,yes
1888,-0.140164,0.88853152,-0.001982,293586.25,293589.74,1813.85,1707.66,no,yes
1889,-1.333681,0.18232565,-0.018861,293597.76,293629.66,1342.52,1980.22,no,yes
1890,0.022423,0.98211118,0.000317,293192.98,293192.50,1949.06,850.20,no,yes
1891,-0.285537,0.77523547,-0.004038,293355.44,293360.27,1098.02,1288.34,no,yes
1892,0.409074,0.68248997,0.005785,293288.35,293269.59,3387.17,3092.87,no,yes
1893,0.604224,0.54570153,0.008545,293288.55,293273.93,1630.29,1788.49,no,yes
1894,0.596564,0.55080510,0.008437,293510.72,293500.92,1221.06,1099.72,no,yes
1895,0.391737,0.69525710,0.005540,293164.86,293159.41,1010.77,955.75,no,yes
1896,-0.493779,0.62146740,-0.006983,293254.21,293275.53,2921.11,3179.56,no,yes
1897,0.552218,0.58080556,0.007810,293275.25,293247.80,3699.98,3319.12,no,yes
1898,0.700042,0.48390952,0.009900,293515.58,293495.99,2164.19,1772.86,no,yes
1899,0.635156,0.52533415,0.008982,293480.06,293471.01,1003.13,1011.00,no,yes
1900,0.598528,0.54949860,0.008464,293292.89,293277.50,2428.10,847.62,no,yes
1901,0.722518,0.46998460,0.010218,293438.22,293418.05,2122.08,1812.82,no,yes
1902,1.789000,0.07363217,0.025300,293596.79,293554.12,1986.38,1320.18,no,yes
1903,-0.323172,0.74657053,-0.004570,293535.93,293547.70,1136.35,3461.25,no,yes
1904,-1.266207,0.20545401,-0.017907,390897.01,390927.62,1580.39,1829.22,no,yes
1905,0.397566,0.69095465,0.005622,293497.01,293485.88,2128.71,1818.51,no,yes
1906,0.090652,0.92777000,0.001282,299035.22,299033.52,1447.76,1184.99,no,yes
1907,0.540149,0.58910015,0.007639,293359.63,293349.55,1306.87,1330.52,no,yes
1908,0.040118,0.96799971,0.000567,293246.71,293244.70,3735.99,3352.25,no,yes
1909,-0.363372,0.71633072,-0.005139,293365.96,293376.03,1908.14,2007.46,no,yes
1910,-0.409863,0.68191096,-0.005796,293709.27,293730.58,3106.78,4170.37,no,yes
1911,-0.520351,0.60282445,-0.007359,293211.97,293233.09,2738.76,2997.61,no,yes
1912,1.396850,0.16247439,0.019754,293272.04,293248.20,1254.91,1157.25,no,yes
1913,0.033662,0.97314694,0.000476,293529.22,293527.57,3139.88,3773.62,no,yes
1914,0.188772,0.85027361,0.002670,293659.41,293655.11,1608.93,1616.30,no,yes
1915,-1.600359,0.10953522,-0.022632,293194.12,293215.99,887.37,1039.27,no,yes
1916,-0.140654,0.88814445,-0.001989,293401.60,293404.00,1362.16,1032.58,no,yes
1917,0.062809,0.94991927,0.000888,293450.63,293448.32,2748.67,2452.21,no,yes
1918,0.718028,0.47274837,0.010154,293373.20,293360.94,1255.13,1155.83,no,yes
1919,-0.693750,0.48784734,-0.009811,303242.14,303253.45,1119.15,1185.45,no,yes
1920,0.593634,0.55276467,0.008395,293293.69,293272.47,2983.45,1970.80,no,yes
1921,0.730745,0.46494512,0.010334,293443.80,293428.87,1724.24,1095.79,no,yes
1922,0.581805,0.56070468,0.008228,293513.68,293485.43,3607.80,3248.86,no,yes
1923,-0.814118,0.41558839,-0.011513,293225.31,293241.67,1151.45,1646.52,no,yes
1924,-1.142720,0.25317222,-0.016161,293243.44,293278.01,1473.82,2641.64,no,yes
1925,-0.340056,0.73381848,-0.004809,293237.74,293246.74,1615.67,2098.02,no,yes
1926,-0.214400,0.83023748,-0.003032,293237.62,293242.71,1597.63,1755.50,no,yes
1927,-0.139522,0.88903945,-0.001973,293589.52,293592.51,1290.50,1708.84,no,yes
1928,0.432130,0.66565178,0.006111,293437.54,293430.23,1136.00,1252.61,no,yes
1929,-1.292475,0.19621393,-0.018278,293505.15,293562.65,1868.01,4037.94,no,yes
1930,0.003544,0.99717249,0.000050,293648.63,293648.57,1469.90,1139.04,no,yes
1931,-0.679360,0.49691802,-0.009608,293422.58,293454.67,2914.95,3717.41,no,yes
1932,0.970917,0.33160156,0.013731,293291.77,293276.58,1141.35,1071.11,no,yes
1933,0.737317,0.46094006,0.010427,293435.28,293403.27,3689.35,2288.28,no,yes
1934,0.390343,0.69628721,0.005520,302409.61,302386.18,4347.80,4138.42,no,yes
1935,0.890332,0.37329854,0.012591,293537.55,293525.86,919.19,938.15,no,yes
1936,0.447649,0.65441177,0.006331,293567.34,293549.97,2890.76,2589.32,no,yes
1937,0.098248,0.92173630,0.001389,293393.18,293391.54,1069.01,1291.42,no,yes
1938,0.437528,0.66173361,0.006188,293490.91,293479.35,2038.89,1682.26,no,yes
1939,-0.298285,0.76548859,-0.004218,293324.86,293328.58,895.63,866.17,no,yes
1940,1.519729,0.12859743,0.021492,293614.61,293559.91,3011.12,1972.84,no,yes
1941,-0.278241,0.78083041,-0.003935,293342.93,293347.44,1096.11,1190.87,no,yes
1942,0.424262,0.67137936,0.006000,293305.53,293298.83,1073.42,1159.30,no,yes
1943,-0.046125,0.96321138,-0.000652,293264.68,293265.53,1506.53,1036.27,no,yes
1944,-1.815602,0.06945158,-0.025676,293345.70,293392.67,1178.97,2302.86,no,yes
1945,-0.008375,0.99331759,-0.000118,293594.52,293594.93,3427.63,3344.60,no,yes
1946,-0.079589,0.93656464,-0.001126,293236.85,293239.36,2036.76,2407.77,no,yes
1947,-0.570765,0.56816714,-0.008072,293565.86,293580.58,1278.21,2239.41,no,yes
1948,0.868199,0.38529813,0.012278,306011.82,305964.42,4645.10,2867.22,no,yes
1949,0.470090,0.63829607,0.006648,293351.38,293340.33,1450.98,1849.33,no,yes
1950,-0.546510,0.58472369,-0.007729,293440.64,293461.26,1788.59,3320.64,no,yes
1951,0.091246,0.92729815,0.001290,293276.21,293271.84,3310.77,3456.67,no,yes
1952,1.626193,0.10392762,0.022998,293625.58,293565.37,3154.19,1938.91,no,yes
1953,-0.031508,0.97486470,-0.000446,294796.42,294796.96,1212.30,1186.17,no,yes
1954,-0.299160,0.76482137,-0.004231,293471.41,293488.93,3720.01,4522.56,no,yes
1955,-0.512629,0.60821685,-0.007250,293467.29,293491.29,2773.74,3770.53,no,yes
1956,0.622884,0.53336820,0.008809,302534.90,302510.35,3046.81,2499.20,no,yes
1957,1.069583,0.28481997,0.015126,293420.56,293382.79,2560.98,2430.88,no,yes
1958,1.006785,0.31405325,0.014238,296308.85,296263.63,3872.40,2275.81,no,yes
1959,1.346113,0.17828315,0.019037,293446.26,293422.84,1422.64,1001.96,no,yes
1960,-0.311005,0.75580073,-0.004398,293282.91,293297.47,2687.83,3833.03,no,yes
1961,0.106811,0.91493969,0.001511,293350.72,293345.62,3464.85,3293.33,no,yes
1962,0.289015,0.77257274,0.004087,293170.02,293166.51,855.23,863.10,no,yes
1963,1.554614,0.12005390,0.021986,293547.69,293525.12,1075.53,975.02,no,yes
1964,0.436205,0.66269238,0.006169,293379.88,293365.72,2380.24,2207.42,no,yes
1965,0.337763,0.73554530,0.004777,293438.28,293428.83,2135.26,1806.69,no,yes
1966,0.210199,0.83351459,0.002973,293400.27,293393.02,2493.08,2383.89,no,yes
1967,1.269358,0.20433139,0.017951,293682.48,293595.01,5874.69,3601.61,no,yes
1968,-0.405673,0.68498705,-0.005737,293432.13,293446.29,2687.71,2227.90,no,yes
1969,0.341584,0.73266803,0.004831,293520.04,293497.71,5049.51,4152.58,no,yes
1970,0.499566,0.61738692,0.007065,293265.90,293254.49,1886.43,1288.97,no,yes
1971,0.229895,0.81817576,0.003251,293707.92,293693.24,4236.50,4780.32,no,yes
1972,-0.032690,0.97392201,-0.000462,293395.42,293395.90,983.21,1094.25,no,yes
1973,1.505943,0.13210004,0.021297,293680.67,293600.82,4416.94,2933.34,no,yes
1974,-0.645712,0.51847355,-0.009132,293178.23,293192.65,1372.91,1760.66,no,yes
1975,0.770232,0.44117132,0.010893,293487.96,293462.08,2408.35,2343.03,no,yes
1976,-0.559880,0.57556769,-0.007918,293592.13,293611.50,2288.76,2593.56,no,yes
1977,-1.056772,0.29063179,-0.014945,293331.43,293352.53,989.99,1733.99,no,yes
1978,1.847080,0.06476107,0.026122,293598.33,293539.14,3084.36,868.79,no,yes
1979,0.831500,0.40570489,0.011759,293394.52,293379.91,1567.46,792.90,no,yes
1980,0.721319,0.47072181,0.010201,302652.30,302635.13,1706.52,1659.99,no,yes
1981,1.423546,0.15459818,0.020132,293626.87,293586.70,2474.22,1355.72,no,yes
1982,0.025278,0.97983316,0.000357,293190.38,293189.89,1399.28,1372.13,no,yes
1983,0.557112,0.57745717,0.007879,293553.53,293536.66,2209.57,2071.16,no,yes
1984,0.756353,0.44944620,0.010696,293241.31,293230.36,1011.98,1036.00,no,yes
1985,0.151089,0.87990713,0.002137,293616.44,293613.75,1250.61,1269.35,no,yes
1986,0.350239,0.72616314,0.004953,293368.85,293349.52,4005.94,3799.28,no,yes
1987,0.266282,0.79002494,0.003766,293572.48,293556.08,4217.06,4490.54,no,yes
1988,-0.230393,0.81778897,-0.003258,293970.74,293973.74,967.85,875.30,no,yes
1989,-0.470813,0.63777936,-0.006658,293267.28,293288.31,3165.94,3149.64,no,yes
1990,0.308297,0.75785956,0.004360,293314.22,293309.14,1341.00,959.07,no,yes
1991,1.017675,0.30884720,0.014392,293486.76,293433.30,4459.76,2775.04,no,yes
1992,0.698897,0.48462499,0.009884,293503.53,293463.37,4383.54,3717.26,no,yes
1993,-0.339450,0.73427421,-0.004801,293683.78,293707.41,4391.04,5401.61,no,yes
1994,2.016238,0.04379555,0.028514,293227.96,293181.07,2164.34,850.49,yes,yes
1995,0.174091,0.86179607,0.002462,293439.06,293433.15,2368.47,2434.94,no,yes
1996,0.008203,0.99345538,0.000116,293384.87,293384.66,2051.74,1525.11,no,yes
1997,0.394838,0.69296707,0.005584,293432.96,293420.93,2377.73,1904.44,no,yes
1998,-0.614372,0.53897811,-0.008689,293461.90,293474.46,1015.00,1776.04,no,yes
1999,-0.063289,0.94953716,-0.000895,293588.35,293591.79,3829.04,3857.95,no,yes
2000,-0.546905,0.58445034,-0.007734,293321.71,293328.67,916.54,883.59,no,yes
2001,-1.594209,0.11090580,-0.022546,293534.28,293559.13,971.99,1218.22,no,yes
2002,1.150096,0.25012445,0.016265,293571.43,293535.32,2869.17,1274.82,no,yes
2003,1.457414,0.14501863,0.020611,293457.92,293428.43,1575.51,1269.90,no,yes
2004,-0.698362,0.48495895,-0.009876,293709.92,293737.08,2608.78,2885.49,no,yes
2005,-0.587588,0.55681556,-0.008310,293334.33,293364.02,3242.62,3876.02,no,yes
2006,0.332223,0.73972442,0.004698,293266.08,293254.65,2359.22,2505.16,no,yes
2007,-0.767760,0.44263932,-0.010858,293610.94,293658.10,3885.92,4757.54,no,yes
2008,0.168129,0.86648387,0.002378,294084.67,294076.16,3813.62,3325.46,no,yes
2009,-0.336477,0.73651486,-0.004759,293733.23,293751.71,3567.12,4176.12,no,yes
2010,0.114577,0.90878158,0.001620,293722.67,293717.84,3173.76,2775.67,no,yes
2011,-0.033314,0.97342487,-0.000471,293641.40,293645.13,7906.05,7938.54,no,yes
2012,0.496996,0.61919700,0.007029,293594.08,293585.56,1237.91,1187.98,no,yes
2013,0.142173,0.88694465,0.002011,293253.40,293248.18,2575.83,2620.95,no,yes
2014,-4.840699,0.00000130,-0.068458,299421.60,299557.36,2196.33,1743.89,yes,yes
2015,-0.394707,0.69306345,-0.005582,293517.08,293522.95,1046.66,1056.65,no,yes
2016,-0.771119,0.44064540,-0.010905,293467.71,293478.33,1002.97,942.41,no,yes
2017,0.527695,0.59771668,0.007463,293630.96,293616.53,1999.10,1865.62,no,yes
2018,0.779413,0.43574708,0.011023,293622.77,293608.85,1497.63,971.93,no,yes
2019,-0.032442,0.97412030,-0.000459,305863.20,305864.21,2658.59,1614.08,no,yes
2020,-1.148343,0.25084874,-0.016240,294689.23,294721.08,958.86,2601.91,no,yes
2021,1.039762,0.29846369,0.014704,293358.02,293332.14,1936.99,1563.75,no,yes
2022,0.288277,0.77313764,0.004077,293343.70,293335.38,2080.77,1998.66,no,yes
2023,0.106762,0.91497904,0.001510,296423.61,296420.10,2312.41,2339.79,no,yes
2024,-1.068097,0.28549428,-0.015105,293357.21,293393.86,1511.12,3080.30,no,yes
2025,0.798817,0.42440619,0.011297,293290.12,293279.11,1069.99,869.55,no,yes
2026,-0.098434,0.92158862,-0.001392,293653.69,293655.20,1043.94,1132.04,no,yes
2027,0.217673,0.82768590,0.003078,293482.47,293474.14,2691.54,2721.05,no,yes
2028,0.447035,0.65485489,0.006322,293599.83,293591.16,1207.68,1518.23,no,yes
2029,0.241207,0.80939743,0.003411,293627.35,293616.35,3264.16,3183.96,no,yes
2030,-0.602360,0.54694225,-0.008519,293238.32,293249.35,1085.78,1474.97,no,yes
2031,0.260574,0.79442370,0.003685,293418.27,293413.19,1319.96,1433.52,no,yes
2032,-0.703449,0.48178403,-0.009948,293320.90,293330.42,957.24,957.24,no,yes
2033,1.040259,0.29823220,0.014711,293405.75,293389.10,1190.34,1070.55,no,yes
2034,-0.745183,0.45616972,-0.010538,293508.85,293521.85,1145.45,1315.61,no,yes
2035,0.222200,0.82416103,0.003142,293295.19,293285.91,3593.96,2131.40,no,yes
2036,0.962003,0.33606060,0.013605,293506.23,293459.61,3871.76,2915.63,no,yes
2037,0.979980,0.32710773,0.013859,293351.77,293340.10,851.82,832.23,no,yes
2038,-0.432171,0.66562300,-0.006112,293543.55,293553.76,1090.65,2093.92,no,yes
2039,-0.340593,0.73341385,-0.004817,301244.16,301257.84,2228.31,3340.62,no,yes
2040,0.315273,0.75255734,0.004459,293385.58,293375.66,2180.49,2268.61,no,yes
2041,0.346285,0.72913223,0.004897,293458.35,293448.48,2087.54,1937.59,no,yes
2042,0.000074,0.99994064,0.000001,293454.24,293454.24,2428.90,2123.09,no,yes
2043,0.780705,0.43498556,0.011041,293195.52,293178.63,1578.13,1479.65,no,yes
2044,-0.087669,0.93014101,-0.001240,293190.07,293191.31,1008.48,1001.16,no,yes
2045,0.575113,0.56522148,0.008133,293966.56,293900.20,8529.82,7769.91,no,yes
2046,-0.073959,0.94104365,-0.001046,293296.76,293299.90,2947.64,3043.71,no,yes
2047,-0.530189,0.59598671,-0.007498,293444.47,293458.35,1949.85,1747.21,no,yes
2048,-0.743322,0.45729706,-0.010512,293409.97,293447.72,2687.28,4308.32,no,yes
2049,0.628980,0.52936916,0.008895,293421.34,293411.14,1210.78,1078.50,no,yes
2050,-0.117676,0.90632525,-0.001664,303829.90,303835.98,3696.40,3607.49,no,yes
2051,-1.135642,0.25612031,-0.016060,293617.81,293633.66,922.18,1047.39,no,yes
2052,0.556163,0.57810548,0.007865,293369.81,293350.09,2468.72,2545.71,no,yes
2053,1.157887,0.24693088,0.016375,293497.90,293451.59,3690.27,1543.65,no,yes
2054,1.891726,0.05854267,0.026753,293571.37,293539.99,1298.05,1033.29,no,yes
2055,0.620746,0.53477401,0.008779,293618.41,293607.34,1246.87,1274.19,no,yes
2056,0.884420,0.37648041,0.012508,293646.79,293634.92,1000.52,893.52,no,yes
2057,-0.180746,0.85656893,-0.002556,293419.36,293425.45,2347.97,2415.32,no,yes
2058,0.019187,0.98469239,0.000271,293422.72,293422.20,2052.87,1778.23,no,yes
2059,-0.023497,0.98125434,-0.000332,293391.37,293391.85,1376.77,1524.73,no,yes
2060,-0.226068,0.82115046,-0.003197,293441.57,293456.00,4484.17,4546.82,no,yes
2061,-1.144077,0.25260657,-0.016180,293177.18,293193.20,847.69,1114.84,no,yes
2062,0.034792,0.97224597,0.000492,293329.73,293328.82,1813.01,1871.65,no,yes
2063,0.372144,0.70978995,0.005263,294746.03,294740.42,1120.52,1009.56,no,yes
2064,0.489308,0.62462891,0.006920,293218.73,293210.68,1196.53,1131.13,no,yes
2065,0.805807,0.42036490,0.011396,293211.30,293196.15,1523.80,1101.28,no,yes
2066,-1.134364,0.25665621,-0.016042,293207.85,293266.50,3283.23,3993.51,no,yes
2067,-0.613253,0.53971589,-0.008673,293527.93,293536.48,1000.23,970.32,no,yes
2068,0.262812,0.79269797,0.003717,293479.10,293472.94,1605.99,1704.59,no,yes
2069,-0.267266,0.78926732,-0.003780,313634.97,313643.87,2079.77,2598.05,no,yes
2070,0.561660,0.57435528,0.007943,293418.70,293405.04,2063.56,1287.04,no,yes
2071,0.121175,0.90355378,0.001714,293177.32,293175.27,1420.11,925.19,no,yes
2072,0.156795,0.87540809,0.002217,293654.50,293649.60,2140.02,2276.53,no,yes
2073,-4.589760,0.00000446,-0.064909,299446.15,299564.40,1822.41,1821.33,yes,yes
2074,-0.052243,0.95833557,-0.000739,293190.34,293191.58,1649.12,1696.66,no,yes
2075,-0.513822,0.60738244,-0.007267,293584.33,293608.70,3065.61,3620.74,no,yes
2076,0.607786,0.54333672,0.008595,302291.87,302284.05,994.06,817.84,no,yes
2077,-1.013509,0.31082935,-0.014333,293318.05,293330.77,889.85,885.00,no,yes
2078,-0.109508,0.91280113,-0.001549,293493.85,293495.88,1135.26,1462.92,no,yes
2079,0.825548,0.40907044,0.011675,293551.44,293529.45,2033.20,1720.85,no,yes
2080,0.467436,0.64019348,0.006611,293599.51,293584.60,2128.61,2374.57,no,yes
2081,-0.155145,0.87670827,-0.002194,293333.45,293343.86,4677.08,4817.94,no,yes
2082,0.501664,0.61590970,0.007095,293447.07,293438.21,1359.81,1125.46,no,yes
2083,0.440416,0.65964059,0.006228,307257.67,307232.36,3549.16,4521.41,no,yes
2084,1.373474,0.16962080,0.019424,293238.84,293216.65,1224.33,1053.71,no,yes
2085,-0.032996,0.97367814,-0.000467,293504.11,293505.88,3733.04,3845.95,no,yes
2086,0.058724,0.95317246,0.000830,293556.85,293555.41,2122.05,1224.69,no,yes
2087,-0.970976,0.33157219,-0.013732,301135.47,301221.73,5828.78,6705.22,no,yes
2088,1.868420,0.06171820,0.026423,293269.60,293237.37,1237.05,1202.47,no,yes
2089,-1.205900,0.22787202,-0.017054,361837.48,361869.88,1528.20,2210.71,no,yes
2090,-0.391761,0.69523903,-0.005540,293782.15,293786.73,823.08,830.74,no,yes
2091,0.256121,0.79786011,0.003622,293679.51,293656.00,6573.08,6406.28,no,yes
2092,0.115835,0.90778420,0.001638,293502.36,293497.15,3056.45,3299.70,no,yes
2093,2.167621,0.03020671,0.030655,293356.32,293288.19,2977.68,1005.74,yes,yes
2094,0.684736,0.49352033,0.009684,294253.10,294233.95,2426.22,1390.71,no,yes
2095,0.369428,0.71181279,0.005224,293567.95,293563.52,857.14,839.58,no,yes
2096,-0.582463,0.56026115,-0.008237,293269.50,293296.92,3308.01,3348.70,no,yes
2097,-0.514535,0.60688385,-0.007277,293588.98,293600.58,1537.27,1648.50,no,yes
2098,-0.151601,0.87950293,-0.002144,293540.68,293545.57,2553.79,1973.72,no,yes
2099,1.263619,0.20638175,0.017870,293475.58,293450.20,1486.41,1350.53,no,yes
2100,0.243250,0.80781452,0.003440,293380.87,293364.97,4294.46,4927.82,no,yes
2101,-0.304624,0.76065640,-0.004308,293428.54,293434.97,1203.47,1730.63,no,yes
2102,-1.135823,0.25604659,-0.016063,293436.72,293487.92,2406.27,3811.81,no,yes
2103,-1.433905,0.15161497,-0.020278,293447.63,293475.95,1401.43,1391.17,no,yes
2104,0.703646,0.48166129,0.009951,293456.50,293428.03,2881.37,2841.44,no,yes
2105,-0.446192,0.65546364,-0.006310,293251.76,293267.09,2224.32,2619.44,no,yes
2106,-0.472418,0.63663377,-0.006681,293421.88,293435.29,1838.68,2163.21,no,yes
2107,-0.466987,0.64051451,-0.006604,293517.09,293523.01,854.03,936.01,no,yes
2108,-0.513946,0.60729576,-0.007268,293601.36,293617.99,2366.74,2208.60,no,yes
2109,-0.668786,0.50364001,-0.009458,293545.80,293557.07,1075.61,1295.91,no,yes
2110,0.387282,0.69855124,0.005477,293595.73,293588.72,1233.65,1325.77,no,yes
2111,1.112947,0.26574492,0.015739,293555.35,293535.84,1343.93,1125.35,no,yes
2112,0.074894,0.94030012,0.001059,293239.01,293236.64,2257.23,2207.94,no,yes
2113,0.780798,0.43493082,0.011042,293604.52,293582.30,1904.81,2114.80,no,yes
2114,-1.054989,0.29144322,-0.014920,293325.70,293345.04,1195.29,1389.87,no,yes
2115,2.273123,0.02303227,0.032147,293309.74,293265.77,1691.80,937.88,yes,yes
2116,-0.122286,0.90267408,-0.001729,293668.80,293671.85,2088.60,1362.09,no,yes
2117,-1.326123,0.18482160,-0.018754,293363.48,293431.09,1966.02,4704.20,no,yes
2118,-1.219958,0.22249547,-0.017253,293523.62,293540.70,904.41,1068.42,no,yes
2119,-0.429942,0.66724271,-0.006080,301065.54,301074.59,1207.38,1724.26,no,yes
2120,-0.997298,0.31863223,-0.014104,293394.47,293434.66,2582.11,3094.45,no,yes
2121,0.990499,0.32194318,0.014008,293486.95,293447.29,3166.48,2449.48,no,yes
2122,-0.225082,0.82191820,-0.003183,293578.59,293584.24,1950.31,1582.22,no,yes
2123,0.531376,0.59516398,0.007515,293880.91,293863.06,2547.25,2190.32,no,yes
2124,-2.044860,0.04088829,-0.028919,293321.10,293420.33,1844.50,4488.35,yes,yes
2125,2.031376,0.04223087,0.028728,293239.63,293205.23,1336.48,1039.86,yes,yes
2126,-0.034461,0.97250959,-0.000487,293971.19,293972.14,1856.77,2016.36,no,yes
2127,0.735413,0.46209696,0.010400,302340.33,302328.30,1230.32,1078.78,no,yes
2128,0.495067,0.62055823,0.007001,293575.68,293552.16,3508.90,3201.50,no,yes
2129,0.275328,0.78306744,0.003894,293445.36,293421.09,6387.14,6078.77,no,yes
2130,0.365134,0.71501544,0.005164,293227.54,293214.12,2720.22,2473.37,no,yes
2131,-0.046163,0.96318108,-0.000653,293591.55,293592.32,1163.57,1183.33,no,yes
2132,1.444395,0.14864701,0.020427,293467.87,293410.80,3376.39,2051.17,no,yes
2133,-0.120778,0.90386787,-0.001708,293203.00,293205.10,1342.31,1107.11,no,yes
2134,0.319930,0.74902477,0.004524,293555.59,293544.93,2210.97,2495.69,no,yes
2135,-0.075671,0.93968187,-0.001070,293183.46,293185.42,1867.92,1801.45,no,yes
2136,0.495270,0.62041500,0.007004,293363.36,293357.66,864.81,761.02,no,yes
2137,-0.632719,0.52692410,-0.008948,293309.69,293318.13,935.46,949.87,no,yes
2138,2.089596,0.03667120,0.029551,293418.56,293378.95,1694.70,849.36,yes,yes
2139,-0.328176,0.74278236,-0.004641,293278.83,293287.09,1887.42,1666.10,no,yes
2140,-0.275099,0.78324329,-0.003890,293496.46,293513.19,4261.84,4338.80,no,yes
2141,-0.616888,0.53731623,-0.008724,293371.56,293393.37,2019.59,2901.74,no,yes
2142,0.116133,0.90754842,0.001642,293537.51,293527.15,6343.00,6269.07,no,yes
2143,0.291606,0.77059084,0.004124,293313.27,293303.51,2228.41,2498.39,no,yes
2144,-0.532473,0.59440483,-0.007530,293275.50,293302.75,3039.52,4117.89,no,yes
2145,-0.770256,0.44115794,-0.010893,293446.34,293471.46,2013.60,2565.53,no,yes
2146,0.344584,0.73041109,0.004873,293497.48,293484.38,2650.83,2725.02,no,yes
2147,0.185580,0.85277612,0.002624,293155.67,293153.05,954.84,1036.04,no,yes
2148,-0.140235,0.88847581,-0.001983,293226.16,293228.09,987.64,958.88,no,yes
2149,-0.333767,0.73855908,-0.004720,293488.40,293495.48,1534.51,1465.99,no,yes
2150,-0.057212,0.95437674,-0.000809,293399.83,293401.02,1329.30,1594.54,no,yes
2151,-0.685693,0.49291484,-0.009697,299031.33,299048.12,1605.08,1848.83,no,yes
2152,0.890015,0.37347057,0.012587,293646.22,293614.50,3023.69,1885.57,no,yes
2153,-0.179204,0.85777964,-0.002534,293345.74,293352.29,2542.83,2632.61,no,yes
2154,0.391958,0.69509325,0.005543,293321.00,293314.55,1176.73,1150.14,no,yes
2155,1.210681,0.22603194,0.017122,293249.18,293212.71,2130.83,2128.92,no,yes
2156,-0.425720,0.67031640,-0.006021,293334.94,293344.49,1497.58,1671.11,no,yes
2157,-1.966547,0.04925830,-0.027811,293346.76,293416.55,1095.58,3375.58,yes,yes
2158,0.209686,0.83391510,0.002965,293396.48,293390.17,1905.79,2330.72,no,yes
2159,-0.388248,0.69783680,-0.005491,293514.87,293525.82,1696.67,2251.95,no,yes
2160,-0.224114,0.82267096,-0.003169,293312.13,293319.82,2301.99,2546.39,no,yes
2161,1.726280,0.08431291,0.024413,293393.42,293361.09,1428.30,1211.11,no,yes
2162,-0.206846,0.83613252,-0.002925,293565.66,293571.49,1807.76,2161.11,no,yes
2163,0.329422,0.74183994,0.004659,293636.76,293629.54,1484.31,1615.31,no,yes
2164,0.466092,0.64115507,0.006592,293414.37,293401.52,1898.90,1997.14,no,yes
2165,-0.149382,0.88125381,-0.002113,293349.07,293357.67,4174.60,3966.44,no,yes
2166,0.235830,0.81356718,0.003335,293486.33,293478.06,2509.86,2450.06,no,yes
2167,-0.530433,0.59581751,-0.007501,293491.19,293499.22,1124.54,1014.82,no,yes
2168,-0.760815,0.44677647,-0.010760,301253.10,301265.41,1072.70,1211.16,no,yes
2169,0.477813,0.63279052,0.006757,293429.53,293416.70,2414.74,1172.81,no,yes
2170,1.841491,0.06556510,0.026043,293383.06,293351.59,1324.32,1080.11,no,yes
2171,0.437636,0.66165496,0.006189,293323.08,293299.74,3997.37,3532.13,no,yes
2172,0.086187,0.93131849,0.001219,293282.16,293278.06,3442.47,3282.18,no,yes
2173,-0.417228,0.67651649,-0.005900,293198.31,293205.86,1317.09,1241.93,no,yes
2174,-0.190424,0.84897901,-0.002693,293575.77,293579.25,1233.74,1344.00,no,yes
2175,-0.377789,0.70559155,-0.005343,293397.89,293416.54,3124.46,3821.56,no,yes
2176,-0.345841,0.72946583,-0.004891,293494.90,293505.18,1908.69,2280.73,no,yes
2177,0.602581,0.54679493,0.008522,293702.31,293683.17,2564.98,1874.77,no,yes
2178,-1.073018,0.28327743,-0.015175,293395.11,293431.08,1898.69,2761.88,no,yes
2179,0.224915,0.82204810,0.003181,293281.20,293276.26,1625.26,1471.63,no,yes
2180,-0.308118,0.75799568,-0.004357,293164.88,293168.83,869.48,942.90,no,yes
2181,1.152034,0.24932146,0.016292,293524.78,293471.57,3572.50,2928.12,no,yes
2182,-0.193986,0.84618903,-0.002743,293209.78,293213.38,1297.02,1326.23,no,yes
2183,-0.994423,0.32002899,-0.014063,293507.19,293520.03,852.80,969.65,no,yes
2184,0.185821,0.85258732,0.002628,308711.38,308708.23,1225.56,1175.38,no,yes
2185,1.563488,0.11795633,0.022111,293252.61,293213.73,2089.55,1348.27,no,yes
2186,0.675937,0.49908845,0.009559,293192.84,293180.89,1286.55,1212.03,no,yes
2187,-0.202205,0.83975837,-0.002860,293205.23,293211.38,1888.89,2382.56,no,yes
2188,0.243685,0.80747693,0.003446,293533.86,293514.18,5902.26,5513.98,no,yes
2189,-1.019585,0.30793818,-0.014419,293435.06,293450.42,963.24,1157.96,no,yes
2190,0.755080,0.45020976,0.010678,293500.02,293490.99,898.80,788.53,no,yes
2191,0.643715,0.51976761,0.009104,293553.15,293542.74,1102.19,1183.38,no,yes
2192,1.565258,0.11754379,0.022136,293629.64,293549.47,4567.56,2317.25,no,yes
2193,-0.261264,0.79389178,-0.003695,293486.93,293499.46,3216.89,3559.04,no,yes
2194,1.287888,0.19780608,0.018213,293506.52,293479.42,1914.17,874.30,no,yes
2195,-0.345664,0.72959943,-0.004888,293417.80,293435.59,3127.44,4086.89,no,yes
2196,1.154231,0.24842428,0.016323,293312.49,293261.51,3963.89,1947.22,no,yes
2197,0.622564,0.53357885,0.008804,293249.99,293224.73,3272.05,2399.04,no,yes
2198,-1.823924,0.06818609,-0.025794,293504.22,293585.75,1683.17,4141.45,no,yes
2199,0.954969,0.33960534,0.013505,293309.85,293278.92,2073.80,2487.44,no,yes
2200,0.465111,0.64185697,0.006578,293942.92,293927.15,2555.64,2227.56,no,yes
2201,0.452023,0.65125750,0.006393,293642.74,293626.17,2504.66,2675.66,no,yes
2202,0.714339,0.47502582,0.010102,293476.27,293460.05,1720.14,1481.48,no,yes
2203,0.620834,0.53471698,0.008780,294159.07,294126.32,4340.79,2995.92,no,yes
2204,-0.057111,0.95445701,-0.000808,293242.34,293243.08,988.50,825.46,no,yes
2205,0.148404,0.88202509,0.002099,293675.61,293661.99,6654.87,6314.34,no,yes
2206,-0.169415,0.86547210,-0.002396,293507.24,293512.08,2041.20,1999.09,no,yes
2207,-0.808406,0.41886679,-0.011433,293573.24,293589.17,1229.22,1540.47,no,yes
2208,-0.308428,0.75776043,-0.004362,293339.81,293357.68,3529.33,4595.40,no,yes
2209,-0.618974,0.53594125,-0.008754,293463.43,293488.26,2282.90,3297.51,no,yes
2210,-0.729379,0.46577969,-0.010315,293433.53,293468.15,2702.46,3902.67,no,yes
2211,-0.302443,0.76231790,-0.004277,293430.94,293442.52,2710.48,2705.27,no,yes
2212,0.434111,0.66421319,0.006139,293519.53,293505.99,2484.03,1886.54,no,yes
2213,1.233697,0.21733031,0.017447,293233.75,293214.89,1128.08,1031.93,no,yes
2214,-1.294680,0.19544733,-0.018310,293173.71,293195.31,969.91,1357.65,no,yes
2215,0.541400,0.58823778,0.007657,293217.37,293209.32,1053.57,1048.10,no,yes
2216,0.444399,0.65675862,0.006285,293417.37,293410.54,1042.58,1127.49,no,yes
2217,0.707463,0.47928733,0.010005,293437.48,293408.77,2946.07,2791.08,no,yes
2218,-0.345767,0.72952113,-0.004890,293372.92,293381.80,1845.28,1786.10,no,yes
2219,0.185667,0.85270810,0.002626,293490.02,293486.22,1448.72,1445.64,no,yes
2220,-0.160649,0.87237180,-0.002272,293723.28,293734.84,4959.83,5216.11,no,yes
2221,0.387225,0.69859380,0.005476,293707.69,293693.68,2850.54,2230.39,no,yes
2222,-0.139367,0.88916169,-0.001971,293515.16,293519.27,2131.38,2040.66,no,yes
2223,-0.297574,0.76603122,-0.004208,293185.03,293189.80,1100.37,1163.77,no,yes
2224,0.160769,0.87227670,0.002274,296202.99,296199.27,1513.78,1747.28,no,yes
2225,0.694766,0.48721001,0.009825,293688.84,293651.97,3770.43,3735.93,no,yes
2226,-0.191250,0.84833200,-0.002705,293586.86,293603.76,6117.06,6375.72,no,yes
2227,0.588769,0.55602328,0.008326,293384.77,293377.66,941.05,756.49,no,yes
2228,1.041376,0.29771419,0.014727,293812.40,293766.54,3425.13,2767.33,no,yes
2229,0.500232,0.61691777,0.007074,293657.28,293629.98,4498.30,3089.86,no,yes
2230,-0.394381,0.69330438,-0.005577,293432.31,293442.63,1625.94,2049.76,no,yes
2231,0.575180,0.56517585,0.008134,293508.11,293482.01,3201.38,3216.14,no,yes
2232,0.444758,0.65649915,0.006290,293640.79,293617.31,3782.74,3682.41,no,yes
2233,0.273536,0.78444435,0.003868,293635.94,293620.99,3806.99,3920.83,no,yes
2234,0.055694,0.95558644,0.000788,293518.60,293516.51,2608.62,2688.21,no,yes
2235,-0.556774,0.57768923,-0.007874,293247.40,293276.15,2826.30,4320.97,no,yes
2236,1.068273,0.28541475,0.015108,293428.53,293407.72,1731.98,892.99,no,yes
2237,-1.856358,0.06341859,-0.026253,301167.61,301196.42,918.27,1251.11,no,yes
2238,-0.778266,0.43642186,-0.011006,390992.58,391030.76,3190.23,3726.87,no,yes
2239,0.276024,0.78253261,0.003904,293656.97,293642.01,4076.79,3573.01,no,yes
2240,-1.760958,0.07826181,-0.024904,293350.19,293392.08,1452.37,1884.06,no,yes
2241,-1.499369,0.13379403,-0.021204,303877.18,303897.22,879.98,1005.26,no,yes
2242,1.064194,0.28725445,0.015050,293275.88,293238.05,2802.69,2186.77,no,yes
2243,0.184090,0.85394517,0.002603,293230.24,293226.66,1675.67,977.78,no,yes
2244,0.417995,0.67595560,0.005911,293452.45,293441.74,1966.96,1643.36,no,yes
2245,-1.295323,0.19522538,-0.018319,293251.15,293331.94,3608.69,5086.64,no,yes
2246,-0.383938,0.70102864,-0.005430,305908.04,305925.10,2819.85,3433.08,no,yes
2247,-0.991753,0.32133172,-0.014026,293239.24,293292.58,3031.63,4442.51,no,yes
2248,-0.104094,0.91709579,-0.001472,293487.71,293492.58,3000.62,3586.09,no,yes
2249,0.289519,0.77218739,0.004094,293351.15,293346.77,1007.57,1124.71,no,yes
2250,-0.349673,0.72658850,-0.004945,293236.04,293248.09,1995.78,2810.56,no,yes
2251,0.293618,0.76905307,0.004152,293321.61,293314.43,1784.68,1671.63,no,yes
2252,-0.481737,0.62999894,-0.006813,293340.07,293356.54,1996.20,2777.34,no,yes
2253,1.331198,0.18313944,0.018826,293575.28,293528.91,2649.45,2260.58,no,yes
2254,-1.129094,0.25887675,-0.015968,293352.67,293386.69,1330.98,2702.86,no,yes
2255,0.083433,0.93350780,0.001180,293484.37,293481.94,1978.17,2146.45,no,yes
2256,0.366697,0.71384912,0.005186,293346.19,293334.02,2598.49,2065.65,no,yes
2257,-1.097028,0.27264482,-0.015514,307106.09,307133.76,1329.34,2143.62,no,yes
2258,-0.110799,0.91177658,-0.001567,293408.12,293411.02,2096.07,1567.02,no,yes
2259,-0.268097,0.78862737,-0.003791,293255.81,293266.13,2820.07,2616.39,no,yes
2260,0.603233,0.54636046,0.008531,293620.89,293605.32,1726.35,1918.50,no,yes
2261,0.433499,0.66465703,0.006131,293294.81,293280.15,2358.66,2422.56,no,yes
2262,0.205023,0.83755607,0.002899,293606.73,293601.24,1892.65,1892.73,no,yes
2263,-0.219705,0.82610326,-0.003107,293524.15,293534.90,3250.47,3656.35,no,yes
2264,0.617037,0.53721736,0.008726,293385.44,293370.78,1593.99,1761.32,no,yes
2265,-0.088509,0.92947282,-0.001252,293644.62,293647.37,2145.80,2243.74,no,yes
2266,1.177179,0.23914023,0.016648,293340.71,293311.18,2104.06,1365.48,no,yes
2267,-0.662184,0.50786149,-0.009365,293425.74,293444.18,1658.62,2235.93,no,yes
2268,0.205124,0.83747737,0.002901,293395.30,293389.65,1996.32,1901.04,no,yes
2269,0.850022,0.39532286,0.012021,293578.83,293567.04,989.72,971.84,no,yes
2270,0.866772,0.38607749,0.012258,293179.42,293166.47,1131.45,976.27,no,yes
2271,0.150423,0.88043204,0.002127,293589.57,293581.84,3778.19,3487.33,no,yes
2272,0.720439,0.47126312,0.010189,293305.49,293293.84,1230.29,1049.64,no,yes
2273,0.140717,0.88809532,0.001990,293567.61,293565.82,914.12,889.40,no,yes
2274,-1.387326,0.16536573,-0.019620,293348.47,293411.11,1717.62,4175.88,no,yes
2275,2.319663,0.02037083,0.032805,293245.52,293206.71,1404.04,909.94,yes,yes
2276,-1.154047,0.24849714,-0.016321,293472.81,293505.11,1486.97,2371.13,no,yes
2277,-0.946000,0.34416044,-0.013378,293324.49,293336.09,812.38,918.05,no,yes
2278,0.113280,0.90980943,0.001602,293521.40,293519.25,1347.28,1345.06,no,yes
2279,0.312819,0.75442155,0.004424,293635.14,293628.79,1443.99,1429.31,no,yes
2280,0.922739,0.35615549,0.013049,293503.39,293482.93,1789.53,1309.52,no,yes
2281,0.278277,0.78080275,0.003935,293728.89,293704.00,6390.75,6256.72,no,yes
2282,0.187502,0.85126880,0.002652,304051.22,304043.10,3279.46,2821.86,no,yes
2283,0.863887,0.38766010,0.012217,293534.29,293523.19,916.62,900.43,no,yes
2284,1.791504,0.07322868,0.025336,293672.46,293638.48,1517.24,1138.29,no,yes
2285,1.347666,0.17778389,0.019059,293754.86,293677.00,4893.28,3071.35,no,yes
2286,0.332324,0.73964786,0.004700,293510.90,293493.55,3870.38,3506.99,no,yes
2287,0.873903,0.38218155,0.012359,293491.98,293480.00,969.44,969.15,no,yes
2288,0.453885,0.64991638,0.006419,293707.53,293691.53,2700.89,2265.49,no,yes
2289,-1.547916,0.12166526,-0.021891,293334.32,293389.38,1469.60,3238.86,no,yes
2290,0.023137,0.98154123,0.000327,293614.91,293614.37,1590.79,1708.40,no,yes
2291,-1.040665,0.29804897,-0.014717,294642.93,294668.28,1006.55,2218.37,no,yes
2292,-0.212151,0.83199129,-0.003000,293416.35,293421.85,1836.07,1827.86,no,yes
2293,0.490221,0.62398323,0.006933,293566.92,293549.00,2847.82,2292.60,no,yes
2294,0.005272,0.99579388,0.000075,293467.25,293466.97,3772.71,3749.44,no,yes
2295,-0.648406,0.51673270,-0.009170,293170.11,293183.93,894.10,1934.64,no,yes
2296,-0.952740,0.34073347,-0.013474,293437.64,293450.55,936.72,979.17,no,yes
2297,0.074002,0.94100979,0.001047,293313.58,293310.62,2785.21,2876.14,no,yes
2298,-0.227074,0.82036890,-0.003211,293253.04,293258.78,1682.06,1886.82,no,yes
2299,1.445102,0.14845120,0.020437,293511.67,293445.04,4170.84,1966.26,no,yes
2300,-0.381685,0.70269972,-0.005398,294764.30,294776.41,1749.90,2645.60,no,yes
2301,0.515780,0.60601392,0.007294,293485.03,293474.77,1358.59,1452.11,no,yes
2302,0.103228,0.91778293,0.001460,293232.10,293229.38,1746.79,1971.43,no,yes
2303,0.137689,0.89048793,0.001947,293489.14,293481.80,3581.59,3947.88,no,yes
2304,0.154528,0.87719505,0.002185,293543.35,293541.41,870.71,908.19,no,yes
2305,0.727984,0.46663189,0.010295,293417.26,293406.61,1053.60,1015.43,no,yes
2306,-2.292729,0.02187422,-0.032424,293401.94,293429.32,768.59,913.77,yes,yes
2307,-0.009734,0.99223369,-0.000138,293343.09,293343.25,1125.32,1191.08,no,yes
2308,0.520741,0.60255317,0.007364,293611.14,293603.57,1064.62,987.66,no,yes
2309,-0.120858,0.90380464,-0.001709,293323.79,293326.84,1868.72,1696.29,no,yes
2310,-0.423322,0.67206503,-0.005987,293213.71,293220.36,1043.20,1173.25,no,yes
2311,-0.689263,0.49066596,-0.009748,390994.95,391010.49,1613.97,1572.71,no,yes
2312,-2.564809,0.01033685,-0.036272,293643.51,293779.05,939.10,5200.20,yes,yes
2313,1.032623,0.30179310,0.014603,293476.16,293447.99,2005.36,1848.76,no,yes
2314,0.261623,0.79361474,0.003700,293167.82,293164.50,841.37,947.84,no,yes
2315,-0.770336,0.44111108,-0.010894,293225.91,293261.39,2571.93,3822.12,no,yes
2316,-0.848408,0.39622112,-0.011998,294044.79,294055.58,820.13,971.47,no,yes
2317,0.236551,0.81300789,0.003345,293274.26,293268.69,1552.59,1766.64,no,yes
2318,0.030264,0.97585709,0.000428,293594.57,293592.96,3653.59,3837.27,no,yes
2319,0.557195,0.57740028,0.007880,293187.45,293179.46,990.47,1035.12,no,yes
2320,0.407290,0.68379953,0.005760,293392.65,293380.40,2301.07,1937.00,no,yes
2321,2.217414,0.02661261,0.031359,293404.29,293333.35,3006.87,1092.76,yes,yes
2322,-0.509619,0.61032511,-0.007207,293319.94,293328.52,947.20,1392.75,no,yes
2323,0.476155,0.63396914,0.006734,293490.74,293479.03,1881.76,1582.36,no,yes
2324,0.539524,0.58953170,0.007630,301432.21,301402.13,4302.80,3546.49,no,yes
2325,-0.911345,0.36212467,-0.012888,293220.91,293240.64,1432.56,1623.10,no,yes
2326,0.477621,0.63292523,0.006755,293412.29,293399.82,1846.25,1846.71,no,yes
2327,0.543017,0.58712642,0.007679,293370.16,293345.12,4158.43,1990.38,no,yes
2328,0.312911,0.75435163,0.004425,293221.03,293215.91,1145.96,1166.87,no,yes
2329,0.065694,0.94762196,0.000929,293589.33,293586.95,2377.55,2740.40,no,yes
2330,0.614366,0.53898058,0.008688,293609.55,293589.47,2485.65,2122.85,no,yes
2331,0.004898,0.99609197,0.000069,293362.15,293361.98,2539.98,2407.05,no,yes
2332,0.290125,0.77172381,0.004103,293607.34,293599.65,1464.35,2207.00,no,yes
2333,0.051921,0.95859252,0.000734,293625.88,293624.24,2119.63,2354.32,no,yes
2334,0.295015,0.76798541,0.004172,308788.07,308777.00,2871.08,2411.89,no,yes
2335,1.115840,0.26450409,0.015780,293398.72,293378.83,1273.35,1247.55,no,yes
2336,0.677981,0.49779211,0.009588,293544.38,293534.90,1088.33,877.56,no,yes
2337,-0.368992,0.71213746,-0.005218,293326.07,293330.68,919.57,848.10,no,yes
2338,0.701681,0.48288618,0.009923,293211.00,293199.73,1117.40,1153.72,no,yes
2339,0.578071,0.56322300,0.008175,293269.06,293250.91,2073.80,2358.04,no,yes
2340,0.185785,0.85261505,0.002627,303284.34,303275.71,3476.38,3082.32,no,yes
2341,-0.645688,0.51849241,-0.009131,293623.52,293641.06,1078.99,2492.06,no,yes
2342,0.553112,0.58019445,0.007822,293313.78,293281.84,5082.68,2738.53,no,yes
2343,-0.277053,0.78174211,-0.003918,293239.83,293245.19,1309.59,1422.89,no,yes
2344,-0.287682,0.77359300,-0.004068,293795.20,293822.07,6330.60,6869.13,no,yes
2345,-0.674906,0.49974337,-0.009545,302657.71,302667.82,1069.70,1049.43,no,yes
2346,0.418963,0.67524812,0.005925,293510.93,293496.02,2737.37,2274.76,no,yes
2347,-0.390492,0.69617717,-0.005522,293327.80,293334.46,1154.52,1254.08,no,yes
2348,-0.083901,0.93313592,-0.001187,293364.63,293365.79,874.13,1069.94,no,yes
2349,-0.224182,0.82261831,-0.003170,293405.39,293408.54,957.20,1026.69,no,yes
2350,0.421089,0.67369454,0.005955,293325.78,293304.94,3587.50,3407.20,no,yes
2351,0.434206,0.66414447,0.006141,293208.59,293197.80,2064.73,1381.30,no,yes
2352,-0.050753,0.95952276,-0.000718,293200.83,293202.11,1708.96,1857.40,no,yes
2353,-1.169656,0.24215349,-0.016541,293200.87,293217.49,975.74,1033.08,no,yes
2354,-0.830561,0.40623186,-0.011746,293573.27,293586.14,982.71,1199.01,no,yes
2355,0.303664,0.76138758,0.004294,293408.20,293399.78,1616.83,2252.14,no,yes
2356,0.056230,0.95515902,0.000795,293260.83,293259.12,2186.24,2103.11,no,yes
2357,0.137157,0.89090821,0.001940,293351.02,293349.03,1059.92,998.68,no,yes
2358,0.004239,0.99661763,0.000060,293479.00,293478.88,1949.70,1996.53,no,yes
2359,0.246380,0.80539073,0.003484,293639.02,293627.44,3352.81,3291.10,no,yes
2360,0.569999,0.56868563,0.008061,293370.28,293358.22,1714.19,1240.90,no,yes
2361,0.780955,0.43484030,0.011044,293390.61,293344.21,5061.84,3112.28,no,yes
2362,0.618804,0.53605264,0.008751,293483.33,293471.22,1527.47,1222.40,no,yes
2363,0.139060,0.88940421,0.001967,293825.28,293819.56,2977.15,2835.10,no,yes
2364,-0.303829,0.76126106,-0.004297,293277.39,293288.78,2429.77,2855.87,no,yes
2365,0.187315,0.85141588,0.002649,293222.20,293217.50,1839.04,1708.54,no,yes
2366,0.261020,0.79407982,0.003691,293598.35,293590.84,2226.54,1817.12,no,yes
2367,0.635986,0.52479298,0.008994,293364.24,293347.82,1732.19,1914.93,no,yes
2368,0.182558,0.85514633,0.002582,293441.10,293435.23,2253.31,2299.85,no,yes
2369,-0.687821,0.49157403,-0.009727,293429.35,293459.29,2607.61,3485.13,no,yes
2370,-0.269042,0.78790035,-0.003805,293530.45,293533.71,942.62,761.50,no,yes
2371,-0.470947,0.63768357,-0.006660,293562.60,293574.40,1863.84,1677.01,no,yes
2372,1.200650,0.22990130,0.016980,293178.84,293160.90,1120.19,988.90,no,yes
2373,0.275896,0.78263050,0.003902,293322.24,293309.76,3265.84,3128.20,no,yes
2374,-0.619904,0.53532809,-0.008767,293317.48,293325.55,893.09,947.40,no,yes
2375,1.119064,0.26312672,0.015826,293370.04,293351.63,1283.36,1029.67,no,yes
2376,-0.281963,0.77797517,-0.003988,293502.24,293511.21,2159.59,2336.25,no,yes
2377,0.812203,0.41668490,0.011486,293323.66,293280.90,4050.25,3362.09,no,yes
2378,-1.034473,0.30093475,-0.014630,293498.27,293531.45,1120.99,3005.25,no,yes
2379,1.234967,0.21685960,0.017465,293264.83,293200.37,4381.79,2836.10,no,yes
2380,-0.726992,0.46724062,-0.010281,293384.32,293402.86,2133.42,1398.93,no,yes
2381,0.012344,0.99015124,0.000175,293485.98,293485.79,1036.80,1100.07,no,yes
2382,-0.954359,0.33991341,-0.013497,293354.34,293367.71,950.77,1029.42,no,yes
2383,1.015773,0.30975063,0.014365,293659.60,293634.80,1501.13,1924.45,no,yes
2384,-0.544879,0.58584329,-0.007706,293190.13,293200.40,1142.41,1499.75,no,yes
2385,0.581186,0.56112307,0.008219,293669.99,293652.48,2567.97,1574.36,no,yes
2386,-1.124594,0.26077962,-0.015904,293748.10,293795.47,1887.63,3765.13,no,yes
2387,0.396075,0.69205497,0.005601,293426.68,293418.88,934.95,1730.91,no,yes
2388,1.160392,0.24590444,0.016410,293680.11,293625.12,3820.82,2802.52,no,yes
2389,0.222037,0.82428742,0.003140,293620.06,293612.99,2240.02,2265.47,no,yes
2390,-0.770848,0.44080662,-0.010901,293280.68,293325.35,3620.37,4525.57,no,yes
2391,0.154072,0.87755448,0.002179,293320.97,293314.06,2992.22,3339.51,no,yes
2392,0.625017,0.53196783,0.008839,293514.86,293494.10,2718.19,1907.77,no,yes
2393,-0.003780,0.99698376,-0.000053,293236.10,293236.15,930.11,1063.13,no,yes
2394,-0.144875,0.88481086,-0.002049,293360.62,293364.01,1505.62,1794.54,no,yes
2395,-0.552915,0.58032828,-0.007819,293304.21,293334.33,3307.65,4328.33,no,yes
2396,0.727861,0.46670747,0.010294,293641.61,293599.41,4569.38,3568.46,no,yes
2397,0.088977,0.92910129,0.001258,293448.64,293447.18,1195.05,1113.24,no,yes
2398,0.543194,0.58700254,0.007682,293892.12,293867.24,3184.49,3292.42,no,yes
2399,-0.088663,0.92935085,-0.001254,293686.43,293695.18,7011.19,6955.42,no,yes
2400,-0.976968,0.32859823,-0.013816,293471.30,293517.32,2701.23,3858.72,no,yes
2401,0.406892,0.68409195,0.005754,293488.17,293465.96,4033.61,3675.05,no,yes
2402,1.083984,0.27838540,0.015330,293237.63,293220.84,1165.05,1020.34,no,yes
2403,0.036741,0.97069172,0.000520,293877.61,293874.22,6496.16,6564.12,no,yes
2404,0.199201,0.84210719,0.002817,293441.72,293431.51,3528.85,3713.88,no,yes
2405,1.384196,0.16631388,0.019575,293682.37,293658.50,1242.27,1196.54,no,yes
2406,-0.788767,0.43025978,-0.011155,293396.39,293416.55,1299.79,2200.90,no,yes
2407,-0.255050,0.79868699,-0.003607,293712.37,293722.76,2655.74,3088.93,no,yes
2408,0.829186,0.40700985,0.011726,293456.83,293418.41,3754.44,2716.00,no,yes
2409,-0.404796,0.68563188,-0.005725,293252.00,293263.08,2049.61,1815.53,no,yes
2410,-0.185098,0.85315376,-0.002618,293467.27,293470.19,1051.48,1175.81,no,yes
2411,0.689611,0.49044705,0.009753,293417.11,293399.78,1827.76,1723.75,no,yes
2412,0.698215,0.48505105,0.009874,293439.52,293409.22,3383.19,2717.35,no,yes
2413,0.347650,0.72810669,0.004917,293571.56,293565.79,1176.85,1170.13,no,yes
2414,0.248044,0.80410305,0.003508,293427.37,293420.81,1902.16,1834.25,no,yes
2415,0.780425,0.43515017,0.011037,293343.64,293323.71,1753.38,1857.19,no,yes
2416,-0.374287,0.70819468,-0.005293,361940.45,361960.77,3648.64,4022.31,no,yes
2417,-0.425248,0.67066049,-0.006014,293490.29,293512.22,3429.05,3851.43,no,yes
2418,-0.574909,0.56535940,-0.008130,293354.99,293399.82,4945.13,6028.83,no,yes
2419,0.892402,0.37219202,0.012620,293457.07,293438.33,1873.20,949.95,no,yes
2420,0.969429,0.33234358,0.013710,293464.94,293435.33,2415.34,1869.49,no,yes
2421,-0.499421,0.61748915,-0.007063,293242.08,293257.46,1656.73,2596.50,no,yes
2422,0.274763,0.78350159,0.003886,293364.31,293356.26,1897.92,2229.66,no,yes
2423,1.396603,0.16254921,0.019751,293771.42,293722.09,2764.98,2197.53,no,yes
2424,-0.514048,0.60722418,-0.007270,293186.66,293194.17,1012.50,1052.09,no,yes
2425,0.274213,0.78392349,0.003878,293469.78,293455.15,4081.98,3436.15,no,yes
2426,-0.161724,0.87152521,-0.002287,293551.44,293553.46,934.46,829.35,no,yes
2427,0.693324,0.48811478,0.009805,293220.98,293202.66,2084.22,1623.77,no,yes
2428,0.185686,0.85269319,0.002626,294698.88,294692.89,2602.02,1905.77,no,yes
2429,-0.201875,0.84001685,-0.002855,293387.89,293391.00,978.58,1190.54,no,yes
2430,0.701442,0.48303519,0.009920,293308.83,293300.47,832.15,854.49,no,yes
2431,-0.149064,0.88150455,-0.002108,293215.17,293220.74,2445.39,2830.32,no,yes
2432,-0.474590,0.63508448,-0.006712,293207.04,293219.42,1760.75,1924.14,no,yes
2433,0.121790,0.90306646,0.001722,293565.23,293558.71,3836.15,3729.99,no,yes
2434,-0.256990,0.79718882,-0.003634,293319.63,293326.27,1795.89,1857.08,no,yes
2435,-0.320086,0.74890686,-0.004527,293227.49,293242.62,2647.88,3913.75,no,yes
2436,-0.411891,0.68042393,-0.005825,293273.40,293294.17,3231.15,3872.22,no,yes
2437,0.331234,0.74047133,0.004684,293520.51,293502.91,4340.38,3065.94,no,yes
2438,-0.563773,0.57291515,-0.007973,293522.36,293529.49,854.87,932.64,no,yes
2439,-0.124114,0.90122641,-0.001755,293322.37,293324.23,980.94,1135.74,no,yes
2440,1.699130,0.08931045,0.024029,293249.52,293217.81,1399.03,1235.34,no,yes
2441,0.356942,0.72113912,0.005048,293219.34,293212.11,1666.95,1148.61,no,yes
2442,0.262554,0.79289676,0.003713,293653.01,293644.23,2520.35,2201.00,no,yes
2443,0.787655,0.43090803,0.011139,293305.99,293265.40,3847.31,3429.41,no,yes
2444,0.894640,0.37099068,0.012652,293607.82,293592.98,1245.62,1095.96,no,yes
2445,1.079400,0.28042356,0.015265,301135.20,301113.97,1581.95,1168.71,no,yes
2446,0.053034,0.95770515,0.000750,293178.98,293178.25,924.83,1030.16,no,yes
2447,0.712378,0.47623928,0.010075,293217.20,293205.90,1221.41,1013.49,no,yes
2448,1.018277,0.30855850,0.014401,293683.33,293647.96,2462.10,2449.98,no,yes
2449,-0.226893,0.82050940,-0.003209,293580.02,293589.34,2952.28,2854.71,no,yes
2450,-0.829270,0.40696430,-0.011728,293212.97,293240.01,1578.70,2852.95,no,yes
2451,0.594518,0.55217213,0.008408,293490.70,293480.54,1206.32,1209.35,no,yes
2452,1.681340,0.09272018,0.023778,293488.75,293406.55,4503.65,1901.20,no,yes
2453,-0.536452,0.59165243,-0.007587,293646.94,293669.19,2583.27,3245.82,no,yes
2454,-0.380440,0.70362319,-0.005380,293536.46,293551.28,2493.75,2993.63,no,yes
2455,-0.926796,0.35404391,-0.013107,303322.02,303333.74,805.07,974.98,no,yes
2456,-0.158781,0.87384280,-0.002246,293390.16,293397.59,3025.26,3572.09,no,yes
2457,-2.340520,0.01927032,-0.033100,293483.93,293536.64,997.48,2019.27,yes,yes
2458,0.353480,0.72373260,0.004999,293902.99,293866.30,7664.32,6996.91,no,yes
2459,1.034402,0.30096280,0.014629,293603.68,293589.25,1167.22,764.46,no,yes
2460,0.157720,0.87467912,0.002230,293445.71,293443.29,1026.23,1141.27,no,yes
2461,0.200889,0.84078743,0.002841,293597.23,293593.94,1165.26,1144.61,no,yes
2462,0.423744,0.67175677,0.005993,293488.16,293446.16,7284.28,6722.18,no,yes
2463,-0.111839,0.91095231,-0.001582,293354.45,293357.57,1882.49,2056.05,no,yes
2464,-0.639595,0.52244350,-0.009045,293521.53,293530.33,943.43,1003.35,no,yes
2465,-1.609609,0.10750466,-0.022763,293550.39,293587.77,1038.51,2077.16,no,yes
2466,-0.408820,0.68267644,-0.005782,293215.36,293224.20,1524.71,1533.89,no,yes
2467,0.684007,0.49398197,0.009673,293744.80,293730.26,1915.49,921.78,no,yes
2468,-0.096374,0.92322455,-0.001363,293676.52,293680.94,3095.26,3381.64,no,yes
2469,0.042989,0.96571092,0.000608,293667.38,293666.69,1130.67,1154.58,no,yes
2470,0.497536,0.61881631,0.007036,293428.86,293415.14,1954.73,1945.27,no,yes
2471,-1.500250,0.13356928,-0.021217,293357.50,293433.58,2544.14,4386.93,no,yes
2472,-1.335116,0.18185688,-0.018881,293208.99,293264.99,2180.06,3583.61,no,yes
2473,-0.003675,0.99706775,-0.000052,293665.74,293665.79,969.06,1019.77,no,yes
2474,-1.201866,0.22943007,-0.016997,293336.19,293372.42,1963.92,2287.45,no,yes
2475,0.132572,0.89453321,0.001875,293496.08,293486.59,5002.42,5114.25,no,yes
2476,-0.541993,0.58783192,-0.007665,293542.70,293558.12,1252.87,2555.31,no,yes
2477,-0.067677,0.94604365,-0.000957,305783.57,305784.68,1053.17,1261.59,no,yes
2478,-0.638871,0.52291412,-0.009035,293626.25,293652.40,2790.33,2994.98,no,yes
2479,0.236650,0.81293087,0.003347,293255.21,293247.47,2386.16,2238.87,no,yes
2480,0.240750,0.80975153,0.003405,304007.63,303999.63,2304.43,2396.04,no,yes
2481,-0.519421,0.60347327,-0.007346,296138.67,296151.14,1691.06,1705.15,no,yes
2482,-0.201989,0.83992745,-0.002857,293377.48,293382.15,1494.78,1767.64,no,yes
2483,0.111333,0.91135310,0.001574,293604.38,293602.44,1196.97,1264.24,no,yes
2484,-0.199423,0.84193354,-0.002820,293383.30,293390.60,2416.05,2754.31,no,yes
2485,1.168277,0.24271018,0.016522,293439.55,293417.27,1536.91,1129.37,no,yes
2486,-0.118908,0.90534968,-0.001682,293569.92,293576.06,3386.23,3893.19,no,yes
2487,0.344011,0.73084156,0.004865,293441.54,293428.48,2713.30,2657.07,no,yes
2488,0.902950,0.36656407,0.012770,293496.47,293473.82,1533.73,1985.37,no,yes
2489,1.049991,0.29373508,0.014849,293482.11,293447.31,2421.76,2262.82,no,yes
2490,-0.996740,0.31890368,-0.014096,293308.46,293355.58,2816.69,3796.68,no,yes
2491,0.109317,0.91295247,0.001546,293654.51,293650.60,2285.78,2750.14,no,yes
2492,-0.120238,0.90429612,-0.001700,293484.80,293490.74,3673.95,3307.05,no,yes
2493,-0.947935,0.34317462,-0.013406,293556.11,293567.96,793.10,965.20,no,yes
2494,-0.603470,0.54620377,-0.008534,293373.46,293405.58,3111.46,4318.87,no,yes
2495,0.606764,0.54401537,0.008581,293427.49,293411.41,2231.56,1427.82,no,yes
2496,-1.698897,0.08935479,-0.024026,293311.54,293335.15,874.61,1080.21,no,yes
2497,0.996885,0.31883304,0.014098,293573.25,293551.32,1739.79,1346.14,no,yes
2498,0.273233,0.78467724,0.003864,293409.30,293404.84,1057.67,1245.11,no,yes
2499,-0.373050,0.70911533,-0.005276,293304.86,293318.95,2342.55,2961.84,no,yes
2500,0.284377,0.77612481,0.004022,293745.32,293720.31,6329.57,6110.84,no,yes
2501,-0.416667,0.67692647,-0.005893,293403.42,293418.73,2203.20,2942.15,no,yes
2502,-0.517783,0.60461520,-0.007323,293561.02,293568.07,963.13,960.82,no,yes
2503,0.532793,0.59418318,0.007535,293315.53,293301.59,1639.07,2040.23,no,yes
2504,-0.341484,0.73274281,-0.004829,293485.63,293504.02,3771.64,3846.88,no,yes
2505,0.572994,0.56665535,0.008103,293354.36,293344.98,1264.87,1040.85,no,yes
2506,0.090953,0.92753112,0.001286,293628.74,293625.87,2487.80,1940.22,no,yes
2507,-0.309089,0.75725715,-0.004371,293204.58,293210.62,1252.28,1499.68,no,yes
2508,-0.724712,0.46863792,-0.010249,293333.57,293346.24,1078.09,1376.53,no,yes
2509,0.334576,0.73794879,0.004732,294672.56,294655.18,3907.07,3419.55,no,yes
2510,-0.085548,0.93182647,-0.001210,293575.60,293579.47,2932.62,3430.92,no,yes
2511,-0.622275,0.53376811,-0.008800,293480.39,293489.27,936.90,1075.75,no,yes
2512,0.191713,0.84796903,0.002711,293603.02,293591.90,3983.50,4217.41,no,yes
2513,-0.676214,0.49891320,-0.009563,293445.71,293465.10,1764.99,2258.44,no,yes
2514,-1.964503,0.04949509,-0.027782,293363.77,293429.36,982.37,3190.74,yes,yes
2515,1.140765,0.25398730,0.016133,293403.11,293370.70,2589.24,1168.59,no,yes
2516,0.259768,0.79504574,0.003674,293491.79,293488.28,971.59,942.35,no,yes
2517,-0.476011,0.63407219,-0.006732,293588.84,293612.53,3232.67,3785.32,no,yes
2518,1.428348,0.15320929,0.020200,293718.85,293681.66,2147.21,1472.79,no,yes
2519,0.822700,0.41068845,0.011635,293285.48,293248.90,3188.51,3099.08,no,yes
2520,0.760392,0.44702904,0.010754,293492.90,293473.44,1877.88,1738.63,no,yes
2521,-0.233169,0.81563278,-0.003298,293529.48,293550.39,6228.08,6448.20,no,yes
2522,1.727971,0.08400946,0.024437,293232.07,293203.31,1292.66,1048.65,no,yes
2523,0.502954,0.61500226,0.007113,293493.55,293475.15,2708.72,2459.79,no,yes
2524,1.401499,0.16108038,0.019820,293444.91,293417.44,1400.45,1371.21,no,yes
2525,0.724866,0.46854423,0.010251,293625.61,293608.21,2025.16,1288.30,no,yes
2526,0.022025,0.98242797,0.000311,293980.67,293979.83,2495.99,2891.98,no,yes
2527,0.391501,0.69543118,0.005537,293522.41,293512.77,1741.60,1737.64,no,yes
2528,-0.420924,0.67381700,-0.005953,293222.75,293235.23,1222.86,2701.52,no,yes
2529,-0.106345,0.91530977,-0.001504,293416.95,293422.38,3215.70,3960.63,no,yes
2530,-1.617001,0.10589934,-0.022868,293332.62,293374.95,1178.00,2338.14,no,yes
2531,0.332739,0.73933471,0.004706,293478.81,293472.55,1300.21,1359.05,no,yes
2532,-1.309431,0.19040628,-0.018518,293457.96,293499.98,1689.03,2728.48,no,yes
2533,-0.137049,0.89099376,-0.001938,293479.23,293481.81,1202.82,1448.74,no,yes
2534,0.252808,0.80041954,0.003575,293675.65,293652.86,6475.81,6271.01,no,yes
2535,0.115706,0.90788709,0.001636,293674.33,293671.43,1769.61,1776.26,no,yes
2536,0.914799,0.36031021,0.012937,293268.69,293230.49,3493.45,2286.47,no,yes
2537,-0.537298,0.59106764,-0.007599,293522.23,293530.35,1056.28,1080.55,no,yes
2538,1.626638,0.10383248,0.023004,293988.03,293959.11,1492.35,965.55,no,yes
2539,-2.306328,0.02111007,-0.032616,293525.80,293609.16,949.13,3487.51,yes,yes
2540,0.077008,0.93861827,0.001089,293464.50,293461.39,3141.50,2540.99,no,yes
2541,-0.299557,0.76451888,-0.004236,293380.86,293389.57,1376.18,2562.12,no,yes
2542,2.152700,0.03135508,0.030444,293372.10,293336.62,1312.50,996.93,yes,yes
2543,0.130148,0.89645076,0.001841,293287.64,293283.37,2296.31,2339.66,no,yes
2544,0.888041,0.37452981,0.012559,293348.37,293334.23,1240.15,997.79,no,yes
2545,-0.306396,0.75930693,-0.004333,293581.22,293592.03,2087.92,2844.71,no,yes
2546,0.285243,0.77546072,0.004034,293451.34,293444.89,1696.42,1491.43,no,yes
2547,-0.646451,0.51799672,-0.009142,293415.94,293434.21,1395.81,2456.80,no,yes
2548,-0.204558,0.83791944,-0.002893,293327.96,293333.88,2262.95,1805.29,no,yes
2549,0.742405,0.45785095,0.010499,293332.16,293296.02,3657.98,3211.40,no,yes
2550,0.392690,0.69455276,0.005553,293612.23,293602.45,1819.81,1697.08,no,yes
2551,1.091630,0.27501252,0.015438,293668.87,293599.37,5544.80,3129.89,no,yes
2552,-0.390326,0.69630025,-0.005520,293518.60,293529.23,2223.70,1572.71,no,yes
2553,-0.126450,0.89937689,-0.001788,293494.33,293500.42,3123.84,3660.42,no,yes
2554,0.751680,0.45225265,0.010630,293546.04,293536.54,873.19,912.72,no,yes
2555,-0.886968,0.37510806,-0.012544,293483.08,293509.83,1729.27,2469.76,no,yes
2556,1.307085,0.19120281,0.018485,305839.18,305790.83,3223.61,1815.46,no,yes
2557,-1.350141,0.17698958,-0.019094,293465.84,293507.33,1569.57,2641.66,no,yes
2558,-0.023664,0.98112053,-0.000335,293529.72,293530.97,3479.18,3946.97,no,yes
2559,0.273156,0.78473650,0.003863,293573.31,293569.86,928.01,854.32,no,yes
2560,0.531651,0.59497553,0.007519,293448.01,293435.88,2013.38,1073.81,no,yes
2561,1.629663,0.10319091,0.023047,293669.94,293589.28,4132.82,2723.49,no,yes
2562,-0.004420,0.99647319,-0.000063,293343.65,293343.88,3679.67,3899.68,no,yes
2563,-0.781615,0.43445103,-0.011054,293612.04,293653.55,3017.01,4371.28,no,yes
2564,-0.530724,0.59561714,-0.007506,293438.85,293451.87,1299.17,2082.48,no,yes
2565,-1.337610,0.18103911,-0.018917,293569.48,293602.83,1605.00,1908.30,no,yes
2566,-0.255639,0.79823221,-0.003615,293519.34,293523.19,983.80,1139.67,no,yes
2567,-0.491516,0.62306706,-0.006951,293650.74,293674.32,3480.49,3300.00,no,yes
2568,-0.037178,0.97034362,-0.000526,293418.70,293419.30,1140.07,1156.68,no,yes
2569,-0.592948,0.55322340,-0.008386,293567.03,293586.84,1937.59,2721.83,no,yes
2570,-1.767297,0.07719523,-0.024993,293419.56,293449.10,976.10,1356.72,no,yes
2571,-0.847309,0.39683320,-0.011983,293377.70,293412.53,2843.73,2969.82,no,yes
2572,-1.238366,0.21559982,-0.017513,293542.09,293605.17,2351.47,4518.43,no,yes
2573,0.283232,0.77700225,0.004006,299135.07,299128.01,1649.41,1866.27,no,yes
2574,0.369830,0.71151346,0.005230,293614.90,293605.22,1944.24,1755.65,no,yes
2575,-0.408535,0.68288566,-0.005778,293571.45,293584.00,2166.88,2178.68,no,yes
2576,-0.060592,0.95168455,-0.000857,293575.30,293580.77,6380.00,6368.68,no,yes
2577,0.150088,0.88069657,0.002123,293364.57,293356.08,3899.52,4101.45,no,yes
2578,0.586509,0.55754108,0.008294,293684.23,293661.90,3080.79,2237.54,no,yes
2579,-0.855989,0.39201461,-0.012106,293490.92,293504.08,966.59,1195.39,no,yes
2580,0.330803,0.74079671,0.004678,293459.39,293452.19,1555.15,1523.09,no,yes
2581,0.680233,0.49636538,0.009620,293510.09,293494.14,1447.23,1844.98,no,yes
2582,0.624709,0.53216924,0.008835,293339.93,293329.99,1155.68,1094.50,no,yes
2583,-0.113493,0.90964052,-0.001605,296386.33,296389.01,1668.61,1676.34,no,yes
2584,1.221670,0.22184703,0.017277,293392.61,293364.22,1748.52,1530.66,no,yes
2585,-0.050321,0.95986707,-0.000712,293537.30,293539.33,2540.50,3120.60,no,yes
2586,0.051525,0.95890785,0.000729,293181.15,293180.29,1152.88,1197.01,no,yes
2587,0.718007,0.47276167,0.010154,293474.52,293444.05,3346.71,2609.79,no,yes
2588,0.443146,0.65766516,0.006267,293592.26,293581.14,1694.58,1850.74,no,yes
2589,1.310006,0.19020901,0.018526,293595.90,293575.72,1139.45,1037.16,no,yes
2590,-0.723131,0.46960811,-0.010227,293490.43,293524.47,3278.06,3378.93,no,yes
2591,0.051987,0.95853937,0.000735,293533.86,293531.14,3341.52,4025.24,no,yes
2592,-0.183213,0.85463302,-0.002591,293554.96,293558.43,1145.08,1507.93,no,yes
2593,-0.568124,0.56995857,-0.008034,293450.33,293476.25,2446.71,3851.80,no,yes
2594,-1.629211,0.10328498,-0.023041,293206.33,293227.30,799.87,1008.45,no,yes
2595,0.131087,0.89570745,0.001854,293606.03,293603.78,1161.86,1267.95,no,yes
2596,-0.408323,0.68304128,-0.005775,293425.63,293446.29,3180.09,3934.63,no,yes
2597,-1.610336,0.10735223,-0.022774,293420.26,293472.23,834.48,3117.90,no,yes
2598,-0.635705,0.52497652,-0.008990,293327.89,293368.33,4094.35,4868.46,no,yes
2599,0.401711,0.68790091,0.005681,301029.36,301019.79,1683.60,1687.82,no,yes
2600,-0.377505,0.70580211,-0.005339,293372.87,293384.02,2095.72,2082.97,no,yes
2601,0.557693,0.57706089,0.007887,293471.75,293454.53,2413.23,1928.21,no,yes
2602,1.119179,0.26307743,0.015828,293492.26,293466.81,1686.40,1526.30,no,yes
2603,0.169882,0.86510438,0.002402,293542.53,293534.02,3526.61,3555.79,no,yes
2604,0.844773,0.39825047,0.011947,293517.69,293476.60,4213.96,2429.19,no,yes
2605,-0.709760,0.47786231,-0.010038,293418.03,293433.49,1230.34,1798.39,no,yes
2606,0.777388,0.43693946,0.010994,293402.39,293377.12,2457.40,2128.82,no,yes
2607,-0.408365,0.68301024,-0.005775,293416.78,293427.24,2072.67,1503.40,no,yes
2608,0.544670,0.58598774,0.007703,293572.31,293539.10,5084.06,3366.83,no,yes
2609,1.537066,0.12429831,0.021737,293568.18,293535.70,1878.71,967.13,no,yes
2610,0.019320,0.98458614,0.000273,293482.08,293481.79,1090.16,1023.54,no,yes
2611,-0.713156,0.47575812,-0.010086,293367.92,293382.01,1531.81,1249.08,no,yes
2612,0.155583,0.87636365,0.002200,293723.53,293712.74,5028.24,4773.90,no,yes
2613,0.021637,0.98273801,0.000306,293241.89,293241.31,2316.70,1365.95,no,yes
2614,0.003423,0.99726853,0.000048,293446.36,293446.26,1503.56,2244.97,no,yes
2615,0.056694,0.95478931,0.000802,293329.87,293329.06,1009.11,1013.39,no,yes
2616,0.057950,0.95378866,0.000820,293411.23,293410.29,1204.01,1099.28,no,yes
2617,2.143743,0.03206614,0.030317,293805.64,293771.55,1247.84,985.52,yes,yes
2618,0.368915,0.71219463,0.005217,293911.92,293873.34,7641.45,7138.07,no,yes
2619,-1.085833,0.27756657,-0.015356,293389.23,293416.71,1591.96,1966.87,no,yes
2620,0.761560,0.44633280,0.010770,293586.63,293552.01,3732.52,2594.73,no,yes
2621,0.910326,0.36266190,0.012874,293450.09,293423.27,2228.11,1929.09,no,yes
2622,-1.093350,0.27425321,-0.015462,293195.92,293232.82,2370.76,2401.92,no,yes
2623,0.727085,0.46718525,0.010283,293317.67,293289.51,3405.57,1843.09,no,yes
2624,-0.581209,0.56110588,-0.008220,293435.45,293454.62,2227.13,2434.20,no,yes
2625,-0.245233,0.80627893,-0.003468,293575.34,293579.36,1084.03,1228.08,no,yes
2626,-0.309759,0.75674770,-0.004381,293277.52,293288.17,2248.14,2600.63,no,yes
2627,-0.503436,0.61466356,-0.007120,293519.62,293533.11,1801.67,1984.15,no,yes
2628,0.269139,0.78782541,0.003806,293416.00,293404.65,2994.24,2972.72,no,yes
2629,0.334751,0.73781616,0.004734,293513.73,293491.07,4922.20,4646.98,no,yes
2630,-1.304350,0.19213707,-0.018446,293456.23,293494.07,1087.19,2689.58,no,yes
2631,-0.241051,0.80951807,-0.003409,293359.88,293367.72,1880.85,2654.54,no,yes
2632,-0.562689,0.57365307,-0.007958,293240.59,293248.03,863.57,1002.85,no,yes
2633,-0.536818,0.59139931,-0.007592,293192.73,293202.03,1300.77,1143.52,no,yes
2634,-0.513855,0.60735879,-0.007267,298533.10,298561.64,3734.49,4112.57,no,yes
2635,-1.211852,0.22558573,-0.017138,293649.51,293695.78,2061.76,3213.34,no,yes
2636,0.809214,0.41840166,0.011444,293323.14,293291.96,2745.52,2704.35,no,yes
2637,-0.916896,0.35921173,-0.012967,293499.95,293534.72,1741.10,3367.72,no,yes
2638,1.252400,0.21044108,0.017712,293810.36,293755.46,3674.41,2391.24,no,yes
2639,0.304601,0.76067357,0.004308,293437.29,293422.28,3260.71,3694.94,no,yes
2640,0.330842,0.74076770,0.004679,293573.07,293563.15,2239.11,1991.84,no,yes
2641,-0.526435,0.59859252,-0.007445,293315.97,293334.90,2006.29,2982.76,no,yes
2642,-0.611910,0.54060422,-0.008654,293638.57,293646.84,855.62,1045.20,no,yes
2643,-0.801045,0.42311614,-0.011328,293350.27,293372.45,1586.48,2270.20,no,yes
2644,-0.368366,0.71260411,-0.005209,293646.69,293670.23,4542.94,4496.61,no,yes
2645,0.634157,0.52598849,0.008968,293391.03,293377.21,1971.84,927.71,no,yes
2646,0.268821,0.78807021,0.003802,293441.14,293432.49,2493.88,2034.52,no,yes
2647,-0.351527,0.72519668,-0.004971,293655.03,293672.51,3031.91,3942.77,no,yes
2648,-0.997202,0.31868591,-0.014103,293283.31,293317.98,1122.99,3290.83,no,yes
2649,1.288187,0.19770080,0.018218,293337.96,293307.35,2108.87,1094.22,no,yes
2650,1.058258,0.28995253,0.014966,293404.46,293367.60,2884.19,1954.12,no,yes
2651,-0.466226,0.64105874,-0.006593,293634.78,293651.82,2604.27,2563.01,no,yes
2652,-0.203051,0.83909732,-0.002872,293798.39,293816.77,6179.12,6620.06,no,yes
2653,1.445921,0.14821588,0.020448,293618.31,293593.78,1334.08,1048.87,no,yes
2654,-0.651879,0.51448733,-0.009219,293182.96,293195.82,1239.78,1534.36,no,yes
2655,0.773547,0.43920803,0.010940,293561.38,293548.57,1176.18,1164.55,no,yes
2656,0.656175,0.51171891,0.009280,293540.09,293474.52,7509.84,6593.34,no,yes
2657,-0.457998,0.64695896,-0.006477,293412.16,293418.80,1037.07,1014.04,no,yes
2658,-0.444102,0.65697349,-0.006281,293590.19,293600.62,1647.22,1673.15,no,yes
2659,0.770840,0.44081204,0.010901,293275.05,293235.28,4229.08,2953.23,no,yes
2660,0.012530,0.99000261,0.000177,293462.98,293462.65,1890.46,1851.88,no,yes
2661,1.253351,0.21009276,0.017725,293272.58,293253.10,1166.10,1027.54,no,yes
2662,1.256096,0.20910311,0.017764,293582.85,293552.71,2217.57,915.30,no,yes
2663,0.862656,0.38833952,0.012200,293325.60,293306.54,1913.04,1106.11,no,yes
2664,1.367070,0.17161972,0.019333,293550.56,293509.57,2378.23,1826.79,no,yes
2665,-0.463902,0.64272312,-0.006561,293375.33,293398.90,3119.73,4011.95,no,yes
2666,0.781651,0.43442979,0.011054,293552.44,293525.75,2762.07,2008.53,no,yes
2667,-0.487077,0.62620979,-0.006888,293313.58,293339.70,3158.22,4332.96,no,yes
2668,-1.939424,0.05246978,-0.027428,293209.03,293268.73,1279.04,2800.05,no,yes
2669,0.249176,0.80322761,0.003524,293504.93,293490.23,4444.30,3881.25,no,yes
2670,-0.433978,0.66430925,-0.006137,293223.49,293236.32,1867.54,2290.75,no,yes
2671,1.175188,0.23993670,0.016620,293698.46,293650.94,3471.07,2074.62,no,yes
2672,2.046287,0.04075010,0.028939,293391.27,293332.53,2741.56,850.21,yes,yes
2673,0.834872,0.40380041,0.011807,293467.14,293451.31,1504.36,1154.83,no,yes
2674,-0.329598,0.74170752,-0.004661,293337.97,293346.34,1730.85,1860.55,no,yes
2675,-0.789104,0.43006091,-0.011160,293666.29,293702.95,2934.23,3602.20,no,yes
2676,-0.446447,0.65527945,-0.006314,331523.37,332358.38,125676.64,138519.44,no,yes
2677,1.234288,0.21711299,0.017455,293593.17,293526.37,4607.44,2838.77,no,yes
2678,-1.548211,0.12158725,-0.021895,293484.48,293506.08,1006.63,966.46,no,yes
2679,1.558222,0.11919672,0.022037,293239.30,293214.73,1184.54,1040.84,no,yes
2680,0.332365,0.73961732,0.004700,293463.35,293446.36,3532.15,3694.09,no,yes
2681,0.494395,0.62103330,0.006992,293498.54,293469.22,4708.86,3606.77,no,yes
2682,0.516851,0.60526773,0.007309,293343.55,293329.78,2351.91,1251.53,no,yes
2683,-0.241605,0.80908889,-0.003417,335757.57,336159.05,118594.34,116399.92,no,yes
2684,0.346759,0.72877610,0.004904,293223.35,293211.85,2588.07,2074.70,no,yes
2685,1.317683,0.18762760,0.018635,293748.59,293694.22,3487.36,2206.12,no,yes
2686,1.315533,0.18834712,0.018604,293518.38,293495.00,1423.13,1065.19,no,yes
2687,0.074688,0.94046360,0.001056,293930.00,293922.21,7370.94,7371.60,no,yes
2688,-0.196447,0.84426238,-0.002778,294067.91,294070.84,1024.00,1081.49,no,yes
2689,0.007102,0.99433350,0.000100,293240.53,293240.33,1953.54,1887.05,no,yes
2690,-0.636561,0.52441976,-0.009002,293399.21,293412.42,1112.50,1751.69,no,yes
2691,0.409421,0.68223526,0.005790,293321.68,293313.15,1459.81,1487.99,no,yes
2692,0.913815,0.36083521,0.012923,293809.02,293552.70,27786.01,3839.96,no,yes
2693,0.125316,0.90027439,0.001772,298611.31,298606.70,2790.07,2403.43,no,yes
2694,0.050901,0.95940517,0.000720,301390.37,301385.68,6638.96,6406.23,no,yes
2695,-0.009586,0.99235191,-0.000136,293300.36,293300.87,3691.16,3969.61,no,yes
2696,8.214316,0.00000000,0.116168,299566.51,299425.43,1250.80,1176.93,yes,yes
2697,0.574216,0.56582801,0.008121,293511.82,293502.91,1089.19,1104.01,no,yes
2698,0.099495,0.92074628,0.001407,293659.55,293653.00,4842.32,4455.04,no,yes
2699,-0.067165,0.94645105,-0.000950,293384.76,293388.13,3372.17,3714.33,no,yes
2700,1.311517,0.18969845,0.018548,293451.38,293431.57,1135.91,995.55,no,yes
2701,-0.617567,0.53686783,-0.008734,293257.94,293276.47,1954.21,2275.72,no,yes
2702,-0.264255,0.79158639,-0.003737,293652.56,293675.99,6209.35,6330.13,no,yes
2703,-0.727299,0.46705145,-0.010286,293378.03,293417.68,3526.99,4157.80,no,yes
2704,-1.236053,0.21646307,-0.017480,293327.21,293363.98,890.83,2838.67,no,yes
2705,-1.102297,0.27035253,-0.015589,293446.51,293476.75,1053.04,2533.11,no,yes
2706,-0.259235,0.79545626,-0.003666,293254.87,293261.26,1809.42,1673.16,no,yes
2707,-1.172727,0.24092173,-0.016585,293582.37,293641.94,2758.66,4265.61,no,yes
2708,0.538734,0.59007636,0.007619,293594.23,293584.08,1362.90,1301.76,no,yes
2709,-0.265529,0.79060514,-0.003755,293243.01,293253.76,2645.24,3063.86,no,yes
2710,0.832159,0.40532982,0.011768,293510.18,293465.08,4223.76,3396.58,no,yes
2711,0.480889,0.63060122,0.006801,294721.77,294692.90,4664.41,3781.03,no,yes
2712,-0.606509,0.54418368,-0.008577,293298.61,293306.60,920.11,941.51,no,yes
2713,-0.155658,0.87630410,-0.002201,293460.29,293462.66,1064.37,1086.21,no,yes
2714,-0.111591,0.91114854,-0.001578,298220.38,298274.35,34141.46,34252.63,no,yes
2715,-0.166571,0.86770897,-0.002356,293531.12,293540.57,4197.56,3813.27,no,yes
2716,0.866356,0.38630562,0.012252,293607.04,293563.62,3810.51,3255.23,no,yes
2717,0.049304,0.96067715,0.000697,293515.40,293512.59,4375.89,3644.20,no,yes
2718,0.815253,0.41493727,0.011529,293436.20,293405.13,2704.33,2684.70,no,yes
2719,-0.949471,0.34239360,-0.013428,293528.20,293588.71,3740.23,5160.35,no,yes
2720,0.511344,0.60911667,0.007231,293577.33,293557.73,3106.78,2247.42,no,yes
2721,1.350132,0.17698928,0.019094,293365.04,293342.28,1288.06,1088.04,no,yes
2722,-0.610148,0.54177103,-0.008629,293433.68,293444.34,1175.85,1292.03,no,yes
2723,-1.401814,0.16098831,-0.019825,293591.54,293652.11,2429.27,3573.33,no,yes
2724,0.688760,0.49098261,0.009741,293292.94,293270.07,2289.27,2405.62,no,yes
2725,0.000881,0.99929727,0.000012,293344.12,293344.10,1569.83,1545.10,no,yes
2726,-0.247429,0.80457865,-0.003499,293362.13,293374.42,3353.24,3661.90,no,yes
2727,1.760741,0.07830665,0.024901,293987.60,293879.42,5785.05,2069.00,no,yes
2728,-0.494198,0.62117205,-0.006989,293500.56,293528.35,3827.59,4117.71,no,yes
2729,0.975935,0.32910945,0.013802,293618.33,293592.33,2135.89,1592.89,no,yes
2730,1.241347,0.21449689,0.017555,293199.55,293171.66,1991.21,1040.89,no,yes
2731,0.152676,0.87865503,0.002159,293324.26,293316.10,3553.74,3987.18,no,yes
2732,1.291089,0.19669152,0.018259,293539.32,293475.91,4254.98,2453.52,no,yes
2733,-0.889708,0.37363355,-0.012582,293204.88,293234.44,2131.94,2547.68,no,yes
2734,-1.615575,0.10620611,-0.022848,293192.37,293222.09,910.29,1598.54,no,yes
2735,-0.656680,0.51139459,-0.009287,293611.32,293630.46,1900.93,2209.14,no,yes
2736,-0.706508,0.47988085,-0.009992,293249.20,293291.14,3850.28,4518.24,no,yes
2737,-0.102115,0.91866673,-0.001444,293432.35,293435.48,2350.04,1962.41,no,yes
2738,-0.588032,0.55651787,-0.008316,293374.73,293414.41,4077.20,5376.96,no,yes
2739,1.156596,0.24745984,0.016357,293312.13,293269.29,3507.87,1190.72,no,yes
2740,-0.071959,0.94263517,-0.001018,293612.99,293619.90,6815.70,6770.16,no,yes
2741,-0.630416,0.52842977,-0.008915,293187.65,293197.51,964.04,1232.02,no,yes
2742,-0.592313,0.55364771,-0.008377,293438.84,293448.29,1098.34,1158.52,no,yes
2743,0.765396,0.44404726,0.010824,293459.32,293436.16,2631.82,1493.22,no,yes
2744,0.533507,0.59368879,0.007545,293362.42,293343.96,2752.41,2095.87,no,yes
2745,-1.821206,0.06860239,-0.025756,293300.27,293379.63,1021.51,4235.85,no,yes
2746,-0.363506,0.71623080,-0.005141,293421.35,293427.34,1158.52,1175.32,no,yes
2747,1.144182,0.25256990,0.016181,293450.77,293416.29,2826.34,1045.44,no,yes
2748,1.072452,0.28353148,0.015167,293728.90,293701.17,2121.04,1477.80,no,yes
2749,-0.696199,0.48631277,-0.009846,390876.30,390895.58,1654.61,2221.18,no,yes
2750,0.378682,0.70492774,0.005355,293240.13,293230.33,1798.72,1859.12,no,yes
2751,0.506796,0.61230364,0.007167,293560.81,293549.06,1730.64,1543.88,no,yes
2752,0.866812,0.38605524,0.012259,293649.01,293617.93,2638.21,2428.10,no,yes
2753,0.264735,0.79121601,0.003744,293213.43,293208.84,1282.69,1167.20,no,yes
2754,1.282471,0.19969217,0.018137,293446.13,293426.16,1105.51,1096.93,no,yes
2755,0.507920,0.61151502,0.007183,293307.73,293299.22,1273.03,1089.20,no,yes
2756,-1.778159,0.07540027,-0.025147,293551.96,293609.56,1259.33,2984.51,no,yes
2757,0.039073,0.96883265,0.000553,293303.42,293300.70,4551.53,5245.58,no,yes
2758,1.022973,0.30633333,0.014467,293611.56,293583.81,2086.60,1733.05,no,yes
2759,0.405422,0.68517230,0.005734,293674.79,293646.26,5637.21,4215.20,no,yes
2760,-0.256085,0.79788819,-0.003622,293344.11,293350.82,1641.83,2042.00,no,yes
2761,1.015454,0.30990392,0.014361,293594.07,293559.94,2830.10,1814.50,no,yes
2762,1.590034,0.11184762,0.022486,293482.55,293437.82,2470.88,1344.74,no,yes
2763,0.722708,0.46986792,0.010221,293246.92,293235.64,1141.07,1064.47,no,yes
2764,-1.128379,0.25917529,-0.015958,293495.39,293520.82,1274.20,1858.70,no,yes
2765,0.912938,0.36128674,0.012911,293428.74,293411.03,1538.67,1180.62,no,yes
2766,0.003766,0.99699494,0.000053,293469.59,293469.44,2848.70,2851.20,no,yes
2767,0.203384,0.83883672,0.002876,293382.42,293371.98,3365.58,3870.93,no,yes
2768,0.474862,0.63489029,0.006716,293581.67,293573.27,1233.45,1269.52,no,yes
2769,0.976831,0.32866486,0.013814,293324.14,293299.66,1935.87,1590.63,no,yes
2770,-0.544496,0.58610660,-0.007700,293220.10,293235.22,1979.69,1947.57,no,yes
2771,1.118507,0.26337121,0.015818,293263.57,293215.69,3975.00,1587.94,no,yes
2772,0.915857,0.35975390,0.012952,293243.15,293215.35,2446.86,1795.86,no,yes
2773,-1.149125,0.25051998,-0.016251,293506.82,293536.72,1486.52,2135.47,no,yes
2774,-0.064780,0.94834956,-0.000916,293714.17,293717.83,3287.60,4611.53,no,yes
2775,0.907053,0.36439031,0.012828,293464.86,293445.33,1712.00,1305.94,no,yes
2776,0.806644,0.41988316,0.011408,293647.84,293604.42,4608.48,2783.58,no,yes
2777,-0.207567,0.83556928,-0.002935,293630.08,293639.68,3078.02,3454.68,no,yes
2778,0.108962,0.91323377,0.001541,293566.34,293560.45,3695.00,3940.86,no,yes
2779,-0.348637,0.72736625,-0.004930,293366.77,293374.84,1231.34,1961.26,no,yes
2780,-0.138482,0.88986096,-0.001958,293404.37,293406.39,1021.43,1040.94,no,yes
2781,0.626189,0.53119819,0.008856,293272.62,293256.30,1860.43,1825.07,no,yes
2782,1.225642,0.22034932,0.017333,293248.10,293221.55,1748.20,1279.40,no,yes
2783,-0.878391,0.37974425,-0.012422,293189.25,293213.96,1511.36,2373.26,no,yes
2784,-0.346848,0.72870925,-0.004905,293511.00,293521.21,1813.60,2320.00,no,yes
2785,0.939072,0.34770608,0.013280,301049.31,301005.06,3775.47,2819.59,no,yes
2786,0.110371,0.91211662,0.001561,293549.25,293545.86,2084.89,2252.64,no,yes
2787,1.306757,0.19131354,0.018480,293220.82,293194.41,1734.45,1037.24,no,yes
2788,-0.046301,0.96307110,-0.000655,307291.73,307292.50,1196.95,1167.29,no,yes
2789,0.922257,0.35640640,0.013043,293381.87,293357.38,2066.45,1668.92,no,yes
2790,0.883169,0.37715894,0.012490,293594.48,293564.08,3055.87,1584.32,no,yes
2791,0.448429,0.65384841,0.006342,293599.47,293592.56,1107.44,1071.73,no,yes
2792,-1.138779,0.25481360,-0.016105,293432.11,293454.39,889.93,1741.83,no,yes
2793,0.087236,0.93048491,0.001234,296908.07,296867.58,32839.30,32794.88,no,yes
2794,-0.676184,0.49893220,-0.009563,293555.52,293579.95,2304.59,2781.66,no,yes
2795,0.356435,0.72151894,0.005041,293730.06,293694.75,7274.65,6725.57,no,yes
2796,0.335730,0.73707829,0.004748,293350.97,293344.55,1403.97,1296.45,no,yes
2797,1.569748,0.11649303,0.022200,293447.25,293398.61,2647.78,1608.79,no,yes
2798,0.830708,0.40614931,0.011748,293503.13,293477.51,2454.58,1867.20,no,yes
2799,-0.514416,0.60696730,-0.007275,293479.96,293516.16,4587.87,5336.80,no,yes
2800,0.110873,0.91171846,0.001568,293419.31,293415.18,2646.37,2628.81,no,yes
2801,-2.893756,0.00381095,-0.040924,293221.15,293263.07,904.41,1131.84,yes,yes
2802,0.615736,0.53807739,0.008708,293561.66,293548.06,1914.80,1102.27,no,yes
2803,-1.427678,0.15340335,-0.020190,293437.56,293508.95,2635.27,4249.99,no,yes
2804,0.751314,0.45247332,0.010625,293523.72,293488.75,3808.40,2677.80,no,yes
2805,0.939322,0.34757688,0.013284,293407.87,293394.90,1009.00,941.19,no,yes
2806,-0.543808,0.58658017,-0.007691,293528.64,293540.54,1345.96,1727.15,no,yes
2807,0.417935,0.67599904,0.005910,293441.60,293432.07,1710.00,1508.72,no,yes
2808,0.009402,0.99249841,0.000133,293443.42,293443.15,2062.53,2046.77,no,yes
2809,-1.486543,0.13715411,-0.021023,293385.23,293421.47,1309.04,2056.55,no,yes
2810,0.965909,0.33410847,0.013660,293228.41,293203.03,2473.74,884.49,no,yes
2811,-0.136162,0.89169474,-0.001926,293503.75,293508.87,2570.21,2752.74,no,yes
2812,0.620355,0.53503131,0.008773,293329.65,293296.66,3985.97,3519.47,no,yes
2813,1.018172,0.30860857,0.014399,293430.78,293406.30,1755.57,1641.73,no,yes
2814,0.522740,0.60116114,0.007393,293576.92,293568.43,1269.49,1014.52,no,yes
2815,1.299306,0.19385666,0.018375,293541.10,293469.94,4636.62,2914.91,no,yes
2816,-0.056393,0.95502921,-0.000798,293274.81,293277.61,3449.56,3570.91,no,yes
2817,1.760234,0.07838784,0.024893,303338.27,303242.19,4788.85,2619.17,no,yes
2818,1.274103,0.20264187,0.018019,293423.65,293406.08,1040.43,905.28,no,yes
2819,-0.018391,0.98532676,-0.000260,294569.00,294569.99,3810.21,3817.02,no,yes
2820,0.003982,0.99682305,0.000056,293767.26,293766.87,6938.74,6762.65,no,yes
2821,-0.166821,0.86751278,-0.002359,293321.01,293325.61,1911.70,1985.44,no,yes
2822,1.763998,0.07774766,0.024947,293360.85,293334.24,1114.14,1017.11,no,yes
2823,-0.484245,0.62821760,-0.006848,293580.85,293591.86,1801.39,1388.33,no,yes
2824,1.085636,0.27765391,0.015353,293834.73,293767.30,4883.66,3838.35,no,yes
2825,0.482042,0.62978169,0.006817,293455.47,293448.26,968.25,1139.19,no,yes
2826,0.279707,0.77970548,0.003956,293276.88,293268.56,2251.24,1942.54,no,yes
2827,-0.741091,0.45864784,-0.010481,293259.99,293297.97,2888.77,4233.14,no,yes
2828,-0.662132,0.50789446,-0.009364,293508.56,293538.68,2903.72,3501.43,no,yes
2829,0.487095,0.62619669,0.006889,293564.27,293557.01,1082.64,1024.70,no,yes
2830,-0.724158,0.46897950,-0.010241,293365.65,293390.22,1686.43,2943.37,no,yes
2831,-0.456443,0.64807632,-0.006455,293275.46,293300.00,3464.11,4112.73,no,yes
2832,-0.946555,0.34387922,-0.013386,293584.81,293602.49,997.31,1579.41,no,yes
2833,0.902757,0.36666567,0.012767,293235.59,293220.57,1189.48,1163.49,no,yes
2834,0.158613,0.87397557,0.002243,293158.82,293156.65,959.10,972.62,no,yes
2835,0.235880,0.81352814,0.003336,293571.24,293559.50,3374.79,3663.21,no,yes
2836,0.022555,0.98200564,0.000319,293467.36,293466.50,3053.38,2266.65,no,yes
2837,1.721411,0.08519679,0.024344,293670.86,293624.78,2375.02,1235.97,no,yes
2838,0.943449,0.34546673,0.013342,293350.98,293324.35,2511.99,1288.38,no,yes
2839,-0.382111,0.70238317,-0.005404,293589.46,293606.05,2777.35,3337.13,no,yes
2840,0.156505,0.87563726,0.002213,303216.93,303213.71,1060.96,1762.42,no,yes
2841,-0.049297,0.96068337,-0.000697,297919.52,297942.59,33090.09,33107.62,no,yes
2842,0.017257,0.98623176,0.000244,293445.98,293444.96,4414.29,3893.04,no,yes
2843,0.158508,0.87405854,0.002242,293301.56,293296.91,1717.09,2383.48,no,yes
2844,-1.072403,0.28355495,-0.015166,294662.27,294710.52,2280.55,3878.08,no,yes
2845,0.425996,0.67011510,0.006024,293450.00,293434.08,2735.08,2548.55,no,yes
2846,-0.029684,0.97631917,-0.000420,293503.17,293504.44,2854.51,3166.04,no,yes
2847,-0.541721,0.58801642,-0.007661,293178.66,293185.71,928.31,911.67,no,yes
2848,-0.188007,0.85087312,-0.002659,293343.22,293346.35,1202.65,1151.53,no,yes
2849,-0.009124,0.99272036,-0.000129,293433.78,293434.20,3252.56,3312.99,no,yes
2850,-0.127190,0.89879129,-0.001799,293299.38,293300.93,842.17,886.04,no,yes
2851,1.206810,0.22752018,0.017067,293540.89,293524.41,1066.83,852.59,no,yes
2852,-0.876163,0.38095193,-0.012391,293377.83,293390.95,1112.26,1002.78,no,yes
2853,-0.142554,0.88664402,-0.002016,293331.52,293333.48,1055.66,882.43,no,yes
2854,-0.579930,0.56196909,-0.008201,293280.82,293290.01,880.40,1317.77,no,yes
2855,-0.559375,0.57591290,-0.007911,293308.49,293330.80,2363.20,3213.35,no,yes
2856,0.523759,0.60045235,0.007407,293391.76,293366.61,3493.06,3293.89,no,yes
2857,0.099434,0.92079456,0.001406,293584.95,293581.85,2094.56,2320.34,no,yes
2858,-0.438814,0.66080078,-0.006206,293256.76,293266.08,1420.87,1578.12,no,yes
2859,-0.245080,0.80639677,-0.003466,293226.24,293230.25,1135.68,1176.79,no,yes
2860,-1.003445,0.31565995,-0.014191,293343.86,293367.54,1316.60,1958.92,no,yes
2861,-0.536020,0.59195168,-0.007580,293469.71,293484.40,1488.69,2300.09,no,yes
2862,-0.611136,0.54111676,-0.008643,293600.50,293621.28,2282.32,2521.20,no,yes
2863,-0.837695,0.40221374,-0.011847,293411.68,293435.37,1513.79,2389.97,no,yes
2864,-0.042025,0.96647941,-0.000594,293576.11,293576.80,1152.06,1179.19,no,yes
2865,0.642632,0.52047031,0.009088,302646.53,302626.37,2333.99,2097.69,no,yes
2866,-0.074591,0.94054114,-0.001055,293376.62,293378.30,1587.82,1601.92,no,yes
2867,0.273578,0.78441213,0.003869,293602.98,293596.01,1754.83,1843.59,no,yes
2868,0.061174,0.95122143,0.000865,293544.40,293541.58,3068.76,3453.29,no,yes
2869,-0.726998,0.46723634,-0.010281,293422.28,293463.31,3476.83,4446.18,no,yes
2870,-0.541210,0.58836990,-0.007654,293294.51,293314.11,1917.64,3072.42,no,yes
2871,0.458193,0.64682063,0.006480,293284.76,293273.44,2251.07,1020.85,no,yes
2872,0.744660,0.45648687,0.010531,293454.94,293417.47,4050.71,2983.89,no,yes
2873,0.460018,0.64550801,0.006506,293496.09,293478.72,2610.72,2726.26,no,yes
2874,0.068739,0.94519815,0.000972,293420.24,293418.53,1956.85,1538.81,no,yes
2875,-0.046797,0.96267529,-0.000662,293411.64,293415.82,6298.25,6345.72,no,yes
2876,-0.238936,0.81115807,-0.003379,293193.42,293196.63,1003.14,893.71,no,yes
2877,-0.376850,0.70628945,-0.005329,302674.90,302687.12,2217.92,2365.28,no,yes
2878,0.349170,0.72696502,0.004938,293650.42,293632.34,3794.57,3526.76,no,yes
2879,1.223100,0.22130881,0.017297,293458.73,293431.07,1907.23,1214.35,no,yes
2880,-0.674215,0.50018352,-0.009535,293345.54,293362.73,1484.79,2073.16,no,yes
2881,-0.076267,0.93920773,-0.001079,293171.12,293172.91,1527.42,1779.23,no,yes
2882,0.311770,0.75521842,0.004409,293384.25,293373.90,2384.60,2307.15,no,yes
2883,0.097298,0.92249079,0.001376,293433.02,293430.53,2083.65,1479.79,no,yes
2884,-0.027937,0.97771235,-0.000395,293284.99,293286.45,3691.16,3677.69,no,yes
2885,-0.798733,0.42445728,-0.011296,305868.18,305902.89,2152.45,3774.98,no,yes
2886,-0.717654,0.47298097,-0.010149,307235.72,307258.81,1698.87,2732.24,no,yes
2887,-0.328796,0.74231376,-0.004650,293234.99,293243.07,1569.99,1889.72,no,yes
2888,-0.289048,0.77254810,-0.004088,293425.47,293434.40,2401.03,1943.57,no,yes
2889,-0.683131,0.49453333,-0.009661,293297.90,293323.30,2050.32,3101.46,no,yes
2890,-0.849941,0.39537039,-0.012020,293333.20,293382.28,3028.10,4917.36,no,yes
2891,0.363098,0.71653592,0.005135,308727.53,308716.81,2464.93,1625.39,no,yes
2892,0.120665,0.90395735,0.001706,293397.33,293390.77,4062.79,3607.29,no,yes
2893,1.518601,0.12887953,0.021476,293331.06,293309.34,1113.34,898.30,no,yes
2894,-1.442342,0.14922463,-0.020398,299453.06,299484.09,1825.26,1138.39,no,yes
2895,0.382142,0.70235995,0.005404,293528.67,293515.51,2391.59,2479.66,no,yes
2896,-0.500472,0.61674846,-0.007078,293637.95,293683.94,6318.93,6670.46,no,yes
2897,0.616752,0.53740585,0.008722,293646.48,293618.08,3624.54,2840.44,no,yes
2898,1.541855,0.12312678,0.021805,293534.68,293512.18,1203.34,824.89,no,yes
2899,1.534535,0.12491690,0.021702,293616.68,293545.30,3939.71,2472.97,no,yes
2900,-0.194417,0.84585132,-0.002749,293306.00,293312.94,2308.78,2722.95,no,yes
2901,0.820077,0.41218272,0.011598,293249.20,293227.99,2087.97,1526.85,no,yes
2902,0.192340,0.84747801,0.002720,293476.34,293469.65,2041.43,2813.23,no,yes
2903,-1.098666,0.27193146,-0.015537,302145.94,302171.89,1070.40,2105.65,no,yes
2904,-0.194778,0.84556881,-0.002755,371866.74,371978.09,37515.89,43136.24,no,yes
2905,0.677228,0.49826958,0.009577,293644.12,293604.89,4635.49,3472.71,no,yes
2906,0.003656,0.99708270,0.000052,293415.39,293415.19,3668.39,3897.48,no,yes
2907,0.384870,0.70033766,0.005443,293392.80,293383.89,1639.65,1635.63,no,yes
2908,0.184292,0.85378613,0.002606,293316.19,293308.34,2687.89,3299.69,no,yes
2909,0.423864,0.67166959,0.005994,293354.26,293343.49,1852.29,1740.88,no,yes
2910,0.323500,0.74632034,0.004575,293529.91,293512.66,3892.81,3643.84,no,yes
2911,0.241390,0.80925556,0.003414,293249.11,293243.10,1945.23,1556.39,no,yes
2912,-0.194769,0.84557593,-0.002754,293468.56,293472.95,1509.10,1674.74,no,yes
2913,-0.432732,0.66521457,-0.006120,293217.76,293231.47,2519.63,1919.63,no,yes
2914,0.670115,0.50279257,0.009477,302350.43,302307.33,4996.04,4051.19,no,yes
2915,-0.557167,0.57741964,-0.007880,293276.42,293298.61,2604.32,3013.37,no,yes
2916,1.402494,0.16078634,0.019834,293456.61,293402.25,3291.85,2045.79,no,yes
2917,-0.474059,0.63546282,-0.006704,298818.27,298859.57,5936.89,6374.89,no,yes
2918,-0.372043,0.70986523,-0.005261,293541.38,293547.45,1042.02,1252.42,no,yes
2919,-0.103849,0.91729055,-0.001469,293344.75,293350.92,3737.26,4622.42,no,yes
2920,-0.020221,0.98386719,-0.000286,293246.75,293247.22,1477.80,1790.17,no,yes
2921,0.003792,0.99697474,0.000054,293403.78,293403.57,3604.73,4280.96,no,yes
2922,-0.957437,0.33835843,-0.013540,293505.12,293518.86,1033.24,996.59,no,yes
2923,0.524760,0.59975566,0.007421,293684.21,293646.27,5473.54,4723.60,no,yes
2924,-0.199656,0.84175174,-0.002824,293551.03,293558.95,2836.28,2770.87,no,yes
2925,-0.787275,0.43113065,-0.011134,293170.83,293186.34,1280.66,1496.95,no,yes
2926,0.019947,0.98408582,0.000282,293508.98,293507.79,4396.02,3994.42,no,yes
2927,-0.001721,0.99862671,-0.000024,293306.14,293306.16,820.01,823.29,no,yes
2928,0.751870,0.45213841,0.010633,293570.68,293561.11,986.09,804.76,no,yes
2929,0.163626,0.87002722,0.002314,293239.98,293237.11,1283.91,1201.48,no,yes
2930,1.421036,0.15532644,0.020096,293576.62,293509.46,4145.66,2268.89,no,yes
2931,0.355772,0.72201542,0.005031,293229.69,293217.81,2477.65,2238.92,no,yes
2932,-0.202939,0.83918490,-0.002870,293468.46,293470.99,846.52,914.88,no,yes
2933,-0.010919,0.99128787,-0.000154,293494.37,293494.85,3247.45,3034.25,no,yes
2934,0.395583,0.69241705,0.005594,293393.08,293383.74,1712.44,1624.58,no,yes
2935,0.582028,0.56055463,0.008231,293190.67,293179.03,1581.99,1224.47,no,yes
2936,1.027058,0.30440568,0.014525,293247.18,293227.72,1366.13,1312.24,no,yes
2937,-0.022920,0.98171427,-0.000324,293474.12,293474.45,980.11,1052.90,no,yes
2938,0.578121,0.56318927,0.008176,293777.59,293743.32,4157.88,4224.32,no,yes
2939,-2.451680,0.01423446,-0.034672,293641.43,293743.37,938.11,4050.52,yes,yes
2940,0.299105,0.76486335,0.004230,293280.56,293272.36,1978.73,1899.59,no,yes
2941,0.152963,0.87842878,0.002163,293456.22,293443.03,6102.57,6098.74,no,yes
2942,-0.521849,0.60178155,-0.007380,293382.28,293405.11,2599.59,3517.86,no,yes
2943,0.388356,0.69775695,0.005492,293402.52,293397.03,971.37,1025.97,no,yes
2944,0.899449,0.36842438,0.012720,293233.84,293218.94,1245.68,1093.20,no,yes
2945,0.571565,0.56762312,0.008083,293872.29,293822.12,6382.11,6026.01,no,yes
2946,-0.095488,0.92392842,-0.001350,309089.49,309265.71,122792.18,137770.94,no,yes
2947,-0.772360,0.43991049,-0.010923,388232.50,388271.68,3428.11,3740.17,no,yes
2948,0.379343,0.70443715,0.005365,338261.74,337831.03,79951.17,80615.17,no,yes
2949,0.237634,0.81216758,0.003361,293262.39,293256.01,1507.49,2223.00,no,yes
2950,1.775053,0.07591157,0.025103,293272.63,293197.33,3901.30,1665.65,no,yes
2951,-0.797026,0.42544588,-0.011272,293630.37,293665.70,2777.47,3454.25,no,yes
2952,-0.009455,0.99245585,-0.000134,293250.29,293250.56,1956.37,2087.27,no,yes
2953,-0.641261,0.52136090,-0.009069,293655.34,293687.17,3263.40,3739.85,no,yes
2954,0.074042,0.94097751,0.001047,293356.85,293354.62,2312.59,1914.25,no,yes
2955,-0.159296,0.87343731,-0.002253,293312.73,293316.27,1408.97,1716.25,no,yes
2956,0.650742,0.51522057,0.009203,293487.02,293454.70,3672.81,3344.29,no,yes
2957,0.360135,0.71875022,0.005093,293587.08,293577.88,2052.43,1523.68,no,yes
2958,-0.767733,0.44265483,-0.010857,293459.56,293471.21,986.09,1152.97,no,yes
2959,0.243286,0.80778656,0.003441,293269.52,293256.94,3657.37,3657.04,no,yes
2960,-0.641906,0.52094308,-0.009078,293599.29,293628.48,2454.48,3828.67,no,yes
2961,1.350780,0.17678572,0.019103,293516.28,293457.50,3813.32,2096.57,no,yes
2962,0.699043,0.48453317,0.009886,293536.22,293502.63,3475.67,3318.90,no,yes
2963,0.251539,0.80140029,0.003557,293483.13,293476.48,1886.34,1852.53,no,yes
2964,-1.174102,0.24037290,-0.016604,293346.60,293400.54,2122.49,4074.55,no,yes
2965,0.041587,0.96682817,0.000588,293414.54,293413.45,1970.14,1730.09,no,yes
2966,0.242483,0.80840883,0.003429,293364.65,293356.49,2228.95,2517.43,no,yes
2967,-0.880269,0.37872556,-0.012449,293430.79,293468.52,2399.13,3551.17,no,yes
2968,0.215551,0.82933968,0.003048,293610.49,293603.93,2223.25,2072.83,no,yes
2969,-0.154740,0.87702810,-0.002188,293458.09,293462.38,1818.59,2094.22,no,yes
2970,-0.311911,0.75511173,-0.004411,293576.65,293584.58,1802.20,1790.32,no,yes
2971,0.789065,0.43008389,0.011159,293536.68,293523.65,1275.48,1049.81,no,yes
2972,-1.369257,0.17093704,-0.019364,293600.86,293665.63,2533.25,3994.69,no,yes
2973,1.233678,0.21734324,0.017447,293461.35,293439.17,1626.24,767.29,no,yes
2974,1.114494,0.26508189,0.015761,293718.70,293668.14,3688.28,2641.13,no,yes
2975,-0.184526,0.85360243,-0.002610,363908.49,363960.61,19804.19,20146.12,no,yes
2976,1.223917,0.22099874,0.017309,293483.31,293450.86,2070.84,1655.57,no,yes
2977,-1.738880,0.08207274,-0.024591,293529.62,293554.28,833.16,1147.66,no,yes
2978,0.629815,0.52882266,0.008907,293636.93,293605.25,3754.78,3345.84,no,yes
2979,0.456893,0.64775466,0.006461,293937.09,293789.89,28911.87,14212.52,no,yes
2980,1.102548,0.27023707,0.015592,293571.98,293554.08,1194.36,1099.42,no,yes
2981,0.848197,0.39634041,0.011995,293317.10,293292.15,2503.54,1542.82,no,yes
2982,-0.410811,0.68121568,-0.005810,301338.17,301356.01,3551.93,2498.39,no,yes
2983,-0.370982,0.71065520,-0.005246,293208.34,293224.62,2923.93,3269.68,no,yes
2984,1.123752,0.26113617,0.015892,293371.81,293345.41,2087.37,1077.15,no,yes
2985,0.527905,0.59757085,0.007466,293327.29,293321.18,829.40,807.16,no,yes
2986,0.278908,0.78031811,0.003944,293240.99,293230.89,2717.26,2393.37,no,yes
2987,-0.253837,0.79962463,-0.003590,293365.89,293372.89,1639.90,2216.80,no,yes
2988,0.845143,0.39804274,0.011952,293450.50,293426.29,2400.13,1564.72,no,yes
2989,-1.035016,0.30067605,-0.014637,294697.27,294736.03,2063.78,3124.15,no,yes
2990,-0.071823,0.94274364,-0.001016,293468.10,293471.29,2960.84,3297.91,no,yes
2991,1.760980,0.07825841,0.024904,293318.77,293287.44,1433.34,1054.39,no,yes
2992,0.664323,0.50649105,0.009395,293564.81,293545.81,2121.26,1917.32,no,yes
2993,-1.083526,0.27859118,-0.015323,293472.99,293505.58,1512.59,2599.83,no,yes
2994,0.589500,0.55553448,0.008337,293367.53,293339.97,4056.00,2325.02,no,yes
2995,0.109966,0.91243720,0.001555,293259.04,293257.29,973.23,1259.69,no,yes
2996,0.940347,0.34705225,0.013299,293613.27,293556.89,4897.50,3459.46,no,yes
2997,-0.019152,0.98472003,-0.000271,293233.23,293233.62,1319.42,1566.80,no,yes
2998,1.134472,0.25661021,0.016044,293569.77,293552.78,1102.57,1013.84,no,yes
2999,1.059539,0.28936855,0.014984,391010.07,390979.93,2332.16,1629.08,no,yes
3000,0.319426,0.74940709,0.004517,293678.64,293666.88,2726.36,2472.89,no,yes
3001,1.169437,0.24224530,0.016538,293391.76,293337.76,4029.07,2257.09,no,yes
3002,-0.477947,0.63269325,-0.006759,293547.87,293554.33,875.99,1031.38,no,yes
3003,-0.670266,0.50269590,-0.009479,293399.95,293411.01,1139.21,1194.10,no,yes
3004,0.406641,0.68427591,0.005751,293247.03,293231.32,2748.64,2713.43,no,yes
3005,1.007278,0.31381413,0.014245,293225.82,293201.21,1923.50,1506.11,no,yes
3006,-0.105491,0.91598695,-0.001492,293483.95,293485.89,1271.23,1330.73,no,yes
3007,1.090861,0.27534893,0.015427,293207.03,293186.95,1519.41,1039.20,no,yes
3008,0.307001,0.75884550,0.004342,294633.92,294627.37,1611.20,1399.17,no,yes
3009,-0.299491,0.76456832,-0.004235,293637.43,293667.27,6780.76,7299.35,no,yes
3010,0.831005,0.40598103,0.011752,361845.28,361830.63,1348.98,1135.91,no,yes
3011,0.364285,0.71564917,0.005152,293421.84,293415.43,1211.75,1277.21,no,yes
3012,-0.179924,0.85721372,-0.002545,293639.39,293645.10,2133.23,2348.81,no,yes
3013,-1.293521,0.19585001,-0.018293,298503.64,298557.34,2025.71,3623.32,no,yes
3014,0.782341,0.43402348,0.011064,293721.83,293694.58,2608.10,2309.17,no,yes
3015,0.241896,0.80886360,0.003421,293464.53,293451.17,4154.08,3641.30,no,yes
3016,-0.510874,0.60944497,-0.007225,293582.37,293598.34,1952.43,2441.43,no,yes
3017,-0.271864,0.78572965,-0.003845,293267.76,293283.22,4277.82,3749.31,no,yes
3018,0.000625,0.99950164,0.000009,293590.58,293590.56,1823.13,2514.55,no,yes
3019,-1.208864,0.22673711,-0.017096,293433.51,293469.77,1091.79,2793.61,no,yes
3020,2.168854,0.03011374,0.030672,293372.99,293293.67,3503.80,1049.18,yes,yes
3021,-0.404006,0.68621271,-0.005714,293581.39,293603.68,3254.75,4454.36,no,yes
3022,0.015761,0.98742523,0.000223,293443.42,293443.21,874.55,955.05,no,yes
3023,-1.101442,0.27072056,-0.015577,293343.61,293395.28,2421.31,4017.49,no,yes
3024,0.106528,0.91516479,0.001507,294334.78,294310.86,15875.54,15871.49,no,yes
3025,0.413208,0.67945891,0.005844,293388.19,293381.95,1101.70,1031.89,no,yes
3026,0.663536,0.50699559,0.009384,293209.99,293200.49,1110.30,903.82,no,yes
3027,-1.371651,0.17019094,-0.019398,293191.13,293210.25,717.86,1194.82,no,yes
3028,0.000248,0.99980225,0.000004,293384.76,293384.75,3597.17,3300.91,no,yes
3029,-0.594352,0.55228423,-0.008405,293480.13,293499.40,1952.87,2588.27,no,yes
3030,2.235311,0.02541209,0.031612,293451.82,293376.07,3043.76,1489.48,yes,yes
3031,0.960039,0.33704744,0.013577,293246.90,293213.20,2668.38,2280.12,no,yes
3032,-0.583893,0.55929909,-0.008257,293414.89,293433.95,2254.22,2360.63,no,yes
3033,1.563638,0.11792957,0.022113,293377.39,293314.96,3832.08,1121.50,no,yes
3034,0.918162,0.35854693,0.012985,293539.65,293505.57,3113.74,2020.39,no,yes
3035,-0.612924,0.53993391,-0.008668,298421.05,298428.57,822.57,909.31,no,yes
3036,-0.645279,0.51875445,-0.009126,293262.99,293299.03,3197.88,4580.29,no,yes
3037,-0.180463,0.85679081,-0.002552,293470.62,293474.81,1643.93,1641.40,no,yes
3038,-0.224902,0.82205814,-0.003181,293412.11,293424.84,3738.63,4252.38,no,yes
3039,-0.513693,0.60747241,-0.007265,293205.70,293214.39,1297.41,1085.58,no,yes
3040,1.401260,0.16115717,0.019817,293420.29,293335.37,5389.37,2770.78,no,yes
3041,-0.946371,0.34397176,-0.013384,293356.76,293396.32,2468.42,3373.82,no,yes
3042,-0.622842,0.53339572,-0.008808,293608.83,293627.21,1987.04,2180.73,no,yes
3043,0.350323,0.72610029,0.004954,305660.12,305654.67,1046.29,1153.04,no,yes
3044,0.814713,0.41524690,0.011522,293333.18,293312.93,1950.69,1541.32,no,yes
3045,-1.393283,0.16354995,-0.019704,293557.66,293578.29,965.92,1123.12,no,yes
3046,0.892359,0.37221131,0.012620,293383.47,293361.38,1781.20,1719.50,no,yes
3047,0.934670,0.34997043,0.013218,293522.58,293481.86,3447.47,2663.83,no,yes
3048,1.161514,0.24544769,0.016426,361923.53,361885.00,2633.03,2018.51,no,yes
3049,0.420011,0.67448210,0.005940,293503.01,293497.60,969.76,846.99,no,yes
3050,0.109708,0.91264209,0.001552,293332.28,293328.97,1895.14,2356.40,no,yes
3051,0.712599,0.47610235,0.010078,293513.98,293474.32,3930.84,3938.71,no,yes
3052,0.284777,0.77581780,0.004027,293432.48,293428.16,1080.85,1062.11,no,yes
3053,-0.291809,0.77043563,-0.004127,293510.21,293514.49,957.72,1113.57,no,yes
3054,-0.928034,0.35340311,-0.013124,293342.78,293363.39,1182.80,1879.62,no,yes
3055,-0.042193,0.96634546,-0.000597,293480.86,293482.61,2497.16,3321.73,no,yes
3056,-1.013856,0.31066378,-0.014338,293342.07,293355.52,940.11,936.76,no,yes
3057,-0.346639,0.72886628,-0.004902,293387.78,293392.78,1064.48,972.87,no,yes
3058,-1.040317,0.29820606,-0.014712,293335.95,293363.57,1611.82,2109.22,no,yes
3059,0.745014,0.45627294,0.010536,293307.93,293273.01,3739.35,2826.13,no,yes
3060,0.042163,0.96636955,0.000596,293440.35,293439.26,1738.68,1916.10,no,yes
3061,1.671548,0.09463659,0.023639,293252.28,293180.23,3967.66,1685.42,no,yes
3062,-0.483068,0.62905265,-0.006832,293252.53,293261.22,1222.45,1319.52,no,yes
3063,0.486263,0.62678626,0.006877,293406.33,293398.18,1195.52,1173.09,no,yes
3064,0.428294,0.66844285,0.006057,293312.08,293301.66,1310.97,2049.38,no,yes
3065,0.090663,0.92776159,0.001282,293394.04,293392.24,1394.13,1409.06,no,yes
3066,0.108843,0.91332809,0.001539,305902.24,305898.59,2735.64,1928.25,no,yes
3067,0.402914,0.68701594,0.005698,293568.97,293559.10,1802.38,1659.80,no,yes
3068,1.082900,0.27886603,0.015315,293452.25,293435.35,1118.65,1088.60,no,yes
3069,-0.287983,0.77336280,-0.004073,293464.80,293475.72,2477.33,2868.60,no,yes
3070,-0.643300,0.52003708,-0.009098,303354.42,303375.65,2214.71,2447.13,no,yes
3071,-0.749993,0.45326883,-0.010607,293545.22,293561.08,1180.04,1754.53,no,yes
3072,0.237791,0.81204538,0.003363,293766.28,293744.30,6521.50,6551.44,no,yes
3073,-0.190946,0.84857000,-0.002700,293541.76,293548.12,2330.91,2378.48,no,yes
3074,0.442622,0.65804403,0.006260,293393.03,293380.77,1783.87,2116.25,no,yes
3075,-1.133790,0.25689649,-0.016034,293447.83,293475.55,1563.48,1880.19,no,yes
3076,0.193368,0.84667315,0.002735,293615.61,293604.42,4586.65,3524.17,no,yes
3077,-1.272183,0.20332306,-0.017991,293142.64,293158.23,838.87,893.43,no,yes
3078,-0.221532,0.82468076,-0.003133,293482.65,293491.06,2357.69,2976.11,no,yes
3079,-0.587879,0.55662154,-0.008314,293175.49,293187.59,1046.74,1773.39,no,yes
3080,1.043843,0.29657075,0.014762,293698.68,293642.18,3949.43,3701.11,no,yes
3081,-0.117979,0.90608517,-0.001668,293311.54,293313.40,1225.01,1002.60,no,yes
3082,0.977487,0.32834048,0.013824,293531.71,293515.49,1284.71,1049.44,no,yes
3083,-0.722873,0.46976666,-0.010223,293315.56,293325.95,982.22,1048.59,no,yes
3084,0.390852,0.69591104,0.005527,293624.26,293610.13,2911.13,2146.32,no,yes
3085,-0.966021,0.33404584,-0.013662,293172.47,293187.28,965.15,1191.10,no,yes
3086,-0.070361,0.94390670,-0.000995,293463.88,293464.83,958.38,948.81,no,yes
3087,-0.201234,0.84051734,-0.002846,302552.05,302559.71,2531.05,2847.90,no,yes
3088,1.096332,0.27294756,0.015504,293430.54,293413.21,1237.62,982.84,no,yes
3089,0.614640,0.53879966,0.008692,293376.47,293360.21,2078.68,1636.54,no,yes
3090,-0.328489,0.74254654,-0.004646,293223.75,293233.07,1375.00,2479.46,no,yes
3091,-0.022846,0.98177355,-0.000323,293511.19,293512.42,3672.56,3969.15,no,yes
3092,0.604871,0.54527239,0.008554,293455.78,293436.49,2562.16,1896.89,no,yes
3093,2.434010,0.01494376,0.034422,293473.92,293400.04,2657.84,1465.72,yes,yes
3094,-0.227582,0.81997350,-0.003218,293639.11,293654.56,4507.60,5078.12,no,yes
3095,0.262474,0.79295885,0.003712,293253.24,293242.02,3384.83,2611.50,no,yes
3096,0.791897,0.42843032,0.011199,293618.91,293591.16,2668.68,2271.75,no,yes
3097,0.244030,0.80720988,0.003451,293222.79,293211.51,3512.14,3004.57,no,yes
3098,-0.713714,0.47541287,-0.010093,293417.99,293427.56,848.95,1037.97,no,yes
3099,-0.160935,0.87214596,-0.002276,293321.95,293328.99,3080.73,3103.06,no,yes
3100,0.113195,0.90987710,0.001601,293239.26,293237.41,1049.82,1256.50,no,yes
3101,0.465811,0.64135633,0.006588,293527.91,293502.97,4383.06,3076.28,no,yes
3102,-1.047399,0.29492866,-0.014812,293641.95,293658.99,1062.26,1233.07,no,yes
3103,2.335497,0.01952877,0.033029,293322.18,293282.04,1432.42,950.16,yes,yes
3104,0.868386,0.38519395,0.012281,293502.60,293489.12,1234.39,942.25,no,yes
3105,1.194569,0.23226994,0.016894,293426.05,293383.16,2656.48,2416.35,no,yes
3106,0.716348,0.47378548,0.010131,293487.26,293453.10,3889.85,2758.91,no,yes
3107,0.874125,0.38206183,0.012362,304096.54,304056.57,3740.20,2631.39,no,yes
3108,-1.497962,0.13417177,-0.021184,293260.25,293327.30,969.26,4369.39,no,yes
3109,-1.610885,0.10722064,-0.022781,293395.78,293415.72,845.52,903.64,no,yes
3110,0.583695,0.55943194,0.008255,293230.45,293215.62,1786.78,1805.76,no,yes
3111,0.639863,0.52226997,0.009049,293354.15,293336.09,1643.03,2293.56,no,yes
3112,-1.178163,0.23874707,-0.016662,293242.70,293299.31,2807.43,3898.82,no,yes
3113,-0.809127,0.41845196,-0.011443,293396.67,293407.77,944.23,995.20,no,yes
3114,0.186533,0.85202851,0.002638,293228.47,293224.56,1479.48,1485.28,no,yes
3115,-1.232238,0.21787750,-0.017426,293437.50,293455.82,789.20,1259.99,no,yes
3116,-0.209720,0.83388820,-0.002966,390860.54,390867.76,2475.56,2389.88,no,yes
3117,-0.510984,0.60936804,-0.007226,293278.95,293294.17,1819.13,2357.68,no,yes
3118,0.099041,0.92110646,0.001401,293739.41,293731.87,5371.36,5390.30,no,yes
3119,-0.026408,0.97893198,-0.000373,293267.20,293267.91,1488.97,2226.30,no,yes
3120,1.734905,0.08277718,0.024535,293259.54,293210.77,2446.01,1386.11,no,yes
3121,0.652907,0.51382423,0.009233,293707.70,293676.50,3677.09,3051.08,no,yes
3122,-0.800247,0.42357749,-0.011317,293466.80,293477.06,850.18,960.42,no,yes
3123,0.717097,0.47332323,0.010141,293424.59,293400.63,2633.79,2055.68,no,yes
3124,-0.074741,0.94042173,-0.001057,293361.21,293362.38,980.97,1221.12,no,yes
3125,-0.745410,0.45603267,-0.010542,293549.73,293560.01,926.71,1020.77,no,yes
3126,-0.766833,0.44319121,-0.010845,293693.23,293710.40,1258.57,1852.09,no,yes
3127,0.117893,0.90615326,0.001667,293314.00,293312.47,915.23,921.78,no,yes
3128,-0.888843,0.37409837,-0.012570,301108.88,301124.12,1257.10,1166.44,no,yes
3129,0.005254,0.99580797,0.000074,293560.26,293560.18,1145.69,938.13,no,yes
3130,-0.787484,0.43100802,-0.011137,293205.24,293235.02,2713.91,2633.06,no,yes
3131,-2.579178,0.00991693,-0.036475,293329.04,293459.44,857.61,4982.47,yes,yes
3132,-0.533739,0.59352793,-0.007548,293257.14,293281.42,3211.74,3222.57,no,yes
3133,1.155671,0.24783091,0.016344,293529.44,293490.21,2741.73,2002.21,no,yes
3134,0.492119,0.62264051,0.006960,293553.06,293520.50,5103.50,4211.24,no,yes
3135,0.035081,0.97201530,0.000496,293405.63,293402.53,6199.49,6278.99,no,yes
3136,1.147856,0.25104360,0.016233,293660.70,293594.26,4787.89,3252.13,no,yes
3137,-0.072035,0.94257458,-0.001019,293293.24,293298.44,5419.54,4773.28,no,yes
3138,0.563874,0.57284618,0.007974,293469.75,293447.08,2990.56,2687.59,no,yes
3139,0.156656,0.87551786,0.002215,293393.21,293390.15,1403.35,1350.91,no,yes
3140,0.807579,0.41934283,0.011421,293716.11,293670.48,4234.77,3739.43,no,yes
3141,0.169984,0.86502452,0.002404,293836.60,293827.18,3726.45,4108.23,no,yes
3142,1.933462,0.05320047,0.027343,293664.22,293563.00,4834.47,2008.81,no,yes
3143,-0.321276,0.74800494,-0.004544,293249.79,293257.50,1608.33,1782.54,no,yes
3144,0.231086,0.81725138,0.003268,293359.87,293353.22,1276.89,2579.74,no,yes
3145,0.252937,0.80031984,0.003577,293403.97,293397.17,1841.66,1959.42,no,yes
3146,1.916473,0.05532671,0.027103,293523.69,293459.05,3134.05,1247.72,no,yes
3147,1.197124,0.23127347,0.016930,293505.57,293452.84,3498.95,2675.24,no,yes
3148,-1.473442,0.14064811,-0.020838,293347.72,293366.70,840.04,977.11,no,yes
3149,-1.864639,0.06225406,-0.026370,293332.49,293392.92,1224.71,3000.47,no,yes
3150,0.856932,0.39149306,0.012119,293441.22,293420.17,1667.23,1804.73,no,yes
3151,0.659556,0.50954669,0.009328,294745.88,294706.81,4497.39,3855.26,no,yes
3152,0.839299,0.40131169,0.011869,293449.69,293434.22,1359.87,1244.25,no,yes
3153,0.138373,0.88994730,0.001957,293628.58,293622.49,3508.51,2659.20,no,yes
3154,1.051786,0.29291049,0.014875,293219.45,293189.63,2089.63,1916.22,no,yes
3155,0.371437,0.71031585,0.005253,293384.13,293377.95,1198.34,1153.95,no,yes
3156,0.362457,0.71701496,0.005126,293310.66,293299.83,2392.00,1786.79,no,yes
3157,-0.802989,0.42199044,-0.011356,293572.07,293583.48,1036.43,972.34,no,yes
3158,0.533566,0.59364761,0.007546,293423.90,293408.76,2079.44,1931.44,no,yes
3159,-0.002605,0.99792160,-0.000037,293621.32,293621.42,2587.83,3278.40,no,yes
3160,0.168533,0.86616538,0.002383,293275.41,293267.72,3021.71,3414.75,no,yes
3161,2.135173,0.03275904,0.030196,293176.69,293147.72,997.03,920.37,yes,yes
3162,-0.080056,0.93619373,-0.001132,293212.57,293215.05,1741.28,2561.08,no,yes
3163,0.691039,0.48954905,0.009773,293313.74,293303.84,954.46,1069.32,no,yes
3164,0.064439,0.94862162,0.000911,293553.99,293553.09,992.00,993.08,no,yes
3165,0.692451,0.48866191,0.009793,293432.81,293421.26,1159.78,1200.18,no,yes
3166,0.309264,0.75712412,0.004374,293523.67,293513.57,2426.95,2182.49,no,yes
3167,0.072923,0.94186842,0.001031,293348.09,293344.69,3476.81,3107.97,no,yes
3168,0.995283,0.31961427,0.014075,293292.16,293247.33,3940.27,2182.28,no,yes
3169,-0.440652,0.65946941,-0.006232,293607.43,293648.46,6265.28,6888.95,no,yes
3170,1.289360,0.19728806,0.018234,293564.89,293521.96,2502.49,2195.91,no,yes
3171,0.326045,0.74439349,0.004611,293319.26,293314.84,976.02,939.89,no,yes
3172,-1.773805,0.07611175,-0.025085,293244.65,293270.97,899.08,1180.51,no,yes
3173,0.525329,0.59936046,0.007429,293461.13,293449.51,1757.79,1343.52,no,yes
3174,0.923088,0.35597296,0.013054,293448.98,293434.21,1241.08,1009.30,no,yes
3175,-1.016795,0.30926358,-0.014380,293454.11,293467.55,870.13,995.14,no,yes
3176,-0.218458,0.82707447,-0.003089,293418.52,293425.67,2204.68,2415.02,no,yes
3177,0.081737,0.93485650,0.001156,293348.90,293342.82,5450.69,5067.82,no,yes
3178,-1.212703,0.22525916,-0.017150,293338.81,293356.24,830.79,1172.48,no,yes
3179,-0.942658,0.34586743,-0.013331,293198.79,293213.84,1098.37,1159.14,no,yes
3180,-0.666248,0.50526089,-0.009422,293451.30,293479.04,2587.45,3263.29,no,yes
3181,-0.553514,0.57991786,-0.007828,293675.31,293702.40,3008.76,3860.26,no,yes
3182,0.175577,0.86062822,0.002483,293651.89,293642.85,3432.80,3837.22,no,yes
3183,0.152048,0.87915048,0.002150,293198.18,293195.70,1211.97,1091.26,no,yes
3184,0.066667,0.94684743,0.000943,293408.34,293407.28,1068.96,1187.54,no,yes
3185,0.847192,0.39689881,0.011981,293462.49,293433.42,2650.02,2180.32,no,yes
3186,-0.007011,0.99440643,-0.000099,293828.67,293829.32,6366.11,6746.47,no,yes
3187,1.863976,0.06234077,0.026361,294822.18,294793.64,1216.92,929.05,no,yes
3188,0.616702,0.53743855,0.008721,294677.84,294666.91,1386.85,1103.75,no,yes
3189,0.261742,0.79352315,0.003702,293454.70,293445.91,2491.64,2254.10,no,yes
3190,-0.108135,0.91389001,-0.001529,293474.40,293476.56,1336.96,1482.12,no,yes
3191,0.664580,0.50632665,0.009399,293215.25,293204.59,1153.28,1114.15,no,yes
3192,-0.259847,0.79498441,-0.003675,293614.38,293620.09,1389.71,1698.17,no,yes
3193,1.093337,0.27426066,0.015462,293524.10,293496.17,2097.11,1458.63,no,yes
3194,0.689275,0.49065842,0.009748,293459.54,293446.62,1405.94,1239.53,no,yes
3195,0.034773,0.97226085,0.000492,294589.98,294588.44,2905.92,3347.70,no,yes
3196,1.058033,0.29005496,0.014963,293361.92,293334.63,2151.41,1422.50,no,yes
3197,-1.703221,0.08854490,-0.024087,293367.62,293393.09,809.83,1257.21,no,yes
3198,0.003589,0.99713646,0.000051,293576.35,293576.28,1437.47,1342.87,no,yes
3199,1.301898,0.19297174,0.018412,293423.96,293397.02,1852.45,923.00,no,yes
3200,0.929437,0.35267610,0.013144,293375.14,293342.47,2991.33,1845.35,no,yes
3201,-0.445135,0.65622760,-0.006295,293236.67,293256.19,2565.47,3557.02,no,yes
3202,0.274589,0.78363472,0.003883,293279.45,293271.91,2027.10,1852.87,no,yes
3203,0.007079,0.99435170,0.000100,294274.87,294274.25,6289.19,6149.64,no,yes
3204,1.110089,0.26697407,0.015699,293316.68,293302.62,906.09,884.32,no,yes
3205,-0.983817,0.32521800,-0.013913,293172.40,293188.92,1051.46,1309.20,no,yes
3206,0.783993,0.43305481,0.011087,293539.68,293525.22,1521.41,1043.42,no,yes
3207,-0.180041,0.85712224,-0.002546,390920.56,390927.34,2459.18,2850.95,no,yes
3208,0.483496,0.62874878,0.006838,293518.98,293507.12,1848.70,1612.47,no,yes
3209,1.147255,0.25129121,0.016225,302921.57,302884.35,2598.77,1941.83,no,yes
3210,0.276661,0.78204369,0.003913,293515.16,293508.12,1712.03,1885.22,no,yes
3211,1.707897,0.08767966,0.024153,293407.97,293337.38,3862.87,1471.02,no,yes
3212,-0.280862,0.77881927,-0.003972,293272.45,293288.22,3278.09,4555.38,no,yes
3213,1.394426,0.16320897,0.019720,293342.25,293266.11,4795.89,2610.65,no,yes
3214,-1.122842,0.26152328,-0.015879,293332.04,293365.16,1279.41,2657.57,no,yes
3215,-0.486397,0.62669168,-0.006879,293564.78,293575.28,1270.38,1743.95,no,yes
3216,0.140231,0.88847912,0.001983,293495.55,293490.54,2646.56,2405.05,no,yes
3217,-0.008463,0.99324795,-0.000120,293532.37,293532.78,3394.41,3511.35,no,yes
3218,1.091696,0.27498265,0.015439,293272.03,293238.21,2658.30,1590.33,no,yes
3219,0.099290,0.92090876,0.001404,293315.72,293309.99,3878.19,4280.66,no,yes
3220,-0.116522,0.90724046,-0.001648,302242.31,302245.63,2234.38,1766.07,no,yes
3221,1.456342,0.14531428,0.020596,293219.19,293194.77,1282.16,1080.82,no,yes
3222,0.818854,0.41288099,0.011580,293300.49,293271.49,2933.46,1983.56,no,yes
3223,0.054538,0.95650672,0.000771,293389.33,293387.35,2354.77,2778.13,no,yes
3224,0.976629,0.32876493,0.013812,293571.69,293555.83,1225.81,1064.73,no,yes
3225,-0.747014,0.45506748,-0.010564,293413.07,293434.57,1200.61,2616.15,no,yes
3226,0.326250,0.74423895,0.004614,293284.80,293266.72,4040.77,3795.37,no,yes
3227,1.316702,0.18795776,0.018621,293566.08,293497.45,4551.68,2538.74,no,yes
3228,-0.075749,0.93961928,-0.001071,293389.06,293391.69,2569.94,2344.34,no,yes
3229,-0.730430,0.46514191,-0.010330,293209.83,293234.03,965.27,3170.47,no,yes
3230,0.667702,0.50433218,0.009443,293273.90,293248.58,3118.95,2154.53,no,yes
3231,0.688049,0.49143037,0.009730,293426.93,293397.29,3292.84,2777.34,no,yes
3232,-0.300220,0.76401266,-0.004246,293379.57,293395.80,3255.03,4313.53,no,yes
3233,-0.250943,0.80186195,-0.003549,293440.52,293447.59,1106.43,2591.24,no,yes
3234,-0.869044,0.38483341,-0.012290,293591.19,293617.75,2095.88,2224.26,no,yes
3235,-0.323920,0.74600217,-0.004581,293460.10,293470.56,2399.83,2159.70,no,yes
3236,0.388263,0.69782581,0.005491,293563.48,293539.29,4578.38,4223.73,no,yes
3237,1.645440,0.09989903,0.023270,293371.15,293335.61,1880.48,1063.48,no,yes
3238,0.508590,0.61104578,0.007193,293458.59,293433.79,3822.65,3024.83,no,yes
3239,-0.675971,0.49906748,-0.009560,293601.95,293633.64,2842.17,3728.43,no,yes
3240,1.836544,0.06629221,0.025973,293470.94,293437.04,1373.71,1233.41,no,yes
3241,-0.781936,0.43426206,-0.011058,300421.75,300463.59,3211.60,4279.55,no,yes
3242,0.213797,0.83070752,0.003024,293437.54,293434.19,1035.01,1180.08,no,yes
3243,2.098647,0.03586142,0.029679,293225.52,293190.69,1316.80,1009.89,yes,yes
3244,-0.649952,0.51573167,-0.009192,293439.13,293455.80,1426.26,2132.02,no,yes
3245,0.979434,0.32737774,0.013851,293365.47,293331.82,2584.71,2262.69,no,yes
3246,-0.705476,0.48052222,-0.009977,303349.30,303367.03,1837.31,1714.46,no,yes
3247,-0.156041,0.87600269,-0.002207,293449.11,293454.23,2559.31,2056.82,no,yes
3248,-0.177069,0.85945610,-0.002504,293521.48,293527.14,2182.76,2337.67,no,yes
3249,-0.332549,0.73947796,-0.004703,293255.49,293266.81,2403.72,2409.25,no,yes
3250,-0.443013,0.65776149,-0.006265,293319.53,293345.77,3555.10,4737.24,no,yes
3251,-0.730576,0.46504714,-0.010332,293482.19,293521.43,3519.26,4057.19,no,yes
3252,-0.303922,0.76119120,-0.004298,294599.79,294611.50,2208.90,3156.64,no,yes
3253,0.289849,0.77193486,0.004099,303287.41,303271.60,4424.78,3192.25,no,yes
3254,1.412647,0.15777507,0.019978,293440.44,293419.01,1115.79,1026.79,no,yes
3255,0.287603,0.77365377,0.004067,293299.45,293283.60,4267.73,3489.46,no,yes
3256,-0.240188,0.81018689,-0.003397,293160.27,293163.27,849.73,915.37,no,yes
3257,0.875289,0.38142785,0.012378,293240.82,293218.31,2059.67,1540.42,no,yes
3258,-0.501964,0.61569872,-0.007099,293196.63,293203.21,990.94,856.36,no,yes
3259,0.281557,0.77828592,0.003982,293476.93,293462.57,3772.57,3429.79,no,yes
3260,-0.710250,0.47755743,-0.010044,293648.11,293657.70,911.61,995.90,no,yes
3261,0.129229,0.89717808,0.001828,293618.23,293615.57,1490.63,1425.30,no,yes
3262,-1.277387,0.20149031,-0.018065,293346.63,293399.58,1262.35,3947.98,no,yes
3263,-0.046226,0.96313073,-0.000654,293444.14,293446.02,2795.07,2960.27,no,yes
3264,0.123372,0.90181410,0.001745,293456.34,293450.58,3221.49,3384.49,no,yes
3265,0.275400,0.78301170,0.003895,293623.07,293614.29,2372.94,2133.23,no,yes
3266,2.269127,0.02327601,0.032090,293440.63,293369.78,2857.04,1259.16,yes,yes
3267,-1.198168,0.23086703,-0.016945,293538.72,293554.56,782.55,1065.69,no,yes
3268,1.011638,0.31172348,0.014307,293483.15,293453.74,2213.80,1884.99,no,yes
3269,0.057694,0.95399327,0.000816,293481.39,293478.96,3189.37,2743.31,no,yes
3270,-0.732744,0.46372353,-0.010363,293565.45,293581.61,1374.62,1723.87,no,yes
3271,0.484899,0.62775362,0.006858,293515.68,293484.96,4790.21,4144.69,no,yes
3272,1.062060,0.28822125,0.015020,293445.00,293428.01,1112.06,1149.61,no,yes
3273,0.296242,0.76704811,0.004190,293415.80,293402.72,3352.32,2873.58,no,yes
3274,1.162220,0.24516279,0.016436,293670.41,293605.26,4759.48,2961.16,no,yes
3275,0.155808,0.87618611,0.002203,293207.02,293204.45,1206.66,1123.09,no,yes
3276,0.938920,0.34778704,0.013278,293336.87,293309.71,2565.06,1336.56,no,yes
3277,1.095045,0.27351156,0.015486,293390.79,293365.99,1860.38,1290.79,no,yes
3278,1.038075,0.29924852,0.014681,293421.50,293405.09,1252.50,963.38,no,yes
3279,-1.182547,0.23700617,-0.016724,293513.78,293574.97,2626.29,4457.68,no,yes
3280,-0.792223,0.42823991,-0.011204,293498.52,293509.51,994.57,966.89,no,yes
3281,-0.956865,0.33864716,-0.013532,293493.01,293503.79,746.83,843.92,no,yes
3282,0.938715,0.34788866,0.013275,293323.74,293277.87,3733.07,3153.86,no,yes
3283,-0.426915,0.66944592,-0.006037,293304.42,293327.34,3722.82,3866.98,no,yes
3284,0.152460,0.87882547,0.002156,293340.57,293334.15,2956.87,3002.94,no,yes
3285,0.188229,0.85069947,0.002662,293577.57,293570.03,2314.27,3270.12,no,yes
3286,0.365558,0.71469932,0.005170,293283.53,293274.29,2021.04,1516.93,no,yes
3287,-0.574696,0.56550434,-0.008127,293379.49,293395.68,2291.13,1639.01,no,yes
3288,-2.221083,0.02636212,-0.031411,293196.16,293254.86,1006.90,2443.18,yes,yes
3289,-0.570690,0.56821649,-0.008071,293252.72,293283.12,3309.76,4174.72,no,yes
3290,-1.013611,0.31078447,-0.014335,293387.13,293409.34,1046.35,1925.00,no,yes
3291,0.576791,0.56408775,0.008157,293390.54,293354.04,5213.57,3587.91,no,yes
3292,0.148431,0.88200431,0.002099,293491.55,293484.05,3919.03,3185.07,no,yes
3293,-0.658758,0.51005953,-0.009316,293335.08,293360.13,2149.77,3135.40,no,yes
3294,0.103987,0.91718090,0.001471,293364.11,293362.53,1055.00,1088.09,no,yes
3295,-0.313294,0.75406040,-0.004431,293325.11,293331.41,1582.14,1244.32,no,yes
3296,0.208402,0.83491695,0.002947,293299.35,293296.69,901.58,905.11,no,yes
3297,-1.239613,0.21513314,-0.017531,293528.95,293544.73,876.04,924.35,no,yes
3298,1.138857,0.25477704,0.016106,293666.00,293622.28,2961.14,2443.87,no,yes
3299,-0.556671,0.57775927,-0.007873,293262.53,293282.36,2011.17,2941.05,no,yes
3300,0.735945,0.46177281,0.010408,293294.70,293275.47,1917.71,1774.35,no,yes
3301,0.061755,0.95075865,0.000873,293254.09,293251.86,2601.94,2496.44,no,yes
3302,0.850340,0.39514711,0.012026,293481.12,293442.05,3621.26,2828.57,no,yes
3303,0.334013,0.73837313,0.004724,293438.23,293421.52,3786.67,3268.14,no,yes
3304,0.632615,0.52699271,0.008947,305980.92,305932.51,6126.75,4586.75,no,yes
3305,-0.319506,0.74934640,-0.004518,293600.62,293614.39,2794.50,3281.91,no,yes
3306,0.428545,0.66825885,0.006061,293418.68,293396.69,3851.79,3391.77,no,yes
3307,0.841010,0.40035248,0.011894,293248.97,293228.43,1724.54,1728.82,no,yes
3308,0.325005,0.74518099,0.004596,293387.21,293369.12,3034.30,4667.26,no,yes
3309,-0.483448,0.62878264,-0.006837,293504.27,293510.52,890.30,937.04,no,yes
3310,0.074012,0.94100165,0.001047,293680.43,293675.95,4028.19,4517.95,no,yes
3311,0.080237,0.93604949,0.001135,293235.09,293233.17,1626.31,1742.55,no,yes
3312,0.950261,0.34199442,0.013439,293485.91,293455.11,2845.26,1552.41,no,yes
3313,0.874643,0.38177890,0.012369,299104.71,299084.66,1639.51,1601.95,no,yes
3314,-0.509543,0.61037782,-0.007206,293213.71,293232.35,2086.62,3006.07,no,yes
3315,0.263500,0.79216808,0.003726,295042.21,295033.53,2133.79,2509.22,no,yes
3316,2.271504,0.02313340,0.032124,294822.71,294709.77,4680.36,1677.93,yes,yes
3317,1.035035,0.30066517,0.014638,293326.61,293310.05,1206.41,1050.59,no,yes
3318,0.298987,0.76495290,0.004228,293544.98,293528.99,3921.82,3633.22,no,yes
3319,-0.855622,0.39221832,-0.012100,293594.11,293633.41,2616.01,3775.03,no,yes
3320,-0.255240,0.79854138,-0.003610,293393.33,293399.35,1084.33,2092.59,no,yes
3321,0.257475,0.79681454,0.003641,293841.04,293818.22,6137.06,6390.74,no,yes
3322,-0.209208,0.83428809,-0.002959,294438.80,294446.16,2507.54,2467.68,no,yes
3323,0.357915,0.72041215,0.005062,293593.41,293576.18,4413.53,1927.74,no,yes
3324,-1.141059,0.25386100,-0.016137,293590.22,293650.55,2985.79,4363.39,no,yes
3325,-0.394196,0.69344071,-0.005575,293703.36,293718.04,2304.47,2927.38,no,yes
3326,0.407929,0.68333003,0.005769,293582.19,293577.22,901.07,819.19,no,yes
3327,0.484147,0.62828735,0.006847,293264.56,293252.10,1463.94,2117.04,no,yes
3328,1.059616,0.28933220,0.014985,293485.78,293453.17,2112.89,2237.23,no,yes
3329,-0.946472,0.34392146,-0.013385,293265.36,293307.46,2348.95,3777.26,no,yes
3330,1.656334,0.09767490,0.023424,293203.24,293165.86,1998.74,1047.71,no,yes
3331,-0.790638,0.42916441,-0.011181,293321.27,293334.60,1172.52,1210.78,no,yes
3332,-0.365439,0.71478780,-0.005168,293346.82,293356.64,1841.93,1956.29,no,yes
3333,-1.338845,0.18063800,-0.018934,293362.93,293391.31,1241.33,1717.79,no,yes
3334,-0.474857,0.63489430,-0.006715,293500.62,293528.51,3671.36,4586.09,no,yes
3335,0.586548,0.55751385,0.008295,293315.41,293281.26,4296.61,3929.92,no,yes
3336,0.353493,0.72372261,0.004999,293628.23,293623.18,1064.35,952.92,no,yes
3337,0.268165,0.78857494,0.003792,293361.95,293353.08,2514.71,2147.83,no,yes
3338,0.831729,0.40557196,0.011762,293572.00,293494.40,7180.88,5955.80,no,yes
3339,0.956926,0.33861770,0.013533,293250.56,293233.19,1489.26,1038.05,no,yes
3340,1.308570,0.19069760,0.018506,293561.78,293516.10,2939.07,1883.75,no,yes
3341,1.466454,0.14254060,0.020739,293528.21,293506.14,1132.29,991.79,no,yes
3342,0.958248,0.33794947,0.013552,293703.33,293614.82,6941.71,6093.00,no,yes
3343,-0.993013,0.32071605,-0.014043,293284.24,293317.32,2208.60,2493.55,no,yes
3344,-0.241300,0.80932510,-0.003412,293595.30,293607.99,3360.73,4045.14,no,yes
3345,0.036645,0.97076836,0.000518,293602.10,293600.99,2341.47,1903.95,no,yes
3346,-0.430940,0.66651682,-0.006094,293519.21,293536.06,2383.25,3100.90,no,yes
3347,-0.836484,0.40289388,-0.011830,293352.91,293384.72,2236.35,3074.67,no,yes
3348,-0.944964,0.34469062,-0.013364,293369.33,293392.68,1342.71,2073.66,no,yes
3349,-0.552835,0.58038352,-0.007818,293251.80,293267.52,1621.50,2335.95,no,yes
3350,0.079674,0.93649737,0.001127,293346.30,293345.10,1053.47,1078.51,no,yes
3351,-1.050628,0.29344372,-0.014858,293663.38,293716.47,2860.30,4166.71,no,yes
3352,0.434454,0.66396350,0.006144,293494.60,293487.74,1099.19,1131.82,no,yes
3353,-0.203647,0.83863151,-0.002880,293239.73,293243.66,1314.57,1416.92,no,yes
3354,-0.535376,0.59239590,-0.007571,299653.81,299668.32,1939.53,1893.67,no,yes
3355,-0.923186,0.35592181,-0.013056,293161.47,293172.10,860.22,764.43,no,yes
3356,-0.455960,0.64842340,-0.006448,293281.30,293295.42,2283.84,2093.58,no,yes
3357,1.318215,0.18744854,0.018642,293914.43,293883.04,1940.84,1380.66,no,yes
3358,-0.638347,0.52325552,-0.009028,293331.05,293341.92,1373.24,1006.88,no,yes
3359,-1.314592,0.18867069,-0.018591,293344.18,293401.11,1508.53,4059.47,no,yes
3360,-0.433505,0.66465327,-0.006131,293375.83,293381.09,737.42,962.79,no,yes
3361,0.813417,0.41599423,0.011503,293432.14,293409.61,2593.31,972.15,no,yes
3362,-1.003980,0.31540026,-0.014198,293303.17,293315.69,863.17,899.91,no,yes
3363,-0.659714,0.50944484,-0.009330,293327.28,293351.19,2380.58,2732.35,no,yes
3364,0.100783,0.91972396,0.001425,293324.78,293323.31,969.67,1093.97,no,yes
3365,-1.489460,0.13638814,-0.021064,293704.65,293789.13,2458.42,5111.31,no,yes
3366,0.090127,0.92818755,0.001275,293485.96,293481.55,3818.02,3064.89,no,yes
3367,-0.154179,0.87747004,-0.002180,293318.37,293326.23,3802.93,3389.68,no,yes
3368,0.666823,0.50489340,0.009430,293238.76,293227.12,1402.37,1039.19,no,yes
3369,1.053107,0.29230472,0.014893,293332.76,293316.11,1173.88,1058.49,no,yes
3370,-0.296950,0.76650766,-0.004200,293458.15,293464.50,1403.34,1612.88,no,yes
3371,0.107221,0.91461496,0.001516,293373.88,293370.23,2391.30,2418.92,no,yes
3372,-0.165217,0.86877516,-0.002337,293554.39,293557.40,1292.28,1284.37,no,yes
3373,0.071607,0.94291522,0.001013,293412.91,293411.60,1171.08,1400.38,no,yes
3374,0.263521,0.79215197,0.003727,293510.34,293506.91,952.99,883.72,no,yes
3375,-0.194299,0.84594410,-0.002748,293350.51,293358.50,3087.46,2713.76,no,yes
3376,0.560070,0.57543775,0.007921,293308.84,293280.36,3750.73,3434.40,no,yes
3377,-0.248286,0.80391536,-0.003511,293334.75,293338.09,872.21,1022.82,no,yes
3378,-0.077287,0.93839631,-0.001093,293404.88,293407.22,2004.43,2275.39,no,yes
3379,0.500769,0.61653957,0.007082,293619.23,293594.31,3726.44,3300.70,no,yes
3380,-0.538839,0.59000423,-0.007620,293575.84,293583.35,1000.27,971.46,no,yes
3381,0.998892,0.31785970,0.014126,293590.95,293566.85,1852.59,1546.52,no,yes
3382,1.608138,0.10782072,0.022743,293340.77,293317.12,1070.33,1008.49,no,yes
3383,0.356068,0.72179381,0.005036,293567.18,293555.83,2427.30,2066.29,no,yes
3384,1.515241,0.12972830,0.021429,293419.92,293382.21,1980.04,1507.32,no,yes
3385,1.199663,0.23028547,0.016966,293323.11,293281.16,2782.00,2119.70,no,yes
3386,1.301577,0.19307879,0.018407,293518.74,293464.20,3546.85,2229.88,no,yes
3387,0.084586,0.93259122,0.001196,293222.65,293221.22,1133.38,1242.27,no,yes
3388,0.972741,0.33069407,0.013757,293281.15,293263.68,1390.83,1135.77,no,yes
3389,-1.247860,0.21209892,-0.017647,293275.38,293328.24,2401.89,3488.37,no,yes
3390,0.327474,0.74331267,0.004631,293272.34,293264.23,1672.21,1825.15,no,yes
3391,1.157324,0.24715543,0.016367,293328.76,293293.21,2520.01,1755.99,no,yes
3392,-0.308925,0.75738170,-0.004369,293612.15,293624.97,2666.47,3183.05,no,yes
3393,0.884968,0.37618465,0.012515,293592.01,293574.69,1330.52,1435.75,no,yes
3394,0.995045,0.31972704,0.014072,293424.34,293406.12,1412.85,1163.52,no,yes
3395,-0.290020,0.77180410,-0.004101,301129.65,301135.49,1420.08,1426.58,no,yes
3396,0.084619,0.93256528,0.001197,293266.74,293263.07,3086.72,3043.53,no,yes
3397,0.790940,0.42898906,0.011186,293344.04,293331.87,1199.60,963.62,no,yes
3398,-2.311308,0.02082851,-0.032687,293531.48,293584.42,1141.31,1985.76,yes,yes
3399,0.073383,0.94150192,0.001038,293566.75,293565.77,887.89,996.27,no,yes
3400,-0.540179,0.58907947,-0.007639,293421.22,293438.12,2193.38,2231.86,no,yes
3401,0.441562,0.65881083,0.006245,293459.08,293446.58,2167.21,1821.85,no,yes
3402,0.888287,0.37439708,0.012562,293271.31,293256.89,1144.65,1150.20,no,yes
3403,-0.196873,0.84392860,-0.002784,293396.87,293399.97,1091.42,1135.00,no,yes
3404,0.160176,0.87274418,0.002265,293313.43,293306.13,3364.97,3076.40,no,yes
3405,0.306437,0.75927504,0.004334,293509.74,293491.20,4685.04,3824.02,no,yes
3406,-0.203701,0.83858947,-0.002881,293523.11,293525.69,884.52,907.43,no,yes
3407,0.215533,0.82935375,0.003048,293402.01,293393.46,2654.66,2944.11,no,yes
3408,-0.043493,0.96530865,-0.000615,293624.08,293625.98,2606.34,3509.23,no,yes
3409,-0.731860,0.46426317,-0.010350,293325.62,293339.11,1415.36,1180.79,no,yes
3410,0.442734,0.65796294,0.006261,293472.35,293461.09,1660.07,1927.55,no,yes
3411,1.631157,0.10287360,0.023068,293399.58,293378.74,995.75,800.65,no,yes
3412,-0.236732,0.81286711,-0.003348,293339.70,293344.98,1538.88,1613.44,no,yes
3413,-1.165228,0.24394603,-0.016479,293331.81,293383.44,1896.66,4003.93,no,yes
3414,-0.285310,0.77540958,-0.004035,293226.50,293231.45,1092.77,1346.98,no,yes
3415,-1.089466,0.27596259,-0.015407,293525.17,293567.54,2369.69,3083.46,no,yes
3416,0.349154,0.72697730,0.004938,293326.88,293322.03,992.65,970.82,no,yes
3417,0.071512,0.94299092,0.001011,293572.83,293570.02,2411.31,3101.66,no,yes
3418,0.239696,0.81056837,0.003390,293351.32,293345.87,1873.17,1286.66,no,yes
3419,0.461861,0.64418576,0.006532,293582.89,293558.33,3864.17,3655.89,no,yes
3420,0.404704,0.68569916,0.005723,293690.99,293663.07,5155.00,4586.23,no,yes
3421,-0.833964,0.40431142,-0.011794,293566.45,293604.66,3085.95,3385.92,no,yes
3422,-0.501562,0.61598114,-0.007093,293652.83,293671.80,2452.95,2880.71,no,yes
3423,-0.117645,0.90635031,-0.001664,293396.37,293398.75,1702.81,1093.56,no,yes
3424,1.109680,0.26715145,0.015693,293459.04,293406.79,3751.52,2846.11,no,yes
3425,-0.026088,0.97918768,-0.000369,298531.53,298532.32,2391.93,1852.14,no,yes
3426,-0.943788,0.34529182,-0.013347,361898.25,361950.27,2921.13,4673.45,no,yes
3427,-0.429519,0.66754993,-0.006074,293533.78,293539.51,940.42,945.41,no,yes
3428,0.004016,0.99679544,0.000057,293444.98,293444.81,3190.75,2681.57,no,yes
3429,0.049166,0.96078733,0.000695,293278.91,293276.80,2973.18,3085.48,no,yes
3430,-0.908956,0.36338902,-0.012855,293486.38,293511.04,1099.26,2480.44,no,yes
3431,1.060024,0.28914949,0.014991,293288.98,293249.97,3174.83,1861.46,no,yes
3432,0.005196,0.99585439,0.000073,293200.77,293200.70,1063.56,1059.46,no,yes
3433,-0.242995,0.80801152,-0.003436,293364.36,293368.23,1116.58,1137.32,no,yes
3434,0.629885,0.52877753,0.008908,293234.79,293216.76,2258.77,1758.64,no,yes
3435,-0.438764,0.66083723,-0.006205,293322.01,293328.19,985.30,1006.86,no,yes
3436,0.621593,0.53421650,0.008791,293537.61,293527.50,1091.99,1206.01,no,yes
3437,-0.531406,0.59514383,-0.007515,293297.63,293322.36,2935.72,3610.29,no,yes
3438,0.580622,0.56150156,0.008211,296687.11,296652.46,4410.15,4020.57,no,yes
3439,1.115101,0.26482644,0.015770,294629.64,294603.78,2111.24,959.26,no,yes
3440,0.452148,0.65116704,0.006394,293403.39,293395.39,1283.30,1220.69,no,yes
3441,-0.850826,0.39487651,-0.012032,293411.97,293432.27,1609.96,1760.90,no,yes
3442,0.891668,0.37258383,0.012610,293373.34,293356.92,1567.05,966.91,no,yes
3443,-0.233869,0.81508946,-0.003307,293674.90,293695.41,6198.79,6202.73,no,yes
3444,-0.032961,0.97370616,-0.000466,293515.66,293516.56,1914.61,1968.01,no,yes
3445,1.262960,0.20662092,0.017861,293661.54,293598.83,4182.47,2675.08,no,yes
3446,0.335606,0.73717226,0.004746,293242.19,293230.65,1946.63,2836.55,no,yes
3447,0.410232,0.68164046,0.005802,293380.32,293365.11,2386.48,2835.41,no,yes
3448,0.485525,0.62730944,0.006866,293218.04,293210.91,1051.91,1025.15,no,yes
3449,0.351433,0.72526712,0.004970,293518.88,293498.03,4498.70,3868.13,no,yes
3450,1.109647,0.26716452,0.015693,293273.83,293249.63,1610.26,1469.98,no,yes
3451,-0.634698,0.52563270,-0.008976,293373.35,293386.19,1474.21,1386.05,no,yes
3452,-0.126842,0.89906723,-0.001794,293524.02,293526.78,1284.37,1756.06,no,yes
3453,-0.953335,0.34043520,-0.013482,293546.19,293581.26,1738.56,3241.68,no,yes
3454,-0.329639,0.74167591,-0.004662,294180.88,294193.55,2502.70,2918.69,no,yes
3455,0.298879,0.76503543,0.004227,293563.35,293558.50,1191.06,1099.00,no,yes
3456,0.335077,0.73757047,0.004739,293189.48,293184.81,971.01,997.49,no,yes
3457,0.891149,0.37286121,0.012603,294087.71,294072.12,1441.10,991.77,no,yes
3458,2.386064,0.01703920,0.033744,293236.37,293197.24,1232.47,1082.10,yes,yes
3459,-0.379613,0.70423683,-0.005369,293390.27,293396.17,1042.13,1154.20,no,yes
3460,0.120365,0.90419547,0.001702,293334.47,293331.82,1678.26,1418.47,no,yes
3461,-0.147979,0.88236103,-0.002093,293495.09,293502.51,3349.32,3735.83,no,yes
3462,-0.550546,0.58195126,-0.007786,293283.84,293314.76,3811.75,4126.86,no,yes
3463,2.245045,0.02477696,0.031750,293374.74,293337.70,1318.02,992.69,yes,yes
3464,-0.635107,0.52536610,-0.008982,293359.75,293383.90,2600.04,2775.05,no,yes
3465,0.653914,0.51317457,0.009248,293417.62,293396.09,2456.25,2193.24,no,yes
3466,1.715439,0.08628251,0.024260,293566.32,293538.87,1328.57,891.12,no,yes
3467,-0.437397,0.66182814,-0.006186,293332.66,293340.89,1366.27,1295.77,no,yes
3468,1.044203,0.29640446,0.014767,293471.82,293453.48,1312.14,1167.79,no,yes
3469,-0.570855,0.56810478,-0.008073,293529.38,293548.50,1941.42,2728.14,no,yes
3470,-1.238422,0.21557505,-0.017514,293366.42,293381.29,740.04,945.25,no,yes
3471,0.064881,0.94826903,0.000918,293524.26,293522.30,2070.38,2189.04,no,yes
3472,-0.563105,0.57336977,-0.007964,293340.56,293348.58,972.83,1041.03,no,yes
3473,-1.414506,0.15722976,-0.020004,293224.43,293242.13,775.88,981.51,no,yes
3474,-0.018205,0.98547549,-0.000257,293342.66,293343.13,1900.67,1747.18,no,yes
3475,-0.147477,0.88275735,-0.002086,293480.29,293482.30,989.05,936.16,no,yes
3476,-1.106850,0.26837203,-0.015653,307264.31,307280.33,1005.93,1040.53,no,yes
3477,2.437989,0.01477837,0.034478,293848.07,293809.56,1242.01,975.97,yes,yes
3478,-0.332770,0.73931129,-0.004706,293502.03,293520.74,3635.93,4287.94,no,yes
3479,-0.289096,0.77251111,-0.004088,293464.89,293478.40,2570.09,3906.91,no,yes
3480,-0.459894,0.64559809,-0.006504,293280.47,293288.88,1079.29,1475.87,no,yes
3481,0.391013,0.69579180,0.005530,293610.83,293599.78,1911.06,2079.70,no,yes
3482,0.310634,0.75608238,0.004393,293292.51,293277.85,3153.47,3513.32,no,yes
3483,0.007453,0.99405366,0.000105,293619.70,293619.57,1191.26,1142.22,no,yes
3484,0.111837,0.91095388,0.001582,293433.98,293428.19,3701.91,3616.07,no,yes
3485,0.537507,0.59092422,0.007601,293655.16,293615.10,6128.24,4240.22,no,yes
3486,-0.130051,0.89652720,-0.001839,293570.77,293576.60,3435.22,2882.77,no,yes
3487,-0.856104,0.39195052,-0.012107,293496.16,293512.70,1260.16,1464.45,no,yes
3488,-0.338495,0.73499538,-0.004787,293541.05,293550.60,1148.50,2577.16,no,yes
3489,-0.320728,0.74841985,-0.004536,293540.56,293547.39,1614.65,1387.74,no,yes
3490,0.925032,0.35496043,0.013082,293611.88,293587.12,1958.69,1824.36,no,yes
3491,-0.544908,0.58582277,-0.007706,303401.55,303427.80,3230.24,3574.16,no,yes
3492,0.285598,0.77518908,0.004039,299119.63,299115.56,1021.87,994.75,no,yes
3493,-0.810851,0.41746115,-0.011467,293378.72,293399.15,1577.02,1965.83,no,yes
3494,-0.123469,0.90173683,-0.001746,293284.64,293289.52,2634.86,2939.16,no,yes
3495,-0.522346,0.60143565,-0.007387,293324.19,293331.86,955.97,1113.93,no,yes
3496,-1.840851,0.06566389,-0.026034,293210.37,293247.14,866.78,1799.84,no,yes
3497,0.650160,0.51559628,0.009195,299055.05,299043.79,1301.10,1142.42,no,yes
3498,0.545498,0.58541862,0.007715,299156.16,299122.75,5202.94,3228.75,no,yes
3499,-0.014780,0.98820787,-0.000209,293272.80,293273.36,2824.32,2505.34,no,yes
3500,0.296947,0.76650981,0.004199,293429.41,293411.80,4302.61,4082.37,no,yes
3501,1.699530,0.08924070,0.024035,293390.42,293307.78,4359.82,2152.25,no,yes
3502,-0.412875,0.67970233,-0.005839,294034.38,294075.23,6766.13,7218.58,no,yes
3503,-0.624590,0.53224713,-0.008833,293392.59,293400.80,974.26,882.66,no,yes
3504,-0.348565,0.72741948,-0.004929,293207.23,293215.80,1846.91,1625.96,no,yes
3505,-1.247719,0.21214938,-0.017645,293521.12,293538.59,858.87,1105.32,no,yes
3506,0.559343,0.57593398,0.007910,293503.94,293487.59,2173.07,1956.41,no,yes
3507,0.444223,0.65688604,0.006282,293267.88,293245.69,3428.12,3633.60,no,yes
3508,-0.098169,0.92179874,-0.001388,293610.27,293614.63,3158.66,3124.06,no,yes
3509,0.675088,0.49962801,0.009547,293395.45,293383.23,1376.34,1176.84,no,yes
3510,0.843399,0.39901640,0.011927,295861.36,295809.10,4926.13,3758.62,no,yes
3511,0.175159,0.86095655,0.002477,294055.08,294048.25,2770.46,2741.91,no,yes
3512,0.935391,0.34959905,0.013228,293314.25,293264.14,4243.74,3268.20,no,yes
3513,0.769521,0.44159358,0.010883,293232.45,293220.63,1180.88,982.85,no,yes
3514,0.533773,0.59350463,0.007549,296349.08,296341.91,972.24,927.54,no,yes
3515,-0.236317,0.81318884,-0.003342,293664.32,293678.49,4184.42,4295.27,no,yes
3516,0.284882,0.77573786,0.004029,293338.58,293328.82,1998.42,2783.39,no,yes
3517,0.331421,0.74032982,0.004687,293503.34,293491.07,2585.31,2652.23,no,yes
3518,0.626554,0.53095876,0.008861,293645.10,293607.86,4364.31,4035.93,no,yes
3519,-0.005399,0.99569198,-0.000076,293688.27,293688.76,6265.67,6487.93,no,yes
3520,0.727520,0.46691667,0.010289,293608.87,293566.39,4667.10,3509.41,no,yes
3521,0.106547,0.91514979,0.001507,293563.46,293558.12,3377.23,3696.55,no,yes
3522,1.465302,0.14285458,0.020723,293438.65,293415.12,1220.33,1043.02,no,yes
3523,0.797706,0.42505103,0.011281,293400.84,293382.52,1795.86,1432.71,no,yes
3524,0.321858,0.74756370,0.004552,293362.93,293351.25,2798.27,2313.81,no,yes
3525,0.476450,0.63375932,0.006738,293455.46,293443.28,1974.20,1626.26,no,yes
3526,-0.202159,0.83979449,-0.002859,293230.96,293237.03,1913.27,2313.88,no,yes
3527,0.773235,0.43939412,0.010935,293323.79,293309.58,1541.85,999.23,no,yes
3528,0.010878,0.99132092,0.000154,307310.81,307310.46,2421.83,2140.56,no,yes
3529,0.375642,0.70718753,0.005312,293504.29,293490.71,3078.79,1895.36,no,yes
3530,0.852546,0.39392242,0.012057,293457.81,293437.71,1945.45,1331.61,no,yes
3531,-0.632490,0.52707518,-0.008945,293360.47,293389.26,2449.00,3836.76,no,yes
3532,0.145583,0.88425235,0.002059,293438.31,293432.99,2603.48,2562.15,no,yes
3533,-0.953227,0.34048705,-0.013481,293435.61,293481.27,3061.94,3684.03,no,yes
3534,0.640866,0.52161811,0.009063,293419.54,293397.06,2854.87,2037.16,no,yes
3535,-0.494329,0.62107937,-0.006991,293367.22,293384.44,2476.56,2450.25,no,yes
3536,-1.826948,0.06773087,-0.025837,293185.84,293232.86,903.74,2409.86,no,yes
3537,0.882079,0.37774565,0.012474,293334.72,293310.36,1648.78,2216.41,no,yes
3538,-1.138942,0.25474206,-0.016107,293429.30,293446.24,897.00,1185.61,no,yes
3539,-0.354183,0.72320525,-0.005009,293416.25,293420.92,955.05,909.68,no,yes
3540,-0.257113,0.79709443,-0.003636,293599.20,293612.11,3224.46,3852.90,no,yes
3541,-0.034332,0.97261254,-0.000486,293434.07,293434.94,1831.91,1731.00,no,yes
3542,-1.753193,0.07959358,-0.024794,390864.09,390927.41,1198.29,3406.76,no,yes
3543,0.019728,0.98426071,0.000279,293496.33,293495.64,2673.91,2195.20,no,yes
3544,-0.312839,0.75440623,-0.004424,293307.18,293325.63,4183.41,4153.34,no,yes
3545,0.682755,0.49476954,0.009656,293756.12,293717.99,4180.48,3703.34,no,yes
3546,0.179754,0.85734725,0.002542,293384.38,293382.18,859.41,874.67,no,yes
3547,-1.411091,0.15823380,-0.019956,293346.90,293367.92,957.87,1141.35,no,yes
3548,-0.056876,0.95464480,-0.000804,293551.27,293551.96,821.34,907.37,no,yes
3549,-0.721245,0.47077136,-0.010200,293405.82,293428.66,1194.10,2933.15,no,yes
3550,0.430388,0.66691828,0.006087,293279.27,293267.36,2085.82,1817.50,no,yes
3551,0.199509,0.84186663,0.002821,293204.65,293201.06,1240.85,1302.67,no,yes
3552,0.200600,0.84101352,0.002837,295960.77,295949.15,4058.31,4136.85,no,yes
3553,1.125129,0.26054855,0.015912,299706.60,299668.91,2610.29,2099.97,no,yes
3554,-0.376732,0.70637723,-0.005328,293346.54,293361.50,2136.64,3347.39,no,yes
3555,0.903825,0.36609923,0.012782,293338.92,293289.28,4137.00,3611.85,no,yes
3556,-0.711016,0.47708310,-0.010055,293401.16,293435.00,2870.15,3796.37,no,yes
3557,0.051054,0.95928315,0.000722,293249.84,293249.17,924.89,928.54,no,yes
3558,0.039329,0.96862831,0.000556,293531.35,293530.85,930.45,890.40,no,yes
3559,1.121656,0.26202466,0.015863,293626.02,293574.49,3873.42,2469.51,no,yes
3560,-0.436840,0.66223225,-0.006178,293498.53,293517.85,2849.89,3381.67,no,yes
3561,0.475214,0.63463973,0.006721,293350.24,293339.99,1722.02,1299.00,no,yes
3562,0.955206,0.33948505,0.013509,293686.67,293648.36,3000.84,2661.50,no,yes
3563,0.275941,0.78259655,0.003902,293702.99,293689.76,3970.19,2690.17,no,yes
3564,0.089292,0.92885042,0.001263,368992.43,368836.51,122077.97,124856.04,no,yes
3565,-0.022907,0.98172490,-0.000324,293325.29,293326.34,3234.13,3270.47,no,yes
3566,1.847956,0.06462538,0.026134,293412.83,293379.86,1473.15,1005.99,no,yes
3567,-0.842346,0.39960596,-0.011913,294091.37,294116.47,1628.80,2496.07,no,yes
3568,-0.216541,0.82856857,-0.003062,293390.27,293397.77,2299.06,2589.91,no,yes
3569,0.773339,0.43933093,0.010937,293667.57,293628.25,3701.87,3485.98,no,yes
3570,-1.157212,0.24720114,-0.016365,293426.30,293445.76,967.10,1375.33,no,yes
3571,0.223461,0.82317902,0.003160,293528.04,293525.45,830.55,808.88,no,yes
3572,2.391348,0.01679688,0.033819,293446.60,293405.31,1413.08,992.18,yes,yes
3573,0.742055,0.45806293,0.010494,293276.93,293238.08,4102.63,3252.45,no,yes
3574,0.499847,0.61718824,0.007069,293408.18,293391.70,2363.66,2298.21,no,yes
3575,1.143688,0.25276866,0.016174,293405.13,293356.23,3525.40,2419.79,no,yes
3576,-0.550564,0.58193879,-0.007786,293591.16,293601.20,1247.29,1329.86,no,yes
3577,-0.565810,0.57152953,-0.008002,293417.64,293427.57,1356.85,1113.27,no,yes
3578,0.821749,0.41122974,0.011621,293361.50,293348.87,1169.03,998.32,no,yes
3579,0.329447,0.74182120,0.004659,293364.17,293359.04,1103.15,1102.47,no,yes
3580,0.669260,0.50333808,0.009465,293551.51,293528.07,2831.42,2062.47,no,yes
3581,0.075151,0.94009548,0.001063,293409.73,293408.53,1214.74,1030.04,no,yes
3582,-0.635227,0.52528802,-0.008983,293232.26,293251.24,1867.97,2332.70,no,yes
3583,0.090110,0.92820089,0.001274,293561.02,293556.89,3132.43,3336.84,no,yes
3584,-1.616939,0.10590794,-0.022867,293724.18,293745.32,825.82,1013.08,no,yes
3585,0.507471,0.61183014,0.007177,293312.39,293288.61,3638.28,2951.65,no,yes
3586,-0.675149,0.49959002,-0.009548,293446.57,293482.30,3056.75,4321.07,no,yes
3587,-0.292571,0.76985330,-0.004138,293640.07,293659.62,3894.91,5431.07,no,yes
3588,0.088222,0.92970124,0.001248,293318.63,293313.86,3814.93,3839.13,no,yes
3589,-1.286245,0.19837279,-0.018190,293308.55,293355.22,2327.71,2782.79,no,yes
3590,-0.593981,0.55253190,-0.008400,293563.82,293571.98,920.74,1020.20,no,yes
3591,-0.092056,0.92665424,-0.001302,293389.38,293394.93,4218.81,4304.79,no,yes
3592,0.530286,0.59591971,0.007499,293616.19,293603.28,1652.48,1786.51,no,yes
3593,0.846649,0.39720107,0.011973,293517.06,293495.84,1867.78,1672.05,no,yes
3594,-0.729674,0.46559831,-0.010319,293357.86,293369.29,1066.50,1146.03,no,yes
3595,0.384455,0.70064560,0.005437,293282.26,293263.89,3196.70,3551.76,no,yes
3596,0.271016,0.78638203,0.003833,293260.83,293250.13,3160.15,2362.65,no,yes
3597,0.450659,0.65224000,0.006373,293212.97,293203.64,1483.83,1444.67,no,yes
3598,0.424644,0.67110135,0.006005,293439.98,293428.67,2213.52,1484.02,no,yes
3599,-0.049824,0.96026286,-0.000705,302350.50,302352.91,3384.30,3458.67,no,yes
3600,-1.351499,0.17655143,-0.019113,293395.06,293415.24,939.94,1160.29,no,yes
3601,-0.361453,0.71776523,-0.005112,293431.14,293456.02,4212.63,5442.57,no,yes
3602,-0.922525,0.35626681,-0.013046,293322.42,293368.79,2978.03,4049.29,no,yes
3603,1.417665,0.15630507,0.020049,293324.09,293284.82,2164.64,1728.46,no,yes
3604,0.352481,0.72448132,0.004985,293435.92,293428.87,1272.74,1542.54,no,yes
3605,-0.695781,0.48657470,-0.009840,293224.88,293243.86,1627.93,2188.94,no,yes
3606,1.697770,0.08957479,0.024010,293311.43,293261.92,2705.41,1089.07,no,yes
3607,0.063829,0.94910720,0.000903,293826.26,293820.35,6528.23,6560.38,no,yes
3608,-0.444881,0.65641038,-0.006292,293533.17,293540.07,1084.64,1109.14,no,yes
3609,0.595834,0.55129271,0.008426,293581.99,293571.54,1284.35,1192.77,no,yes
3610,-0.400108,0.68908097,-0.005658,293454.04,293471.04,2818.80,3179.20,no,yes
3611,-0.218876,0.82674921,-0.003095,293770.75,293773.64,924.11,939.58,no,yes
3612,0.340466,0.73350958,0.004815,293419.46,293414.15,1123.50,1084.63,no,yes
3613,-1.238214,0.21565995,-0.017511,305781.20,305817.61,976.14,2773.52,no,yes
3614,0.268654,0.78819885,0.003799,293552.85,293548.96,1085.77,956.27,no,yes
3615,-0.344577,0.73041606,-0.004873,293593.45,293600.02,1372.24,1323.79,no,yes
3616,-0.759914,0.44731809,-0.010747,293515.09,293535.16,1161.59,2371.99,no,yes
3617,1.182493,0.23702726,0.016723,293624.19,293582.80,3011.28,1784.36,no,yes
3618,0.389087,0.69721581,0.005503,297825.63,297793.13,6379.65,5389.89,no,yes
3619,1.464951,0.14295172,0.020718,293398.14,293323.19,4173.04,2959.99,no,yes
3620,-1.021798,0.30688935,-0.014450,293473.29,293501.42,1739.92,2133.24,no,yes
3621,-0.091678,0.92695496,-0.001297,293502.20,293505.59,2541.99,2689.93,no,yes
3622,0.282466,0.77758940,0.003995,293315.89,293311.84,1048.25,980.52,no,yes
3623,0.274086,0.78402120,0.003876,293390.09,293375.85,3877.60,3453.76,no,yes
3624,-1.275188,0.20226093,-0.018034,293440.83,293490.32,1961.26,3348.89,no,yes
3625,-0.445902,0.65567351,-0.006306,293201.29,293209.83,1079.99,1579.63,no,yes
3626,0.012616,0.98993422,0.000178,293248.60,293248.17,2363.57,2480.93,no,yes
3627,-1.567362,0.11705510,-0.022166,293186.60,293240.32,1175.16,3219.12,no,yes
3628,-0.776712,0.43734037,-0.010984,293510.78,293546.00,2205.11,3963.19,no,yes
3629,-0.013404,0.98930535,-0.000190,293565.59,293566.12,2360.13,3170.43,no,yes
3630,-0.064046,0.94893416,-0.000906,293220.03,293221.13,1166.46,1263.41,no,yes
3631,-1.482540,0.13821820,-0.020966,293632.70,293708.22,2261.24,4565.11,no,yes
3632,0.715686,0.47419392,0.010121,300097.71,300048.94,5256.48,4335.96,no,yes
3633,-1.663962,0.09613577,-0.023532,293327.64,293350.15,911.30,999.80,no,yes
3634,0.406037,0.68471984,0.005742,293617.88,293610.81,1147.22,1308.81,no,yes
3635,-0.045150,0.96398797,-0.000639,361937.19,361939.85,3720.91,4586.53,no,yes
3636,1.062671,0.28794827,0.015028,303237.49,303206.36,2608.73,1333.96,no,yes
3637,-0.304664,0.76062557,-0.004309,293442.36,293447.58,1134.59,1283.44,no,yes
3638,-0.322679,0.74694187,-0.004563,293485.34,293495.27,1918.30,2407.05,no,yes
3639,0.369790,0.71154300,0.005230,293414.39,293409.57,911.64,931.67,no,yes
3640,0.688776,0.49097229,0.009741,293459.57,293426.54,3583.38,3186.69,no,yes
3641,0.178739,0.85814429,0.002528,296261.12,296250.13,4254.87,4437.95,no,yes
3642,1.249586,0.21146583,0.017672,293343.47,293324.21,1156.00,1019.50,no,yes
3643,0.603783,0.54599632,0.008539,293356.71,293341.75,2161.66,1210.93,no,yes
3644,0.069565,0.94454098,0.000984,294895.31,294891.61,3824.70,3697.78,no,yes
3645,-0.449088,0.65337413,-0.006351,293313.06,293324.43,1373.63,2126.37,no,yes
3646,0.311018,0.75579060,0.004398,293619.47,293608.76,2252.34,2604.70,no,yes
3647,-0.988490,0.32292778,-0.013979,293635.97,293680.36,2241.61,3891.57,no,yes
3648,0.068214,0.94561629,0.000965,295569.12,295565.22,3814.11,4274.70,no,yes
3649,1.263950,0.20626751,0.017875,298512.15,298452.21,4216.20,2171.27,no,yes
3650,-0.751427,0.45240466,-0.010627,295824.12,295870.87,4283.92,4511.55,no,yes
3651,-0.070141,0.94408244,-0.000992,293613.24,293615.62,2074.97,2688.59,no,yes
3652,0.437910,0.66145619,0.006193,296626.15,296599.13,4469.78,4252.61,no,yes
3653,-0.563517,0.57308922,-0.007969,293576.32,293584.14,1000.33,961.79,no,yes
3654,0.948793,0.34273888,0.013418,293643.98,293580.81,5499.10,3753.97,no,yes
3655,-0.380258,0.70375761,-0.005378,293186.78,293191.86,920.72,970.77,no,yes
3656,-0.894674,0.37097379,-0.012653,293771.65,293816.99,2801.96,4222.70,no,yes
3657,-0.610409,0.54159801,-0.008632,390963.60,391001.64,3988.20,4789.05,no,yes
3658,0.156778,0.87542174,0.002217,293461.22,293452.46,4109.77,3782.91,no,yes
3659,0.180547,0.85672464,0.002553,293235.71,293233.15,970.60,1033.02,no,yes
3660,-0.200296,0.84125142,-0.002833,293413.07,293423.42,3387.12,3901.71,no,yes
3661,-0.030737,0.97547977,-0.000435,361941.22,361942.50,2900.49,2960.02,no,yes
3662,0.188512,0.85047719,0.002666,293484.88,293479.79,1957.04,1862.16,no,yes
3663,-0.742773,0.45762795,-0.010504,293529.84,293549.58,1833.06,1923.94,no,yes
3664,-0.527928,0.59755516,-0.007466,293327.81,293336.27,1006.64,1246.03,no,yes
3665,1.865710,0.06209679,0.026385,293600.85,293571.20,1189.68,1053.75,no,yes
3666,2.301335,0.02138630,0.032546,293809.15,293710.35,3806.27,1985.80,yes,yes
3667,-0.158048,0.87442045,-0.002235,293378.60,293384.76,2366.11,3101.69,no,yes
3668,-0.305825,0.75974111,-0.004325,293434.01,293441.96,2028.58,1623.72,no,yes
3669,0.094381,0.92480723,0.001335,293413.54,293411.21,1864.92,1607.71,no,yes
3670,0.289161,0.77246097,0.004089,293257.34,293249.32,1766.08,2136.64,no,yes
3671,0.576953,0.56397761,0.008159,293549.87,293542.58,955.27,827.56,no,yes
3672,-0.584035,0.55920443,-0.008260,293510.83,293538.07,2495.59,3940.25,no,yes
3673,1.112912,0.26576363,0.015739,293380.83,293350.33,2406.86,1310.50,no,yes
3674,0.663967,0.50671935,0.009390,293451.87,293435.54,1891.58,1572.16,no,yes
3675,1.076855,0.28155839,0.015229,293660.21,293629.44,1800.13,2219.31,no,yes
3676,-0.367153,0.71350896,-0.005192,293566.92,293576.57,1709.93,1994.56,no,yes
3677,-1.422195,0.15499266,-0.020113,293313.92,293358.52,1238.98,2881.40,no,yes
3678,0.997531,0.31851897,0.014107,293255.26,293233.66,1566.50,1494.90,no,yes
3679,0.678273,0.49760707,0.009592,293382.10,293338.98,5020.99,3900.25,no,yes
3680,0.326486,0.74406002,0.004617,293744.63,293717.57,6124.89,5584.07,no,yes
3681,0.271315,0.78615158,0.003837,295715.03,295698.71,4410.45,4088.11,no,yes
3682,-0.714683,0.47481352,-0.010107,293275.21,293296.47,2068.38,2137.70,no,yes
3683,0.568225,0.56988829,0.008036,293606.91,293590.45,2035.59,2061.28,no,yes
3684,0.528014,0.59749541,0.007467,293940.38,293917.35,2969.48,3196.64,no,yes
3685,-0.376772,0.70634712,-0.005328,293354.60,293359.95,1051.61,954.54,no,yes
3686,0.426455,0.66978069,0.006031,293651.81,293630.30,3603.44,3529.03,no,yes
3687,-0.648337,0.51677443,-0.009169,293232.91,293258.08,2795.70,2694.04,no,yes
3688,0.482049,0.62977671,0.006817,293624.45,293608.38,2469.09,2238.86,no,yes
3689,-1.568165,0.11686698,-0.022177,293305.65,293357.27,1190.16,3069.10,no,yes
3690,-0.700155,0.48383906,-0.009902,293212.45,293226.27,1231.79,1541.89,no,yes
3691,0.855821,0.39210721,0.012103,293207.41,293185.46,1919.34,1700.88,no,yes
3692,0.094720,0.92453811,0.001340,293363.76,293360.70,2817.79,1585.88,no,yes
3693,0.092885,0.92599579,0.001314,293270.10,293266.82,2415.04,2584.41,no,yes
3694,0.711872,0.47655276,0.010067,293285.04,293257.24,2981.70,2522.31,no,yes
3695,0.625941,0.53136075,0.008852,293311.92,293303.83,960.94,865.58,no,yes
3696,0.516804,0.60529854,0.007309,293494.55,293468.22,3747.42,3450.57,no,yes
3697,0.096510,0.92311642,0.001365,293440.18,293435.76,3305.78,3159.76,no,yes
3698,-0.377690,0.70566466,-0.005341,293376.80,293396.29,3669.17,3626.69,no,yes
3699,-0.153089,0.87832978,-0.002165,293457.49,293463.56,2779.06,2832.14,no,yes
3700,0.191074,0.84846969,0.002702,293416.56,293411.87,1805.48,1661.69,no,yes
3701,1.018679,0.30836772,0.014406,293352.09,293322.73,2114.30,1958.89,no,yes
3702,-0.185336,0.85296777,-0.002621,299475.08,299480.09,1912.58,1911.55,no,yes
3703,0.361950,0.71739323,0.005119,293377.84,293366.36,2304.99,2178.62,no,yes
3704,-0.011800,0.99058568,-0.000167,293482.34,293483.46,6905.80,6436.42,no,yes
3705,0.094352,0.92483040,0.001334,293452.79,293448.72,3022.49,3078.70,no,yes
3706,0.504740,0.61374718,0.007138,293231.99,293222.32,1456.32,1245.46,no,yes
3707,-1.401984,0.16093605,-0.019827,293331.41,293362.38,1432.67,1681.30,no,yes
3708,-1.047203,0.29502133,-0.014810,293470.62,293516.29,2256.30,3731.11,no,yes
3709,-0.119182,0.90513258,-0.001685,293458.03,293464.16,3763.29,3516.49,no,yes
3710,1.573786,0.11556021,0.022257,293313.42,293253.10,3518.60,1520.57,no,yes
3711,0.725799,0.46797145,0.010264,293570.44,293549.60,2378.42,1607.62,no,yes
3712,0.715106,0.47455193,0.010113,293431.56,293422.05,969.81,909.02,no,yes
3713,0.723211,0.46955859,0.010228,293746.87,293698.86,4969.78,4401.32,no,yes
3714,-0.440608,0.65950168,-0.006231,293550.75,293560.93,1621.39,1646.01,no,yes
3715,1.643891,0.10021472,0.023248,293396.88,293375.60,967.31,859.57,no,yes
3716,-0.408108,0.68319883,-0.005772,297092.00,297116.54,4057.68,4437.19,no,yes
3717,0.106742,0.91499470,0.001510,293519.02,293512.35,4691.40,4136.95,no,yes
3718,0.626518,0.53098228,0.008860,293785.65,293769.13,1950.48,1774.51,no,yes
3719,0.449301,0.65321962,0.006354,293263.97,293251.88,1841.11,1962.00,no,yes
3720,0.432058,0.66570445,0.006110,293238.23,293226.47,2180.59,1631.02,no,yes
3721,0.459179,0.64611031,0.006494,294594.05,294546.53,7412.39,7221.14,no,yes
3722,-0.945743,0.34429285,-0.013375,293317.91,293355.23,2158.57,3303.77,no,yes
3723,-0.616825,0.53735750,-0.008723,293757.32,293787.05,3406.16,3408.59,no,yes
3724,-0.358730,0.71980073,-0.005073,293395.72,293406.19,1964.15,2159.38,no,yes
3725,0.264304,0.79154862,0.003738,293400.16,293396.09,1126.01,1053.79,no,yes
3726,-0.436022,0.66282586,-0.006166,293221.20,293233.21,2025.65,1865.42,no,yes
3727,0.100259,0.92013933,0.001418,293447.42,293445.48,1419.20,1319.11,no,yes
3728,-0.051482,0.95894200,-0.000728,293997.49,293999.32,2299.16,2694.39,no,yes
3729,-0.299898,0.76425805,-0.004241,293203.77,293211.40,1473.06,2072.53,no,yes
3730,-0.048784,0.96109158,-0.000690,294251.60,294253.30,2545.89,2370.72,no,yes
3731,-0.005938,0.99526229,-0.000084,293579.03,293579.23,2548.36,2321.61,no,yes
3732,1.101361,0.27075317,0.015576,293571.37,293555.18,1105.85,968.54,no,yes
3733,0.623957,0.53266277,0.008824,293405.33,293391.62,1542.71,1563.51,no,yes
3734,0.377380,0.70589555,0.005337,293379.44,293373.50,1111.39,1115.50,no,yes
3735,1.082009,0.27926480,0.015302,293466.74,293441.59,2020.15,1151.00,no,yes
3736,0.193064,0.84691094,0.002730,293528.87,293525.56,1021.65,1376.87,no,yes
3737,-0.106980,0.91480573,-0.001513,293506.83,293512.53,3131.00,4307.48,no,yes
3738,0.997766,0.31840528,0.014111,293206.71,293180.86,1724.42,1933.95,no,yes
3739,0.359534,0.71919952,0.005085,293339.93,293327.55,2591.29,2268.45,no,yes
3740,0.635779,0.52492783,0.008991,293343.76,293333.03,1231.82,1155.15,no,yes
3741,-1.187299,0.23512767,-0.016791,293411.10,293456.02,1852.64,3298.80,no,yes
3742,-0.792246,0.42822907,-0.011204,293454.13,293477.60,1513.02,2546.63,no,yes
3743,0.446738,0.65506904,0.006318,293482.78,293458.46,4240.66,3415.38,no,yes
3744,-0.217258,0.82800918,-0.003072,294469.31,294480.53,3583.56,3720.16,no,yes
3745,1.147210,0.25131406,0.016224,293364.82,293339.70,1985.09,923.42,no,yes
3746,0.106452,0.91522512,0.001505,293661.49,293652.14,6372.88,6052.33,no,yes
3747,-0.655893,0.51190030,-0.009276,293380.91,293398.21,1814.76,1912.54,no,yes
3748,-1.038407,0.29909777,-0.014685,293367.04,293395.64,1231.34,2463.10,no,yes
3749,-0.055258,0.95593327,-0.000781,295487.79,295490.78,3740.16,3896.16,no,yes
3750,0.604916,0.54524173,0.008555,293480.08,293470.32,1147.83,1133.62,no,yes
3751,-0.654074,0.51307197,-0.009250,295421.49,295477.93,5751.79,6430.96,no,yes
3752,0.419245,0.67504177,0.005929,295851.11,295828.98,3767.13,3699.27,no,yes
3753,0.506446,0.61254967,0.007162,293590.90,293562.97,4294.66,3459.78,no,yes
3754,1.070683,0.28432818,0.015142,293691.32,293639.48,4215.99,2380.50,no,yes
3755,0.053670,0.95719857,0.000759,298034.55,298031.42,4149.05,4111.64,no,yes
3756,0.284825,0.77578140,0.004028,293292.33,293288.82,839.08,903.31,no,yes
3757,1.353252,0.17599153,0.019138,293506.62,293462.11,2623.02,1985.61,no,yes
3758,-0.295299,0.76776873,-0.004176,293337.41,293347.08,2487.28,2130.54,no,yes
3759,0.100127,0.92024466,0.001416,293571.24,293565.34,4317.20,4002.96,no,yes
3760,-0.097294,0.92249404,-0.001376,293530.49,293533.16,1771.38,2093.71,no,yes
3761,-1.593379,0.11109356,-0.022534,293400.89,293437.59,1255.47,1931.15,no,yes
3762,-0.158324,0.87420297,-0.002239,293304.82,293313.67,4022.71,3881.82,no,yes
3763,-1.357925,0.17450480,-0.019204,298495.68,298526.15,1273.35,1847.84,no,yes
3764,0.063929,0.94902713,0.000904,293461.71,293459.62,2349.00,2266.13,no,yes
3765,-0.526596,0.59847989,-0.007447,293320.35,293330.60,1311.74,1437.79,no,yes
3766,0.152042,0.87915507,0.002150,293596.27,293592.24,2077.31,1643.88,no,yes
3767,1.967040,0.04919529,0.027818,293643.80,293591.34,2279.75,1384.35,yes,yes
3768,0.066724,0.94680221,0.000944,390889.27,390886.35,3302.97,2878.17,no,yes
3769,0.086820,0.93081552,0.001228,293194.96,293193.12,1877.95,995.60,no,yes
3770,-0.551028,0.58162316,-0.007793,293544.63,293559.89,1127.17,2530.76,no,yes
3771,-0.389630,0.69681458,-0.005510,293417.67,293435.12,2947.55,3371.76,no,yes
3772,0.105864,0.91569156,0.001497,293288.86,293283.58,3230.95,3794.46,no,yes
3773,0.184485,0.85363507,0.002609,293558.12,293555.87,936.10,782.37,no,yes
3774,-0.105237,0.91618923,-0.001488,293445.69,293451.81,3501.69,4644.59,no,yes
3775,0.126364,0.89944517,0.001787,293209.42,293206.48,1764.40,1521.32,no,yes
3776,0.502044,0.61564228,0.007100,293455.78,293438.98,2477.83,2250.65,no,yes
3777,0.856614,0.39166854,0.012114,293266.02,293252.13,1132.05,1161.80,no,yes
3778,-0.008962,0.99284965,-0.000127,307265.69,307266.22,4007.65,4269.73,no,yes
3779,0.338298,0.73514244,0.004784,293518.39,293504.27,3496.78,2283.33,no,yes
3780,-0.277996,0.78101800,-0.003931,293566.92,293573.01,1516.43,1577.04,no,yes
3781,0.938965,0.34776108,0.013279,294170.63,294132.01,3326.90,2419.47,no,yes
3782,2.106644,0.03516191,0.029792,293372.51,293335.45,1409.97,1051.81,yes,yes
3783,1.191634,0.23341912,0.016852,293352.77,293333.16,1208.32,1116.58,no,yes
3784,-0.487017,0.62625146,-0.006887,293262.44,293277.29,2221.06,2088.32,no,yes
3785,-0.295132,0.76789590,-0.004174,293401.52,293407.07,1258.66,1393.62,no,yes
3786,1.852251,0.06400766,0.026195,307169.04,307120.01,2260.44,1377.06,no,yes
3787,-0.329798,0.74155617,-0.004664,293613.67,293621.75,1814.07,1645.19,no,yes
3788,0.035827,0.97142064,0.000507,293643.35,293640.23,6039.05,6289.50,no,yes
3789,0.271000,0.78639376,0.003833,293553.58,293538.97,3827.76,3800.81,no,yes
3790,0.167474,0.86699897,0.002368,293361.23,293355.83,2572.08,1947.86,no,yes
3791,0.404348,0.68596171,0.005718,294786.25,294776.56,1974.07,1359.86,no,yes
3792,0.189621,0.84960774,0.002682,293220.96,293215.44,2153.87,1962.81,no,yes
3793,0.279160,0.78012510,0.003948,299104.58,299085.48,5019.37,4646.18,no,yes
3794,1.477797,0.13947814,0.020899,293366.24,293348.18,907.78,818.46,no,yes
3795,0.443005,0.65776762,0.006265,293576.38,293555.43,3942.53,2611.85,no,yes
3796,0.351975,0.72486098,0.004978,293389.67,293375.11,3229.53,2588.29,no,yes
3797,1.908192,0.05639250,0.026986,293575.28,293491.67,4278.49,944.97,no,yes
3798,0.055950,0.95538253,0.000791,293365.45,293364.67,996.87,984.27,no,yes
3799,1.008656,0.31315490,0.014265,293195.89,293174.73,1811.75,1058.08,no,yes
3800,-1.625699,0.10403042,-0.022991,293876.45,293908.13,1185.36,1546.70,no,yes
3801,-0.569226,0.56920922,-0.008050,293521.23,293534.68,1603.63,1735.16,no,yes
3802,-0.511648,0.60890314,-0.007236,293234.94,293247.37,1622.71,1807.41,no,yes
3803,0.185447,0.85288055,0.002623,294813.73,294805.54,3128.61,3115.22,no,yes
3804,1.217958,0.22325996,0.017225,293415.79,293389.11,1971.01,956.99,no,yes
3805,0.025448,0.97969804,0.000360,293641.50,293640.62,2239.07,2636.31,no,yes
3806,0.414923,0.67820349,0.005868,293521.12,293503.21,3619.01,2353.24,no,yes
3807,-0.182332,0.85532422,-0.002579,294645.96,294655.13,3349.82,3755.81,no,yes
3808,0.145453,0.88435506,0.002057,293422.36,293419.84,1247.50,1199.16,no,yes
3809,-1.226038,0.22019909,-0.017339,293449.22,293466.43,923.17,1058.03,no,yes
3810,-0.209256,0.83425075,-0.002959,295681.45,295696.63,5137.92,5118.93,no,yes
3811,0.443595,0.65734057,0.006273,293474.77,293463.81,1704.83,1788.11,no,yes
3812,-0.227244,0.82023631,-0.003214,293415.02,293425.47,3374.28,3124.54,no,yes
3813,0.143270,0.88607869,0.002026,293287.45,293283.96,1744.53,1699.26,no,yes
3814,0.036531,0.97085900,0.000517,294575.00,294573.22,3292.93,3573.91,no,yes
3815,1.027149,0.30436277,0.014526,293255.01,293228.26,1909.87,1770.42,no,yes
3816,-0.105309,0.91613172,-0.001489,293471.88,293475.12,1943.66,2383.74,no,yes
3817,-0.059910,0.95222817,-0.000847,298196.27,298207.96,13814.59,13789.97,no,yes
3818,0.514419,0.60696511,0.007275,297980.01,297943.78,5384.17,4540.69,no,yes
3819,0.149051,0.88151511,0.002108,298015.40,298004.19,5087.82,5534.62,no,yes
3820,1.524084,0.12750740,0.021554,293386.28,293351.99,1940.91,1138.27,no,yes
3821,0.321163,0.74809048,0.004542,293603.24,293589.78,3013.09,2912.89,no,yes
3822,-1.612019,0.10697659,-0.022797,293439.28,293480.40,1360.12,2157.74,no,yes
3823,0.205427,0.83724030,0.002905,297866.78,297855.10,4026.04,4014.55,no,yes
3824,-0.037160,0.97035798,-0.000526,296753.92,296755.96,3895.46,3881.61,no,yes
3825,-1.443602,0.14886752,-0.020416,293326.08,293349.59,1001.47,1285.10,no,yes
3826,-0.226549,0.82077710,-0.003204,293594.40,293616.81,6784.22,7194.55,no,yes
3827,-2.375663,0.01753491,-0.033597,293505.72,293632.46,996.79,5241.19,yes,yes
3828,0.158100,0.87437970,0.002236,293347.57,293343.65,1944.26,1541.32,no,yes
3829,0.615672,0.53811782,0.008707,293407.64,293397.90,1169.71,1063.75,no,yes
3830,0.935038,0.34978054,0.013223,295200.29,295136.14,5439.84,4179.88,no,yes
3831,-0.509256,0.61057822,-0.007202,293442.64,293450.27,1076.77,1042.14,no,yes
3832,-0.313260,0.75408614,-0.004430,294000.62,294011.48,2465.63,2437.49,no,yes
3833,0.114014,0.90922768,0.001612,293403.22,293397.98,3301.13,3196.27,no,yes
3834,0.144104,0.88541972,0.002038,293360.40,293355.98,2259.14,2074.13,no,yes
3835,-0.691472,0.48927727,-0.009779,293507.27,293517.73,982.03,1150.90,no,yes
3836,0.004933,0.99606441,0.000070,293613.97,293613.68,3948.29,4537.85,no,yes
3837,-0.046054,0.96326789,-0.000651,293438.71,293440.82,3422.21,3057.01,no,yes
3838,-0.486469,0.62664010,-0.006880,293666.46,293679.41,1733.88,2020.52,no,yes
3839,-1.075106,0.28234357,-0.015204,293365.90,293412.34,2112.27,3768.26,no,yes
3840,0.920835,0.35714772,0.013023,293351.02,293315.42,2862.24,2599.87,no,yes
3841,-1.135625,0.25613514,-0.016060,293259.61,293302.22,1272.74,3529.65,no,yes
3842,0.487752,0.62573079,0.006898,293385.41,293377.23,1199.32,1171.78,no,yes
3843,0.649462,0.51604719,0.009185,293957.51,293891.08,7438.97,7022.26,no,yes
3844,0.214292,0.83032135,0.003031,293314.65,293309.55,1822.18,1533.38,no,yes
3845,0.501487,0.61603411,0.007092,293546.54,293539.63,1065.04,874.97,no,yes
3846,-0.124119,0.90122216,-0.001755,293243.80,293246.75,1921.60,1389.92,no,yes
3847,0.279577,0.77980479,0.003954,295113.51,295098.60,3881.97,3656.22,no,yes
3848,-0.420292,0.67427717,-0.005944,293581.75,293601.45,2580.47,3914.11,no,yes
3849,-0.371929,0.70995000,-0.005260,293288.48,293305.99,2705.28,3852.12,no,yes
3850,-0.201055,0.84065793,-0.002843,293648.62,293661.29,4446.57,4463.78,no,yes
3851,0.021839,0.98257666,0.000309,293229.12,293228.62,1644.99,1591.75,no,yes
3852,0.146958,0.88316690,0.002078,294394.72,294384.33,5019.16,4983.98,no,yes
3853,-0.486940,0.62630763,-0.006886,293433.99,293451.35,1808.48,3074.05,no,yes
3854,1.946698,0.05158977,0.027530,293561.51,293508.20,2438.94,1244.60,no,yes
3855,0.118748,0.90547622,0.001679,293278.46,293273.01,3310.89,3179.83,no,yes
3856,-1.122386,0.26171459,-0.015873,293643.09,293712.16,3182.03,5268.27,no,yes
3857,0.137708,0.89047235,0.001947,293600.82,293597.33,1738.35,1841.99,no,yes
3858,-0.318458,0.75014112,-0.004504,293241.62,293252.14,2113.94,2536.15,no,yes
3859,1.068833,0.28516016,0.015116,293433.86,293414.26,1543.87,989.20,no,yes
3860,-0.335150,0.73751544,-0.004740,293496.24,293527.04,6182.35,6800.05,no,yes
3861,-1.028964,0.30350931,-0.014552,293171.27,293185.65,922.80,1049.36,no,yes
3862,1.302607,0.19272871,0.018422,293368.53,293343.83,1679.34,880.08,no,yes
3863,1.719185,0.08559756,0.024313,293406.06,293383.98,1038.78,755.56,no,yes
3864,0.037003,0.97048327,0.000523,293208.12,293207.38,1163.12,1614.19,no,yes
3865,0.109888,0.91249947,0.001554,293532.83,293531.33,959.26,978.04,no,yes
3866,0.144719,0.88493439,0.002047,293384.35,293382.02,1199.07,1071.73,no,yes
3867,0.387094,0.69869086,0.005474,293468.45,293461.63,1333.05,1152.70,no,yes
3868,0.310812,0.75594747,0.004396,293170.27,293164.68,1498.77,990.37,no,yes
3869,-0.592966,0.55321069,-0.008386,293924.92,293943.06,2026.83,2291.41,no,yes
3870,2.113795,0.03454994,0.029894,293303.76,293247.15,2413.73,1159.27,yes,yes
3871,-0.138512,0.88983710,-0.001959,295555.33,295566.19,5417.79,5669.79,no,yes
3872,0.391382,0.69551892,0.005535,295012.93,294994.22,3425.45,3336.44,no,yes
3873,-1.376252,0.16875931,-0.019463,293309.17,293344.75,1694.04,1952.98,no,yes
3874,0.565015,0.57206994,0.007991,293459.50,293452.48,909.85,846.83,no,yes
3875,1.811318,0.07010978,0.025616,293699.84,293597.44,4817.38,2958.62,no,yes
3876,0.803934,0.42144643,0.011369,293376.82,293355.08,2262.25,1479.74,no,yes
3877,-0.177154,0.85938888,-0.002505,294171.25,294186.93,6131.39,6383.41,no,yes
3878,0.427246,0.66920454,0.006042,301224.50,301210.17,2299.50,2443.97,no,yes
3879,-1.112220,0.26605735,-0.015729,293217.49,293251.47,1925.87,2371.66,no,yes
3880,-0.065470,0.94780077,-0.000926,293575.09,293577.03,2164.48,2042.73,no,yes
3881,0.107625,0.91429464,0.001522,295121.52,295115.40,4079.11,3964.41,no,yes
3882,-0.557418,0.57724876,-0.007883,293285.36,293298.22,1290.34,1912.91,no,yes
3883,-0.927481,0.35369121,-0.013117,293316.91,293358.17,2146.51,3897.25,no,yes
3884,-0.411260,0.68088671,-0.005816,293411.71,293421.16,1271.94,1913.81,no,yes
3885,-1.247000,0.21241292,-0.017635,308667.51,308685.65,889.19,1151.51,no,yes
3886,-0.487053,0.62622605,-0.006888,293266.33,293299.56,4419.75,5199.33,no,yes
3887,-0.893958,0.37135757,-0.012642,293599.21,293626.23,1571.40,2581.85,no,yes
3888,-0.035293,0.97184619,-0.000499,293499.20,293501.03,3653.58,3686.02,no,yes
3889,0.977063,0.32855016,0.013818,293412.38,293395.57,1301.17,1125.13,no,yes
3890,-0.478173,0.63253230,-0.006762,293551.28,293578.24,3728.77,4229.70,no,yes
3891,-0.661495,0.50830294,-0.009355,293244.14,293268.74,2285.27,2934.89,no,yes
3892,1.544885,0.12239368,0.021848,294046.03,294020.02,1453.97,848.66,no,yes
3893,-1.176859,0.23926801,-0.016643,293319.40,293377.01,2694.87,4086.29,no,yes
3894,-0.423798,0.67171772,-0.005993,293393.06,293404.67,1704.83,2143.59,no,yes
3895,0.957857,0.33814685,0.013546,293313.24,293290.57,1826.04,1506.03,no,yes
3896,-0.406052,0.68470855,-0.005742,293423.63,293430.37,1152.47,1194.24,no,yes
3897,1.499683,0.13371442,0.021209,293281.36,293253.14,1553.26,1062.09,no,yes
3898,-1.019165,0.30813734,-0.014413,293309.47,293354.73,2846.99,3408.57,no,yes
3899,0.181702,0.85581865,0.002570,293179.42,293177.05,824.89,1008.88,no,yes
3900,0.128503,0.89775197,0.001817,297589.93,297582.56,4037.15,4073.44,no,yes
3901,-0.014510,0.98842320,-0.000205,293262.85,293263.45,2764.11,3057.83,no,yes
3902,-1.669578,0.09501964,-0.023611,293181.92,293208.43,969.03,1257.86,no,yes
3903,-0.363832,0.71598711,-0.005145,297580.33,297606.91,4805.76,5504.36,no,yes
3904,-1.324920,0.18521278,-0.018737,293160.26,293178.34,981.33,948.02,no,yes
3905,0.739125,0.45984032,0.010453,297113.28,297054.44,6137.97,5070.41,no,yes
3906,-0.203486,0.83875769,-0.002878,293578.88,293584.04,1632.17,1939.04,no,yes
3907,-0.168409,0.86626288,-0.002382,293527.64,293533.52,2395.29,2540.13,no,yes
3908,0.951683,0.34127245,0.013459,293236.08,293202.96,3044.27,1686.80,no,yes
3909,0.002001,0.99840336,0.000028,293160.81,293160.78,1322.39,1137.05,no,yes
3910,-0.442049,0.65845840,-0.006252,294258.78,294274.21,2391.05,2542.11,no,yes
3911,-0.334094,0.73831228,-0.004725,297290.00,297318.66,5525.01,6562.96,no,yes
3912,0.170692,0.86446782,0.002414,293322.09,293319.79,1033.77,861.90,no,yes
3913,0.711820,0.47658496,0.010067,293392.07,293382.38,1035.29,884.96,no,yes
3914,0.425817,0.67024603,0.006022,293431.00,293420.27,2021.79,1505.67,no,yes
3915,-0.894174,0.37123954,-0.012646,293224.43,293244.08,1563.82,1545.10,no,yes
3916,1.649876,0.09898822,0.023333,293508.59,293467.66,2161.33,1216.78,no,yes
3917,-0.765910,0.44373946,-0.010832,293356.70,293390.56,2785.69,3431.90,no,yes
3918,1.162192,0.24517357,0.016436,293239.64,293205.04,2480.03,1647.03,no,yes
3919,0.687132,0.49200779,0.009718,293231.16,293213.71,1941.72,1635.52,no,yes
3920,0.252991,0.80027811,0.003578,293500.99,293488.95,3164.61,3555.60,no,yes
3921,0.871284,0.38360969,0.012322,293250.46,293229.36,1857.17,1553.29,no,yes
3922,0.223798,0.82291654,0.003165,293311.59,293308.76,960.78,821.19,no,yes
3923,-0.668950,0.50353846,-0.009460,293241.13,293260.12,1219.04,2562.76,no,yes
3924,-1.069048,0.28506101,-0.015119,293348.90,293369.60,1379.95,1359.05,no,yes
3925,0.341312,0.73287262,0.004827,293422.95,293406.25,3714.93,3182.49,no,yes
3926,0.390312,0.69631022,0.005520,293321.71,293301.98,3892.86,3220.85,no,yes
3927,-0.471793,0.63707975,-0.006672,293266.69,293290.10,3065.75,3900.03,no,yes
3928,1.938266,0.05261204,0.027411,293365.39,293320.56,2143.36,869.31,no,yes
3929,2.610280,0.00905586,0.036915,293450.46,293364.00,2949.06,1508.24,yes,yes
3930,-0.742883,0.45756470,-0.010506,293711.71,293729.13,1004.37,2118.58,no,yes
3931,0.279950,0.77951866,0.003959,293356.17,293342.18,3376.36,3685.33,no,yes
3932,0.123287,0.90188107,0.001744,293377.66,293373.60,2327.23,2333.06,no,yes
3933,-0.094819,0.92445936,-0.001341,293448.33,293450.68,1881.14,1606.81,no,yes
3934,-0.156865,0.87535269,-0.002218,293499.13,293503.57,2085.60,1913.57,no,yes
3935,1.580782,0.11394514,0.022356,293330.48,293293.56,1890.97,1371.06,no,yes
3936,0.219744,0.82607251,0.003108,293218.61,293214.19,1437.77,1405.80,no,yes
3937,-1.561577,0.11840518,-0.022084,293437.14,293513.70,2850.64,3988.59,no,yes
3938,0.562353,0.57388184,0.007953,293630.96,293614.47,2062.60,2083.28,no,yes
3939,-0.343798,0.73100189,-0.004862,293570.86,293583.85,2409.93,2910.50,no,yes
3940,-0.054846,0.95626185,-0.000776,293706.61,293711.35,6173.68,6053.36,no,yes
3941,0.594059,0.55247927,0.008401,293433.94,293393.82,5133.86,4386.33,no,yes
3942,0.003213,0.99743607,0.000045,293435.17,293435.01,3402.06,3741.37,no,yes
3943,0.672496,0.50127657,0.009511,293564.84,293549.78,1846.07,1268.73,no,yes
3944,-0.829545,0.40680744,-0.011732,293300.02,293330.74,2084.98,3060.96,no,yes
3945,-1.186994,0.23524837,-0.016787,293314.46,293335.21,831.20,1538.38,no,yes
3946,0.495957,0.61993017,0.007014,293293.96,293287.52,1004.09,823.86,no,yes
3947,0.445510,0.65595700,0.006300,293647.15,293622.40,4583.85,3140.05,no,yes
3948,-0.399869,0.68925733,-0.005655,293317.01,293323.06,1055.69,1085.39,no,yes
3949,-1.571845,0.11600541,-0.022229,293452.60,293524.51,2434.83,3873.44,no,yes
3950,0.509084,0.61069964,0.007200,293502.68,293486.36,2609.71,1860.01,no,yes
3951,1.343863,0.17901143,0.019005,293446.83,293380.67,4239.93,2501.96,no,yes
3952,1.169557,0.24219399,0.016540,293549.29,293532.01,1159.40,916.59,no,yes
3953,0.716586,0.47363855,0.010134,293482.66,293458.35,2621.01,2153.20,no,yes
3954,0.526610,0.59847083,0.007447,293614.24,293606.11,1237.28,922.04,no,yes
3955,1.044616,0.29621312,0.014773,293321.45,293293.10,2029.16,1802.77,no,yes
3956,1.354723,0.17552924,0.019159,293224.47,293187.28,2551.08,1014.79,no,yes
3957,-0.272505,0.78523673,-0.003854,293458.77,293471.90,3148.70,3646.90,no,yes
3958,0.354585,0.72290424,0.005015,302191.72,302186.42,1062.98,1052.34,no,yes
3959,-0.354034,0.72331720,-0.005007,293603.10,293614.51,2035.92,2498.58,no,yes
3960,-0.010153,0.99189900,-0.000144,293228.03,293228.19,1120.97,1134.01,no,yes
3961,1.585462,0.11288368,0.022422,293573.73,293531.44,2416.88,1127.88,no,yes
3962,-0.948202,0.34303857,-0.013410,293562.90,293640.86,5088.83,6457.39,no,yes
3963,0.031437,0.97492156,0.000445,293250.58,293249.86,1763.14,1464.79,no,yes
3964,0.268284,0.78848378,0.003794,293396.29,293384.79,3437.52,2566.01,no,yes
3965,-0.386492,0.69913673,-0.005466,293518.51,293538.92,3497.76,3958.48,no,yes
3966,-0.046853,0.96263098,-0.000663,361964.66,361967.55,4413.56,4315.14,no,yes
3967,0.166643,0.86765262,0.002357,293563.23,293560.73,1068.07,1049.14,no,yes
3968,0.338797,0.73476654,0.004791,293632.07,293621.58,2293.44,2079.55,no,yes
3969,0.055742,0.95554829,0.000788,293461.61,293460.69,1190.51,1150.63,no,yes
3970,0.327729,0.74312012,0.004635,293379.85,293373.57,1300.39,1406.52,no,yes
3971,-0.285851,0.77499492,-0.004043,293322.22,293336.30,3285.15,3671.93,no,yes
3972,1.088258,0.27649446,0.015390,293467.88,293451.21,1132.28,1031.89,no,yes
3973,-1.133530,0.25700521,-0.016031,293436.30,293455.97,1234.94,1218.36,no,yes
3974,0.714391,0.47499404,0.010103,293406.74,293387.69,1868.08,1902.40,no,yes
3975,-0.431201,0.66632680,-0.006098,293558.74,293581.05,3400.14,3898.55,no,yes
3976,-0.034163,0.97274777,-0.000483,293329.60,293330.47,1934.83,1675.58,no,yes
3977,-0.317887,0.75057482,-0.004496,293436.27,293442.67,1109.29,1681.23,no,yes
3978,-0.237928,0.81193933,-0.003365,293456.33,293477.57,6237.75,6390.10,no,yes
3979,-0.320290,0.74875194,-0.004530,293507.74,293523.98,3022.71,4067.20,no,yes
3980,-0.067675,0.94604534,-0.000957,293623.83,293626.64,2714.09,3146.69,no,yes
3981,0.574854,0.56539685,0.008130,293881.25,293860.51,2655.27,2442.91,no,yes
3982,-0.272967,0.78488145,-0.003860,293179.68,293183.40,957.19,970.37,no,yes
3983,-0.577498,0.56361032,-0.008167,293331.05,293361.07,2857.61,4342.91,no,yes
3984,0.118614,0.90558206,0.001677,293239.89,293236.06,2305.10,2255.57,no,yes
3985,-0.344911,0.73016513,-0.004878,294630.66,294645.87,2707.21,3479.28,no,yes
3986,-0.528200,0.59736660,-0.007470,293268.16,293276.31,1019.62,1157.42,no,yes
3987,0.190855,0.84864098,0.002699,293231.93,293229.60,950.97,764.38,no,yes
3988,0.283129,0.77708147,0.004004,293569.61,293562.06,2142.19,1590.08,no,yes
3989,0.875443,0.38134583,0.012381,293566.70,293537.75,2833.98,1703.18,no,yes
3990,-0.040402,0.96777307,-0.000571,293226.74,293227.59,1525.32,1441.81,no,yes
3991,0.474638,0.63505042,0.006712,293233.83,293225.81,1338.31,1030.18,no,yes
3992,0.507313,0.61194156,0.007174,293260.25,293237.88,3554.66,2611.81,no,yes
3993,-0.375175,0.70753429,-0.005306,293242.74,293254.72,2384.46,2123.61,no,yes
3994,-0.524752,0.59976153,-0.007421,293401.44,293408.43,903.92,980.08,no,yes
3995,0.086830,0.93080779,0.001228,293724.41,293719.30,3936.15,4378.76,no,yes
3996,-0.506943,0.61220077,-0.007169,293431.66,293459.25,3297.55,4329.51,no,yes
3997,0.285871,0.77498024,0.004043,293583.69,293568.35,3919.14,3665.63,no,yes
3998,1.105144,0.26911113,0.015629,293229.88,293212.45,1218.89,1001.04,no,yes
3999,0.401744,0.68787731,0.005682,293581.94,293561.58,3982.77,3133.25,no,yes
4000,0.543024,0.58711942,0.007680,302290.95,302263.18,3994.96,3192.74,no,yes
4001,1.439066,0.15015480,0.020351,293283.53,293228.78,3490.60,1513.57,no,yes
4002,0.849097,0.39583728,0.012008,293595.25,293558.59,3148.72,2954.62,no,yes
4003,0.887755,0.37468421,0.012555,293345.98,293295.59,4578.69,3353.58,no,yes
4004,-0.579994,0.56192537,-0.008202,293283.07,293291.05,1014.56,930.89,no,yes
4005,-1.702534,0.08867785,-0.024077,294115.05,294202.18,2069.63,4680.82,no,yes
4006,-0.250948,0.80185725,-0.003549,293519.49,293532.09,3460.90,3633.49,no,yes
4007,0.205058,0.83752926,0.002900,293521.65,293516.55,2005.74,1468.55,no,yes
4008,0.089751,0.92848597,0.001269,293429.59,293428.47,871.23,907.07,no,yes
4009,-0.182278,0.85536667,-0.002578,293390.35,293393.70,1577.08,950.28,no,yes
4010,0.018013,0.98562878,0.000255,293461.83,293461.19,2147.16,2825.95,no,yes
4011,1.142617,0.25321568,0.016159,293525.69,293484.93,3147.40,1680.03,no,yes
4012,0.190006,0.84930603,0.002687,299691.46,299683.16,3060.03,3112.43,no,yes
4013,0.444134,0.65695066,0.006281,294626.50,294620.45,1047.03,872.13,no,yes
4014,0.299247,0.76475465,0.004232,293449.46,293441.04,2172.86,1785.93,no,yes
4015,0.483988,0.62839964,0.006845,293463.65,293446.28,2801.14,2241.92,no,yes
4016,0.595249,0.55168413,0.008418,293317.40,293285.14,4113.97,3526.50,no,yes
4017,-1.374851,0.16919363,-0.019443,293558.02,293582.52,1125.11,1382.12,no,yes
4018,-0.242435,0.80844525,-0.003429,293380.01,293386.67,2006.54,1875.15,no,yes
4019,0.687685,0.49165998,0.009725,293418.80,293387.69,3693.43,2611.32,no,yes
4020,-0.001407,0.99887728,-0.000020,293768.17,293768.30,5972.75,6274.86,no,yes
4021,0.188201,0.85072132,0.002662,293648.69,293638.75,4305.25,3064.00,no,yes
4022,-0.068590,0.94531668,-0.000970,293402.15,293405.62,3640.02,3519.10,no,yes
4023,0.521949,0.60171180,0.007381,293253.30,293239.87,1893.75,1741.97,no,yes
4024,0.104118,0.91707682,0.001472,293331.04,293329.62,931.20,989.87,no,yes
4025,-1.145132,0.25216898,-0.016195,293213.90,293268.66,2914.57,3790.94,no,yes
4026,-0.328344,0.74265540,-0.004643,293194.04,293206.16,2459.75,2754.51,no,yes
4027,0.454468,0.64949700,0.006427,293563.91,293557.85,975.99,911.20,no,yes
4028,2.097153,0.03599727,0.029658,293532.00,293454.39,3320.90,1633.56,yes,yes
4029,0.561633,0.57437240,0.007943,293683.05,293661.17,2926.51,2572.21,no,yes
4030,1.023560,0.30605755,0.014475,293415.86,293388.50,2236.67,1464.92,no,yes
4031,-0.201322,0.84044868,-0.002847,293670.70,293677.15,2370.67,2156.56,no,yes
4032,0.177718,0.85894609,0.002513,293335.16,293328.18,2737.89,2813.63,no,yes
4033,-0.221028,0.82507329,-0.003126,298510.84,298515.33,1366.91,1503.17,no,yes
4034,0.810679,0.41755966,0.011465,293482.14,293462.01,1841.45,1664.39,no,yes
4035,-0.096781,0.92290140,-0.001369,293462.16,293464.35,1684.99,1495.80,no,yes
4036,-1.973277,0.04848935,-0.027906,293172.96,293265.30,936.65,4584.62,yes,yes
4037,0.366425,0.71405176,0.005182,293283.32,293269.76,2560.49,2669.22,no,yes
4038,1.462284,0.14368257,0.020680,293677.65,293606.67,4167.73,2489.53,no,yes
4039,0.353633,0.72361788,0.005001,293503.52,293493.00,2413.55,1736.23,no,yes
4040,-0.261611,0.79362397,-0.003700,293369.14,293382.07,3169.63,3791.82,no,yes
4041,-0.853920,0.39316129,-0.012076,293430.60,293445.00,934.64,1403.18,no,yes
4042,0.252474,0.80067754,0.003571,293546.55,293531.29,4886.30,3557.23,no,yes
4043,0.032658,0.97394730,0.000462,293426.16,293425.40,1486.46,1790.90,no,yes
4044,0.161526,0.87168062,0.002284,293323.13,293314.28,3975.29,3766.41,no,yes
4045,0.030147,0.97594998,0.000426,293490.11,293488.48,3716.57,3933.77,no,yes
4046,1.060260,0.28904207,0.014994,293370.15,293319.13,4143.77,2445.45,no,yes
4047,-0.142312,0.88683514,-0.002013,293331.23,293333.63,1146.51,1236.47,no,yes
4048,1.400515,0.16137499,0.019806,293523.60,293504.01,1050.80,923.10,no,yes
4049,0.301453,0.76307207,0.004263,293483.72,293475.64,1947.29,1840.96,no,yes
4050,-0.514047,0.60722535,-0.007270,293468.48,293492.47,2896.99,3658.53,no,yes
4051,1.104836,0.26924554,0.015625,293428.79,293369.51,4406.77,3060.41,no,yes
4052,0.396942,0.69141462,0.005614,293744.87,293730.17,2584.40,2653.35,no,yes
4053,0.157035,0.87521857,0.002221,293470.94,293465.55,2474.51,2380.46,no,yes
4054,-0.328097,0.74284144,-0.004640,295412.91,295486.67,15771.03,16020.46,no,yes
4055,-0.553598,0.57986016,-0.007829,299571.59,299637.03,8180.12,8533.40,no,yes
4056,0.104693,0.91662009,0.001481,297425.63,297420.14,3731.39,3680.76,no,yes
4057,-1.291446,0.19656416,-0.018264,293203.61,293223.90,1034.25,1182.17,no,yes
4058,-0.187229,0.85148271,-0.002648,293705.93,293722.27,6087.90,6253.28,no,yes
4059,-0.102083,0.91869212,-0.001444,293459.62,293465.32,3569.94,4298.24,no,yes
4060,1.160376,0.24590991,0.016410,293236.40,293218.51,1137.63,1041.40,no,yes
4061,0.068078,0.94572424,0.000963,293347.82,293346.23,1968.69,1247.57,no,yes
4062,-1.193049,0.23286676,-0.016872,293456.38,293477.17,939.51,1467.90,no,yes
4063,0.226713,0.82064936,0.003206,293590.33,293575.76,4508.80,4576.40,no,yes
4064,-0.214084,0.83048408,-0.003028,293620.17,293629.86,3029.92,3362.04,no,yes
4065,-1.329691,0.18363750,-0.018805,293450.57,293516.24,2724.78,4119.57,no,yes
4066,0.668487,0.50383077,0.009454,293312.33,293303.85,980.81,804.29,no,yes
4067,1.855494,0.06354131,0.026241,293385.86,293355.37,1295.47,1011.03,no,yes
4068,-0.287543,0.77369920,-0.004066,390883.37,390887.02,888.26,905.01,no,yes
4069,-0.785476,0.43218581,-0.011108,293359.30,293377.88,1221.04,2025.90,no,yes
4070,0.019625,0.98434244,0.000278,293625.44,293624.77,2585.02,2276.49,no,yes
4071,-0.033154,0.97355247,-0.000469,293350.69,293351.40,1491.97,1559.77,no,yes
4072,0.547520,0.58402827,0.007743,293396.07,293386.51,1439.73,987.41,no,yes
4073,0.921430,0.35683695,0.013031,293411.66,293382.30,2281.00,2226.17,no,yes
4074,1.080836,0.27978436,0.015285,293346.15,293327.03,1427.77,1044.23,no,yes
4075,0.391150,0.69569077,0.005532,293687.20,293670.59,3382.50,2569.59,no,yes
4076,0.920847,0.35714419,0.013023,293465.67,293427.39,3597.82,2081.43,no,yes
4077,0.892984,0.37187688,0.012629,293501.92,293490.92,948.91,784.93,no,yes
4078,0.718190,0.47264873,0.010157,293450.47,293414.70,3652.78,3385.28,no,yes
4079,-0.130969,0.89580108,-0.001852,293283.57,293285.39,997.85,964.64,no,yes
4080,-1.593360,0.11110269,-0.022534,293360.65,293435.33,1863.80,4300.54,no,yes
4081,-0.335895,0.73695356,-0.004750,293163.41,293169.56,1309.03,1280.94,no,yes
4082,1.093302,0.27427446,0.015462,293409.95,293391.20,1284.74,1136.05,no,yes
4083,0.476159,0.63396617,0.006734,293581.84,293564.16,2469.32,2774.87,no,yes
4084,0.179452,0.85758482,0.002538,293338.09,293326.31,4977.00,4282.13,no,yes
4085,-0.205654,0.83706294,-0.002908,293312.57,293315.57,1020.19,1040.84,no,yes
4086,-1.531001,0.12579260,-0.021652,293628.21,293694.90,1685.62,4016.29,no,yes
4087,0.592627,0.55343753,0.008381,293491.57,293475.86,1911.76,1836.65,no,yes
4088,1.190323,0.23393576,0.016834,293623.17,293599.21,1671.95,1120.73,no,yes
4089,1.008964,0.31300415,0.014269,293449.29,293436.26,962.51,860.52,no,yes
4090,0.733823,0.46306576,0.010378,293446.80,293418.35,3086.37,2346.41,no,yes
4091,-0.369763,0.71156309,-0.005229,293601.92,293620.37,3055.87,3943.30,no,yes
4092,0.252293,0.80081726,0.003568,293256.44,293249.69,1938.15,1843.67,no,yes
4093,-1.011843,0.31162885,-0.014310,293494.71,293545.28,2436.91,4362.66,no,yes
4094,1.179988,0.23802137,0.016688,294652.76,294630.20,1597.67,1050.44,no,yes
4095,0.398910,0.68996400,0.005641,293343.53,293333.56,1908.26,1614.35,no,yes
4096,-0.496529,0.61952703,-0.007022,293368.81,293386.77,2221.47,2853.17,no,yes
4097,-0.212727,0.83154243,-0.003008,293594.96,293606.53,3591.09,4084.88,no,yes
4098,-0.338442,0.73503333,-0.004786,293193.62,293201.80,1690.05,1727.75,no,yes
4099,-0.228776,0.81904528,-0.003235,293462.78,293479.74,5275.57,5203.38,no,yes
4100,-0.038534,0.96926248,-0.000545,293455.32,293458.76,6180.71,6418.21,no,yes
4101,0.103360,0.91767818,0.001462,293308.59,293303.65,3705.83,3024.93,no,yes
4102,-0.713801,0.47536248,-0.010095,293291.48,293311.71,1165.66,2582.42,no,yes
4103,-0.447213,0.65472626,-0.006325,293213.30,293225.94,1789.48,2188.73,no,yes
4104,0.558677,0.57638875,0.007901,293265.73,293249.88,1688.13,2281.11,no,yes
4105,0.475062,0.63474823,0.006718,293295.52,293279.50,2611.41,2131.72,no,yes
4106,0.239642,0.81061012,0.003389,293616.62,293613.01,1059.04,1070.90,no,yes
4107,1.385379,0.16595546,0.019592,293578.79,293523.79,3392.36,2061.91,no,yes
4108,0.257494,0.79679986,0.003642,293578.44,293569.59,2376.23,2479.28,no,yes
4109,-0.802903,0.42204089,-0.011355,293609.22,293628.49,1516.40,1859.98,no,yes
4110,1.019906,0.30778671,0.014424,293558.84,293520.65,3047.04,2176.95,no,yes
4111,1.109553,0.26720627,0.015691,293785.26,293726.74,4288.27,3070.97,no,yes
4112,0.375949,0.70695847,0.005317,293409.89,293397.14,2443.02,2349.93,no,yes
4113,0.434460,0.66395933,0.006144,293643.09,293630.48,1935.36,2164.68,no,yes
4114,0.014216,0.98865770,0.000201,293218.80,293218.30,2459.75,2452.54,no,yes
4115,1.100752,0.27101802,0.015567,293311.73,293282.49,1957.32,1796.41,no,yes
4116,-0.358658,0.71985497,-0.005072,293217.56,293233.76,2576.73,3710.40,no,yes
4117,-0.549583,0.58261175,-0.007772,293520.49,293534.83,1894.95,1794.94,no,yes
4118,1.081045,0.27969485,0.015288,293600.97,293538.18,5178.72,2628.59,no,yes
4119,0.463735,0.64284311,0.006558,293330.10,293306.54,3866.91,3295.84,no,yes
4120,-0.332385,0.73960243,-0.004701,293472.30,293494.59,4521.26,4954.31,no,yes
4121,0.234672,0.81446539,0.003319,293792.81,293769.25,7100.98,7097.78,no,yes
4122,0.209308,0.83420994,0.002960,301181.32,301170.77,4103.25,2933.64,no,yes
4123,0.183435,0.85445823,0.002594,293426.60,293423.46,1256.95,1164.97,no,yes
4124,0.029996,0.97607065,0.000424,293725.29,293723.16,5481.11,4515.62,no,yes
4125,0.837694,0.40221449,0.011847,293458.56,293416.80,4198.66,2687.34,no,yes
4126,0.620061,0.53522469,0.008769,293602.03,293591.51,1133.61,1262.48,no,yes
4127,-0.106709,0.91502100,-0.001509,293432.68,293434.38,1089.72,1160.46,no,yes
4128,0.575747,0.56479270,0.008142,293295.65,293266.27,3976.38,3196.18,no,yes
4129,-0.134526,0.89298818,-0.001902,293399.13,293400.79,855.85,887.89,no,yes
4130,-0.106372,0.91528796,-0.001504,296595.04,296598.93,2532.78,2636.84,no,yes
4131,0.150518,0.88035740,0.002129,293431.42,293426.50,2676.76,1872.64,no,yes
4132,-0.630074,0.52865461,-0.008911,293547.11,293573.80,2317.01,3545.04,no,yes
4133,-0.000850,0.99932194,-0.000012,293427.13,293427.15,1266.95,1455.63,no,yes
4134,-0.192761,0.84714782,-0.002726,293463.73,293468.74,1887.78,1788.20,no,yes
4135,-1.661292,0.09667212,-0.023494,293383.72,293444.54,2143.14,2968.58,no,yes
4136,0.952830,0.34068793,0.013475,293613.21,293597.91,1055.01,1210.94,no,yes
4137,0.726530,0.46752269,0.010275,293627.96,293595.36,3234.69,3109.21,no,yes
4138,0.028851,0.97698384,0.000408,293422.05,293419.42,6405.83,6456.42,no,yes
4139,0.367640,0.71314574,0.005199,293548.05,293532.94,2871.38,2939.86,no,yes
4140,1.051033,0.29325637,0.014864,293395.37,293377.68,1286.42,1085.17,no,yes
4141,0.124457,0.90095468,0.001760,293583.25,293579.17,2375.10,2264.37,no,yes
4142,0.347336,0.72834243,0.004912,293215.92,293207.05,1906.66,1698.82,no,yes
4143,0.163381,0.87022022,0.002311,293449.15,293445.40,1737.85,1500.66,no,yes
4144,-0.136013,0.89181250,-0.001924,293523.90,293529.98,3151.98,3172.67,no,yes
4145,0.052478,0.95814834,0.000742,293197.45,293196.27,1516.70,1660.27,no,yes
4146,-0.709836,0.47781478,-0.010039,293391.09,293424.16,2702.95,3795.66,no,yes
4147,0.056548,0.95490614,0.000800,293347.99,293347.18,1054.33,986.29,no,yes
4148,-0.180372,0.85686265,-0.002551,293435.79,293441.66,2268.29,2334.58,no,yes
4149,0.182248,0.85539002,0.002577,293211.44,293208.95,1009.10,924.34,no,yes
4150,1.174508,0.24020772,0.016610,293498.00,293440.88,4072.06,2657.99,no,yes
4151,-0.886853,0.37516973,-0.012542,293344.17,293390.35,3058.84,4213.68,no,yes
4152,0.461870,0.64418063,0.006532,293555.49,293544.02,2061.61,1384.20,no,yes
4153,-0.597463,0.55020536,-0.008449,293527.77,293547.34,2115.90,2501.03,no,yes
4154,0.588645,0.55610610,0.008325,294608.46,294598.52,1183.48,1204.77,no,yes
4155,0.075179,0.94007297,0.001063,293755.29,293748.27,6669.39,6540.00,no,yes
4156,-0.759847,0.44735495,-0.010746,293571.04,293582.41,1007.49,1106.11,no,yes
4157,1.002342,0.31619141,0.014175,293470.02,293440.89,2320.09,1749.82,no,yes
4158,-0.216257,0.82878966,-0.003058,293446.20,293453.46,2322.78,2427.92,no,yes
4159,-0.138637,0.88973854,-0.001961,293519.79,293531.99,5953.71,6485.48,no,yes
4160,0.112236,0.91063758,0.001587,293273.96,293268.96,3281.93,3007.49,no,yes
4161,0.976370,0.32889312,0.013808,293510.62,293494.09,1204.54,1190.04,no,yes
4162,0.358705,0.71982004,0.005073,293627.27,293608.75,4248.04,2932.12,no,yes
4163,-0.652103,0.51434421,-0.009222,293448.97,293461.53,929.79,1686.96,no,yes
4164,-1.101673,0.27062190,-0.015580,293526.53,293571.72,1828.68,3671.95,no,yes
4165,0.227590,0.81996747,0.003219,293291.97,293285.90,1527.69,2182.23,no,yes
4166,0.606133,0.54443338,0.008572,293545.00,293527.06,2116.09,2068.01,no,yes
4167,-0.586303,0.55768011,-0.008292,293269.24,293293.48,2176.58,3513.99,no,yes
4168,-0.204021,0.83833901,-0.002885,293318.50,293325.40,2669.93,2076.94,no,yes
4169,0.708615,0.47857233,0.010021,293521.52,293493.61,3203.47,2290.58,no,yes
4170,-0.099415,0.92080989,-0.001406,293234.84,293237.94,2683.05,1594.23,no,yes
4171,0.276550,0.78212825,0.003911,293356.80,293350.57,1537.71,1647.75,no,yes
4172,0.998271,0.31816297,0.014118,293281.27,293233.45,4141.31,2407.40,no,yes
4173,0.140618,0.88817292,0.001989,293357.98,293353.48,2064.62,2440.77,no,yes
4174,-0.276930,0.78183687,-0.003916,293221.38,293228.96,2020.96,1844.72,no,yes
4175,0.789266,0.42996569,0.011162,293705.80,293659.74,4298.23,3947.80,no,yes
4176,-0.009313,0.99256971,-0.000132,293596.23,293597.06,6239.60,6373.01,no,yes
4177,-0.344287,0.73063387,-0.004869,293699.60,293716.57,3150.20,3790.63,no,yes
4178,0.663135,0.50725231,0.009378,293273.96,293255.60,1620.54,2243.87,no,yes
4179,-0.238617,0.81140515,-0.003375,293568.21,293573.38,1706.43,1336.05,no,yes
4180,0.092814,0.92605191,0.001313,293444.27,293442.23,1563.50,1551.69,no,yes
4181,1.036753,0.29986349,0.014662,293417.03,293401.03,1074.99,1107.33,no,yes
4182,-0.462394,0.64380414,-0.006539,293556.98,293564.80,995.09,1366.98,no,yes
4183,-0.546437,0.58477203,-0.007728,293412.91,293431.58,2282.89,2541.78,no,yes
4184,1.170568,0.24178678,0.016554,293473.99,293451.68,1430.27,1259.22,no,yes
4185,-0.289706,0.77204442,-0.004097,293603.14,293610.26,1738.98,1736.30,no,yes
4186,0.391453,0.69546678,0.005536,293633.78,293620.08,2545.43,2399.43,no,yes
4187,1.568230,0.11685061,0.022178,293254.66,293193.85,3557.42,1543.31,no,yes
4188,0.351404,0.72528922,0.004970,293602.60,293583.21,4081.38,3711.95,no,yes
4189,-0.924776,0.35509572,-0.013078,293373.77,293398.38,1421.47,2250.32,no,yes
4190,-0.432238,0.66557340,-0.006113,293303.85,293310.43,1075.53,1077.31,no,yes
4191,0.804881,0.42089815,0.011383,293580.27,293555.72,2257.43,2051.57,no,yes
4192,-1.133406,0.25705831,-0.016029,293326.65,293348.29,1179.23,1501.53,no,yes
4193,-0.075277,0.93999519,-0.001065,293517.40,293518.98,1444.10,1527.74,no,yes
4194,-0.186268,0.85223689,-0.002634,293496.08,293501.00,1754.22,1975.29,no,yes
4195,-0.205572,0.83712789,-0.002907,293583.27,293590.21,1790.03,2863.11,no,yes
4196,0.556960,0.57756084,0.007877,293628.05,293599.73,3679.96,3510.25,no,yes
4197,1.896116,0.05796322,0.026815,293656.40,293554.76,4692.79,2590.77,no,yes
4198,0.313534,0.75387844,0.004434,293589.05,293569.08,4588.76,4417.48,no,yes
4199,0.325208,0.74502701,0.004599,293337.15,293328.71,1847.21,1823.23,no,yes
4200,0.526825,0.59832211,0.007450,293321.59,293309.92,1900.80,1136.60,no,yes
4201,0.911826,0.36187414,0.012895,293477.87,293444.32,3171.31,1864.67,no,yes
4202,0.747315,0.45488260,0.010569,293683.52,293647.66,3669.49,3091.17,no,yes
4203,0.348389,0.72755144,0.004927,294546.58,294542.02,877.52,970.37,no,yes
4204,0.638267,0.52330820,0.009026,293485.31,293468.76,2188.76,1391.52,no,yes
4205,-0.029266,0.97665306,-0.000414,294285.11,294286.03,1955.59,2439.89,no,yes
4206,-0.035752,0.97148040,-0.000506,293391.80,293392.46,1433.29,1198.62,no,yes
4207,1.969489,0.04891490,0.027853,293635.25,293588.09,2108.36,1135.24,yes,yes
4208,-0.059596,0.95247785,-0.000843,293304.28,293306.33,2515.05,2342.98,no,yes
4209,-0.558729,0.57635313,-0.007902,293696.66,293716.44,2371.58,2628.56,no,yes
4210,0.584432,0.55893679,0.008265,293338.30,293328.45,1284.48,1092.16,no,yes
4211,0.826237,0.40868011,0.011685,293242.57,293216.15,2463.60,2038.07,no,yes
4212,0.015360,0.98774546,0.000217,293640.53,293639.96,1764.82,3252.68,no,yes
4213,0.308568,0.75765332,0.004364,293350.11,293330.85,4356.95,4468.84,no,yes
4214,2.031172,0.04226022,0.028725,293289.56,293216.02,3477.32,1008.47,yes,yes
4215,-1.019925,0.30777737,-0.014424,293304.71,293359.79,3195.19,4353.91,no,yes
4216,0.434029,0.66427247,0.006138,293519.13,293499.48,3002.80,3389.80,no,yes
4217,-0.008504,0.99321522,-0.000120,293534.12,293534.38,2356.78,1802.33,no,yes
4218,-0.370218,0.71122451,-0.005236,293411.85,293421.32,1363.39,2162.91,no,yes
4219,-0.526007,0.59888923,-0.007439,293534.18,293566.84,4058.61,4699.32,no,yes
4220,0.855143,0.39248396,0.012094,293494.26,293458.20,3504.87,2344.22,no,yes
4221,1.047150,0.29504508,0.014809,293613.23,293570.67,3413.75,2204.54,no,yes
4222,-1.585064,0.11296827,-0.022416,299193.97,299237.89,1729.87,2164.47,no,yes
4223,-0.231471,0.81695117,-0.003273,293540.76,293551.17,3131.88,3228.77,no,yes
4224,0.185625,0.85274110,0.002625,293466.83,293461.37,1862.06,2277.27,no,yes
4225,-0.320747,0.74840561,-0.004536,293677.84,293694.39,3312.88,3955.27,no,yes
4226,-0.067054,0.94653934,-0.000948,293673.93,293676.75,2925.86,3022.40,no,yes
4227,-0.736748,0.46128467,-0.010419,293515.29,293528.50,1172.21,1357.99,no,yes
4228,0.139900,0.88874045,0.001978,293505.84,293501.30,2239.91,2343.05,no,yes
4229,0.803766,0.42154430,0.011367,293480.21,293445.74,3765.48,2051.84,no,yes
4230,-0.289870,0.77191836,-0.004099,293267.22,293282.51,3622.69,3836.20,no,yes
4231,-0.816682,0.41412035,-0.011550,293263.18,293276.19,1023.34,1221.83,no,yes
4232,-0.267615,0.78899857,-0.003785,293434.01,293440.98,1867.68,1818.95,no,yes
4233,-0.694298,0.48750670,-0.009819,293164.59,293182.55,1067.21,2355.63,no,yes
4234,-0.141253,0.88767175,-0.001998,293708.48,293717.42,4821.29,4107.17,no,yes
4235,0.281889,0.77803215,0.003987,293288.62,293281.95,1302.47,1978.42,no,yes
4236,-0.563912,0.57282034,-0.007975,293257.80,293282.19,2840.95,3262.16,no,yes
4237,0.543773,0.58660374,0.007690,293270.01,293260.20,1242.54,1306.17,no,yes
4238,-0.233329,0.81550836,-0.003300,293323.98,293329.68,2017.72,1377.69,no,yes
4239,0.936152,0.34920749,0.013239,293429.92,293411.28,1638.83,1131.82,no,yes
4240,-0.454880,0.64920061,-0.006433,293307.65,293314.29,1047.24,1017.59,no,yes
4241,0.282610,0.77747916,0.003997,293234.19,293229.86,1185.96,969.76,no,yes
4242,0.253072,0.80021534,0.003579,293283.06,293276.67,1888.49,1674.19,no,yes
4243,0.233598,0.81529936,0.003304,293279.02,293272.93,1840.97,1846.61,no,yes
4244,-0.920512,0.35731754,-0.013018,293315.79,293348.22,2036.72,2874.81,no,yes
4245,1.632459,0.10260191,0.023086,293279.60,293217.61,3239.68,1980.92,no,yes
4246,1.596303,0.11044506,0.022575,293623.46,293574.39,2851.14,1149.24,no,yes
4247,1.226139,0.22016334,0.017340,293396.92,293369.09,1915.39,1217.99,no,yes
4248,-1.978958,0.04784498,-0.027987,293325.52,293410.99,1061.61,4186.33,yes,yes
4249,-0.313944,0.75356717,-0.004440,293617.15,293634.73,3628.02,4262.74,no,yes
4250,1.525506,0.12715611,0.021574,293285.26,293232.94,3149.19,1359.12,no,yes
4251,-0.997270,0.31864586,-0.014104,293216.49,293229.30,833.24,976.78,no,yes
4252,-0.838786,0.40160302,-0.011862,293334.01,293361.80,1514.11,2946.38,no,yes
4253,0.223082,0.82347432,0.003155,293229.00,293223.07,1865.95,1890.92,no,yes
4254,0.253711,0.79972156,0.003588,293447.31,293436.31,3292.05,2823.02,no,yes
4255,-0.329810,0.74154751,-0.004664,293536.46,293548.39,2128.53,2925.69,no,yes
4256,1.213875,0.22481535,0.017167,293305.88,293283.30,1673.61,811.20,no,yes
4257,1.026666,0.30459069,0.014519,293281.89,293234.30,3565.19,2963.59,no,yes
4258,1.821791,0.06850189,0.025764,293720.06,293687.44,1354.24,1170.88,no,yes
4259,-0.281984,0.77795844,-0.003988,293535.42,293539.36,1012.72,964.96,no,yes
4260,0.355272,0.72239024,0.005024,293407.18,293390.73,3787.08,2665.98,no,yes
4261,1.071829,0.28381031,0.015158,293540.25,293523.66,1192.24,985.99,no,yes
4262,0.660344,0.50904093,0.009339,293566.48,293534.89,3620.57,3128.05,no,yes
4263,0.083692,0.93330236,0.001184,293430.06,293426.94,2909.85,2331.49,no,yes
4264,-0.311077,0.75574518,-0.004399,293292.48,293300.45,1733.21,1887.36,no,yes
4265,0.691400,0.48932318,0.009778,293243.78,293229.56,1706.25,1148.94,no,yes
4266,-1.322234,0.18610749,-0.018699,293470.30,293495.61,1077.19,1582.44,no,yes
4267,-0.550729,0.58182555,-0.007788,293774.87,293796.39,2486.50,3015.86,no,yes
4268,-1.041383,0.29771029,-0.014727,293410.22,293426.29,1044.25,1135.99,no,yes
4269,0.613681,0.53943340,0.008679,293636.72,293575.16,7608.05,6538.42,no,yes
4270,-0.286470,0.77452125,-0.004051,302320.53,302328.80,1880.62,2189.57,no,yes
4271,-1.278880,0.20095411,-0.018086,294603.12,294629.77,1467.50,1479.87,no,yes
4272,0.283729,0.77662094,0.004013,293331.99,293325.52,1597.79,1625.74,no,yes
4273,-0.460220,0.64536329,-0.006508,293567.38,293581.60,1923.87,2418.27,no,yes
4274,-0.709334,0.47812558,-0.010031,293278.51,293287.74,911.26,927.56,no,yes
4275,-0.009267,0.99260623,-0.000131,293213.10,293213.28,1478.54,1307.41,no,yes
4276,-0.544514,0.58609404,-0.007701,293358.93,293375.00,1891.26,2266.53,no,yes
4277,-0.907854,0.36396642,-0.012839,293350.45,293372.75,1717.48,1755.39,no,yes
4278,-0.246415,0.80536379,-0.003485,294768.07,294774.84,1885.27,1999.77,no,yes
4279,-0.057942,0.95379505,-0.000819,296682.46,296683.45,1223.34,1189.32,no,yes
4280,0.087987,0.92988793,0.001244,293320.92,293319.29,1308.12,1314.66,no,yes
4281,1.947775,0.05145860,0.027546,293681.13,293617.91,2758.81,1709.67,no,yes
4282,0.022296,0.98221179,0.000315,293270.91,293270.12,2622.46,2391.95,no,yes
4283,0.108709,0.91343472,0.001537,293567.84,293564.62,1952.74,2224.04,no,yes
4284,-0.905945,0.36497860,-0.012812,293611.28,293656.10,2433.64,4306.58,no,yes
4285,-0.356866,0.72119609,-0.005047,301115.77,301134.46,3582.42,3820.18,no,yes
4286,-0.964057,0.33502881,-0.013634,293309.12,293320.31,814.34,826.84,no,yes
4287,-1.277237,0.20153921,-0.018063,293392.33,293437.34,1540.99,3168.48,no,yes
4288,0.474858,0.63489439,0.006716,293638.52,293621.01,3121.48,1960.31,no,yes
4289,-0.641658,0.52110300,-0.009074,293281.73,293318.97,3628.82,4529.25,no,yes
4290,0.376852,0.70628815,0.005329,293457.68,293447.90,2175.14,1412.36,no,yes
4291,1.221074,0.22207559,0.017269,293372.35,293324.98,3330.04,1989.66,no,yes
4292,0.802957,0.42200896,0.011356,293888.64,293875.49,1130.41,1185.64,no,yes
4293,-0.103986,0.91718134,-0.001471,293325.67,293328.99,1957.91,2515.11,no,yes
4294,-0.942123,0.34614171,-0.013324,293508.29,293530.55,1469.65,1849.73,no,yes
4295,-0.506279,0.61266681,-0.007160,293515.62,293524.75,1356.88,1187.15,no,yes
4296,-1.048076,0.29461867,-0.014822,293420.23,293459.20,2006.65,3130.12,no,yes
4297,-0.711258,0.47693265,-0.010059,293651.80,293668.01,1574.02,1647.78,no,yes
4298,1.544568,0.12246807,0.021843,293454.81,293419.55,1848.60,1339.46,no,yes
4299,0.411932,0.68039397,0.005826,293448.26,293438.08,1970.74,1492.20,no,yes
4300,-0.165746,0.86835891,-0.002344,293480.90,293483.79,1232.14,1227.68,no,yes
4301,-0.754582,0.45050875,-0.010671,293309.09,293319.03,869.58,990.56,no,yes
4302,0.350021,0.72632700,0.004950,293379.14,293366.05,2809.40,2465.19,no,yes
4303,-0.201834,0.84004864,-0.002854,293522.68,293528.13,1993.58,1821.76,no,yes
4304,-0.431935,0.66579354,-0.006108,293265.59,293287.45,3501.78,3655.69,no,yes
4305,1.535704,0.12462675,0.021718,293581.07,293556.92,1109.93,1113.71,no,yes
4306,-0.530700,0.59563285,-0.007505,293363.08,293370.70,897.88,1120.47,no,yes
4307,0.604243,0.54568906,0.008545,293400.47,293389.12,1249.04,1402.73,no,yes
4308,-1.610031,0.10741427,-0.022769,293239.87,293275.68,888.75,2039.19,no,yes
4309,1.253581,0.21001102,0.017728,293595.58,293557.55,2516.83,1693.66,no,yes
4310,-0.121068,0.90363872,-0.001712,293223.62,293228.77,2739.10,3254.80,no,yes
4311,0.639594,0.52244420,0.009045,293515.11,293494.88,2447.32,2003.70,no,yes
4312,0.785136,0.43238303,0.011104,293228.98,293217.40,1033.25,1052.47,no,yes
4313,0.107072,0.91473300,0.001514,294815.57,294812.76,1823.27,1879.06,no,yes
4314,0.823375,0.41030560,0.011644,293573.32,293553.69,1412.90,1920.57,no,yes
4315,-0.509324,0.61053110,-0.007203,293195.11,293208.18,1497.83,2085.66,no,yes
4316,-0.436361,0.66258006,-0.006171,293618.59,293638.09,2598.65,3636.17,no,yes
4317,0.650604,0.51530953,0.009201,294642.22,294631.79,1169.17,1096.99,no,yes
4318,-0.458783,0.64639518,-0.006488,293482.26,293490.86,1287.68,1364.11,no,yes
4319,-0.323238,0.74651819,-0.004571,293512.67,293525.07,2447.04,2953.76,no,yes
4320,0.216043,0.82895682,0.003055,293463.05,293459.89,929.41,1130.93,no,yes
4321,1.756501,0.07901841,0.024841,293291.28,293260.98,1285.59,1150.56,no,yes
4322,0.126820,0.89908417,0.001794,293348.61,293346.51,1236.07,1100.44,no,yes
4323,0.532878,0.59412414,0.007536,293602.10,293566.72,4727.87,4662.47,no,yes
4324,-0.734634,0.46257220,-0.010389,293339.53,293359.56,2277.43,1498.98,no,yes
4325,0.519139,0.60366935,0.007342,293392.81,293368.84,3371.58,3152.13,no,yes
4326,0.697397,0.48556357,0.009863,293289.30,293262.05,3174.57,2277.47,no,yes
4327,0.573814,0.56610011,0.008115,293561.89,293543.51,2397.36,2123.07,no,yes
4328,0.469223,0.63891551,0.006636,391174.44,391137.93,5704.52,5289.78,no,yes
4329,-0.207983,0.83524479,-0.002941,293294.95,293303.96,2776.72,3325.06,no,yes
4330,0.764101,0.44481615,0.010806,293507.43,293482.30,2352.38,2298.14,no,yes
4331,-0.774812,0.43846068,-0.010957,293335.70,293354.50,1432.68,1958.22,no,yes
4332,0.344059,0.73080535,0.004866,293453.37,293442.11,2340.50,2284.70,no,yes
4333,0.521840,0.60178815,0.007380,293379.71,293373.36,953.92,755.43,no,yes
4334,1.674375,0.09407619,0.023679,293223.20,293193.54,1523.73,904.01,no,yes
4335,0.251207,0.80165685,0.003553,293496.32,293490.65,1776.20,1391.22,no,yes
4336,0.499466,0.61745666,0.007064,293390.00,293373.13,2405.34,2369.85,no,yes
4337,-0.009424,0.99248107,-0.000133,300967.07,300967.37,2309.44,2212.56,no,yes
4338,1.221499,0.22191378,0.017275,293563.41,293538.43,1708.64,1124.79,no,yes
4339,0.540291,0.58900222,0.007641,293184.80,293176.97,1013.83,1036.18,no,yes
4340,-1.333096,0.18252131,-0.018853,293597.41,293638.98,1359.72,2806.01,no,yes
4341,-0.849430,0.39565390,-0.012013,293223.90,293258.06,2162.25,3391.85,no,yes
4342,-1.454945,0.14570134,-0.020576,293279.52,293311.64,1337.57,1756.03,no,yes
4343,1.418014,0.15620222,0.020054,293584.35,293558.25,1291.05,1312.34,no,yes
4344,0.044346,0.96462939,0.000627,293537.81,293535.65,3526.11,3366.51,no,yes
4345,0.251713,0.80126538,0.003560,294260.98,294253.79,2005.68,2037.44,no,yes
4346,-1.135179,0.25631508,-0.016054,293360.41,293411.50,2635.14,3649.20,no,yes
4347,0.282202,0.77779188,0.003991,293636.36,293624.76,2645.82,3143.87,no,yes
4348,-0.939881,0.34729202,-0.013292,293379.60,293424.47,2557.24,4030.62,no,yes
4349,0.039928,0.96815121,0.000565,293750.26,293746.80,6282.88,5965.65,no,yes
4350,0.219507,0.82625711,0.003104,293222.16,293219.49,829.20,889.43,no,yes
4351,-0.465382,0.64166286,-0.006581,293770.52,293776.63,973.62,881.09,no,yes
4352,1.563789,0.11788445,0.022115,293423.63,293339.78,4317.63,3179.70,no,yes
4353,-0.458264,0.64676820,-0.006481,293288.97,293302.96,2331.09,1970.83,no,yes
4354,-0.465325,0.64170397,-0.006581,293456.45,293472.65,2296.78,2614.71,no,yes
4355,1.031024,0.30254267,0.014581,298451.99,298435.45,1256.53,997.78,no,yes
4356,0.199141,0.84215471,0.002816,293626.36,293617.41,2940.41,3396.69,no,yes
4357,0.601776,0.54732994,0.008510,293519.24,293497.96,2655.32,2335.38,no,yes
4358,1.386967,0.16547365,0.019615,293365.49,293335.66,1952.08,903.07,no,yes
4359,0.539709,0.58940369,0.007633,293253.14,293245.22,1120.35,949.34,no,yes
4360,-0.409038,0.68251663,-0.005785,293420.56,293430.06,1338.78,1897.69,no,yes
4361,0.108369,0.91370426,0.001533,293499.86,293493.30,4430.56,4122.07,no,yes
4362,-2.004279,0.04505978,-0.028345,293555.08,293603.10,962.50,2193.74,yes,yes
4363,-0.133231,0.89401216,-0.001884,293917.66,293925.12,3397.42,4451.94,no,yes
4364,0.610446,0.54157396,0.008633,293231.15,293210.35,2688.91,2091.17,no,yes
4365,-0.040475,0.96771501,-0.000572,293281.99,293284.01,3495.86,3531.30,no,yes
4366,-0.004195,0.99665326,-0.000059,293642.66,293643.07,6750.99,7094.97,no,yes
4367,0.163901,0.86981058,0.002318,293587.03,293583.13,1694.29,1670.29,no,yes
4368,0.276937,0.78183112,0.003916,293380.72,293372.08,2195.37,2212.83,no,yes
4369,1.017928,0.30872724,0.014396,293256.57,293221.76,2930.10,1762.92,no,yes
4370,-0.227309,0.82018553,-0.003215,391049.36,391067.77,5709.02,5742.67,no,yes
4371,1.911803,0.05592181,0.027037,293227.80,293189.78,1807.51,829.37,no,yes
4372,0.069395,0.94467599,0.000981,294789.91,294788.30,1611.87,1672.29,no,yes
4373,0.138198,0.89008537,0.001954,293635.20,293633.03,1107.50,1110.86,no,yes
4374,1.099002,0.27178165,0.015542,293543.65,293511.45,2384.87,1702.64,no,yes
4375,0.306693,0.75908008,0.004337,293628.59,293614.04,3258.45,3445.92,no,yes
4376,1.452876,0.14627555,0.020547,293503.88,293477.09,1497.78,1074.62,no,yes
4377,0.008855,0.99293496,0.000125,293240.86,293240.52,2960.69,2427.08,no,yes
4378,0.616127,0.53781775,0.008713,293485.26,293463.64,2647.92,2303.51,no,yes
4379,0.842579,0.39947458,0.011916,293251.54,293229.25,2044.12,1680.31,no,yes
4380,-0.154103,0.87753066,-0.002179,293248.40,293252.25,1386.86,2081.87,no,yes
4381,0.879539,0.37911957,0.012439,293257.28,293241.48,1315.09,1223.55,no,yes
4382,-0.435040,0.66353855,-0.006152,293599.28,293613.54,1817.93,2727.57,no,yes
4383,0.778821,0.43609446,0.011014,293672.39,293659.02,1095.20,1322.01,no,yes
4384,0.369707,0.71160490,0.005228,293502.22,293484.72,3591.44,3079.75,no,yes
4385,1.287918,0.19778988,0.018214,293380.41,293360.37,1200.41,989.96,no,yes
4386,-0.840248,0.40078083,-0.011883,294662.69,294682.75,1371.74,1953.56,no,yes
4387,-0.701686,0.48288302,-0.009923,293587.58,293598.65,1066.09,1162.49,no,yes
4388,0.300947,0.76345811,0.004256,293225.00,293217.71,1721.49,1705.94,no,yes
4389,0.679336,0.49693335,0.009607,293252.31,293230.81,2504.32,1935.09,no,yes
4390,0.225788,0.82136845,0.003193,293611.70,293605.92,1539.41,2047.72,no,yes
4391,-0.642060,0.52084341,-0.009080,293451.30,293472.71,1727.85,2852.83,no,yes
4392,0.643340,0.52001123,0.009098,293576.18,293566.32,1149.76,1012.66,no,yes
4393,0.204716,0.83779605,0.002895,293613.24,293606.55,2186.88,2425.61,no,yes
4394,0.921689,0.35670584,0.013035,293444.55,293419.61,2423.81,1204.72,no,yes
4395,-1.195830,0.23178072,-0.016912,293694.10,293747.00,2181.72,3848.43,no,yes
4396,0.175651,0.86057012,0.002484,294767.88,294764.53,1341.05,1355.29,no,yes
4397,0.066059,0.94733116,0.000934,293500.12,293499.19,991.21,1009.31,no,yes
4398,-1.281032,0.20020412,-0.018117,293204.40,293254.89,1563.99,3618.09,no,yes
4399,-0.616900,0.53730980,-0.008724,293690.48,293737.80,3796.69,6664.46,no,yes
4400,-0.101901,0.91883632,-0.001441,293509.17,293513.99,3412.41,3271.43,no,yes
4401,0.183347,0.85452787,0.002593,293587.52,293579.48,2448.42,3634.65,no,yes
4402,-0.135684,0.89207278,-0.001919,295339.82,295343.39,1613.07,2078.00,no,yes
4403,0.722624,0.46991962,0.010219,293227.38,293215.63,1198.12,1100.28,no,yes
4404,-0.195001,0.84539414,-0.002758,293334.85,293338.15,1185.35,1207.46,no,yes
4405,0.558603,0.57643932,0.007900,293246.36,293221.72,3447.81,2751.54,no,yes
4406,0.369697,0.71161251,0.005228,293440.12,293431.96,1836.82,1226.16,no,yes
4407,0.037711,0.96991866,0.000533,293339.17,293338.60,1080.66,1031.61,no,yes
4408,0.263096,0.79247899,0.003721,293429.93,293417.23,3417.75,3411.14,no,yes
4409,0.373358,0.70888626,0.005280,293349.94,293344.45,1023.18,1057.01,no,yes
4410,-0.274804,0.78346959,-0.003886,293207.89,293215.88,2015.68,2092.33,no,yes
4411,1.092984,0.27441784,0.015457,293577.63,293552.49,2017.80,1104.20,no,yes
4412,0.795771,0.42617583,0.011254,293611.72,293595.81,1641.08,1140.91,no,yes
4413,-0.205288,0.83734971,-0.002903,293482.81,293487.52,1426.21,1799.56,no,yes
4414,0.506795,0.61230411,0.007167,293223.07,293216.37,976.50,891.37,no,yes
4415,0.347752,0.72803022,0.004918,293456.97,293452.24,984.55,935.59,no,yes
4416,-0.546766,0.58454637,-0.007732,293441.16,293458.91,1957.57,2590.49,no,yes
4417,0.482136,0.62971474,0.006818,293439.07,293427.71,1574.58,1753.13,no,yes
4418,-0.016993,0.98644225,-0.000240,293568.95,293569.31,1159.95,1825.23,no,yes
4419,0.134499,0.89300958,0.001902,293722.54,293717.57,2198.88,2971.88,no,yes
4420,-0.096989,0.92273599,-0.001372,293511.76,293513.47,1196.52,1303.89,no,yes
4421,0.014097,0.98875240,0.000199,293588.73,293588.47,1172.21,1369.22,no,yes
4422,-1.157951,0.24689822,-0.016376,301138.50,301174.78,2061.29,2360.48,no,yes
4423,1.212819,0.22521421,0.017152,293315.82,293296.93,1217.73,970.83,no,yes
4424,0.946350,0.34398136,0.013383,293431.24,293417.11,1075.60,1035.71,no,yes
4425,-0.242176,0.80864665,-0.003425,293580.07,293586.65,1950.40,1887.11,no,yes
4426,0.593395,0.55292355,0.008392,293289.04,293261.55,3511.89,3019.38,no,yes
4427,-0.040763,0.96748501,-0.000576,293381.40,293382.29,1235.82,1794.55,no,yes
4428,0.601588,0.54745623,0.008508,293539.69,293525.41,1939.26,1366.77,no,yes
4429,-1.216642,0.22376375,-0.017206,293396.05,293427.81,863.92,2463.55,no,yes
4430,-0.555435,0.57860348,-0.007855,293257.32,293283.44,3057.97,3571.91,no,yes
4431,0.495450,0.62028874,0.007007,293221.14,293207.63,2215.07,1588.75,no,yes
4432,-1.148021,0.25097606,-0.016235,293226.86,293270.44,2013.15,3218.07,no,yes
4433,-0.176114,0.86020624,-0.002491,293559.92,293563.95,1586.31,1652.52,no,yes
4434,0.618588,0.53619611,0.008748,303876.31,303858.72,2359.81,1585.03,no,yes
4435,-0.204590,0.83789442,-0.002893,293715.35,293725.71,3397.53,3756.34,no,yes
4436,0.676895,0.49848041,0.009573,293560.47,293551.94,945.89,832.23,no,yes
4437,-0.951745,0.34123902,-0.013460,293637.84,293661.03,1410.00,1987.48,no,yes
4438,0.235376,0.81391982,0.003329,298470.17,298464.51,1910.06,1463.30,no,yes
4439,-0.973900,0.33011782,-0.013773,293526.04,293538.35,861.91,924.36,no,yes
4440,0.685018,0.49334204,0.009688,293233.68,293213.49,2468.96,1608.98,no,yes
4441,0.456624,0.64794659,0.006458,293381.21,293357.73,3749.76,3519.22,no,yes
4442,-0.335467,0.73727644,-0.004744,293357.32,293361.70,969.99,873.79,no,yes
4443,0.743677,0.45708067,0.010517,293561.48,293517.23,4453.20,3948.05,no,yes
4444,0.257597,0.79672102,0.003643,293485.04,293473.76,3291.64,2885.18,no,yes
4445,-1.044685,0.29618141,-0.014774,303798.34,303812.57,869.56,1047.87,no,yes
4446,0.615960,0.53792792,0.008711,293399.67,293373.52,3134.28,2863.08,no,yes
4447,-0.565308,0.57187173,-0.007995,293275.04,293285.52,1040.07,1534.92,no,yes
4448,-0.961699,0.33621282,-0.013600,293379.86,293400.94,1440.33,1651.05,no,yes
4449,0.003718,0.99703371,0.000053,293312.75,293312.66,1592.03,1693.04,no,yes
4450,0.850861,0.39485713,0.012033,293543.70,293523.06,1544.54,1870.73,no,yes
4451,0.283571,0.77674209,0.004010,390858.50,390853.33,1333.25,1245.56,no,yes
4452,0.321972,0.74747748,0.004553,293524.73,293519.91,1085.77,1031.71,no,yes
4453,0.361379,0.71782032,0.005111,293675.24,293659.30,2978.79,3250.41,no,yes
4454,-0.844274,0.39852682,-0.011940,293243.99,293275.78,2460.58,2849.90,no,yes
4455,0.123566,0.90165991,0.001747,293299.57,293296.46,1913.43,1625.32,no,yes
4456,0.265451,0.79066461,0.003754,293690.40,293676.21,3965.95,3581.38,no,yes
4457,0.181236,0.85618428,0.002563,293302.48,293297.52,2363.58,1377.31,no,yes
4458,0.398618,0.69017890,0.005637,293618.78,293597.66,4144.25,3302.18,no,yes
4459,-0.167071,0.86731608,-0.002363,293335.11,293337.30,908.51,942.67,no,yes
4460,0.189047,0.85005776,0.002674,293591.98,293580.98,4192.53,4035.92,no,yes
4461,0.464178,0.64252553,0.006564,293269.67,293257.64,1503.35,2110.27,no,yes
4462,0.413114,0.67952794,0.005842,293700.11,293676.91,4610.61,3207.54,no,yes
4463,1.702138,0.08874610,0.024072,293479.49,293455.46,1117.88,862.28,no,yes
4464,-4.182270,0.00002899,-0.059146,299457.01,299645.13,2853.98,3476.70,yes,yes
4465,0.450370,0.65244857,0.006369,293638.29,293621.30,2732.71,2600.23,no,yes
4466,0.144266,0.88529187,0.002040,293441.75,293439.21,1422.49,1044.63,no,yes
4467,0.420280,0.67428563,0.005944,293492.38,293486.12,1072.50,1033.45,no,yes
4468,0.965659,0.33422677,0.013656,293444.16,293425.64,1410.45,1298.45,no,yes
4469,-0.145151,0.88459345,-0.002053,293162.17,293166.47,1973.95,2205.19,no,yes
4470,1.282030,0.19984793,0.018131,293206.25,293188.23,1108.85,863.95,no,yes
4471,1.179395,0.23825943,0.016679,294752.66,294697.03,4176.69,2192.28,no,yes
4472,-0.704352,0.48122306,-0.009961,299611.69,299632.94,1685.57,2502.40,no,yes
4473,0.449314,0.65321018,0.006354,293619.21,293602.00,2936.53,2459.14,no,yes
4474,0.300464,0.76382681,0.004249,296325.54,296317.99,2001.32,1516.38,no,yes
4475,0.329015,0.74214766,0.004653,293488.98,293477.10,2290.83,2791.85,no,yes
4476,-0.117344,0.90658838,-0.001659,293169.42,293171.07,1015.75,972.57,no,yes
4477,1.153159,0.24885953,0.016308,293281.58,293244.04,2525.01,2054.68,no,yes
4478,0.317497,0.75086998,0.004490,293518.39,293506.00,2607.73,2900.77,no,yes
4479,0.044241,0.96471282,0.000626,293476.26,293474.86,2163.14,2302.29,no,yes
4480,0.882909,0.37729609,0.012486,293302.58,293286.30,1352.02,1254.44,no,yes
4481,-0.141310,0.88762676,-0.001998,293552.95,293556.72,1951.37,1816.08,no,yes
4482,0.706509,0.47988207,0.009992,293448.05,293432.33,1917.51,1128.03,no,yes
4483,-0.197229,0.84365088,-0.002789,293518.98,293523.24,1779.31,1219.64,no,yes
4484,-0.411240,0.68090085,-0.005816,293794.67,293835.27,6413.19,7505.24,no,yes
4485,0.568333,0.56981596,0.008037,293252.47,293229.58,3249.41,2379.22,no,yes
4486,-0.416024,0.67739710,-0.005883,293399.45,293406.38,1124.04,1228.28,no,yes
4487,0.918899,0.35815964,0.012995,293426.05,293411.49,1149.34,1089.22,no,yes
4488,-0.148312,0.88209769,-0.002097,293374.46,293381.37,3158.54,3420.23,no,yes
4489,1.703672,0.08845881,0.024094,295020.95,294990.38,1407.35,1113.82,no,yes
4490,-0.039421,0.96855513,-0.000557,293544.12,293544.75,1123.76,1135.24,no,yes
4491,1.025751,0.30502153,0.014506,293466.79,293451.22,1162.38,976.04,no,yes
4492,-0.462703,0.64358244,-0.006544,293599.25,293611.16,1762.88,1874.71,no,yes
4493,0.504109,0.61419020,0.007129,293420.09,293404.25,2418.37,2006.98,no,yes
4494,-0.487461,0.62593670,-0.006894,293470.16,293477.14,1002.63,1021.18,no,yes
4495,-0.305678,0.75985279,-0.004323,293404.36,293410.07,1314.02,1327.99,no,yes
4496,-0.952752,0.34072733,-0.013474,293420.80,293442.00,1501.23,1642.24,no,yes
4497,-0.085132,0.93215763,-0.001204,293484.17,293492.36,6984.35,6613.57,no,yes
4498,-0.216432,0.82865404,-0.003061,293384.63,293393.01,2002.57,3314.40,no,yes
4499,-0.613809,0.53934845,-0.008681,293522.44,293529.91,796.64,918.51,no,yes
4500,-0.879330,0.37923742,-0.012436,293212.83,293232.34,936.99,2011.49,no,yes
4501,0.988659,0.32284219,0.013982,293530.77,293517.51,1037.27,850.00,no,yes
4502,-0.740420,0.45905420,-0.010471,293522.20,293535.52,1218.39,1325.08,no,yes
4503,0.381381,0.70292470,0.005394,293575.05,293561.74,2239.04,2678.73,no,yes
4504,0.089209,0.92891698,0.001262,293428.51,293425.54,2630.56,2037.35,no,yes
4505,0.780048,0.43537196,0.011032,293354.63,293345.51,884.74,765.92,no,yes
4506,-0.067381,0.94627934,-0.000953,293190.63,293191.76,1218.46,1150.58,no,yes
4507,1.297133,0.19460199,0.018344,293507.51,293489.40,1143.27,800.98,no,yes
4508,1.220944,0.22212172,0.017267,307201.62,307160.77,2448.80,2279.42,no,yes
4509,-0.003608,0.99712146,-0.000051,293508.28,293508.36,1440.10,1686.16,no,yes
4510,0.273530,0.78444844,0.003868,293359.05,293354.99,1104.43,990.88,no,yes
4511,0.829029,0.40710104,0.011724,293337.00,293290.78,4898.76,2660.66,no,yes
4512,-0.519272,0.60357681,-0.007344,293489.79,293521.76,4130.12,4567.75,no,yes
4513,0.739592,0.45955628,0.010459,293429.45,293413.64,1600.83,1417.45,no,yes
4514,-0.272044,0.78559086,-0.003847,293295.39,293300.28,1245.39,1299.92,no,yes
4515,-0.126684,0.89919180,-0.001792,293208.51,293210.60,1111.99,1208.43,no,yes
4516,-0.504762,0.61373176,-0.007138,293304.97,293311.34,853.54,929.50,no,yes
4517,-0.022720,0.98187388,-0.000321,293292.00,293293.33,3880.54,4403.99,no,yes
4518,-1.813838,0.06972068,-0.025652,293573.11,293606.43,965.67,1562.41,no,yes
4519,0.487342,0.62602167,0.006892,293394.18,293378.36,2472.79,2105.53,no,yes
4520,-0.376697,0.70640335,-0.005327,293182.19,293188.73,1074.33,1361.76,no,yes
4521,-0.402412,0.68738496,-0.005691,293482.80,293491.55,1620.54,1451.99,no,yes
4522,1.365190,0.17221273,0.019307,293555.89,293502.05,3439.88,1928.18,no,yes
4523,0.028994,0.97686970,0.000410,293246.84,293245.65,2206.44,3485.27,no,yes
4524,-1.286047,0.19844557,-0.018187,293271.75,293298.44,1017.15,1808.64,no,yes
4525,1.420244,0.15555238,0.020085,293485.44,293463.20,1175.60,1034.49,no,yes
4526,-0.207345,0.83574278,-0.002932,293813.44,293817.60,1213.69,1595.76,no,yes
4527,0.446393,0.65531808,0.006313,301096.97,301085.76,1643.90,1898.69,no,yes
4528,-0.181135,0.85626364,-0.002562,293341.21,293344.60,1588.58,991.86,no,yes
4529,-0.705046,0.48078957,-0.009971,293385.69,293396.19,1040.07,1064.66,no,yes
4530,-0.307645,0.75835581,-0.004351,293551.25,293561.33,2072.75,2539.44,no,yes
4531,0.824748,0.40952434,0.011664,293316.50,293304.12,1101.95,1018.30,no,yes
4532,-0.269268,0.78772644,-0.003808,293442.91,293454.75,3103.80,3115.32,no,yes
4533,-0.714619,0.47485327,-0.010106,293181.08,293190.76,856.61,1050.13,no,yes
4534,-0.232964,0.81579210,-0.003295,293459.77,293471.57,3308.35,3837.95,no,yes
4535,1.294141,0.19563523,0.018302,293313.09,293279.44,2241.14,1318.11,no,yes
4536,0.457279,0.64747582,0.006467,293232.00,293221.02,1390.08,1956.58,no,yes
4537,1.051829,0.29289085,0.014875,293381.58,293363.78,1234.21,1158.97,no,yes
4538,1.470925,0.14132722,0.020802,293380.68,293355.03,1245.91,1219.49,no,yes
4539,0.432594,0.66531472,0.006118,293552.23,293529.82,3712.95,3613.23,no,yes
4540,-0.573276,0.56646460,-0.008107,293227.98,293239.88,1252.60,1654.56,no,yes
4541,0.709556,0.47798918,0.010035,293649.60,293620.34,3490.11,2198.39,no,yes
4542,-0.245691,0.80592432,-0.003475,293310.82,293316.31,1954.19,1088.20,no,yes
4543,-0.007543,0.99398162,-0.000107,301153.03,301153.27,2281.44,2332.28,no,yes
4544,-0.483672,0.62862522,-0.006840,293303.32,293320.67,1826.16,3086.38,no,yes
4545,0.395033,0.69282310,0.005587,293414.88,293403.03,2217.96,2017.36,no,yes
4546,0.814912,0.41513405,0.011525,293467.65,293437.18,3154.54,2006.32,no,yes
4547,-0.295625,0.76751943,-0.004181,293477.06,293490.33,3223.47,3125.27,no,yes
4548,-0.121893,0.90298535,-0.001724,293418.19,293421.41,1801.79,1921.50,no,yes
4549,0.176159,0.86017156,0.002491,293441.20,293437.32,1131.40,1885.40,no,yes
4550,0.367819,0.71301191,0.005202,293262.13,293246.61,2936.24,3032.28,no,yes
4551,-0.586672,0.55743061,-0.008297,293439.47,293465.39,2888.74,3342.84,no,yes
4552,-0.124249,0.90111950,-0.001757,293506.86,293510.82,2165.40,2338.14,no,yes
4553,0.486354,0.62672176,0.006878,293393.45,293381.31,1830.14,1698.12,no,yes
4554,-1.006016,0.31442251,-0.014227,293276.86,293321.40,2348.94,3752.03,no,yes
4555,-0.031981,0.97448741,-0.000452,293551.44,293552.21,1634.39,1776.45,no,yes
4556,1.060963,0.28871981,0.015004,391003.17,390950.83,3792.89,3154.31,no,yes
4557,-0.224695,0.82221883,-0.003178,293441.38,293447.41,1827.02,1963.00,no,yes
4558,0.083437,0.93350527,0.001180,293306.03,293302.53,2830.59,3089.65,no,yes
4559,-0.426605,0.66967158,-0.006033,293562.71,293569.95,1054.06,1332.17,no,yes
4560,-2.200193,0.02781046,-0.031115,293338.91,293433.68,1618.57,3991.28,yes,yes
4561,-0.240719,0.80977523,-0.003404,293255.25,293261.52,1748.56,1933.28,no,yes
4562,-0.055967,0.95536884,-0.000791,293325.56,293326.34,994.96,990.65,no,yes
4563,0.590081,0.55514439,0.008345,293464.28,293448.01,2310.87,1504.66,no,yes
4564,-1.797697,0.07224618,-0.025423,293375.85,293466.59,2163.60,4560.74,no,yes
4565,-0.277777,0.78118615,-0.003928,293267.35,293277.04,2488.52,2442.27,no,yes
4566,0.068862,0.94510032,0.000974,293590.17,293588.33,1806.84,1976.39,no,yes
4567,0.004561,0.99636087,0.000065,293527.99,293527.92,1118.48,1135.62,no,yes
4568,-0.852427,0.39398856,-0.012055,293253.41,293301.06,3222.83,4568.08,no,yes
4569,1.126522,0.25995975,0.015931,293407.99,293367.46,2930.41,2086.73,no,yes
4570,0.802564,0.42223634,0.011350,293663.86,293623.21,3569.85,3592.43,no,yes
4571,0.162177,0.87116812,0.002294,293505.64,293503.48,957.89,920.59,no,yes
4572,0.705302,0.48063157,0.009974,293413.32,293400.06,1540.25,1076.66,no,yes
4573,-0.680654,0.49609854,-0.009626,293416.68,293427.65,1187.20,1090.66,no,yes
4574,-0.045908,0.96338407,-0.000649,293353.53,293354.65,1558.91,1887.10,no,yes
4575,-1.561838,0.11834686,-0.022088,293754.86,293807.33,1580.32,2964.12,no,yes
4576,0.099974,0.92036574,0.001414,293198.44,293196.90,996.85,1165.16,no,yes
4577,1.276591,0.20176363,0.018054,293688.51,293651.72,2395.17,1602.30,no,yes
4578,-1.193915,0.23252910,-0.016885,293375.59,293420.95,1865.69,3309.51,no,yes
4579,-0.978792,0.32769495,-0.013842,293525.78,293537.41,771.30,904.35,no,yes
4580,1.193306,0.23276564,0.016876,293611.60,293568.08,3012.94,2055.40,no,yes
4581,1.401560,0.16106234,0.019821,293452.31,293427.96,1279.27,1175.24,no,yes
4582,1.514261,0.12997537,0.021415,293249.21,293226.27,1086.31,1056.48,no,yes
4583,1.651645,0.09862319,0.023358,293558.32,293532.93,1185.10,979.20,no,yes
4584,-0.068442,0.94543427,-0.000968,293350.22,293352.28,2295.16,1941.71,no,yes
4585,0.339493,0.73424215,0.004801,293517.50,293505.35,2991.29,1968.71,no,yes
4586,0.081313,0.93519365,0.001150,293461.13,293457.19,3440.69,3402.33,no,yes
4587,-0.450712,0.65220204,-0.006374,293418.12,293425.67,1134.84,1230.36,no,yes
4588,-0.743079,0.45744477,-0.010509,361868.24,361896.18,1881.51,3254.50,no,yes
4589,-0.271215,0.78622824,-0.003836,293599.86,293613.18,3271.03,3667.21,no,yes
4590,-0.229691,0.81833429,-0.003248,293728.91,293734.74,1684.71,1901.67,no,yes
4591,-0.556465,0.57789992,-0.007870,293312.66,293323.82,1198.74,1608.84,no,yes
4592,-0.064107,0.94888590,-0.000907,293236.92,293238.58,1963.86,1673.09,no,yes
4593,0.724424,0.46881501,0.010245,293571.95,293561.08,1218.04,877.80,no,yes
4594,0.218301,0.82719652,0.003087,293529.78,293510.51,6352.02,6126.05,no,yes
4595,0.125055,0.90048115,0.001769,293593.24,293589.13,2006.00,2602.63,no,yes
4596,0.365109,0.71503419,0.005163,299161.44,299156.58,986.72,896.06,no,yes
4597,1.215868,0.22404988,0.017195,293234.34,293213.94,1247.01,1122.41,no,yes
4598,0.235930,0.81348961,0.003337,293916.61,293895.18,6537.98,6303.56,no,yes
4599,-0.251596,0.80135611,-0.003558,293505.55,293510.96,1493.29,1547.90,no,yes
4600,0.669089,0.50344661,0.009462,293223.40,293213.50,1076.52,1015.00,no,yes
4601,-0.981080,0.32656651,-0.013875,293230.74,293267.50,2124.95,3085.31,no,yes
4602,-0.101789,0.91892525,-0.001440,294069.36,294072.67,2122.46,2465.20,no,yes
4603,-0.328478,0.74255428,-0.004645,301349.48,301363.80,2598.05,3499.94,no,yes
4604,0.682044,0.49521897,0.009646,293344.29,293333.64,1085.70,1122.94,no,yes
4605,-0.823641,0.41015482,-0.011648,293673.65,293704.82,2049.86,3182.07,no,yes
4606,-0.262580,0.79287674,-0.003713,293664.60,293673.78,2502.41,2440.92,no,yes
4607,-0.898511,0.36892531,-0.012707,293263.40,293286.41,1436.32,2119.96,no,yes
4608,0.205672,0.83704932,0.002909,293309.28,293306.06,1125.72,1092.18,no,yes
4609,-0.309625,0.75684951,-0.004379,293452.90,293463.68,2084.67,2788.93,no,yes
4610,0.287121,0.77402275,0.004061,293458.53,293449.06,2334.26,2326.83,no,yes
4611,-0.022941,0.98169735,-0.000324,293533.28,293534.20,3065.80,2534.12,no,yes
4612,-0.200299,0.84124868,-0.002833,302580.52,302592.60,3739.69,4730.39,no,yes
4613,0.097167,0.92259444,0.001374,293707.11,293701.90,3477.61,4075.36,no,yes
4614,-0.043286,0.96547390,-0.000612,293568.40,293569.37,1481.28,1687.05,no,yes
4615,-0.374063,0.70836136,-0.005290,293468.28,293475.83,1395.93,1460.00,no,yes
4616,0.601888,0.54725567,0.008512,293204.72,293195.27,1110.81,1109.28,no,yes
4617,1.979396,0.04778902,0.027993,293325.59,293283.32,1870.66,1030.57,yes,yes
4618,-0.567929,0.57008953,-0.008032,293568.33,293580.12,1349.54,1577.43,no,yes
4619,-1.226173,0.22015693,-0.017341,293391.73,293429.69,1008.27,2926.89,no,yes
4620,1.616672,0.10596792,0.022863,293528.44,293457.85,3697.29,2322.17,no,yes
4621,-0.276339,0.78229025,-0.003908,293546.48,293551.17,1101.72,1291.09,no,yes
4622,-0.155580,0.87636589,-0.002200,293569.56,293574.62,2232.16,2362.25,no,yes
4623,0.168923,0.86585920,0.002389,293527.32,293523.50,1423.19,1755.18,no,yes
4624,-0.146425,0.88358722,-0.002071,293545.83,293548.11,1174.40,1022.44,no,yes
4625,1.001045,0.31681737,0.014157,293540.36,293527.67,967.92,819.51,no,yes
4626,1.824736,0.06805620,0.025806,293257.75,293226.94,1286.01,1093.50,no,yes
4627,-0.545776,0.58522698,-0.007718,293521.04,293551.53,3142.76,4619.67,no,yes
4628,-0.732156,0.46408190,-0.010354,293407.94,293419.72,1065.90,1203.66,no,yes
4629,0.092733,0.92611683,0.001311,293540.59,293537.78,2205.85,2067.52,no,yes
4630,-0.330327,0.74115616,-0.004672,293629.67,293645.69,3501.21,3355.68,no,yes
4631,0.226614,0.82072614,0.003205,293389.50,293375.99,4065.86,4361.71,no,yes
4632,-0.336223,0.73670647,-0.004755,293264.04,293268.54,967.31,926.76,no,yes
4633,-0.308955,0.75736022,-0.004369,293516.78,293530.29,2078.84,3848.54,no,yes
4634,-0.858233,0.39077592,-0.012137,293637.64,293682.39,2764.28,4421.28,no,yes
4635,-0.233801,0.81514165,-0.003306,293205.04,293213.20,2433.07,2504.52,no,yes
4636,0.040622,0.96759804,0.000574,309012.60,309009.06,6323.40,5972.57,no,yes
4637,-0.078000,0.93782890,-0.001103,293232.86,293235.48,2522.33,2221.34,no,yes
4638,-0.967918,0.33310182,-0.013688,293499.63,293523.13,1011.47,2206.65,no,yes
4639,0.456475,0.64805359,0.006456,293307.28,293288.99,3210.49,2398.08,no,yes
4640,-1.121925,0.26190906,-0.015866,293665.60,293687.16,1152.95,1537.88,no,yes
4641,0.736393,0.46150043,0.010414,293429.40,293419.19,955.62,1004.92,no,yes
4642,0.622217,0.53380601,0.008799,293261.84,293236.09,3047.92,2799.96,no,yes
4643,0.220030,0.82585016,0.003112,293366.49,293360.91,1934.74,1637.45,no,yes
4644,1.246798,0.21248700,0.017632,293443.45,293416.30,1720.98,1334.78,no,yes
4645,-0.667199,0.50465321,-0.009436,293390.75,293400.36,907.47,1119.21,no,yes
4646,-0.191136,0.84842075,-0.002703,293558.32,293570.02,4020.38,4617.09,no,yes
4647,0.808304,0.41892550,0.011431,293661.06,293626.45,3299.93,2727.73,no,yes
4648,-0.289442,0.77224652,-0.004093,298721.93,298739.60,3641.35,4897.05,no,yes
4649,0.363644,0.71612782,0.005143,293454.10,293441.34,2869.47,2022.81,no,yes
4650,0.525504,0.59923872,0.007432,293637.50,293623.81,1856.50,1827.94,no,yes
4651,1.163083,0.24481441,0.016448,293314.38,293259.63,4184.47,2156.25,no,yes
4652,0.745560,0.45594383,0.010544,293682.89,293648.68,3924.87,2375.10,no,yes
4653,0.057536,0.95411842,0.000814,302829.61,302824.48,6271.50,6343.20,no,yes
4654,0.227719,0.81986708,0.003220,293606.91,293597.27,3180.52,2791.89,no,yes
4655,-1.465776,0.14273203,-0.020729,293368.54,293401.33,921.49,2038.77,no,yes
4656,-0.287382,0.77382314,-0.004064,293367.83,293371.54,849.95,971.04,no,yes
4657,-0.278388,0.78071722,-0.003937,293263.28,293275.53,3101.18,3126.25,no,yes
4658,0.427792,0.66880703,0.006050,293362.52,293347.63,2316.09,2596.55,no,yes
4659,1.092559,0.27460146,0.015451,293496.00,293474.38,1577.43,1195.40,no,yes
4660,0.596306,0.55097756,0.008433,293222.11,293207.51,1850.12,1603.13,no,yes
4661,-0.200906,0.84077389,-0.002841,390958.03,390967.17,2938.69,3476.35,no,yes
4662,0.312991,0.75429045,0.004426,293528.76,293522.45,1395.79,1453.68,no,yes
4663,0.883447,0.37700656,0.012494,293285.65,293263.21,2083.60,1453.34,no,yes
4664,-0.321985,0.74746752,-0.004554,293289.08,293299.67,2110.69,2522.24,no,yes
4665,1.232104,0.21792461,0.017425,293574.03,293546.78,1517.39,1609.50,no,yes
4666,0.377178,0.70604590,0.005334,293450.57,293436.51,2947.71,2283.80,no,yes
4667,0.022802,0.98180848,0.000322,293534.06,293533.49,1852.64,1638.18,no,yes
4668,-0.439815,0.66007617,-0.006220,293406.01,293422.24,2265.18,2913.33,no,yes
4669,0.448828,0.65356085,0.006347,307246.02,307221.11,4147.81,3685.37,no,yes
4670,0.197929,0.84310293,0.002799,293447.89,293444.23,1295.30,1319.82,no,yes
4671,-0.466859,0.64060612,-0.006602,293329.07,293343.54,2397.86,1962.07,no,yes
4672,-1.072239,0.28363203,-0.015164,293213.01,293248.93,1288.26,3092.70,no,yes
4673,0.065182,0.94803002,0.000922,293353.03,293348.89,5047.77,3867.15,no,yes
4674,1.139395,0.25455209,0.016113,293223.84,293208.15,1005.37,940.08,no,yes
4675,0.420477,0.67414178,0.005946,303364.30,303350.43,2607.44,2019.65,no,yes
4676,0.997279,0.31864139,0.014104,293233.60,293218.64,1089.06,1031.98,no,yes
4677,0.003292,0.99737307,0.000047,361912.66,361912.52,3226.29,3046.66,no,yes
4678,-0.005012,0.99600074,-0.000071,293467.01,293467.14,1594.94,2001.99,no,yes
4679,-0.413178,0.67948107,-0.005843,293218.18,293226.07,1225.20,1465.48,no,yes
4680,-0.078213,0.93765966,-0.001106,293544.84,293546.12,1159.33,1158.74,no,yes
4681,2.209381,0.02716523,0.031245,293381.19,293266.08,4827.26,1960.64,yes,yes
4682,-1.412680,0.15777105,-0.019978,293191.46,293254.18,1967.07,3980.38,no,yes
4683,1.893297,0.05833861,0.026775,293459.71,293378.48,3877.53,1836.73,no,yes
4684,-0.162150,0.87118914,-0.002293,293635.20,293642.29,3532.34,2578.51,no,yes
4685,0.626249,0.53116067,0.008856,293376.64,293350.32,3626.69,2122.64,no,yes
4686,0.849652,0.39553042,0.012016,293531.69,293510.65,2085.52,1335.18,no,yes
4687,-0.502219,0.61551988,-0.007102,293355.92,293370.39,1671.88,2345.60,no,yes
4688,-0.175683,0.86054501,-0.002485,293551.30,293553.41,784.80,909.60,no,yes
4689,0.223874,0.82285798,0.003166,293167.61,293164.59,953.21,956.23,no,yes
4690,-0.960915,0.33660761,-0.013589,293332.85,293350.74,1080.09,1515.72,no,yes
4691,0.731628,0.46440551,0.010347,293255.41,293233.30,2475.41,1732.81,no,yes
4692,-0.326453,0.74408521,-0.004617,293395.50,293401.00,1172.10,1208.22,no,yes
4693,1.662981,0.09633214,0.023518,293663.15,293629.60,1523.01,1322.96,no,yes
4694,1.672860,0.09437856,0.023658,293279.97,293216.10,3539.64,1431.00,no,yes
4695,-0.065107,0.94808954,-0.000921,293828.61,293834.71,6436.55,6807.23,no,yes
4696,-0.018394,0.98532511,-0.000260,293574.64,293575.13,1877.97,1948.03,no,yes
4697,-0.405816,0.68488215,-0.005739,293401.07,293407.26,1147.09,1008.75,no,yes
4698,0.340949,0.73314535,0.004822,293301.57,293291.04,2178.06,2188.97,no,yes
4699,1.814517,0.06961835,0.025661,293564.73,293474.27,4450.56,2246.53,no,yes
4700,0.398731,0.69009640,0.005639,293280.85,293267.15,2814.52,1967.48,no,yes
4701,1.156154,0.24763452,0.016350,293247.40,293218.28,2131.35,1342.82,no,yes
4702,0.511459,0.60903545,0.007233,293604.20,293595.70,1223.10,1124.20,no,yes
4703,-0.698224,0.48504563,-0.009874,293433.12,293451.03,1625.73,1984.28,no,yes
4704,-0.064331,0.94870765,-0.000910,293577.31,293579.37,2576.19,1881.71,no,yes
4705,-0.577945,0.56330747,-0.008173,361835.04,361860.32,3055.16,3132.10,no,yes
4706,-1.554627,0.12005211,-0.021986,293417.34,293444.11,1026.04,1382.57,no,yes
4707,-0.775563,0.43801818,-0.010968,293280.87,293315.28,2315.49,3785.49,no,yes
4708,0.725307,0.46827493,0.010257,293265.66,293248.51,2104.74,1078.46,no,yes
4709,0.203543,0.83871282,0.002879,296219.68,296214.87,1964.02,1320.34,no,yes
4710,0.079396,0.93671870,0.001123,293351.15,293349.81,1228.92,1151.31,no,yes
4711,0.203641,0.83863609,0.002880,293435.56,293429.77,2032.74,1989.57,no,yes
4712,0.753736,0.45101687,0.010659,293508.52,293474.31,3231.98,3187.88,no,yes
4713,-0.107378,0.91448995,-0.001519,293672.49,293674.07,1119.91,959.16,no,yes
4714,-0.120950,0.90373203,-0.001710,293276.23,293277.99,1101.93,952.91,no,yes
4715,0.863223,0.38802534,0.012208,293637.01,293608.42,2485.53,2188.08,no,yes
4716,0.596969,0.55053486,0.008442,293653.10,293623.69,3565.72,3398.23,no,yes
4717,-0.395750,0.69229384,-0.005597,293214.87,293231.41,3209.91,2679.11,no,yes
4718,0.609562,0.54215920,0.008621,293404.53,293394.63,1235.53,1054.34,no,yes
4719,2.332230,0.01970647,0.032983,293429.54,293320.13,4574.06,1042.29,yes,yes
4720,-0.087727,0.93009454,-0.001241,293593.00,293595.39,1965.43,1874.39,no,yes
4721,-0.818484,0.41309175,-0.011575,361922.64,361970.80,3404.73,4798.67,no,yes
4722,-2.310681,0.02086764,-0.032678,293348.22,293442.58,1178.30,3909.98,yes,yes
4723,-0.514613,0.60682943,-0.007278,293365.52,293381.00,2116.88,2137.20,no,yes
4724,1.820527,0.06869387,0.025746,293264.29,293233.28,1255.06,1151.74,no,yes
4725,0.313265,0.75408226,0.004430,293422.18,293417.47,1094.86,1034.23,no,yes
4726,1.125470,0.26041247,0.015917,293539.95,293508.89,2632.38,828.33,no,yes
4727,1.449895,0.14711059,0.020505,293347.92,293319.33,1800.96,801.59,no,yes
4728,-0.403483,0.68659762,-0.005706,293351.17,293369.74,2942.45,3539.59,no,yes
4729,-0.276984,0.78179545,-0.003917,293414.52,293419.27,1224.77,1204.78,no,yes
4730,1.479192,0.13911271,0.020919,293557.47,293519.02,2399.75,999.11,no,yes
4731,3.003703,0.00267216,0.042479,293411.74,293340.10,2211.01,894.51,yes,yes
4732,-1.103478,0.26983511,-0.015606,293409.08,293452.77,2135.86,3334.58,no,yes
4733,0.678898,0.49721074,0.009601,293473.36,293461.71,1290.07,1131.61,no,yes
4734,-0.349970,0.72636506,-0.004949,293251.82,293257.06,874.12,1214.36,no,yes
4735,0.056627,0.95484251,0.000801,293436.26,293435.08,1359.96,1579.99,no,yes
4736,-0.340021,0.73384430,-0.004809,293421.85,293430.56,2046.62,1538.01,no,yes
4737,0.659869,0.50934536,0.009332,293344.08,293334.14,1046.32,1083.96,no,yes
4738,1.059602,0.28933842,0.014985,301229.72,301213.91,1059.18,1051.57,no,yes
4739,0.604049,0.54581841,0.008543,293499.64,293480.18,2507.30,2023.06,no,yes
4740,-0.777586,0.43682257,-0.010997,293489.86,293512.29,1789.03,2262.95,no,yes
4741,0.121834,0.90303186,0.001723,293378.88,293374.81,2155.54,2545.89,no,yes
4742,0.449411,0.65314029,0.006356,293480.06,293455.28,4082.97,3705.68,no,yes
4743,-0.662365,0.50774530,-0.009367,293541.88,293551.71,980.38,1114.42,no,yes
4744,1.340955,0.17995403,0.018964,293290.69,293261.45,1879.27,1104.65,no,yes
4745,-0.414768,0.67831643,-0.005866,293748.58,293772.75,3469.90,4682.67,no,yes
4746,0.805483,0.42055104,0.011391,293308.52,293295.87,1238.95,966.22,no,yes
4747,-1.273342,0.20291749,-0.018008,293184.25,293211.40,899.91,1932.40,no,yes
4748,-0.030263,0.97585752,-0.000428,293480.50,293480.96,1023.05,1112.54,no,yes
4749,-0.762471,0.44578809,-0.010783,293242.55,293266.11,2119.58,2248.32,no,yes
4750,-0.634570,0.52571736,-0.008974,293337.66,293365.66,2480.58,3649.88,no,yes
4751,-0.917146,0.35908005,-0.012970,302305.23,302341.27,1958.99,3406.76,no,yes
4752,-0.254919,0.79878809,-0.003605,293422.30,293426.22,1107.55,1067.72,no,yes
4753,-0.872922,0.38271588,-0.012345,293320.12,293333.15,1043.47,1067.29,no,yes
4754,-0.381903,0.70253706,-0.005401,293456.99,293471.91,2592.71,2922.66,no,yes
4755,0.628283,0.52982554,0.008885,293508.42,293500.42,934.57,865.70,no,yes
4756,0.318603,0.75003130,0.004506,293326.87,293321.23,1323.55,1176.69,no,yes
4757,0.644658,0.51915628,0.009117,293473.83,293463.46,1134.69,1139.38,no,yes
4758,0.185806,0.85259909,0.002628,293834.19,293817.50,6517.06,6183.42,no,yes
4759,-0.023085,0.98158242,-0.000326,293688.34,293689.24,2818.11,2715.80,no,yes
4760,-1.320930,0.18654047,-0.018681,293332.44,293353.61,1019.01,1236.66,no,yes
4761,0.627099,0.53060426,0.008869,293197.02,293185.08,1701.71,853.81,no,yes
4762,-0.071266,0.94318647,-0.001008,293461.26,293464.86,3167.10,3937.67,no,yes
4763,0.553638,0.57983317,0.007830,293586.67,293575.36,1335.39,1545.79,no,yes
4764,0.193633,0.84646497,0.002738,293343.15,293340.33,1078.92,980.83,no,yes
4765,1.149568,0.25033582,0.016257,293385.01,293368.19,1011.52,1057.46,no,yes
4766,0.327681,0.74315669,0.004634,293691.01,293672.49,4236.38,3742.61,no,yes
4767,-0.068096,0.94571012,-0.000963,293412.34,293413.34,1051.36,1020.22,no,yes
4768,-0.165338,0.86867988,-0.002338,293584.15,293588.53,1750.21,1992.65,no,yes
4769,0.237868,0.81198603,0.003364,293814.24,293790.30,7468.85,6749.64,no,yes
4770,0.119143,0.90516290,0.001685,293537.62,293530.95,4012.49,3910.81,no,yes
4771,-1.213527,0.22494299,-0.017162,293285.14,293305.18,1095.82,1234.94,no,yes
4772,-0.647835,0.51709892,-0.009162,293577.25,293586.31,977.39,999.05,no,yes
4773,-1.888229,0.05902039,-0.026704,300943.02,301022.55,1110.64,4062.94,no,yes
4774,-0.190814,0.84867304,-0.002699,293452.93,293459.66,2397.73,2585.03,no,yes
4775,-0.277132,0.78168156,-0.003919,293260.16,293270.99,2438.94,3055.92,no,yes
4776,-0.292201,0.77013569,-0.004132,293195.00,293204.73,2331.03,2380.70,no,yes
4777,-1.644082,0.10017663,-0.023251,293371.29,293391.83,729.38,1013.97,no,yes
4778,1.151723,0.24945072,0.016288,293299.75,293260.23,2851.99,1908.22,no,yes
4779,0.154847,0.87694369,0.002190,293464.30,293459.77,2263.82,1848.38,no,yes
4780,-0.621975,0.53396585,-0.008796,293449.78,293468.32,1941.36,2262.15,no,yes
4781,-0.255393,0.79842245,-0.003612,293403.74,293406.86,828.91,898.58,no,yes
4782,0.306420,0.75928790,0.004333,293284.83,293271.65,2770.65,3288.10,no,yes
4783,-0.105838,0.91571222,-0.001497,293877.49,293883.49,3946.71,4069.21,no,yes
4784,-0.815116,0.41501933,-0.011527,293478.33,293499.93,1139.36,2391.85,no,yes
4785,0.720192,0.47141596,0.010185,293454.13,293404.71,5501.42,4100.82,no,yes
4786,0.471358,0.63739006,0.006666,293372.56,293360.37,1810.43,1846.45,no,yes
4787,-0.898089,0.36915049,-0.012701,293499.61,293545.51,2878.86,4223.03,no,yes
4788,-0.176327,0.86003913,-0.002494,293208.64,293210.93,981.52,856.35,no,yes
4789,0.086642,0.93095693,0.001225,293289.39,293287.65,1807.46,875.31,no,yes
4790,0.835303,0.40355712,0.011813,293318.78,293307.22,1042.69,909.51,no,yes
4791,0.921297,0.35690713,0.013029,293432.27,293397.75,2985.47,2264.24,no,yes
4792,0.235019,0.81419640,0.003324,293547.42,293526.83,6102.49,6288.44,no,yes
4793,0.344211,0.73069116,0.004868,303258.70,303245.57,3028.91,2318.20,no,yes
4794,-0.005680,0.99546825,-0.000080,293782.90,293783.08,2030.09,2540.35,no,yes
4795,0.790612,0.42918004,0.011181,293431.09,293392.07,3747.37,3211.83,no,yes
4796,0.387844,0.69813544,0.005485,293784.94,293750.26,6436.06,6204.69,no,yes
4797,0.909786,0.36294761,0.012866,305860.21,305826.53,2988.79,2184.64,no,yes
4798,0.035050,0.97204043,0.000496,293495.87,293494.97,1864.80,1784.67,no,yes
4799,0.781511,0.43451215,0.011052,293332.62,293286.38,4752.86,3524.00,no,yes
4800,-0.167631,0.86687536,-0.002371,293467.42,293473.27,2418.19,2518.07,no,yes
4801,0.210611,0.83319293,0.002978,293294.19,293281.76,4260.09,4080.52,no,yes
4802,0.040771,0.96747853,0.000577,293257.69,293255.21,4616.18,3952.77,no,yes
4803,1.317408,0.18771940,0.018631,293292.37,293265.49,1701.91,1125.66,no,yes
4804,-0.084345,0.93278267,-0.001193,293249.97,293253.67,3028.35,3171.75,no,yes
4805,0.888538,0.37426422,0.012566,293306.09,293276.10,2884.31,1753.88,no,yes
4806,-0.078879,0.93712972,-0.001116,293607.13,293611.41,4140.22,3501.90,no,yes
4807,-0.184503,0.85362102,-0.002609,293284.33,293289.36,1251.13,2426.77,no,yes
4808,-0.032368,0.97417927,-0.000458,294713.13,294715.25,4215.58,5005.55,no,yes
4809,-1.394678,0.16312838,-0.019724,293268.53,293288.08,969.03,1012.95,no,yes
4810,1.914803,0.05553343,0.027079,293377.27,293345.14,1364.68,976.73,no,yes
4811,0.457053,0.64763787,0.006464,293404.17,293388.71,2339.71,2443.69,no,yes
4812,-0.835052,0.40369929,-0.011809,293619.06,293635.19,1130.88,1565.42,no,yes
4813,0.501770,0.61583488,0.007096,293275.64,293253.27,3414.11,2865.67,no,yes
4814,-0.457063,0.64763078,-0.006464,293445.49,293455.30,1578.00,1454.78,no,yes
4815,1.546120,0.12209169,0.021865,293663.62,293641.74,1049.83,948.45,no,yes
4816,-0.767358,0.44287782,-0.010852,293523.92,293534.25,918.79,984.16,no,yes
4817,-0.667852,0.50423631,-0.009445,293592.10,293608.57,1508.26,1950.33,no,yes
4818,0.096810,0.92287865,0.001369,293442.13,293439.04,2230.53,2289.88,no,yes
4819,-0.482901,0.62917133,-0.006829,293224.43,293233.89,1386.77,1381.37,no,yes
4820,0.709309,0.47814087,0.010031,293409.14,293393.63,1609.88,1478.90,no,yes
4821,0.487790,0.62570437,0.006898,293408.35,293400.50,1235.71,1031.24,no,yes
4822,0.144066,0.88545006,0.002037,293333.16,293329.43,1829.97,1825.38,no,yes
4823,-0.045785,0.96348187,-0.000648,293383.12,293385.78,4088.84,4129.12,no,yes
4824,0.073161,0.94167916,0.001035,293486.00,293484.25,1378.26,1955.01,no,yes
4825,0.128165,0.89801929,0.001813,293665.07,293658.45,3593.21,3715.96,no,yes
4826,-0.882404,0.37757126,-0.012479,293401.18,293428.86,1620.66,2684.96,no,yes
4827,-0.721045,0.47089051,-0.010197,293424.21,293452.52,2473.89,3048.98,no,yes
4828,-0.506424,0.61256678,-0.007162,293233.97,293245.55,990.52,2061.45,no,yes
4829,0.342099,0.73228022,0.004838,293708.59,293689.35,4655.90,3155.63,no,yes
4830,0.170495,0.86462284,0.002411,293556.30,293551.12,2168.63,2134.14,no,yes
4831,-0.811787,0.41692468,-0.011480,293343.84,293371.30,1887.92,2806.61,no,yes
4832,-0.025526,0.97963540,-0.000361,293313.58,293314.00,1101.87,1250.26,no,yes
4833,0.286383,0.77458774,0.004050,293302.14,293296.39,1156.05,1642.56,no,yes
4834,0.530399,0.59584151,0.007501,293740.50,293690.16,6990.86,6419.45,no,yes
4835,1.357030,0.17478820,0.019191,293665.51,293601.29,3771.30,2858.91,no,yes
4836,0.241735,0.80898777,0.003419,293629.39,293623.36,1726.67,1798.49,no,yes
4837,0.192507,0.84734688,0.002722,293622.40,293618.50,1501.20,1358.45,no,yes
4838,0.919450,0.35787147,0.013003,293483.26,293467.28,1318.49,1132.65,no,yes
4839,-0.149123,0.88145826,-0.002109,293426.78,293429.15,1066.48,1176.62,no,yes
4840,0.107979,0.91401346,0.001527,293364.30,293362.54,1170.40,1131.62,no,yes
4841,-1.213011,0.22514348,-0.017155,293332.93,293393.49,2517.73,4311.76,no,yes
4842,1.716785,0.08603555,0.024279,293347.90,293312.27,1691.71,1201.99,no,yes
4843,0.677012,0.49840708,0.009574,293583.58,293551.95,3844.17,2655.38,no,yes
4844,-0.228100,0.81957063,-0.003226,293576.40,293586.70,3016.99,3364.18,no,yes
4845,-0.694410,0.48743326,-0.009820,293420.82,293441.32,2054.69,2119.75,no,yes
4846,1.124670,0.26074364,0.015905,293265.46,293236.92,2027.48,1526.08,no,yes
4847,0.270117,0.78707280,0.003820,293335.54,293331.54,1026.69,1066.37,no,yes
4848,-0.166784,0.86754144,-0.002359,293491.63,293497.01,2035.00,2499.25,no,yes
4849,0.614315,0.53901390,0.008688,293637.47,293616.23,2527.57,2356.99,no,yes
4850,-0.995782,0.31937133,-0.014082,293174.48,293194.28,960.58,1740.55,no,yes
4851,-1.503340,0.13276741,-0.021260,293392.58,293412.90,886.64,1019.98,no,yes
4852,-0.645876,0.51836681,-0.009134,293753.83,293762.46,926.43,963.30,no,yes
4853,-0.456611,0.64795562,-0.006457,293559.66,293572.69,1768.96,2239.67,no,yes
4854,-0.534145,0.59324725,-0.007554,293506.30,293516.11,1161.32,1424.37,no,yes
4855,-0.479912,0.63129525,-0.006787,293592.44,293609.51,2473.64,2554.29,no,yes
4856,0.309506,0.75694017,0.004377,293234.58,293230.43,889.44,1006.40,no,yes
4857,-0.119653,0.90475973,-0.001692,293422.42,293425.21,2050.77,1101.58,no,yes
4858,-0.348226,0.72767396,-0.004925,293557.42,293574.89,3357.92,3726.97,no,yes
4859,-0.858619,0.39056277,-0.012143,293387.47,293428.62,2670.60,3979.86,no,yes
4860,-0.191109,0.84844230,-0.002703,293193.35,293197.99,1617.40,1811.19,no,yes
4861,2.622813,0.00872790,0.037092,293378.57,293337.34,1266.66,930.72,yes,yes
4862,-0.405850,0.68485717,-0.005740,293464.16,293479.29,2633.90,2639.16,no,yes
4863,-0.783537,0.43332126,-0.011081,293558.43,293573.54,1286.13,1436.61,no,yes
4864,-0.425048,0.67080727,-0.006011,293247.11,293264.28,2174.34,3403.32,no,yes
4865,-0.257565,0.79674538,-0.003643,293555.44,293562.57,1873.87,2041.22,no,yes
4866,-0.857951,0.39093079,-0.012133,293533.03,293576.42,2918.86,4130.76,no,yes
4867,0.405351,0.68522394,0.005733,293282.08,293270.84,2012.93,1907.51,no,yes
4868,0.383141,0.70161965,0.005418,293311.26,293299.28,2183.18,2238.21,no,yes
4869,0.345478,0.72973894,0.004886,293499.41,293481.39,3815.44,3555.14,no,yes
4870,0.051775,0.95870851,0.000732,294147.53,294146.82,968.47,962.66,no,yes
4871,-0.315960,0.75203650,-0.004468,293286.77,293297.78,2114.82,2771.25,no,yes
4872,0.054614,0.95644635,0.000772,293489.07,293487.34,1963.55,2479.14,no,yes
4873,1.755001,0.07928306,0.024819,293230.55,293181.49,2616.03,984.88,no,yes
4874,-0.592742,0.55336075,-0.008383,293308.63,293318.98,1058.23,1389.36,no,yes
4875,0.728742,0.46616804,0.010306,293494.98,293483.88,1077.27,1075.35,no,yes
4876,0.538241,0.59041774,0.007612,293541.91,293531.71,1624.55,976.08,no,yes
4877,0.147331,0.88287272,0.002084,293302.93,293297.74,2144.18,2792.57,no,yes
4878,1.653121,0.09832808,0.023379,293448.98,293391.97,3109.67,1491.09,no,yes
4879,0.534501,0.59300135,0.007559,293425.98,293412.61,2059.90,1419.12,no,yes
4880,0.180393,0.85684560,0.002551,293443.25,293434.24,3858.44,3173.05,no,yes
4881,1.341736,0.17969836,0.018975,293681.34,293613.11,4126.61,2971.07,no,yes
4882,0.553097,0.58020373,0.007822,293284.29,293254.19,4272.16,3372.45,no,yes
4883,0.710876,0.47716989,0.010053,293421.65,293410.90,1169.80,958.37,no,yes
4884,-0.028853,0.97698205,-0.000408,293641.12,293642.36,2968.63,3088.83,no,yes
4885,-0.587997,0.55654097,-0.008316,293544.98,293553.08,973.89,973.29,no,yes
4886,-0.042976,0.96572087,-0.000608,293428.59,293430.24,2106.88,3230.99,no,yes
4887,0.816572,0.41418341,0.011548,294795.38,294773.21,2135.63,1677.23,no,yes
4888,-0.419617,0.67477013,-0.005934,293485.33,293491.89,1108.10,1103.39,no,yes
4889,-1.214598,0.22453670,-0.017177,293385.57,293442.78,2465.12,4013.70,no,yes
4890,-0.047353,0.96223238,-0.000670,293576.20,293577.23,1578.75,1494.43,no,yes
4891,1.027119,0.30437665,0.014526,293572.68,293543.45,2023.66,2000.44,no,yes
4892,-0.828481,0.40740906,-0.011716,293369.73,293385.10,1107.77,1488.31,no,yes
4893,0.254890,0.79881071,0.003605,293265.42,293258.37,1842.12,2061.30,no,yes
4894,-1.109123,0.26739099,-0.015685,293399.83,293415.90,896.87,1137.91,no,yes
4895,-0.272361,0.78534839,-0.003852,293581.16,293595.75,2387.00,4796.38,no,yes
4896,0.380727,0.70340981,0.005384,293503.99,293492.19,2370.70,1997.14,no,yes
4897,-0.210332,0.83341078,-0.002975,293321.82,293333.47,2955.89,4685.87,no,yes
4898,0.659549,0.50955111,0.009327,293473.32,293455.79,1788.65,1966.11,no,yes
4899,1.140905,0.25392339,0.016135,293318.35,293262.98,3607.72,3246.42,no,yes
4900,-0.141169,0.88773800,-0.001996,293610.63,293616.44,2543.00,3242.02,no,yes
4901,0.105546,0.91594342,0.001493,302579.67,302575.14,3127.39,2942.63,no,yes
4902,-0.360806,0.71824901,-0.005103,293371.73,293386.66,2375.52,3388.50,no,yes
4903,2.091797,0.03647022,0.029582,293326.32,293295.57,1176.79,881.60,yes,yes
4904,0.662814,0.50745714,0.009374,303642.66,303358.35,30602.53,30055.85,no,yes
4905,-0.133546,0.89376264,-0.001889,307153.23,307216.99,33619.54,33898.53,no,yes
4906,0.426062,0.67006770,0.006025,305018.00,304776.42,45415.95,33947.07,no,yes
4907,0.914053,0.36070012,0.012927,295764.34,295605.05,12714.09,11919.15,no,yes
4908,1.070129,0.28457676,0.015134,293251.73,293222.39,2346.03,1419.66,no,yes
4909,-0.598892,0.54925240,-0.008470,293328.52,293359.31,3067.92,4126.36,no,yes
4910,-1.003800,0.31548966,-0.014196,293576.45,293610.70,1788.79,2906.53,no,yes
4911,-0.250145,0.80247805,-0.003538,293790.37,293819.47,8119.20,8330.69,no,yes
4912,-0.421419,0.67345357,-0.005960,293634.58,293654.76,3342.59,3431.33,no,yes
4913,1.223084,0.22132111,0.017297,293291.38,293250.99,3116.26,1090.47,no,yes
4914,1.663032,0.09632217,0.023519,293244.03,293217.98,1190.90,1018.33,no,yes
4915,1.277942,0.20128696,0.018073,293351.21,293300.20,3314.27,2224.39,no,yes
4916,-1.826359,0.06781886,-0.025829,293571.08,293657.30,1770.53,4376.49,no,yes
4917,-0.551077,0.58158730,-0.007793,293281.57,293305.42,2755.34,3336.86,no,yes
4918,-0.100989,0.91956013,-0.001428,293499.67,293505.80,4219.49,4362.29,no,yes
4919,-0.185837,0.85257499,-0.002628,293418.39,293423.28,1389.22,2231.62,no,yes
4920,0.493275,0.62182350,0.006976,293590.57,293582.45,1216.98,1107.88,no,yes
4921,0.873500,0.38240236,0.012353,293574.63,293536.39,3585.88,2511.14,no,yes
4922,0.742820,0.45759919,0.010505,293430.16,293418.64,1097.59,1095.87,no,yes
4923,0.933918,0.35035950,0.013208,293364.11,293326.20,3429.91,2169.77,no,yes
4924,-0.097931,0.92198778,-0.001385,293624.28,293629.54,3753.57,3830.82,no,yes
4925,0.625911,0.53138034,0.008852,298533.62,298514.79,2286.63,1953.69,no,yes
4926,-0.116177,0.90751376,-0.001643,361906.63,361910.41,2078.93,2496.72,no,yes
4927,1.080533,0.27991842,0.015281,293287.66,293263.20,1739.00,1449.30,no,yes
4928,0.754822,0.45036652,0.010675,293316.97,293283.76,3722.69,2344.92,no,yes
4929,0.533226,0.59388378,0.007541,293338.50,293328.02,1578.52,1169.45,no,yes
4930,1.395493,0.16288460,0.019735,293847.54,293808.97,2278.41,1564.73,no,yes
4931,-0.042722,0.96592342,-0.000604,296602.03,296605.90,6675.38,6123.06,no,yes
4932,0.301805,0.76280424,0.004268,293534.46,293515.37,4661.03,4273.83,no,yes
4933,-0.686461,0.49243299,-0.009708,293550.68,293566.02,1005.25,1996.30,no,yes
4934,0.605645,0.54475728,0.008565,293470.41,293445.04,3166.92,2742.17,no,yes
4935,-0.009312,0.99256998,-0.000132,293567.57,293567.80,1695.92,1737.46,no,yes
4936,-0.188494,0.85049102,-0.002666,293500.34,293507.98,2886.57,2846.17,no,yes
4937,-0.107551,0.91435283,-0.001521,293470.33,293471.96,1037.78,1106.03,no,yes
4938,-0.562308,0.57391236,-0.007952,293196.46,293206.10,1115.55,1299.91,no,yes
4939,0.695298,0.48687667,0.009833,293640.92,293604.67,3715.88,3657.73,no,yes
4940,0.009735,0.99223254,0.000138,293409.70,293409.56,943.59,1100.12,no,yes
4941,0.109011,0.91319523,0.001542,293232.84,293230.10,1874.37,1673.70,no,yes
4942,1.891277,0.05860266,0.026747,293587.27,293559.70,1145.12,902.03,no,yes
4943,-0.299079,0.76488272,-0.004230,293478.53,293498.14,4559.40,4712.09,no,yes
4944,0.264968,0.79103720,0.003747,293426.66,293419.91,1961.53,1623.90,no,yes
4945,-0.317115,0.75116013,-0.004485,293617.05,293639.12,4067.94,5647.04,no,yes
4946,1.256242,0.20904323,0.017766,293617.54,293596.85,1229.99,1096.15,no,yes
4947,-0.104551,0.91673326,-0.001479,293768.22,293773.83,3856.95,3730.40,no,yes
4948,1.730798,0.08350372,0.024477,293342.19,293316.69,1130.64,944.20,no,yes
4949,0.044269,0.96469030,0.000626,293332.82,293332.19,962.24,1050.34,no,yes
4950,-0.723428,0.46942844,-0.010231,293319.67,293344.76,1551.30,3102.50,no,yes
4951,-1.091891,0.27489670,-0.015442,293544.98,293562.54,845.21,1367.77,no,yes
4952,-0.187193,0.85151135,-0.002647,293240.28,293245.76,1933.54,2191.65,no,yes
4953,-0.357273,0.72089124,-0.005053,293339.18,293351.54,2224.18,2650.75,no,yes
4954,-0.078637,0.93732239,-0.001112,293372.13,293374.28,1285.75,2421.10,no,yes
4955,-0.191355,0.84824920,-0.002706,293451.17,293456.72,1944.50,2154.73,no,yes
4956,0.024307,0.98060812,0.000344,293521.15,293520.00,3548.68,3135.27,no,yes
4957,1.061268,0.28858106,0.015009,293394.57,293377.29,1223.99,1074.07,no,yes
4958,-0.181226,0.85619175,-0.002563,293457.63,293466.78,3524.28,3618.57,no,yes
4959,1.470344,0.14148995,0.020794,293227.37,293189.28,2313.32,1165.77,no,yes
4960,-0.135418,0.89228263,-0.001915,293611.02,293619.67,3957.37,5013.41,no,yes
4961,-0.029080,0.97680130,-0.000411,293258.19,293258.77,1144.56,1594.64,no,yes
4962,0.359410,0.71929354,0.005083,299123.60,299114.14,2303.22,1273.31,no,yes
4963,-0.692243,0.48879312,-0.009790,293384.90,293395.94,1089.49,1164.06,no,yes
4964,0.465242,0.64176423,0.006580,293444.75,293434.26,1939.79,1148.02,no,yes
4965,-0.035141,0.97196742,-0.000497,293268.06,293268.55,1063.07,911.08,no,yes
4966,-2.173973,0.02972885,-0.030745,293317.90,293426.64,979.55,4905.31,yes,yes
4967,1.544798,0.12241162,0.021847,293396.72,293374.56,1120.72,894.53,no,yes
4968,0.734120,0.46288468,0.010382,293529.98,293512.14,1851.13,1575.16,no,yes
4969,-1.072683,0.28342729,-0.015170,293246.43,293267.14,1144.19,1555.07,no,yes
4970,0.813415,0.41599025,0.011503,293596.71,293581.97,1360.75,1196.77,no,yes
4971,-0.059933,0.95220938,-0.000848,293293.39,293296.24,3022.89,3665.20,no,yes
4972,0.299083,0.76487968,0.004230,293423.40,293413.06,2119.96,2729.36,no,yes
4973,1.146214,0.25172188,0.016210,293491.54,293473.03,1320.83,929.43,no,yes
4974,-0.369492,0.71176523,-0.005225,293475.26,293496.35,3961.70,4112.22,no,yes
4975,0.402962,0.68698109,0.005699,293544.11,293530.45,2797.58,1911.91,no,yes
4976,-0.587496,0.55687747,-0.008308,294531.53,294555.37,2581.29,3131.72,no,yes
4977,0.933388,0.35063142,0.013200,293492.10,293460.47,2578.05,2199.10,no,yes
4978,1.297471,0.19448885,0.018349,293572.54,293545.47,1844.95,975.55,no,yes
4979,0.083256,0.93364889,0.001177,293450.41,293446.63,3178.96,3250.15,no,yes
4980,0.876989,0.38050379,0.012402,303864.73,303845.16,1371.67,1760.68,no,yes
4981,1.346250,0.17823907,0.019039,293389.91,293359.73,1843.52,1276.08,no,yes
4982,-0.036492,0.97089061,-0.000516,293466.01,293466.64,1328.24,1085.62,no,yes
4983,-0.330691,0.74088140,-0.004677,293508.10,293520.51,2558.80,2746.11,no,yes
4984,-0.529073,0.59676096,-0.007482,293409.21,293433.51,2874.07,3582.59,no,yes
4985,-1.155154,0.24804340,-0.016336,293500.74,293556.09,2615.44,4015.45,no,yes
4986,0.388908,0.69734875,0.005500,293226.78,293211.97,3096.17,2219.22,no,yes
4987,0.899204,0.36855507,0.012717,293588.38,293573.77,1244.68,1044.58,no,yes
4988,-0.693645,0.48791307,-0.009810,293332.61,293342.37,981.88,1009.21,no,yes
4989,0.601813,0.54730547,0.008511,293626.82,293610.66,2088.16,1686.97,no,yes
4990,-2.399918,0.01641562,-0.033940,293278.30,293399.40,977.76,4950.29,yes,yes
4991,-0.564228,0.57260525,-0.007979,293674.01,293682.15,919.01,1112.92,no,yes
4992,1.066823,0.28606642,0.015087,293472.26,293432.07,3128.10,2100.18,no,yes
4993,0.375890,0.70700303,0.005316,293451.93,293439.21,2661.99,2089.53,no,yes
4994,0.279073,0.78019236,0.003947,293394.32,293389.31,1508.37,971.37,no,yes
4995,0.825001,0.40938158,0.011667,293769.73,293723.98,4470.43,3282.82,no,yes
4996,-0.027083,0.97839405,-0.000383,294619.32,294619.70,1013.96,952.14,no,yes
4997,-0.005213,0.99584071,-0.000074,302045.28,302048.96,49881.45,49922.18,no,yes
4998,-0.533373,0.59378170,-0.007543,293577.75,293592.00,1718.76,2045.22,no,yes
4999,-0.160173,0.87274675,-0.002265,293320.23,293322.32,910.60,941.01,no,yes
5000,-0.223423,0.82320915,-0.003160,293456.10,293464.10,1939.94,3007.37,no,yes
5001,0.729785,0.46553037,0.010321,293588.06,293576.60,1133.07,1087.93,no,yes
5002,0.038736,0.96910105,0.000548,293249.15,293248.43,1264.20,1355.54,no,yes
5003,-0.078841,0.93715970,-0.001115,293362.36,293364.61,2362.08,1610.11,no,yes
5004,0.496048,0.61986573,0.007015,293591.23,293575.43,2259.51,2244.03,no,yes
5005,0.248449,0.80378957,0.003514,293310.83,293304.23,1928.28,1823.97,no,yes
5006,0.847296,0.39684291,0.011983,293589.59,293552.18,3805.53,2237.90,no,yes
5007,0.114101,0.90915876,0.001614,293478.60,293476.88,1162.33,959.73,no,yes
5008,-1.483932,0.13784408,-0.020986,293416.95,293445.56,1153.77,1545.07,no,yes
5009,1.236633,0.21623781,0.017489,293253.41,293234.52,1120.45,1037.81,no,yes
5010,-0.296723,0.76668105,-0.004196,293225.58,293230.74,1400.02,1033.73,no,yes
5011,-0.722115,0.47023243,-0.010212,293403.05,293415.13,1108.58,1252.77,no,yes
5012,0.376511,0.70654133,0.005325,293243.51,293232.41,2097.75,2069.60,no,yes
5013,-0.097073,0.92266933,-0.001373,294187.51,294191.87,3180.39,3173.68,no,yes
5014,0.896210,0.37015225,0.012674,293408.31,293395.82,1104.93,850.38,no,yes
5015,0.852491,0.39395352,0.012056,293497.84,293456.19,4091.98,2669.90,no,yes
5016,-0.140564,0.88821573,-0.001988,293493.45,293501.60,4034.44,4167.11,no,yes
5017,-0.192472,0.84737471,-0.002722,293285.41,293294.02,3346.53,2973.57,no,yes
5018,-1.430282,0.15265836,-0.020227,293368.56,293421.39,1550.44,3352.39,no,yes
5019,-0.938587,0.34795603,-0.013274,293541.33,293580.93,2306.74,3532.24,no,yes
5020,0.573062,0.56660924,0.008104,293618.81,293593.37,3296.35,2972.69,no,yes
5021,-2.300379,0.02144160,-0.032532,293183.71,293242.23,1031.94,2325.17,yes,yes
5022,0.490291,0.62393316,0.006934,293557.01,293547.49,1413.32,1331.92,no,yes
5023,0.747574,0.45472769,0.010572,293236.78,293221.57,1744.76,1046.47,no,yes
5024,-0.123941,0.90136309,-0.001753,293487.87,293492.06,2555.47,2219.85,no,yes
5025,-1.272051,0.20337480,-0.017990,293566.67,293617.74,1814.04,3581.62,no,yes
5026,0.077344,0.93835099,0.001094,293488.33,293486.98,1215.59,1249.34,no,yes
5027,-1.061351,0.28854316,-0.015010,293468.56,293483.18,923.00,1022.63,no,yes
5028,0.967922,0.33309490,0.013688,293250.08,293233.92,1196.85,1163.40,no,yes
5029,0.081442,0.93509105,0.001152,293566.48,293562.88,3097.92,3141.73,no,yes
5030,0.472366,0.63667068,0.006680,293488.11,293480.16,1133.19,1246.53,no,yes
5031,0.306536,0.75920002,0.004335,293401.55,293393.54,2032.33,1639.27,no,yes
5032,0.616058,0.53786340,0.008712,293325.45,293289.99,4215.69,3918.43,no,yes
5033,0.129840,0.89669431,0.001836,293219.79,293216.36,1998.24,1724.49,no,yes
5034,-0.912998,0.36125562,-0.012912,293590.45,293628.82,2444.09,3419.14,no,yes
5035,0.342831,0.73172909,0.004848,293636.54,293625.90,2468.10,1878.62,no,yes
5036,1.392578,0.16377157,0.019694,293355.58,293298.63,3824.10,1448.42,no,yes
5037,0.199030,0.84224111,0.002815,293367.22,293360.93,2095.32,2365.52,no,yes
5038,-0.395953,0.69214442,-0.005600,293257.60,293279.15,3204.54,4399.39,no,yes
5039,0.120515,0.90407655,0.001704,293188.85,293185.86,1794.56,1719.20,no,yes
5040,-1.367799,0.17139568,-0.019344,293229.23,293271.12,1389.15,2729.40,no,yes
5041,0.194371,0.84588703,0.002749,293281.92,293275.73,2317.63,2182.63,no,yes
5042,1.553082,0.12042600,0.021964,293471.43,293431.99,2308.74,1057.55,no,yes
5043,0.699033,0.48454103,0.009886,293390.26,293375.32,1789.91,1168.74,no,yes
5044,-0.555651,0.57845599,-0.007858,293262.84,293277.09,1636.07,1975.42,no,yes
5045,-1.975590,0.04821508,-0.027939,299458.96,299494.09,1206.72,1305.93,yes,yes
5046,0.348204,0.72769076,0.004924,293448.92,293440.31,1908.82,1568.56,no,yes
5047,-0.591224,0.55437717,-0.008361,293534.77,293574.66,4149.39,5319.22,no,yes
5048,-0.356957,0.72112795,-0.005048,293484.06,293498.19,2848.31,2749.53,no,yes
5049,0.260576,0.79442237,0.003685,293753.37,293728.17,6949.97,6720.80,no,yes
5050,-0.106077,0.91552258,-0.001500,293348.61,293351.27,1613.48,1918.24,no,yes
5051,0.945026,0.34465701,0.013365,293310.44,293279.80,2354.86,2228.95,no,yes
5052,0.125485,0.90014066,0.001775,293521.28,293519.43,1086.10,1005.17,no,yes
5053,0.877269,0.38035099,0.012406,293383.11,293360.69,1897.28,1713.47,no,yes
5054,0.170703,0.86445939,0.002414,293242.12,293235.93,2756.50,2350.46,no,yes
5055,1.023272,0.30619231,0.014471,293507.22,293479.01,2143.78,1733.56,no,yes
5056,0.086542,0.93103626,0.001224,293233.13,293231.08,1553.79,1795.78,no,yes
5057,0.113605,0.90955243,0.001607,293397.96,293393.97,2550.26,2417.82,no,yes
5058,0.025409,0.97972873,0.000359,300937.34,300936.77,1885.83,1213.40,no,yes
5059,-0.324162,0.74581907,-0.004584,293316.69,293333.85,3292.46,4143.91,no,yes
5060,0.635063,0.52539585,0.008981,293434.30,293415.07,2524.25,1673.61,no,yes
5061,-0.973117,0.33050836,-0.013762,293455.70,293482.07,1573.92,2206.20,no,yes
5062,-0.022672,0.98191205,-0.000321,293418.10,293418.48,1334.73,1015.21,no,yes
5063,-0.096859,0.92283949,-0.001370,293417.86,293422.07,3138.08,3013.72,no,yes
5064,1.658815,0.09717778,0.023459,293552.18,293502.04,2837.33,1041.34,no,yes
5065,1.838133,0.06605843,0.025995,293309.29,293284.73,1046.30,831.16,no,yes
5066,0.388738,0.69747441,0.005498,293241.54,293230.41,1897.69,2141.50,no,yes
5067,0.335758,0.73705845,0.004748,293496.38,293487.92,2256.82,1118.36,no,yes
5068,0.300373,0.76389593,0.004248,293214.27,293205.15,2189.04,2106.68,no,yes
5069,2.023941,0.04298989,0.028623,293277.17,293243.74,1268.09,1058.56,yes,yes
5070,0.091466,0.92712315,0.001294,293610.77,293607.61,2364.73,2524.71,no,yes
5071,0.062498,0.95016669,0.000884,293619.62,293616.67,3275.81,3404.34,no,yes
5072,-0.113180,0.90988882,-0.001601,293400.71,293403.74,1961.05,1825.84,no,yes
5073,0.810260,0.41780087,0.011459,293724.80,293697.22,2591.22,2206.11,no,yes
5074,0.273780,0.78425620,0.003872,293721.09,293696.44,6440.31,6289.12,no,yes
5075,0.412034,0.68031872,0.005827,293472.02,293460.57,1983.82,1943.83,no,yes
5076,-0.534437,0.59304529,-0.007558,298612.41,298638.96,3239.29,3765.85,no,yes
5077,-0.552911,0.58033114,-0.007819,293520.10,293529.40,994.13,1355.99,no,yes
5078,-0.102211,0.91859012,-0.001445,390911.53,390916.58,3426.41,3563.27,no,yes
5079,0.122633,0.90239922,0.001734,293600.36,293598.52,1012.15,1101.42,no,yes
5080,0.506477,0.61252843,0.007163,293381.43,293364.45,2795.46,1851.40,no,yes
5081,-0.053591,0.95726168,-0.000758,293274.54,293276.00,2115.31,1722.45,no,yes
5082,-0.015705,0.98746963,-0.000222,293428.10,293428.67,2163.71,2856.54,no,yes
5083,0.351367,0.72531668,0.004969,293584.04,293576.48,1499.90,1542.77,no,yes
5084,0.068685,0.94524099,0.000971,293493.15,293492.03,1136.70,1169.14,no,yes
5085,0.462200,0.64394325,0.006536,293518.83,293499.74,2945.05,2896.23,no,yes
5086,0.277518,0.78138532,0.003925,293578.22,293565.84,3459.11,2818.83,no,yes
5087,-0.460919,0.64486167,-0.006518,293411.65,293418.62,1033.71,1102.40,no,yes
5088,1.116078,0.26440221,0.015784,293230.34,293213.22,1143.67,1021.94,no,yes
5089,-0.384446,0.70065198,-0.005437,293468.16,293473.23,901.19,963.39,no,yes
5090,-0.079268,0.93682059,-0.001121,293295.26,293299.16,3710.55,3230.12,no,yes
5091,-1.191005,0.23366630,-0.016843,293230.55,293247.38,892.06,1095.20,no,yes
5092,-0.210714,0.83311277,-0.002980,293365.88,293373.53,2163.72,2916.95,no,yes
5093,1.065228,0.28678744,0.015065,293219.74,293187.97,2462.16,1682.34,no,yes
5094,-0.829827,0.40664791,-0.011736,293583.85,293610.39,1808.01,2637.76,no,yes
5095,-0.343442,0.73126998,-0.004857,303364.58,303385.32,3915.28,4600.46,no,yes
5096,-1.293643,0.19580454,-0.018295,293587.46,293608.04,996.89,1240.37,no,yes
5097,0.129696,0.89680857,0.001834,303985.27,303977.81,4314.35,3802.22,no,yes
5098,0.425254,0.67065664,0.006014,293319.45,293305.49,2626.80,1966.33,no,yes
5099,0.769233,0.44176481,0.010879,293597.37,293574.43,2343.38,1845.01,no,yes
5100,-0.476146,0.63397692,-0.006734,293542.08,293554.26,1263.29,2224.02,no,yes
5101,-0.515622,0.60612435,-0.007292,293213.78,293222.64,1227.34,1203.57,no,yes
5102,-0.128865,0.89746548,-0.001822,293238.56,293242.29,2177.25,1900.08,no,yes
5103,-0.344950,0.73013546,-0.004878,293757.24,293762.39,1056.44,1056.99,no,yes
5104,0.946759,0.34377463,0.013389,293360.48,293337.30,2044.66,1346.91,no,yes
5105,-0.362512,0.71697320,-0.005127,293222.17,293235.47,2506.27,2677.82,no,yes
5106,-1.351114,0.17667481,-0.019108,293225.11,293244.20,907.84,1082.43,no,yes
5107,0.189327,0.84983885,0.002677,293561.70,293557.49,1665.68,1473.72,no,yes
5108,0.201537,0.84028069,0.002850,293244.27,293241.57,956.50,937.47,no,yes
5109,-1.295878,0.19503394,-0.018326,293169.51,293200.81,1429.98,1947.10,no,yes
5110,0.189806,0.84946343,0.002684,293435.26,293430.40,1847.62,1775.83,no,yes
5111,0.717201,0.47325870,0.010143,293333.49,293294.74,4256.30,3328.39,no,yes
5112,0.118532,0.90564707,0.001676,293538.61,293532.51,3770.48,3503.01,no,yes
5113,0.265609,0.79054322,0.003756,293412.61,293408.19,1298.84,1038.20,no,yes
5114,1.178356,0.23867136,0.016664,293420.60,293398.25,1600.23,1017.72,no,yes
5115,0.352472,0.72448828,0.004985,293466.32,293458.03,1948.47,1315.13,no,yes
5116,-0.288377,0.77306115,-0.004078,293400.50,293414.76,3127.52,3832.57,no,yes
5117,1.423914,0.15448706,0.020137,300999.78,300963.35,1787.64,1830.59,no,yes
5118,0.031810,0.97462386,0.000450,293428.00,293427.13,1756.78,2114.58,no,yes
5119,0.956315,0.33892615,0.013524,293198.97,293182.88,1396.44,939.81,no,yes
5120,0.394901,0.69292040,0.005585,293483.35,293468.93,2926.81,2182.08,no,yes
5121,-0.016653,0.98671332,-0.000236,361913.38,361913.75,1450.66,1614.02,no,yes
5122,-0.004372,0.99651201,-0.000062,293494.72,293494.78,963.76,964.29,no,yes
5123,0.051187,0.95917724,0.000724,293449.81,293447.51,3260.21,3088.15,no,yes
5124,0.118107,0.90598378,0.001670,293568.79,293566.75,1082.42,1355.34,no,yes
5125,0.711193,0.47697420,0.010058,293473.68,293446.50,3179.12,2120.65,no,yes
5126,-0.088373,0.92958075,-0.001250,296425.22,296430.36,4211.95,4002.61,no,yes
5127,-0.028159,0.97753591,-0.000398,293489.86,293490.90,2227.18,2939.15,no,yes
5128,-0.502030,0.61565199,-0.007100,293361.26,293382.19,2963.15,2932.88,no,yes
5129,1.159196,0.24639047,0.016394,293385.91,293367.08,1201.20,1093.16,no,yes
5130,1.859057,0.06304019,0.026291,293386.15,293334.12,2553.26,1147.28,no,yes
5131,-0.320763,0.74839324,-0.004536,293643.00,293658.95,3473.55,3558.67,no,yes
5132,0.821586,0.41132232,0.011619,300918.25,300905.27,1112.00,1123.01,no,yes
5133,-0.236469,0.81307118,-0.003344,293570.62,293582.95,3413.68,3943.77,no,yes
5134,-0.156982,0.87526118,-0.002220,293386.80,293391.86,2648.64,1841.76,no,yes
5135,-0.207427,0.83567831,-0.002933,293557.24,293562.07,1594.06,1695.44,no,yes
5136,1.774609,0.07598398,0.025097,293536.67,293486.72,2549.82,1192.07,no,yes
5137,0.879689,0.37904155,0.012441,293419.98,293379.61,4047.11,2163.79,no,yes
5138,0.322468,0.74710149,0.004560,293288.34,293278.50,2174.00,2142.45,no,yes
5139,-0.415593,0.67771241,-0.005877,293242.58,293256.23,2435.74,2204.92,no,yes
5140,0.361859,0.71746099,0.005117,293541.46,293530.61,2080.22,2159.23,no,yes
5141,-0.315110,0.75268190,-0.004456,293607.50,293613.46,1116.94,1525.75,no,yes
5142,0.842316,0.39962096,0.011912,293391.49,293376.64,1269.48,1222.85,no,yes
5143,-0.345699,0.72957249,-0.004889,361863.81,361872.18,1745.27,1677.43,no,yes
5144,0.589640,0.55544067,0.008339,308699.56,308688.16,1675.14,966.33,no,yes
5145,-1.268545,0.20461863,-0.017940,293220.55,293242.57,1128.80,1318.09,no,yes
5146,0.253651,0.79976831,0.003587,293545.41,293535.49,3130.94,2340.13,no,yes
5147,1.097285,0.27253184,0.015518,293565.27,293514.16,3831.32,2648.39,no,yes
5148,0.176713,0.85973554,0.002499,293330.25,293320.97,3550.74,3864.57,no,yes
5149,-0.157777,0.87463412,-0.002231,293517.76,293524.63,3230.03,2926.32,no,yes
5150,-0.021887,0.98253829,-0.000310,295021.49,295028.76,23369.52,23598.02,no,yes
5151,-0.811345,0.41717753,-0.011474,293323.45,293336.96,1115.26,1236.64,no,yes
5152,0.948273,0.34300480,0.013411,293302.83,293261.69,3754.73,2171.73,no,yes
5153,0.121497,0.90329843,0.001718,293351.28,293345.70,3186.17,3309.69,no,yes
5154,1.068672,0.28523059,0.015113,293549.02,293526.77,1518.51,1424.55,no,yes
5155,-0.680547,0.49616643,-0.009624,293597.44,293612.19,1381.97,1669.76,no,yes
5156,0.189224,0.84991956,0.002676,293367.53,293362.88,1707.23,1768.43,no,yes
5157,-0.294675,0.76824516,-0.004167,293614.54,293631.40,3532.40,4500.23,no,yes
5158,-0.109614,0.91271634,-0.001550,293862.46,293867.10,2943.32,3034.64,no,yes
5159,-0.357752,0.72053323,-0.005059,293631.84,293642.46,1536.46,2539.65,no,yes
5160,0.530431,0.59581990,0.007501,293445.10,293433.66,1742.76,1268.79,no,yes
5161,0.441329,0.65898070,0.006241,293479.78,293471.13,1670.17,1025.42,no,yes
5162,-0.719297,0.47196622,-0.010172,293494.09,293508.82,1496.22,1398.03,no,yes
5163,1.156485,0.24750162,0.016355,293523.16,293501.27,1690.44,851.05,no,yes
5164,-0.135550,0.89217810,-0.001917,299699.95,299707.39,4213.69,3515.63,no,yes
5165,0.652013,0.51440111,0.009221,293508.86,293498.81,1274.26,865.20,no,yes
5166,0.070937,0.94344898,0.001003,293296.61,293294.09,2451.79,2572.12,no,yes
5167,-0.287512,0.77372353,-0.004066,293466.11,293478.07,2632.35,3222.13,no,yes
5168,-0.598560,0.54947319,-0.008465,293707.62,293729.82,2336.24,2879.51,no,yes
5169,1.285819,0.19852101,0.018184,293445.78,293421.28,1380.46,1313.76,no,yes
5170,0.466507,0.64085799,0.006597,293519.88,293504.20,2480.03,2267.83,no,yes
5171,-0.836757,0.40274124,-0.011834,293225.97,293264.94,2386.28,4000.03,no,yes
5172,-1.316568,0.18799989,-0.018619,293179.46,293199.81,904.75,1252.64,no,yes
5173,-1.241617,0.21439258,-0.017559,293323.95,293340.80,895.57,1020.02,no,yes
5174,0.664471,0.50639665,0.009397,293307.90,293289.12,2208.21,1763.81,no,yes
5175,-1.083290,0.27869383,-0.015320,293296.17,293360.35,3624.65,4686.31,no,yes
5176,-1.557041,0.11948223,-0.022020,294700.79,294752.68,1503.79,2973.85,no,yes
5177,1.345008,0.17863853,0.019021,293558.67,293535.64,1326.66,1083.37,no,yes
5178,-1.762423,0.07801745,-0.024924,293518.00,293582.39,1770.85,3195.92,no,yes
5179,1.122089,0.26184107,0.015869,293518.31,293492.69,1969.63,1154.71,no,yes
5180,1.165972,0.24364056,0.016489,293191.27,293174.82,1113.22,866.55,no,yes
5181,0.570744,0.56817965,0.008072,293494.41,293473.24,2850.17,2373.50,no,yes
5182,0.435472,0.66322492,0.006158,293356.39,293345.13,1983.12,1661.71,no,yes
5183,0.628634,0.52959654,0.008890,293413.53,293392.77,2639.83,1983.46,no,yes
5184,-0.514311,0.60703995,-0.007273,293243.44,293252.95,1262.81,1351.18,no,yes
5185,-0.500949,0.61641281,-0.007084,293578.18,293590.16,1640.24,1739.39,no,yes
5186,0.305512,0.75997950,0.004321,293261.47,293251.54,2301.98,2294.47,no,yes
5187,-0.281059,0.77866801,-0.003975,293532.65,293536.38,868.68,1001.76,no,yes
5188,1.675718,0.09380991,0.023698,293362.41,293334.74,1289.17,1031.85,no,yes
5189,-0.032857,0.97378867,-0.000465,293383.53,293384.52,1968.59,2300.26,no,yes
5190,0.824444,0.40969745,0.011659,293269.67,293247.24,2058.42,1779.96,no,yes
5191,-0.026239,0.97906711,-0.000371,293443.87,293444.53,1919.58,1627.27,no,yes
5192,0.004608,0.99632305,0.000065,293502.26,293501.98,4229.42,4249.50,no,yes
5193,-0.675325,0.49947692,-0.009551,293476.58,293487.64,1085.15,1225.89,no,yes
5194,-0.491377,0.62316568,-0.006949,293225.05,293235.87,1226.78,1828.70,no,yes
5195,0.280181,0.77934167,0.003962,361877.13,361865.70,3002.67,2761.17,no,yes
5196,-1.182265,0.23711478,-0.016720,293744.74,293790.41,2529.58,2919.11,no,yes
5197,0.477807,0.63279295,0.006757,293644.96,293624.51,3129.61,2920.28,no,yes
5198,0.199278,0.84204714,0.002818,293411.80,293408.32,1214.67,1254.65,no,yes
5199,-0.638099,0.52341703,-0.009024,293591.81,293603.61,1191.22,1412.57,no,yes
5200,0.087751,0.93007560,0.001241,293345.53,293342.91,2005.00,2217.12,no,yes
5201,1.172171,0.24114551,0.016577,293582.92,293545.11,2780.41,1635.07,no,yes
5202,-0.347338,0.72834125,-0.004912,293471.39,293482.80,2283.63,2360.55,no,yes
5203,-0.050809,0.95947785,-0.000719,293229.76,293231.08,1761.54,1913.27,no,yes
5204,-0.382285,0.70225412,-0.005406,293531.13,293543.03,2205.73,2195.77,no,yes
5205,0.016127,0.98713359,0.000228,293552.57,293552.35,1014.09,892.93,no,yes
5206,0.804063,0.42136995,0.011371,293365.20,293351.67,1166.47,1213.00,no,yes
5207,-0.151138,0.87986817,-0.002137,293686.66,293694.82,3508.29,4100.35,no,yes
5208,0.624922,0.53202925,0.008838,293553.98,293543.44,1203.28,1180.38,no,yes
5209,-0.496299,0.61968900,-0.007019,293680.15,293688.24,1152.22,1153.47,no,yes
5210,-1.136045,0.25595540,-0.016066,293319.49,293361.21,1731.44,3238.56,no,yes
5211,0.596260,0.55100821,0.008432,293474.32,293446.84,3477.79,3022.83,no,yes
5212,-1.665355,0.09586033,-0.023552,293246.49,293305.34,1921.14,2965.93,no,yes
5213,-0.296336,0.76697664,-0.004191,293340.80,293346.93,1563.48,1353.10,no,yes
5214,1.536818,0.12435473,0.021734,293451.08,293407.88,2217.81,1727.05,no,yes
5215,-0.438994,0.66067100,-0.006208,293375.23,293380.82,935.92,862.36,no,yes
5216,-1.683464,0.09230214,-0.023808,293667.17,293707.08,1415.71,1902.00,no,yes
5217,1.163452,0.24466052,0.016454,293182.60,293163.71,1226.49,1063.70,no,yes
5218,-0.122312,0.90265290,-0.001730,293349.76,293352.63,1362.68,1906.30,no,yes
5219,0.971186,0.33146819,0.013735,293208.18,293192.27,1300.67,996.35,no,yes
5220,0.855210,0.39244520,0.012094,293181.69,293165.63,1386.01,1268.05,no,yes
5221,-0.406093,0.68467865,-0.005743,293561.72,293575.97,2144.76,2776.21,no,yes
5222,-1.077925,0.28108050,-0.015244,293336.48,293373.52,2195.16,2643.39,no,yes
5223,-0.727103,0.46717180,-0.010283,293468.70,293497.80,2383.68,3215.78,no,yes
5224,0.554756,0.57906801,0.007845,293505.71,293497.11,1116.78,1074.71,no,yes
5225,1.038676,0.29896814,0.014689,293351.00,293333.38,1199.78,1199.57,no,yes
5226,-0.337344,0.73586141,-0.004771,293475.32,293505.80,6377.95,6399.74,no,yes
5227,-1.589310,0.11201080,-0.022476,293214.83,293264.97,1524.92,2762.09,no,yes
5228,1.208153,0.22700789,0.017086,293382.04,293334.57,3513.65,1757.46,no,yes
5229,1.132049,0.25762786,0.016010,293577.88,293557.98,1356.29,1117.60,no,yes
5230,0.207790,0.83539477,0.002939,374571.64,374555.56,5581.89,5358.25,no,yes
5231,-0.998679,0.31796214,-0.014123,293195.79,293223.01,1913.61,1940.51,no,yes
5232,0.177816,0.85886900,0.002515,293458.65,293450.81,3451.40,2744.43,no,yes
5233,-0.846903,0.39705985,-0.011977,293256.96,293285.20,2113.82,2578.95,no,yes
5234,0.281307,0.77847757,0.003978,293415.25,293397.67,4643.86,4183.69,no,yes
5235,-0.011073,0.99116525,-0.000157,293405.24,293405.41,1094.69,1158.60,no,yes
5236,0.723458,0.46940717,0.010231,293623.49,293596.18,2889.88,2429.33,no,yes
5237,0.562410,0.57384361,0.007954,293395.07,293379.87,1530.88,2225.96,no,yes
5238,0.092447,0.92634412,0.001307,293398.51,293395.33,2301.08,2546.50,no,yes
5239,-0.414792,0.67829893,-0.005866,293362.93,293373.85,1767.34,1950.49,no,yes
5240,0.165930,0.86821346,0.002347,293655.23,293649.54,2391.96,2458.41,no,yes
5241,1.076294,0.28181153,0.015221,293415.14,293394.20,1658.83,1016.67,no,yes
5242,1.136948,0.25557401,0.016079,293823.49,293801.78,1446.23,1245.87,no,yes
5243,0.405348,0.68522578,0.005732,293359.47,293349.87,1575.04,1767.00,no,yes
5244,1.111063,0.26655494,0.015713,293544.49,293487.29,3947.48,3304.89,no,yes
5245,0.465321,0.64170656,0.006581,293572.92,293564.92,1278.44,1151.54,no,yes
5246,0.251942,0.80108841,0.003563,293305.94,293301.47,1388.58,1104.78,no,yes
5247,0.708864,0.47841708,0.010025,293466.23,293456.87,1005.93,855.52,no,yes
5248,1.067484,0.28576640,0.015097,293226.43,293208.43,1266.43,1113.68,no,yes
5249,0.656618,0.51143453,0.009286,293694.43,293654.27,4727.98,3880.12,no,yes
5250,-0.142515,0.88667465,-0.002015,293466.58,293469.05,1204.73,1243.63,no,yes
5251,1.835828,0.06640042,0.025963,293458.63,293415.89,1957.51,1260.91,no,yes
5252,0.416743,0.67687279,0.005894,293411.40,293400.17,2439.04,1146.34,no,yes
5253,-0.199360,0.84198299,-0.002819,293452.16,293457.68,1927.55,1988.93,no,yes
5254,1.198438,0.23076131,0.016948,293409.38,293387.88,1382.22,1143.98,no,yes
5255,0.149172,0.88141940,0.002110,293541.98,293539.35,1280.38,1211.16,no,yes
5256,0.523645,0.60053162,0.007405,293582.76,293574.91,1109.09,1008.11,no,yes
5257,0.723600,0.46932032,0.010233,293494.21,293470.29,2615.91,2019.69,no,yes
5258,-0.035436,0.97173273,-0.000501,293194.23,293195.17,1864.16,1872.94,no,yes
5259,-0.200981,0.84071586,-0.002842,293571.81,293575.79,1401.78,1403.42,no,yes
5260,-1.141732,0.25358112,-0.016147,293384.75,293431.71,2259.84,3436.67,no,yes
5261,0.410567,0.68139488,0.005806,294681.38,294664.89,2649.36,3018.05,no,yes
5262,-0.848167,0.39635660,-0.011995,293361.45,293378.46,1087.21,1686.41,no,yes
5263,-0.872626,0.38287765,-0.012341,293299.26,293312.28,1040.60,1069.63,no,yes
5264,0.317404,0.75094072,0.004489,293508.69,293497.46,2369.66,2628.02,no,yes
5265,-0.856038,0.39198920,-0.012106,293467.99,293509.17,2558.49,4072.86,no,yes
5266,0.045335,0.96384063,0.000641,293471.48,293469.25,3576.99,3382.30,no,yes
5267,-0.607682,0.54340519,-0.008594,293328.94,293345.38,1919.23,1907.33,no,yes
5268,0.023979,0.98086984,0.000339,293260.73,293259.59,3692.36,3025.86,no,yes
5269,0.029784,0.97623926,0.000421,293488.35,293486.99,3397.18,3089.10,no,yes
5270,0.482911,0.62916404,0.006829,293240.94,293230.55,1469.81,1571.20,no,yes
5271,-1.183422,0.23665748,-0.016736,293336.40,293361.97,1260.96,1754.83,no,yes
5272,-0.714541,0.47490086,-0.010105,361924.39,361946.67,2126.94,2281.28,no,yes
5273,1.146891,0.25144025,0.016219,293440.78,293423.36,1103.49,1044.08,no,yes
5274,-0.446920,0.65493794,-0.006320,293643.22,293665.24,3061.40,3859.70,no,yes
5275,-0.197048,0.84379169,-0.002787,293473.40,293483.62,3616.74,3713.55,no,yes
5276,0.839121,0.40141199,0.011867,293287.57,293258.76,2692.63,2129.79,no,yes
5277,-0.816815,0.41404723,-0.011552,293293.04,293307.34,809.46,1551.44,no,yes
5278,0.474783,0.63494714,0.006714,293391.52,293373.67,2629.03,2686.90,no,yes
5279,0.264406,0.79146967,0.003739,293450.54,293447.01,949.11,943.50,no,yes
5280,-0.441899,0.65856702,-0.006249,293407.45,293422.75,2215.63,2659.19,no,yes
5281,-0.678601,0.49739871,-0.009597,294761.38,294771.55,1016.09,1102.17,no,yes
5282,0.121721,0.90312095,0.001721,293239.00,293235.92,1903.09,1671.37,no,yes
5283,-0.273025,0.78483727,-0.003861,293298.13,293312.29,2967.22,4249.61,no,yes
5284,0.625120,0.53189969,0.008841,293470.32,293449.04,2686.39,2088.71,no,yes
5285,-1.368203,0.17126573,-0.019349,293532.87,293567.70,1473.93,2075.43,no,yes
5286,-0.240430,0.80999969,-0.003400,293375.08,293379.14,1155.74,1230.09,no,yes
5287,0.310752,0.75599244,0.004395,293518.39,293512.50,1433.96,1236.68,no,yes
5288,0.108675,0.91346125,0.001537,293429.23,293426.28,1695.47,2127.55,no,yes
5289,0.209896,0.83375099,0.002968,293393.64,293386.61,1969.16,2708.25,no,yes
5290,-1.035638,0.30038872,-0.014646,293478.68,293497.94,798.06,1679.18,no,yes
5291,0.287936,0.77339833,0.004072,293215.01,293210.59,1077.69,1097.74,no,yes
5292,-1.107114,0.26825861,-0.015657,296259.24,296278.26,1072.34,1343.05,no,yes
5293,-0.844820,0.39822202,-0.011948,293454.27,293475.71,1552.73,2007.39,no,yes
5294,0.334082,0.73832130,0.004725,293630.26,293620.73,2109.35,1919.60,no,yes
5295,0.511798,0.60879819,0.007238,293377.12,293367.77,1318.51,1264.20,no,yes
5296,0.940395,0.34702888,0.013299,294826.15,294790.04,3311.95,1942.28,no,yes
5297,0.480760,0.63069210,0.006799,293537.78,293527.19,1480.80,1629.30,no,yes
5298,0.853791,0.39323126,0.012074,293594.64,293549.69,4008.66,3412.92,no,yes
5299,1.406443,0.15961038,0.019890,301379.11,301312.03,3965.98,2649.55,no,yes
5300,-0.080323,0.93598107,-0.001136,293477.45,293480.39,2327.38,2831.26,no,yes
5301,-0.026794,0.97862455,-0.000379,293637.70,293639.18,4111.04,3666.85,no,yes
5302,-0.350632,0.72586822,-0.004959,293192.93,293198.02,1020.50,1033.03,no,yes
5303,-0.389760,0.69671827,-0.005512,293429.35,293436.01,1146.18,1269.35,no,yes
5304,0.628341,0.52978793,0.008886,293823.32,293791.38,4032.75,3094.66,no,yes
5305,0.199096,0.84218953,0.002816,293684.86,293675.94,3603.81,2663.73,no,yes
5306,0.524079,0.60023008,0.007412,293381.94,293353.26,4589.40,2979.72,no,yes
5307,0.690896,0.48963966,0.009771,293416.02,293386.20,3483.08,2548.12,no,yes
5308,-0.638654,0.52305695,-0.009032,293651.47,293693.30,3335.48,5636.43,no,yes
5309,0.299848,0.76429633,0.004240,293388.59,293384.31,950.88,1065.49,no,yes
5310,1.688612,0.09131448,0.023881,293258.28,293210.17,2521.29,1325.96,no,yes
5311,0.534895,0.59272812,0.007565,293619.35,293594.86,3373.57,3094.49,no,yes
5312,-0.006733,0.99462797,-0.000095,293638.78,293639.11,3346.86,3539.83,no,yes
5313,0.611717,0.54073218,0.008651,293498.36,293475.45,2952.13,2303.88,no,yes
5314,0.171629,0.86373073,0.002427,293388.70,293383.51,2224.55,2050.41,no,yes
5315,0.949774,0.34223908,0.013432,303933.60,303888.39,3605.99,3107.28,no,yes
5316,0.403062,0.68690692,0.005700,293490.66,293480.26,2044.77,1574.53,no,yes
5317,-0.492711,0.62222257,-0.006968,293629.54,293650.86,3176.88,2937.73,no,yes
5318,-0.552997,0.58027293,-0.007821,293234.32,293249.97,1445.37,2434.87,no,yes
5319,0.916920,0.35919650,0.012967,294802.72,294778.41,2095.55,1625.12,no,yes
5320,-0.493659,0.62155224,-0.006981,293530.19,293550.01,2706.70,2964.20,no,yes
5321,-0.622849,0.53339087,-0.008808,293568.46,293578.47,1075.33,1196.12,no,yes
5322,-0.616627,0.53748980,-0.008720,293423.53,293443.31,1501.99,2833.83,no,yes
5323,1.924077,0.05436458,0.027211,293445.96,293371.15,3498.02,1697.16,no,yes
5324,0.458083,0.64689946,0.006478,293266.83,293255.83,2149.74,1072.45,no,yes
5325,0.263818,0.79192274,0.003731,293416.39,293409.21,1821.32,2026.75,no,yes
5326,-1.538911,0.12384421,-0.021763,293213.18,293238.74,924.81,1379.29,no,yes
5327,0.894117,0.37127214,0.012645,293435.83,293389.97,4329.25,2751.22,no,yes
5328,-0.120241,0.90429382,-0.001700,293239.15,293243.23,1907.99,2810.37,no,yes
5329,1.486426,0.13718253,0.021021,293580.80,293551.40,1478.84,1313.62,no,yes
5330,-0.839030,0.40146801,-0.011866,293264.45,293287.22,1005.87,2520.97,no,yes
5331,0.720776,0.47105642,0.010193,293437.41,293403.10,3745.35,2936.88,no,yes
5332,0.446054,0.65556396,0.006308,293630.31,293610.98,3617.68,2386.83,no,yes
5333,0.637028,0.52411405,0.009009,293198.50,293190.32,965.10,847.46,no,yes
5334,-0.043659,0.96517634,-0.000617,302544.98,302545.63,1071.80,1022.74,no,yes
5335,0.574714,0.56549152,0.008128,293723.49,293697.83,3211.23,3101.20,no,yes
5336,1.910881,0.05603421,0.027024,293269.90,293224.10,1677.58,1711.73,no,yes
5337,-1.771803,0.07644241,-0.025057,307219.68,307244.36,990.28,980.26,no,yes
5338,-0.053116,0.95764036,-0.000751,293215.76,293216.70,1463.38,973.97,no,yes
5339,0.465537,0.64155222,0.006584,293557.77,293540.71,2836.66,2319.72,no,yes
5340,-0.257519,0.79678102,-0.003642,302393.05,302403.88,2532.60,3356.30,no,yes
5341,1.248841,0.21173792,0.017661,293670.19,293650.15,1106.93,1161.58,no,yes
5342,0.547632,0.58395077,0.007745,293325.14,293295.42,4203.78,3432.20,no,yes
5343,0.702880,0.48213885,0.009940,293461.70,293443.43,1892.18,1782.33,no,yes
5344,0.844790,0.39823877,0.011947,293311.79,293267.38,4135.74,3244.33,no,yes
5345,1.547320,0.12180329,0.021882,293520.39,293492.82,1431.45,1061.57,no,yes
5346,1.303482,0.19242579,0.018434,293446.78,293404.14,2503.44,2104.90,no,yes
5347,0.941056,0.34668881,0.013309,299056.63,299033.39,2024.09,1415.27,no,yes
5348,0.321546,0.74779973,0.004547,293628.35,293597.52,6922.94,6632.70,no,yes
5349,-1.124832,0.26067946,-0.015908,293534.08,293564.61,1118.95,2472.22,no,yes
5350,-0.484558,0.62799601,-0.006853,293901.26,293914.63,1526.43,2298.44,no,yes
5351,-0.036009,0.97127572,-0.000509,293443.46,293444.79,2216.98,2965.64,no,yes
5352,-0.143438,0.88594592,-0.002029,293294.76,293298.60,1431.77,2262.65,no,yes
5353,0.634322,0.52587770,0.008971,293355.11,293345.54,1068.02,1065.60,no,yes
5354,0.240331,0.81007630,0.003399,293255.17,293248.30,1694.01,2305.23,no,yes
5355,-1.341371,0.17982064,-0.018970,293331.39,293377.04,1547.89,3031.14,no,yes
5356,-0.165386,0.86864175,-0.002339,293240.69,293243.98,1304.32,1502.08,no,yes
5357,-0.694606,0.48731061,-0.009823,293323.95,293343.73,1795.20,2209.41,no,yes
5358,-0.448750,0.65361663,-0.006346,293154.17,293160.39,917.60,1039.50,no,yes
5359,0.345105,0.73001988,0.004881,293354.09,293334.90,4577.49,3153.78,no,yes
5360,0.345242,0.72991612,0.004882,293387.13,293381.80,1155.03,1022.33,no,yes
5361,-1.039981,0.29836140,-0.014708,293369.32,293401.50,2013.97,2349.65,no,yes
5362,0.930012,0.35237617,0.013152,293406.96,293385.81,1674.75,1537.88,no,yes
5363,-0.917871,0.35869817,-0.012981,293524.55,293541.07,1127.56,1402.65,no,yes
5364,-0.713726,0.47540894,-0.010094,293206.48,293225.60,1088.31,2447.51,no,yes
5365,0.257800,0.79656374,0.003646,293667.38,293661.00,1906.46,1581.61,no,yes
5366,-0.471508,0.63728358,-0.006668,293406.03,293417.28,1829.46,1532.40,no,yes
5367,1.093395,0.27423451,0.015463,293193.43,293176.61,1208.08,951.61,no,yes
5368,-0.227309,0.82018549,-0.003215,293490.25,293498.91,2690.27,2700.55,no,yes
5369,1.347234,0.17792120,0.019053,293368.29,293353.13,899.99,676.13,no,yes
5370,-0.904149,0.36592706,-0.012787,293297.35,293309.50,960.55,940.13,no,yes
5371,0.730571,0.46505019,0.010332,293584.61,293565.25,2044.66,1685.82,no,yes
5372,0.501576,0.61597141,0.007093,301070.79,301062.62,1167.80,1134.05,no,yes
5373,-0.030900,0.97534966,-0.000437,293295.60,293296.66,2405.03,2469.24,no,yes
5374,-0.383785,0.70114168,-0.005428,293556.11,293562.93,1215.62,1295.69,no,yes
5375,-0.022690,0.98189771,-0.000321,293516.12,293516.59,1559.17,1384.35,no,yes
5376,-0.021969,0.98247305,-0.000311,293415.56,293416.82,3914.53,4194.93,no,yes
5377,0.415611,0.67769934,0.005878,293927.43,293911.70,2640.85,2711.87,no,yes
5378,0.119303,0.90503664,0.001687,293565.28,293553.07,7385.04,7083.03,no,yes
5379,0.872822,0.38277083,0.012344,293550.22,293536.27,1220.97,1030.58,no,yes
5380,0.576195,0.56449035,0.008149,293580.43,293545.71,4884.07,3529.86,no,yes
5381,-0.213588,0.83087051,-0.003021,293632.69,293637.56,1599.10,1628.28,no,yes
5382,0.435913,0.66290503,0.006165,293559.74,293544.23,2275.14,2735.20,no,yes
5383,0.510241,0.60988836,0.007216,293233.91,293220.27,2044.31,1724.88,no,yes
5384,-0.148886,0.88164532,-0.002106,293429.92,293434.90,2272.76,2454.09,no,yes
5385,0.355218,0.72243010,0.005024,294711.74,294700.75,2197.75,2177.32,no,yes
5386,0.705078,0.48077114,0.009971,293287.91,293256.17,3757.61,2479.52,no,yes
5387,-0.230267,0.81788662,-0.003256,293467.36,293470.94,1058.56,1136.42,no,yes
5388,-0.478279,0.63245825,-0.006764,293399.11,293414.27,1644.28,2710.69,no,yes
5389,0.301544,0.76300276,0.004264,294097.90,294088.93,1835.23,2340.33,no,yes
5390,1.043252,0.29684456,0.014754,293447.90,293432.56,1131.34,939.35,no,yes
5391,2.240928,0.02504440,0.031692,293468.88,293362.06,4125.37,2388.16,yes,yes
5392,0.483829,0.62851310,0.006842,293599.22,293583.26,2747.66,1825.39,no,yes
5393,-0.381122,0.70311648,-0.005390,298557.53,298563.15,1069.77,1014.94,no,yes
5394,1.860300,0.06285775,0.026309,299186.10,299157.20,1120.62,1076.12,no,yes
5395,1.739800,0.08191010,0.024604,293220.94,293193.09,1242.40,1009.64,no,yes
5396,-1.516154,0.12949674,-0.021442,293499.16,293519.45,867.10,1018.88,no,yes
5397,-0.050664,0.95959398,-0.000716,293607.60,293609.97,3272.76,3340.76,no,yes
5398,1.114017,0.26528514,0.015755,293555.66,293525.93,1920.59,1853.70,no,yes
5399,0.644391,0.51932962,0.009113,293625.36,293594.46,3699.94,3051.94,no,yes
5400,-0.237264,0.81245440,-0.003355,293389.24,293393.14,1235.93,1079.97,no,yes
5401,0.016438,0.98688492,0.000232,293425.58,293424.77,3390.90,3539.94,no,yes
5402,0.379023,0.70467512,0.005360,293338.41,293328.78,1961.51,1616.38,no,yes
5403,0.572456,0.56702011,0.008096,293539.50,293529.10,1487.50,1041.79,no,yes
5404,0.053144,0.95761799,0.000752,293682.49,293681.34,1349.42,1704.40,no,yes
5405,-0.862655,0.38834021,-0.012200,293524.74,293557.10,1897.39,3235.67,no,yes
5406,-0.969943,0.33208971,-0.013717,293217.47,293253.61,1856.98,3230.64,no,yes
5407,0.521844,0.60178461,0.007380,293463.03,293445.06,2647.19,2201.27,no,yes
5408,-0.558582,0.57645333,-0.007900,293299.13,293306.77,861.17,1063.09,no,yes
5409,0.546649,0.58462627,0.007731,293531.93,293515.50,2310.16,1922.85,no,yes
5410,0.210027,0.83364882,0.002970,293535.18,293528.37,2410.15,2173.99,no,yes
5411,0.272312,0.78538497,0.003851,293421.75,293416.81,1436.16,1108.69,no,yes
5412,-0.180279,0.85693524,-0.002550,293296.66,293301.43,1725.04,2010.77,no,yes
5413,-0.246059,0.80563883,-0.003480,307116.62,307119.94,924.19,981.88,no,yes
5414,-0.149183,0.88141074,-0.002110,293213.13,293217.90,1660.21,2729.39,no,yes
5415,0.796651,0.42566538,0.011266,293487.14,293463.76,2548.46,1454.48,no,yes
5416,-0.278579,0.78057086,-0.003940,293594.69,293599.09,1042.52,1190.04,no,yes
5417,0.416767,0.67685360,0.005894,293582.39,293567.54,2573.94,2465.85,no,yes
5418,0.805421,0.42058711,0.011390,293243.15,293208.81,3389.98,2586.34,no,yes
5419,0.437665,0.66163555,0.006190,293212.96,293196.39,3319.71,1820.21,no,yes
5420,-0.366990,0.71363002,-0.005190,293751.85,293785.37,6304.20,6607.20,no,yes
5421,-0.682346,0.49502813,-0.009650,293557.04,293580.17,2229.47,2554.98,no,yes
5422,0.432817,0.66515230,0.006121,293389.49,293384.17,899.54,835.35,no,yes
5423,0.614718,0.53874846,0.008693,293315.68,293285.44,3758.23,3172.50,no,yes
5424,0.456401,0.64810688,0.006454,293216.34,293207.25,1456.97,1360.28,no,yes
5425,-1.087802,0.27669575,-0.015384,293507.98,293522.08,880.58,950.93,no,yes
5426,0.285463,0.77529254,0.004037,293199.14,293195.13,1018.79,968.00,no,yes
5427,-0.367912,0.71294306,-0.005203,293239.81,293245.50,1019.98,1163.27,no,yes
5428,-0.053321,0.95747680,-0.000754,293530.50,293531.16,908.89,829.45,no,yes
5429,0.352295,0.72462064,0.004982,299082.82,299076.96,1140.47,1212.33,no,yes
5430,-0.188724,0.85031075,-0.002669,293216.45,293221.61,1871.87,1991.88,no,yes
5431,0.899763,0.36825753,0.012725,293359.68,293338.87,1724.60,1540.50,no,yes
5432,0.291130,0.77095467,0.004117,293283.38,293276.22,1671.73,1799.91,no,yes
5433,2.204573,0.02749614,0.031177,293607.04,293565.65,1489.28,1143.22,yes,yes
5434,-0.817587,0.41360385,-0.011562,293510.37,293522.09,837.45,1164.36,no,yes
5435,0.410010,0.68180274,0.005798,293489.37,293477.63,1951.52,2093.80,no,yes
5436,0.680125,0.49643335,0.009618,293664.76,293636.27,3219.74,2679.62,no,yes
5437,0.437925,0.66144571,0.006193,293499.86,293482.79,2777.92,2733.41,no,yes
5438,-0.256869,0.79728251,-0.003633,293511.41,293517.02,1384.33,1689.82,no,yes
5439,0.307582,0.75840330,0.004350,293492.45,293487.79,1089.67,1056.06,no,yes
5440,1.305143,0.19185990,0.018458,293279.72,293251.15,1720.12,1354.00,no,yes
5441,0.647704,0.51718370,0.009160,293348.81,293333.38,1589.13,1774.54,no,yes
5442,-0.277718,0.78123194,-0.003928,293379.31,293387.16,1795.42,2182.70,no,yes
5443,2.443486,0.01455713,0.034556,293249.31,293187.02,2229.39,1235.93,yes,yes
5444,0.030415,0.97573616,0.000430,293293.31,293292.12,2437.90,3023.89,no,yes
5445,0.408078,0.68322082,0.005771,293588.63,293583.09,963.63,956.62,no,yes
5446,1.188886,0.23450136,0.016813,299045.09,299020.96,1715.66,1083.98,no,yes
5447,0.546275,0.58488271,0.007726,293472.77,293458.53,1898.70,1784.57,no,yes
5448,0.667551,0.50443016,0.009441,293234.99,293221.68,1741.75,969.64,no,yes
5449,-0.505159,0.61345357,-0.007144,293747.27,293759.35,1249.94,2037.81,no,yes
5450,-0.729275,0.46584366,-0.010314,307167.30,307195.71,2003.36,3341.69,no,yes
5451,-0.117854,0.90618486,-0.001667,293231.64,293236.16,2712.58,2715.74,no,yes
5452,0.925357,0.35479240,0.013087,293655.93,293611.45,3819.92,2917.15,no,yes
5453,-0.321857,0.74756467,-0.004552,293192.17,293198.95,1154.38,1761.09,no,yes
5454,-0.417815,0.67608707,-0.005909,293632.67,293669.24,6125.87,6250.74,no,yes
5455,-0.027352,0.97817915,-0.000387,293626.78,293628.14,3387.73,3616.49,no,yes
5456,0.452281,0.65107186,0.006396,293538.31,293510.57,4910.76,3674.64,no,yes
5457,-0.604365,0.54560780,-0.008547,293566.47,293575.20,1012.72,1029.28,no,yes
5458,0.709512,0.47801680,0.010034,293449.68,293433.16,1989.78,1210.27,no,yes
5459,-2.087684,0.03684298,-0.029524,293163.72,293206.28,949.49,1804.19,yes,yes
5460,-0.192693,0.84720144,-0.002725,294588.33,294593.36,1895.07,1799.42,no,yes
5461,2.025410,0.04284175,0.028644,293214.17,293180.01,1455.58,851.42,yes,yes
5462,1.258256,0.20831419,0.017794,293223.37,293192.57,1845.60,1609.00,no,yes
5463,1.374349,0.16934931,0.019436,293268.25,293238.10,1670.37,1421.64,no,yes
5464,-0.337706,0.73558851,-0.004776,293272.13,293286.58,2861.86,3180.44,no,yes
5465,-0.816652,0.41413797,-0.011549,293400.99,293427.86,1955.85,2646.85,no,yes
5466,-0.222527,0.82390593,-0.003147,293390.41,293398.68,2763.52,2489.58,no,yes
5467,-0.386892,0.69884016,-0.005471,293566.85,293573.55,1231.68,1219.36,no,yes
5468,0.260532,0.79445640,0.003684,293340.95,293331.77,2068.11,2851.31,no,yes
5469,-0.589661,0.55542505,-0.008339,293350.22,293365.64,1531.56,2120.43,no,yes
5470,-0.029113,0.97677452,-0.000412,293577.57,293578.93,3804.30,2718.64,no,yes
5471,-0.170939,0.86427344,-0.002417,293275.63,293284.14,3243.25,3778.45,no,yes
5472,0.340807,0.73325249,0.004820,293493.55,293488.64,1075.17,957.34,no,yes
5473,-0.187812,0.85102598,-0.002656,293575.95,293585.71,3506.72,3833.29,no,yes
5474,1.377241,0.16845380,0.019477,293375.61,293354.79,1166.87,961.37,no,yes
5475,-0.178444,0.85837598,-0.002524,293518.34,293527.38,2822.67,4204.68,no,yes
5476,-0.763538,0.44515543,-0.010798,293782.79,293809.57,1416.52,3207.71,no,yes
5477,0.353481,0.72373185,0.004999,294070.78,294058.39,2681.25,2256.80,no,yes
5478,0.508185,0.61132938,0.007187,293247.68,293229.30,2877.50,2191.35,no,yes
5479,-0.461131,0.64470973,-0.006521,294979.17,295020.15,6159.98,6405.01,no,yes
5480,0.036163,0.97115241,0.000511,295963.54,295948.83,28768.87,28749.68,no,yes
5481,-0.992689,0.32087347,-0.014039,293457.65,293508.69,3430.27,3829.91,no,yes
5482,1.472482,0.14090988,0.020824,293283.09,293231.11,3023.74,1821.47,no,yes
5483,-0.276908,0.78185399,-0.003916,293309.90,293324.77,3580.95,3997.72,no,yes
5484,0.502152,0.61556624,0.007101,293341.15,293333.32,1107.65,1097.60,no,yes
5485,-0.020990,0.98325389,-0.000297,293255.98,293256.66,2314.15,2250.79,no,yes
5486,0.002870,0.99771026,0.000041,293280.17,293280.08,2406.59,1944.98,no,yes
5487,0.327789,0.74307495,0.004636,293558.73,293549.40,2275.36,1709.68,no,yes
5488,0.574483,0.56564754,0.008124,293372.38,293340.61,4256.84,3529.49,no,yes
5489,-0.980208,0.32699566,-0.013862,293298.34,293310.98,852.71,966.60,no,yes
5490,0.083087,0.93378311,0.001175,293361.85,293359.46,1936.02,2120.29,no,yes
5491,0.524092,0.60022061,0.007412,293483.41,293474.19,1203.42,1284.54,no,yes
5492,-0.497556,0.61880232,-0.007037,293817.21,293868.65,6815.65,7775.14,no,yes
5493,0.006802,0.99457303,0.000096,293581.33,293581.15,1588.24,2072.47,no,yes
5494,0.105644,0.91586624,0.001494,293290.68,293289.41,822.01,871.61,no,yes
5495,-0.429045,0.66789579,-0.006068,293312.21,293328.79,2234.10,3152.38,no,yes
5496,0.430422,0.66689361,0.006087,293426.33,293406.12,3601.57,3011.93,no,yes
5497,-0.427706,0.66886962,-0.006049,293195.98,293202.19,933.62,1110.65,no,yes
5498,0.641316,0.52132511,0.009070,293218.91,293208.66,1078.34,1180.03,no,yes
5499,-0.214124,0.83045290,-0.003028,293436.15,293442.53,1995.39,2213.46,no,yes
5500,-0.166278,0.86794011,-0.002352,293663.74,293668.01,1831.86,1802.35,no,yes
5501,-1.088094,0.27656828,-0.015388,293528.61,293572.79,2331.89,3323.33,no,yes
5502,0.596118,0.55110357,0.008430,293240.81,293215.00,3515.00,2527.75,no,yes
5503,-0.235363,0.81392959,-0.003329,293393.43,293399.29,1351.34,2088.45,no,yes
5504,-0.454265,0.64964344,-0.006424,293329.80,293341.40,1577.97,2007.93,no,yes
5505,-1.089742,0.27584208,-0.015411,293240.08,293261.16,1065.16,1615.76,no,yes
5506,0.574708,0.56549563,0.008128,293519.44,293498.05,2745.44,2511.95,no,yes
5507,0.596620,0.55077016,0.008437,293224.62,293207.60,2517.95,1339.03,no,yes
5508,0.846914,0.39705425,0.011977,293334.08,293294.46,3821.16,2699.39,no,yes
5509,-0.515726,0.60605280,-0.007293,293303.81,293330.64,2764.82,4405.18,no,yes
5510,0.977920,0.32812616,0.013830,293422.34,293405.77,1288.92,1100.33,no,yes
5511,-0.822485,0.41081092,-0.011632,293207.00,293221.34,1194.69,1269.59,no,yes
5512,0.494918,0.62066342,0.006999,293420.11,293412.73,1033.20,1076.71,no,yes
5513,-1.225998,0.22021480,-0.017338,293401.09,293432.73,1576.31,2043.12,no,yes
5514,1.261932,0.20699085,0.017846,293416.13,293349.55,4466.70,2808.92,no,yes
5515,0.055142,0.95602560,0.000780,293269.65,293268.86,1013.38,1019.36,no,yes
5516,0.175271,0.86086824,0.002479,293241.54,293235.14,2252.21,2875.98,no,yes
5517,-0.885320,0.37599658,-0.012520,293290.11,293314.54,1484.79,2326.10,no,yes
5518,0.254564,0.79906296,0.003600,293532.60,293527.20,1725.68,1228.56,no,yes
5519,-0.144817,0.88485673,-0.002048,293407.58,293409.84,1100.16,1107.51,no,yes
5520,0.073994,0.94101560,0.001046,293390.90,293388.23,2531.50,2570.80,no,yes
5521,0.010712,0.99145300,0.000151,293474.02,293473.87,984.16,1006.52,no,yes
5522,0.713025,0.47584006,0.010084,293571.66,293555.92,1882.71,1153.11,no,yes
5523,0.632805,0.52686816,0.008949,293409.55,293398.96,1117.87,1247.14,no,yes
5524,-0.658938,0.50994308,-0.009319,293314.06,293359.81,4765.17,5049.18,no,yes
5525,0.455185,0.64898086,0.006437,293379.84,293364.46,2414.49,2364.65,no,yes
5526,0.962382,0.33587192,0.013610,293714.63,293661.98,4655.82,2873.76,no,yes
5527,0.214402,0.83023614,0.003032,293482.58,293474.37,2565.75,2841.37,no,yes
5528,-0.187528,0.85124862,-0.002652,293423.46,293431.28,2790.34,3098.85,no,yes
5529,-0.186915,0.85172926,-0.002643,361868.75,361874.97,2056.59,2616.88,no,yes
5530,0.909189,0.36326140,0.012858,293639.19,293588.71,4198.79,3633.08,no,yes
5531,0.836297,0.40299797,0.011827,293442.93,293431.49,994.65,939.75,no,yes
5532,0.257028,0.79715966,0.003635,293536.80,293522.56,4426.18,3334.93,no,yes
5533,0.420295,0.67427429,0.005944,294475.88,294465.33,1845.54,1702.60,no,yes
5534,2.588941,0.00963538,0.036613,293384.07,293321.54,2038.59,1295.63,yes,yes
5535,0.567733,0.57022255,0.008029,293587.78,293578.20,1217.79,1167.45,no,yes
5536,-0.693180,0.48820684,-0.009803,293587.42,293608.80,1537.13,2674.60,no,yes
5537,-0.229366,0.81858715,-0.003244,293478.56,293488.81,3385.15,2920.82,no,yes
5538,0.862239,0.38856641,0.012194,293212.66,293199.27,1128.92,1066.57,no,yes
5539,0.536671,0.59150069,0.007590,293209.67,293201.37,1104.85,1081.36,no,yes
5540,-0.102266,0.91854654,-0.001446,293358.26,293359.52,866.91,879.20,no,yes
5541,0.421986,0.67303989,0.005968,293457.19,293444.25,2403.05,1904.36,no,yes
5542,-0.127711,0.89837928,-0.001806,293668.10,293675.09,3562.46,4149.05,no,yes
5543,0.309233,0.75714749,0.004373,293840.53,293830.36,2465.11,2173.53,no,yes
5544,0.689496,0.49051952,0.009751,293214.21,293196.02,1802.71,1926.41,no,yes
5545,-0.033997,0.97288012,-0.000481,293599.20,293600.36,2774.62,1972.23,no,yes
5546,-0.783567,0.43330352,-0.011081,293251.54,293276.28,2094.87,2361.23,no,yes
5547,-0.201954,0.83995458,-0.002856,293298.25,293305.02,2223.55,2506.81,no,yes
5548,-0.569537,0.56899832,-0.008054,293567.89,293576.09,1037.93,996.49,no,yes
5549,1.097726,0.27233786,0.015524,293551.68,293535.41,1125.86,963.80,no,yes
5550,-0.436985,0.66212727,-0.006180,293295.45,293306.00,1683.88,1730.33,no,yes
5551,0.440082,0.65988232,0.006224,293672.54,293633.53,6312.14,6224.37,no,yes
5552,-0.265032,0.79098763,-0.003748,293219.20,293227.03,1763.49,2370.87,no,yes
5553,-0.270549,0.78674068,-0.003826,293341.43,293346.05,1022.61,1366.20,no,yes
5554,0.004254,0.99660597,0.000060,293443.66,293443.53,2429.32,1615.35,no,yes
5555,-0.146108,0.88383728,-0.002066,293552.43,293565.50,6249.64,6394.44,no,yes
5556,-0.613221,0.53973744,-0.008672,293235.54,293244.57,977.60,1100.51,no,yes
5557,-1.074203,0.28274862,-0.015192,302550.17,302598.14,2145.23,3916.62,no,yes
5558,1.514259,0.12997622,0.021415,293578.89,293558.47,1020.24,882.27,no,yes
5559,-0.417930,0.67600305,-0.005910,293325.92,293343.92,2743.33,3317.62,no,yes
5560,-0.119719,0.90470674,-0.001693,293415.98,293420.23,2540.10,2483.19,no,yes
5561,1.607242,0.10801712,0.022730,293234.32,293210.76,1078.93,992.55,no,yes
5562,0.252521,0.80064127,0.003571,293286.10,293282.18,1086.28,1108.62,no,yes
5563,-0.116322,0.90739879,-0.001645,293459.96,293464.26,2336.98,2860.88,no,yes
5564,-0.538426,0.59028924,-0.007614,293550.77,293569.84,2078.97,2867.08,no,yes
5565,0.970942,0.33158887,0.013731,293238.44,293223.44,1124.87,1059.85,no,yes
5566,1.053144,0.29229145,0.014894,293245.24,293223.03,1849.14,1014.23,no,yes
5567,-0.079112,0.93694435,-0.001119,293543.37,293544.58,1055.81,1114.97,no,yes
5568,0.507690,0.61167675,0.007180,293427.95,293415.32,1939.49,1558.49,no,yes
5569,0.609514,0.54219251,0.008620,293243.08,293222.63,2919.43,1654.43,no,yes
5570,1.015881,0.30969959,0.014367,293335.51,293285.52,4036.85,2814.01,no,yes
5571,0.367021,0.71360762,0.005190,293518.32,293511.41,1362.72,1299.37,no,yes
5572,0.261707,0.79354984,0.003701,293333.04,293324.36,2291.15,2395.85,no,yes
5573,-1.113568,0.26547813,-0.015748,293325.71,293344.70,1139.47,1267.68,no,yes
5574,0.393518,0.69394156,0.005565,293813.86,293797.13,3381.27,2575.37,no,yes
5575,1.100261,0.27123350,0.015560,293607.83,293558.79,3697.30,2489.43,no,yes
5576,1.687052,0.09161450,0.023859,293595.44,293561.53,1796.93,900.33,no,yes
5577,0.081810,0.93479838,0.001157,293280.09,293277.38,2372.40,2319.90,no,yes
5578,0.091848,0.92681989,0.001299,293548.04,293546.56,1171.47,1100.85,no,yes
5579,1.541894,0.12312435,0.021806,293276.83,293202.22,4536.97,1682.49,no,yes
5580,0.987702,0.32331060,0.013968,293386.57,293366.64,1483.84,1367.81,no,yes
5581,0.799694,0.42389811,0.011309,293460.21,293432.94,2688.02,2097.20,no,yes
5582,0.452621,0.65082663,0.006401,293498.78,293490.69,1255.78,1272.69,no,yes
5583,0.255733,0.79815966,0.003617,293395.90,293392.32,1018.42,956.55,no,yes
5584,-1.615107,0.10630676,-0.022841,293359.86,293411.64,1648.99,2749.66,no,yes
5585,0.092286,0.92647175,0.001305,293518.11,293514.94,2109.46,2717.26,no,yes
5586,-0.245748,0.80587988,-0.003475,293653.66,293663.88,2500.51,3325.72,no,yes
5587,-0.035133,0.97197424,-0.000497,293205.09,293205.66,1063.11,1201.74,no,yes
5588,2.380322,0.01730829,0.033663,293416.71,293331.21,2997.99,1978.25,yes,yes
5589,0.180287,0.85692908,0.002550,293792.95,293775.58,6986.70,6632.32,no,yes
5590,-1.144863,0.25228172,-0.016191,293252.77,293290.65,1846.11,2745.47,no,yes
5591,1.085231,0.27783633,0.015347,293245.51,293191.30,4411.94,2341.88,no,yes
5592,-0.528832,0.59692809,-0.007479,293476.00,293498.47,2859.01,3144.80,no,yes
5593,-0.223570,0.82309383,-0.003162,293416.53,293420.12,1152.95,1118.63,no,yes
5594,-0.112529,0.91040527,-0.001591,293420.97,293423.16,1522.10,1204.89,no,yes
5595,0.154341,0.87734276,0.002183,293437.19,293433.17,2204.17,1386.00,no,yes
5596,0.626327,0.53110830,0.008858,293536.64,293523.88,1673.05,1162.61,no,yes
5597,-0.397210,0.69121691,-0.005617,293490.80,293499.94,1407.82,1821.05,no,yes
5598,2.116226,0.03434774,0.029928,293415.21,293340.80,3420.54,814.79,yes,yes
5599,-1.178211,0.23872818,-0.016662,293531.47,293548.73,848.91,1193.95,no,yes
5600,0.033616,0.97318412,0.000475,293295.18,293294.47,1287.46,1673.62,no,yes
5601,0.033281,0.97345099,0.000471,293476.07,293474.83,2839.83,2396.60,no,yes
5602,-0.133747,0.89360361,-0.001891,293243.42,293247.04,1907.64,1911.28,no,yes
5603,1.950298,0.05116116,0.027581,293353.93,293313.54,1902.39,818.62,no,yes
5604,0.886672,0.37526599,0.012539,293370.34,293356.74,1112.85,1055.59,no,yes
5605,-0.195976,0.84463130,-0.002772,293407.64,293413.57,2009.22,2264.30,no,yes
5606,-0.214293,0.83032090,-0.003031,293458.44,293462.23,1235.71,1266.87,no,yes
5607,0.196080,0.84454929,0.002773,293291.10,293280.58,3841.75,3742.32,no,yes
5608,0.964661,0.33472664,0.013642,293165.73,293149.78,1269.24,1060.04,no,yes
5609,0.091682,0.92695148,0.001297,293518.51,293514.91,2544.05,2993.29,no,yes
5610,-0.339073,0.73455862,-0.004795,293476.83,293494.07,3296.69,3870.74,no,yes
5611,-0.775973,0.43777459,-0.010974,293225.36,293243.22,1497.66,1747.60,no,yes
5612,1.974896,0.04829824,0.027929,293224.77,293187.87,1660.38,856.83,yes,yes
5613,0.427761,0.66882956,0.006049,293585.30,293577.10,1416.77,1292.38,no,yes
5614,-1.440650,0.14970548,-0.020374,293526.13,293564.22,1142.05,2384.50,no,yes
5615,0.542476,0.58749757,0.007672,293207.10,293195.80,1755.78,1120.85,no,yes
5616,0.088322,0.92962134,0.001249,293444.51,293442.50,1672.77,1541.68,no,yes
5617,1.648376,0.09929223,0.023312,293585.71,293561.38,1167.62,903.09,no,yes
5618,-0.870907,0.38381884,-0.012316,293546.65,293564.08,944.44,1764.44,no,yes
5619,1.606288,0.10822678,0.022716,293609.82,293581.52,1341.04,1142.57,no,yes
5620,-0.479725,0.63142935,-0.006784,293613.54,293624.37,1116.58,1962.84,no,yes
5621,0.077256,0.93842087,0.001093,293671.24,293670.16,949.72,1035.85,no,yes
5622,-0.442217,0.65833718,-0.006254,293477.13,293498.42,3161.97,3630.49,no,yes
5623,-1.249747,0.21140899,-0.017674,293243.15,293283.13,1759.41,2672.39,no,yes
5624,-0.608079,0.54314276,-0.008600,293226.38,293246.91,2063.57,2672.20,no,yes
5625,1.295628,0.19511961,0.018323,293449.84,293418.68,1892.86,1483.21,no,yes
5626,0.302088,0.76258882,0.004272,293373.39,293364.84,1595.21,2339.90,no,yes
5627,-0.021516,0.98283449,-0.000304,293715.52,293717.55,6804.53,6508.96,no,yes
5628,0.329515,0.74177023,0.004660,293537.28,293517.42,4294.74,4229.35,no,yes
5629,-0.845914,0.39761069,-0.011963,293584.31,293598.92,1187.92,1253.84,no,yes
5630,1.667032,0.09553031,0.023575,299053.58,299009.72,2389.34,1100.29,no,yes
5631,0.361197,0.71795572,0.005108,293584.18,293572.80,2246.37,2208.90,no,yes
5632,0.450408,0.65242107,0.006370,293792.11,293786.53,905.60,846.93,no,yes
5633,-0.267233,0.78929250,-0.003779,293486.00,293497.71,2553.02,3560.23,no,yes
5634,0.395948,0.69214781,0.005600,293285.15,293264.95,3886.02,3304.64,no,yes
5635,-0.395224,0.69268180,-0.005589,293284.61,293304.03,3299.18,3640.85,no,yes
5636,-0.017589,0.98596681,-0.000249,293399.04,293399.84,2931.97,3508.28,no,yes
5637,0.685296,0.49316577,0.009692,293237.77,293206.65,3653.30,2698.45,no,yes
5638,0.352005,0.72483816,0.004978,293743.09,293725.52,3689.35,3360.74,no,yes
5639,-0.480562,0.63083325,-0.006796,293581.31,293591.10,1261.94,1597.50,no,yes
5640,-1.998416,0.04569411,-0.028262,390868.51,390961.31,1414.19,4422.85,yes,yes
5641,-0.040249,0.96789487,-0.000569,293404.18,293404.72,952.75,938.59,no,yes
5642,-0.001505,0.99879883,-0.000021,307271.70,307271.78,3509.10,3999.40,no,yes
5643,1.903231,0.05702566,0.026916,293416.60,293336.30,3333.28,2585.90,no,yes
5644,0.523915,0.60034378,0.007409,293780.22,293727.25,7213.77,7084.36,no,yes
5645,0.175585,0.86062154,0.002483,293236.93,293232.26,1889.09,1879.66,no,yes
5646,1.009159,0.31291083,0.014272,293583.66,293566.37,1296.76,1119.36,no,yes
5647,-0.146055,0.88387914,-0.002066,293432.24,293437.69,2585.55,2694.19,no,yes
5648,0.059664,0.95242363,0.000844,293218.49,293217.39,1382.42,1227.91,no,yes
5649,0.107547,0.91435636,0.001521,293581.25,293579.62,1013.27,1120.73,no,yes
5650,1.320360,0.18673034,0.018673,293363.71,293337.44,1496.66,1310.74,no,yes
5651,0.131378,0.89547769,0.001858,293536.16,293530.45,3282.08,2853.58,no,yes
5652,1.479803,0.13894762,0.020928,305862.83,305808.24,3319.88,1608.32,no,yes
5653,1.112893,0.26576819,0.015739,293606.05,293584.48,1483.64,1247.65,no,yes
5654,0.741741,0.45825427,0.010490,293334.72,293316.37,2032.41,1412.12,no,yes
5655,0.555870,0.57830636,0.007861,293602.72,293568.53,4937.29,3668.01,no,yes
5656,-0.660645,0.50884837,-0.009343,293201.57,293214.11,1094.25,1551.10,no,yes
5657,-0.307823,0.75822046,-0.004353,293372.06,293386.06,2683.69,3671.36,no,yes
5658,0.464064,0.64260709,0.006563,293332.96,293314.57,3057.57,2521.09,no,yes
5659,-0.558332,0.57662413,-0.007896,293638.01,293651.76,1711.10,1769.24,no,yes
5660,0.595467,0.55153816,0.008421,293286.88,293263.43,2916.42,2646.79,no,yes
5661,-0.231386,0.81701755,-0.003272,293495.90,293502.53,1793.06,2235.42,no,yes
5662,0.676612,0.49865986,0.009569,293375.50,293364.03,1107.00,1283.01,no,yes
5663,-0.286101,0.77480413,-0.004046,293253.92,293267.18,2564.35,3860.55,no,yes
5664,-0.551843,0.58106186,-0.007804,293462.37,293486.04,2968.70,3095.07,no,yes
5665,0.571248,0.56783846,0.008079,293314.42,293304.58,1365.05,1052.02,no,yes
5666,-0.616557,0.53753467,-0.008719,293300.43,293316.84,1560.43,2156.66,no,yes
5667,-0.334834,0.73775431,-0.004735,293719.28,293735.23,2976.05,3719.84,no,yes
5668,-0.288377,0.77306140,-0.004078,293360.03,293368.60,2008.52,2189.28,no,yes
5669,1.116300,0.26430932,0.015787,293484.51,293463.39,1584.10,1035.40,no,yes
5670,-0.028217,0.97748925,-0.000399,293648.70,293650.37,3765.95,4532.96,no,yes
5671,-0.719173,0.47204787,-0.010171,293423.64,293447.57,1051.65,3155.76,no,yes
5672,-0.352688,0.72432622,-0.004988,293525.74,293533.30,1268.14,1727.19,no,yes
5673,-0.323850,0.74605521,-0.004580,293548.85,293559.56,1889.37,2712.85,no,yes
5674,-0.197910,0.84311771,-0.002799,293590.99,293596.23,1311.11,2298.61,no,yes
5675,0.304207,0.76097349,0.004302,293447.16,293441.46,1339.09,1311.36,no,yes
5676,-0.780057,0.43537048,-0.011032,293349.50,293370.69,1105.25,2480.51,no,yes
5677,-0.417097,0.67661199,-0.005899,293425.74,293431.77,1018.18,1025.43,no,yes
5678,-0.708584,0.47859185,-0.010021,293649.66,293674.54,2092.80,2819.26,no,yes
5679,0.394703,0.69306655,0.005582,293400.86,293390.21,1950.12,1866.64,no,yes
5680,-0.258377,0.79611835,-0.003654,293217.67,293227.43,2674.46,2669.97,no,yes
5681,0.245749,0.80587901,0.003475,293427.53,293423.05,1291.01,1284.32,no,yes
5682,0.734251,0.46280460,0.010384,293261.70,293244.08,1810.05,1574.61,no,yes
5683,0.616246,0.53773915,0.008715,293401.19,293385.06,1897.92,1803.26,no,yes
5684,-0.266102,0.79016368,-0.003763,303987.70,303995.05,1645.18,2216.25,no,yes
5685,-2.296076,0.02168377,-0.032471,293222.26,293257.21,810.54,1288.23,yes,yes
5686,0.237292,0.81243271,0.003356,293707.42,293685.59,6583.32,6423.08,no,yes
5687,2.119185,0.03409097,0.029970,293587.32,293522.71,2694.27,1426.37,yes,yes
5688,0.238852,0.81122315,0.003378,293470.84,293462.97,2791.57,1752.31,no,yes
5689,0.849035,0.39587206,0.012007,293500.59,293489.13,1030.33,871.66,no,yes
5690,-0.339797,0.73401263,-0.004805,293570.84,293575.95,1060.48,1063.14,no,yes
5691,-0.894557,0.37103496,-0.012651,293354.50,293365.89,820.06,973.85,no,yes
5692,0.441507,0.65885101,0.006244,293574.42,293568.15,1006.89,999.10,no,yes
5693,1.210911,0.22594388,0.017125,293602.16,293582.84,1173.83,1080.73,no,yes
5694,0.825202,0.40926714,0.011670,293474.28,293434.32,3801.28,2999.71,no,yes
5695,-1.144171,0.25257278,-0.016181,293200.02,293258.51,2058.22,4679.68,no,yes
5696,0.679254,0.49698837,0.009606,293389.69,293369.10,2749.48,1275.89,no,yes
5697,-0.057495,0.95415152,-0.000813,294029.72,294030.98,1534.02,1570.67,no,yes
5698,0.463953,0.64268637,0.006561,293196.70,293188.56,1249.68,1232.52,no,yes
5699,-0.166277,0.86794085,-0.002352,293438.03,293442.80,1796.29,2242.03,no,yes
5700,0.025797,0.97941949,0.000365,293280.24,293278.93,3720.45,3452.22,no,yes
5701,-0.758233,0.44832099,-0.010723,293480.55,293503.26,1762.74,2420.17,no,yes
5702,0.734720,0.46251990,0.010391,293499.77,293477.89,2441.25,1705.05,no,yes
5703,0.566458,0.57108922,0.008011,293293.74,293273.64,2631.54,2380.08,no,yes
5704,1.524275,0.12745647,0.021556,293790.21,293766.83,1181.55,977.76,no,yes
5705,-0.815538,0.41477442,-0.011533,293615.84,293649.94,2683.95,3204.96,no,yes
5706,0.468361,0.63953134,0.006624,293532.88,293521.92,1709.87,1597.59,no,yes
5707,0.061583,0.95089570,0.000871,293376.60,293375.54,1255.35,1183.33,no,yes
5708,0.567656,0.57027509,0.008028,293405.23,293395.55,1253.12,1157.77,no,yes
5709,0.544026,0.58642956,0.007694,293302.26,293292.73,1276.57,1198.75,no,yes
5710,-0.207650,0.83550440,-0.002937,293406.12,293410.79,1791.74,1355.90,no,yes
5711,-0.413199,0.67946501,-0.005844,293372.52,293386.97,2355.48,2584.06,no,yes
5712,-0.245487,0.80608160,-0.003472,293278.58,293292.30,4080.87,3815.25,no,yes
5713,0.418476,0.67560401,0.005918,293232.00,293221.26,1495.55,2085.02,no,yes
5714,-0.518428,0.60416609,-0.007332,293395.04,293404.15,1038.95,1416.30,no,yes
5715,-0.888281,0.37440034,-0.012562,293252.95,293272.73,1615.30,1533.72,no,yes
5716,0.211638,0.83239176,0.002993,293688.14,293676.67,3968.30,3688.99,no,yes
5717,-0.973278,0.33042752,-0.013764,293518.55,293532.27,869.75,1109.38,no,yes
5718,-0.092651,0.92618197,-0.001310,293298.05,293299.15,864.51,807.44,no,yes
5719,1.528733,0.12634792,0.021620,304003.89,303968.53,1859.30,1376.19,no,yes
5720,1.192400,0.23311916,0.016863,293294.28,293271.59,1470.26,1207.78,no,yes
5721,0.326553,0.74400949,0.004618,293567.26,293552.05,3279.70,3307.59,no,yes
5722,0.627416,0.53039367,0.008873,293273.55,293245.57,3276.40,3025.04,no,yes
5723,0.791901,0.42842791,0.011199,293491.36,293478.96,1125.33,1089.22,no,yes
5724,0.693970,0.48770928,0.009814,293616.08,293592.71,2179.08,2566.68,no,yes
5725,-1.130606,0.25824009,-0.015989,293369.90,293399.70,1132.09,2380.42,no,yes
5726,-0.407610,0.68356566,-0.005764,293247.37,293255.91,967.70,1857.38,no,yes
5727,0.017465,0.98606621,0.000247,293149.01,293148.78,1013.52,840.92,no,yes
5728,-0.664939,0.50609755,-0.009404,293440.40,293470.56,2777.80,3585.04,no,yes
5729,0.352768,0.72426591,0.004989,296894.50,296884.25,2244.67,1845.82,no,yes
5730,-0.475751,0.63425707,-0.006728,293320.06,293326.03,885.79,887.98,no,yes
5731,0.409074,0.68249057,0.005785,293376.86,293356.36,4181.41,2760.80,no,yes
5732,0.123520,0.90169688,0.001747,293253.60,293249.44,2614.22,2131.41,no,yes
5733,0.606379,0.54427023,0.008575,293486.90,293465.81,2589.04,2324.23,no,yes
5734,-0.104477,0.91679177,-0.001478,293373.87,293375.56,1130.98,1150.99,no,yes
5735,-0.080181,0.93609413,-0.001134,293645.59,293649.24,2819.20,3582.73,no,yes
5736,0.400717,0.68863263,0.005667,293435.07,293428.21,1142.43,1277.32,no,yes
5737,1.254686,0.20960935,0.017744,293708.55,293679.67,1906.16,1290.31,no,yes
5738,0.922690,0.35618023,0.013049,293411.03,293386.59,1943.95,1797.75,no,yes
5739,-0.267048,0.78943461,-0.003777,293545.55,293552.50,1848.77,1830.70,no,yes
5740,0.899949,0.36816176,0.012727,293262.01,293242.05,1968.57,1022.33,no,yes
5741,-0.130823,0.89591661,-0.001850,293321.39,293324.36,1654.40,1554.21,no,yes
5742,-0.211168,0.83275820,-0.002986,293308.89,293311.90,1088.32,920.80,no,yes
5743,0.209763,0.83385491,0.002966,293531.46,293521.75,3112.96,3431.60,no,yes
5744,0.895721,0.37041382,0.012667,293613.29,293554.98,5304.84,3774.08,no,yes
5745,-0.637815,0.52360166,-0.009020,293620.48,293648.68,3108.83,3145.45,no,yes
5746,-0.259531,0.79522866,-0.003670,293490.00,293493.56,884.72,1048.06,no,yes
5747,-0.348044,0.72781111,-0.004922,293298.19,293303.49,1098.22,1057.44,no,yes
5748,0.878221,0.37983442,0.012420,293366.60,293352.25,1193.82,1116.34,no,yes
5749,1.187260,0.23513915,0.016790,293220.85,293202.63,1110.38,1058.97,no,yes
5750,-0.683364,0.49438518,-0.009664,293300.82,293346.59,4241.89,5183.91,no,yes
5751,0.210884,0.83298017,0.002982,293464.56,293459.07,1642.95,2018.62,no,yes
5752,0.210831,0.83302098,0.002982,293733.22,293721.50,4194.65,3652.25,no,yes
5753,1.833531,0.06673846,0.025930,293592.27,293564.10,1105.67,1066.81,no,yes
5754,0.725238,0.46831540,0.010256,293188.57,293173.67,1686.48,1172.09,no,yes
5755,-0.156816,0.87539119,-0.002218,293448.55,293453.69,2236.78,2400.51,no,yes
5756,1.972093,0.04861479,0.027890,293450.14,293415.48,1461.12,976.31,yes,yes
5757,1.256400,0.20898577,0.017768,293611.03,293590.76,1196.36,1081.72,no,yes
5758,-1.321418,0.18637889,-0.018688,293574.60,293607.67,1427.00,2055.70,no,yes
5759,-1.362784,0.17296687,-0.019273,293227.10,293247.14,904.59,1159.30,no,yes
5760,-0.003702,0.99704661,-0.000052,301172.38,301172.45,1466.35,1282.11,no,yes
5761,0.346820,0.72872991,0.004905,293636.93,293625.69,2422.93,2153.01,no,yes
5762,0.134338,0.89313677,0.001900,293557.02,293545.14,6333.04,6179.59,no,yes
5763,0.485056,0.62764260,0.006860,293191.39,293182.79,1468.24,996.14,no,yes
5764,1.829752,0.06730262,0.025877,293531.28,293509.48,927.70,748.02,no,yes
5765,0.456305,0.64817543,0.006453,293326.37,293316.58,1615.52,1410.62,no,yes
5766,-0.471891,0.63700957,-0.006674,299168.35,299174.76,918.78,999.23,no,yes
5767,-0.465766,0.64138801,-0.006587,293437.63,293452.72,2448.18,2122.48,no,yes
5768,1.599486,0.10972879,0.022620,293262.74,293205.46,2700.31,2351.77,no,yes
5769,0.181112,0.85628187,0.002561,293217.37,293214.30,1200.08,1201.20,no,yes
5770,0.228582,0.81919658,0.003233,293250.14,293245.70,1500.78,1235.41,no,yes
5771,0.341551,0.73269221,0.004830,293423.99,293415.51,1937.45,1549.49,no,yes
5772,0.280716,0.77893105,0.003970,293532.56,293521.56,2791.71,2749.39,no,yes
5773,0.117398,0.90654558,0.001660,293251.64,293246.25,3381.53,3099.50,no,yes
5774,-0.662828,0.50744848,-0.009374,293257.73,293275.51,2003.75,1782.46,no,yes
5775,-1.139853,0.25436320,-0.016120,293243.88,293284.81,1992.58,2987.27,no,yes
5776,0.007262,0.99420592,0.000103,293203.46,293203.27,1744.97,1949.49,no,yes
5777,-0.214552,0.83011952,-0.003034,293557.31,293561.59,979.37,1737.31,no,yes
5778,-0.624873,0.53206181,-0.008837,293400.90,293419.17,1863.66,2253.70,no,yes
5779,1.191549,0.23345557,0.016851,293270.62,293240.19,2205.68,1287.46,no,yes
5780,0.951831,0.34119485,0.013461,293430.74,293402.79,2336.11,1779.84,no,yes
5781,-0.589871,0.55528396,-0.008342,293456.90,293479.24,2571.88,2781.30,no,yes
5782,0.105537,0.91595059,0.001493,293430.31,293426.28,2620.58,2783.13,no,yes
5783,0.896002,0.37026287,0.012671,293523.36,293489.56,2965.17,2333.18,no,yes
5784,0.255618,0.79824882,0.003615,293325.81,293317.48,2558.78,2019.87,no,yes
5785,0.066715,0.94680956,0.000943,293405.41,293403.69,1363.56,2198.81,no,yes
5786,-1.150135,0.25010430,-0.016265,293170.14,293188.79,884.77,1358.98,no,yes
5787,-0.750566,0.45292307,-0.010615,361855.22,361874.92,1597.79,2082.90,no,yes
5788,1.404624,0.16015160,0.019864,293451.04,293423.83,1643.27,1026.85,no,yes
5789,1.087130,0.27699246,0.015374,293363.84,293350.70,905.13,800.48,no,yes
5790,-0.155656,0.87630574,-0.002201,293232.42,293236.78,1586.43,2310.74,no,yes
5791,0.742353,0.45788203,0.010498,293409.13,293395.34,1328.10,1297.59,no,yes
5792,-0.693702,0.48787732,-0.009810,390994.86,391030.47,3335.24,3903.23,no,yes
5793,1.153351,0.24878039,0.016311,293450.64,293430.76,1298.05,1133.84,no,yes
5794,-0.377267,0.70597915,-0.005335,293501.91,293519.66,3099.04,3541.10,no,yes
5795,-0.138089,0.89017183,-0.001953,293463.42,293469.12,2676.90,3144.77,no,yes
5796,1.425485,0.15404010,0.020159,293459.26,293420.74,2481.15,1070.89,no,yes
5797,0.024910,0.98012668,0.000352,293470.25,293469.47,1913.61,2459.13,no,yes
5798,-0.247320,0.80466279,-0.003498,293207.88,293212.19,1157.04,1302.76,no,yes
5799,-0.138631,0.88974344,-0.001961,293320.62,293326.14,2299.05,3253.58,no,yes
5800,0.474464,0.63517461,0.006710,293235.46,293219.26,2592.71,2219.03,no,yes
5801,0.437797,0.66153850,0.006191,293571.97,293553.99,3317.49,2424.53,no,yes
5802,-0.472198,0.63679038,-0.006678,293330.80,293345.60,2229.10,2202.73,no,yes
5803,-0.886067,0.37559263,-0.012531,293210.07,293233.09,1597.61,2048.89,no,yes
5804,0.099199,0.92098150,0.001403,294857.78,294848.53,6771.93,6419.05,no,yes
5805,-0.409739,0.68200223,-0.005795,293205.91,293212.43,1057.83,1190.41,no,yes
5806,-0.080293,0.93600505,-0.001136,293595.71,293598.44,2509.55,2302.31,no,yes
5807,0.507017,0.61214843,0.007170,304076.17,304062.54,1752.73,2038.79,no,yes
5808,1.308686,0.19066104,0.018508,293571.77,293544.73,1846.68,926.43,no,yes
5809,-0.298398,0.76540267,-0.004220,293550.95,293559.32,2082.78,1878.36,no,yes
5810,0.098318,0.92168043,0.001390,293374.74,293371.43,2260.09,2485.04,no,yes
5811,1.326587,0.18466037,0.018761,293629.15,293593.72,1915.25,1861.41,no,yes
5812,1.284059,0.19913930,0.018159,293296.77,293272.92,1590.89,958.14,no,yes
5813,-0.324852,0.74529675,-0.004594,293471.23,293490.00,3648.93,4479.53,no,yes
5814,1.277332,0.20150816,0.018064,293372.50,293339.55,2413.72,908.77,no,yes
5815,-0.104296,0.91693554,-0.001475,293688.58,293693.20,2986.14,3273.57,no,yes
5816,0.959461,0.33733839,0.013569,293459.53,293443.29,1188.16,1205.05,no,yes
5817,1.621703,0.10488805,0.022934,293391.66,293310.67,4447.87,2270.84,no,yes
5818,-0.798339,0.42468341,-0.011290,293189.01,293200.45,916.13,1101.69,no,yes
5819,0.925853,0.35453367,0.013094,293437.34,293421.76,1201.89,1177.43,no,yes
5820,0.526220,0.59874141,0.007442,293558.79,293548.56,1545.06,1182.57,no,yes
5821,-0.612776,0.54003149,-0.008666,293481.71,293515.61,3771.87,4047.85,no,yes
5822,0.918514,0.35836084,0.012990,299630.19,299599.34,2404.88,2344.00,no,yes
5823,-0.451113,0.65191294,-0.006380,299160.14,299166.84,1049.18,1048.63,no,yes
5824,1.014968,0.31013345,0.014354,293176.31,293162.57,994.53,918.65,no,yes
5825,1.229178,0.21902482,0.017383,293592.66,293541.68,3721.36,1831.86,no,yes
5826,1.204755,0.22831273,0.017038,293377.02,293354.07,1458.45,1224.41,no,yes
5827,-0.093329,0.92564286,-0.001320,293248.33,293249.60,893.07,1026.85,no,yes
5828,-0.730490,0.46510157,-0.010331,293383.47,293404.81,1400.81,2563.75,no,yes
5829,1.207258,0.22735411,0.017073,293261.24,293228.50,2504.55,1038.87,no,yes
5830,0.053981,0.95695056,0.000763,293779.03,293778.17,1141.18,1107.42,no,yes
5831,-0.294461,0.76840911,-0.004164,293276.57,293286.17,1979.97,2590.23,no,yes
5832,0.209651,0.83394212,0.002965,293529.92,293518.47,4327.28,3334.71,no,yes
5833,-0.316134,0.75190445,-0.004471,293252.05,293258.90,1392.51,1657.42,no,yes
5834,0.433046,0.66498651,0.006124,293262.56,293240.85,3917.75,3126.98,no,yes
5835,0.913816,0.36082499,0.012923,293397.48,293368.48,2423.08,2049.93,no,yes
5836,0.580822,0.56136709,0.008214,293784.51,293774.39,1363.30,1084.83,no,yes
5837,1.139812,0.25437864,0.016119,293635.72,293613.72,1486.54,1231.69,no,yes
5838,1.451040,0.14678857,0.020521,293463.63,293424.66,2339.65,1318.63,no,yes
5839,-0.464133,0.64255735,-0.006564,293171.54,293178.50,1044.74,1073.89,no,yes
5840,-0.955843,0.33916371,-0.013518,293458.20,293488.78,1975.61,2516.49,no,yes
5841,0.108273,0.91378033,0.001531,293236.05,293232.15,2333.08,2752.30,no,yes
5842,-0.182231,0.85540318,-0.002577,293703.57,293722.76,7261.10,7625.61,no,yes
5843,-0.075279,0.93999310,-0.001065,293400.72,293402.58,1805.06,1689.32,no,yes
5844,1.531432,0.12568244,0.021658,293379.32,293331.65,2701.71,1545.57,no,yes
5845,0.991803,0.32130594,0.014026,293453.96,293439.93,1061.05,936.68,no,yes
5846,-0.046527,0.96289046,-0.000658,293145.74,293146.43,1117.52,995.71,no,yes
5847,1.177283,0.23909675,0.016649,293405.61,293380.73,1568.56,1416.03,no,yes
5848,0.898206,0.36908687,0.012703,293508.26,293470.13,3134.66,2863.14,no,yes
5849,-0.459459,0.64590966,-0.006498,293576.41,293587.51,1566.54,1838.80,no,yes
5850,0.966443,0.33383593,0.013668,293293.59,293276.38,1480.95,988.67,no,yes
5851,0.965989,0.33406129,0.013661,293418.52,293402.86,1166.46,1125.80,no,yes
5852,-0.324657,0.74544430,-0.004591,293516.97,293522.79,1040.75,1458.44,no,yes
5853,0.564428,0.57246922,0.007982,293461.64,293447.53,1911.12,1611.57,no,yes
5854,0.282227,0.77777267,0.003991,293468.32,293459.55,2173.30,2221.75,no,yes
5855,0.316707,0.75146906,0.004479,293256.72,293251.37,1247.92,1138.31,no,yes
5856,-0.009180,0.99267600,-0.000130,293872.44,293874.13,12996.05,13012.66,no,yes
5857,-1.026001,0.30490392,-0.014510,293266.89,293281.35,936.67,1053.19,no,yes
5858,0.397324,0.69113323,0.005619,296263.81,296249.82,2215.61,2738.21,no,yes
5859,1.421323,0.15524539,0.020101,293295.23,293242.83,3366.03,1502.89,no,yes
5860,0.865070,0.38701121,0.012234,293631.46,293603.82,2500.04,1990.32,no,yes
5861,-0.013132,0.98952254,-0.000186,293410.28,293410.49,1144.64,1116.70,no,yes
5862,1.203031,0.22898224,0.017013,293605.04,293550.62,3934.19,2231.96,no,yes
5863,0.203540,0.83871535,0.002878,293693.65,293675.55,6521.38,6047.19,no,yes
5864,-0.721622,0.47053799,-0.010205,293195.73,293213.76,1213.99,2182.93,no,yes
5865,1.118202,0.26349518,0.015814,293225.27,293192.94,2321.23,1723.15,no,yes
5866,-0.358145,0.72023906,-0.005065,293257.94,293267.10,1411.04,2130.96,no,yes
5867,1.445752,0.14826295,0.020446,293266.72,293238.22,1500.82,1277.07,no,yes
5868,0.356561,0.72142482,0.005043,293285.69,293270.96,3393.05,2352.89,no,yes
5869,1.094862,0.27359133,0.015484,293836.33,293805.80,2230.73,1673.13,no,yes
5870,-0.914403,0.36051739,-0.012932,293563.07,293624.01,3929.85,5382.08,no,yes
5871,1.747215,0.08061840,0.024709,302622.82,302574.32,2357.28,1465.44,no,yes
5872,-0.037632,0.96998166,-0.000532,293382.44,293383.01,961.91,1143.07,no,yes
5873,-0.957512,0.33832054,-0.013541,293296.12,293307.93,844.59,899.18,no,yes
5874,0.087617,0.93018173,0.001239,293347.58,293345.35,1534.78,2029.62,no,yes
5875,-0.217820,0.82757148,-0.003080,293520.42,293524.92,1456.02,1463.68,no,yes
5876,1.151370,0.24959864,0.016283,301007.49,300960.64,3641.93,1814.77,no,yes
5877,0.389188,0.69714101,0.005504,293426.44,293418.70,1457.37,1352.24,no,yes
5878,-0.245314,0.80621605,-0.003469,293431.45,293435.23,1085.34,1090.16,no,yes
5879,0.233101,0.81568536,0.003297,293317.70,293306.05,4041.59,2939.01,no,yes
5880,0.117689,0.90631492,0.001664,293555.17,293544.32,6593.07,6445.42,no,yes
5881,-0.401904,0.68775886,-0.005684,293620.96,293639.10,3059.84,3318.01,no,yes
5882,0.459088,0.64617732,0.006492,293590.57,293579.14,2150.40,1255.35,no,yes
5883,1.935536,0.05293871,0.027373,293496.94,293467.94,1109.09,1007.62,no,yes
5884,0.302474,0.76229390,0.004278,293262.85,293257.30,1296.32,1295.63,no,yes
5885,-0.128911,0.89742924,-0.001823,293230.34,293237.61,3855.62,4112.47,no,yes
5886,-0.524787,0.59973816,-0.007422,293458.00,293466.83,911.51,1414.84,no,yes
5887,0.511135,0.60926221,0.007229,293357.85,293339.30,2788.29,2323.59,no,yes
5888,-0.194541,0.84575422,-0.002751,293288.19,293294.11,2151.83,2153.88,no,yes
5889,-1.013387,0.31088896,-0.014331,293220.88,293272.15,2928.85,4124.40,no,yes
5890,1.717021,0.08599279,0.024282,293448.30,293418.38,1438.82,982.44,no,yes
5891,0.411163,0.68095753,0.005815,293239.53,293234.14,959.21,894.83,no,yes
5892,0.031828,0.97460931,0.000450,293290.79,293290.18,1236.32,1451.68,no,yes
5893,-0.238298,0.81165273,-0.003370,293573.07,293578.80,1508.63,1870.52,no,yes
5894,-1.436369,0.15091916,-0.020313,293210.45,293263.34,1586.01,3322.98,no,yes
5895,-0.006352,0.99493159,-0.000090,293417.30,293417.51,2259.18,2352.68,no,yes
5896,-1.175885,0.23965588,-0.016630,294099.32,294137.40,1919.17,2609.07,no,yes
5897,0.503547,0.61458506,0.007121,293461.35,293450.44,1617.08,1444.26,no,yes
5898,-0.763334,0.44527398,-0.010795,293410.63,293429.85,1487.74,2031.68,no,yes
5899,-1.071070,0.28415242,-0.015147,293644.01,293695.97,2824.54,3944.16,no,yes
5900,1.595899,0.11052831,0.022569,293417.88,293396.75,1059.10,794.33,no,yes
5901,-0.367237,0.71344628,-0.005194,293290.90,293296.08,970.36,1025.44,no,yes
5902,-1.337147,0.18119695,-0.018910,293349.90,293388.74,1155.68,2664.38,no,yes
5903,-0.154393,0.87730166,-0.002183,293265.97,293268.59,1093.88,1297.95,no,yes
5904,0.570242,0.56852058,0.008064,293305.60,293276.25,4164.99,3021.49,no,yes
5905,0.794465,0.42693465,0.011235,293866.19,293838.03,2724.26,2267.65,no,yes
5906,0.147701,0.88258067,0.002089,293288.02,293280.32,4000.71,3338.70,no,yes
5907,0.053246,0.95753629,0.000753,293362.53,293361.36,1833.58,1215.67,no,yes
5908,-0.057507,0.95414201,-0.000813,293636.68,293637.62,1089.19,1220.46,no,yes
5909,1.536828,0.12435234,0.021734,293594.77,293554.68,2076.39,1579.40,no,yes
5910,-0.570252,0.56851368,-0.008065,293528.42,293553.76,2630.65,3579.76,no,yes
5911,-1.709110,0.08744966,-0.024170,293190.90,293253.48,1865.29,3151.00,no,yes
5912,0.219724,0.82608812,0.003107,293637.79,293632.08,1736.78,1933.96,no,yes
5913,-1.465638,0.14276555,-0.020727,293553.79,293581.57,1008.98,1604.75,no,yes
5914,0.336270,0.73667072,0.004756,294033.32,294003.29,6416.13,6210.74,no,yes
5915,0.245527,0.80605129,0.003472,293235.91,293231.82,1109.74,1244.03,no,yes
5916,-0.033615,0.97318418,-0.000475,293642.07,293643.60,2623.70,3740.25,no,yes
5917,0.087971,0.92990066,0.001244,293276.78,293272.18,3512.87,3874.03,no,yes
5918,-0.163993,0.86973827,-0.002319,299840.04,299854.74,6324.87,6356.89,no,yes
5919,-0.024502,0.98045248,-0.000347,293450.16,293451.17,2957.20,2851.19,no,yes
5920,-0.405980,0.68476290,-0.005741,293656.56,293676.19,2498.66,4139.60,no,yes
5921,0.106818,0.91493480,0.001511,293324.64,293323.22,930.15,953.56,no,yes
5922,-1.902743,0.05709495,-0.026909,293555.64,293614.94,1260.82,2850.33,no,yes
5923,0.987067,0.32362277,0.013959,293638.10,293577.47,4922.20,3673.90,no,yes
5924,-0.190849,0.84864627,-0.002699,293273.36,293277.49,1335.63,1704.46,no,yes
5925,0.222592,0.82385512,0.003148,293198.00,293192.41,1661.33,1884.28,no,yes
5926,0.214889,0.82985578,0.003039,293611.89,293608.51,1113.93,1113.84,no,yes
5927,-0.124603,0.90083925,-0.001762,293488.11,293493.23,3273.78,2475.58,no,yes
5928,0.346260,0.72915135,0.004897,293411.93,293403.08,1965.29,1632.27,no,yes
5929,-0.624541,0.53227986,-0.008832,293427.08,293437.43,1027.74,1300.66,no,yes
5930,0.342968,0.73162616,0.004850,293317.58,293308.13,1901.15,1995.85,no,yes
5931,0.638645,0.52306099,0.009032,293315.87,293289.65,2795.58,3005.52,no,yes
5932,0.260880,0.79418802,0.003689,293388.41,293381.20,2281.92,1555.97,no,yes
5933,0.569163,0.56925206,0.008049,293360.21,293351.91,1093.23,964.77,no,yes
5934,0.204160,0.83823048,0.002887,293614.02,293609.66,1331.99,1670.97,no,yes
5935,0.669414,0.50323947,0.009467,293385.79,293372.04,1630.77,1247.21,no,yes
5936,0.564767,0.57223892,0.007987,293634.29,293616.11,2345.45,2203.94,no,yes
5937,0.644840,0.51903834,0.009119,293900.25,293883.22,1951.58,1778.39,no,yes
5938,1.093725,0.27409409,0.015468,293484.85,293448.86,2974.91,1407.36,no,yes
5939,-0.094414,0.92478137,-0.001335,293833.92,293842.65,6558.25,6525.31,no,yes
5940,1.056777,0.29062849,0.014945,293543.44,293525.38,1448.83,907.65,no,yes
5941,0.693533,0.48798333,0.009808,293445.17,293424.07,2360.85,1919.77,no,yes
5942,0.666829,0.50488901,0.009430,293473.40,293431.90,4590.07,4202.45,no,yes
5943,0.777445,0.43690682,0.010995,293490.42,293455.06,3738.18,2590.95,no,yes
5944,-0.134200,0.89324552,-0.001898,293653.16,293660.46,3312.61,4309.57,no,yes
5945,1.016214,0.30954097,0.014371,293181.61,293165.70,1269.39,914.97,no,yes
5946,-0.636177,0.52466820,-0.008997,293527.93,293537.06,1051.51,976.30,no,yes
5947,-0.561756,0.57428935,-0.007944,293279.07,293298.77,2017.23,2867.99,no,yes
5948,-1.219351,0.22272579,-0.017244,293499.75,293552.58,2818.98,3290.52,no,yes
5949,-0.980456,0.32687523,-0.013866,293327.88,293366.54,2119.11,3324.91,no,yes
5950,-0.779631,0.43561800,-0.011026,293438.30,293465.33,2094.56,2762.05,no,yes
5951,-0.380802,0.70335441,-0.005385,293453.97,293461.67,1347.36,1506.80,no,yes
5952,0.459067,0.64619138,0.006492,293588.16,293565.93,3800.65,2999.89,no,yes
5953,0.799231,0.42416610,0.011303,293181.47,293171.18,935.27,885.09,no,yes
5954,1.863129,0.06245905,0.026349,293278.07,293245.67,1315.80,1136.79,no,yes
5955,0.153026,0.87837931,0.002164,293634.49,293631.54,1376.42,1349.37,no,yes
5956,-0.444157,0.65693394,-0.006281,293729.22,293770.70,6311.48,6883.52,no,yes
5957,-0.059379,0.95265113,-0.000840,293644.59,293647.78,3456.31,4119.88,no,yes
5958,1.189335,0.23432187,0.016820,293663.31,293645.72,1056.67,1035.60,no,yes
5959,0.631629,0.52763670,0.008933,293531.25,293521.22,1190.13,1050.17,no,yes
5960,-0.574198,0.56584116,-0.008120,293195.70,293203.37,796.44,1071.61,no,yes
5961,-0.626637,0.53090459,-0.008862,293450.26,293483.85,3602.46,3969.46,no,yes
5962,2.114186,0.03451374,0.029899,293549.12,293517.53,1249.92,818.42,yes,yes
5963,0.093168,0.92577129,0.001318,293531.01,293525.52,4255.78,4076.29,no,yes
5964,0.765728,0.44384854,0.010829,293629.36,293592.66,3941.70,2724.53,no,yes
5965,0.375809,0.70706273,0.005315,293506.45,293487.94,3681.21,3270.38,no,yes
5966,0.422738,0.67249172,0.005978,293566.22,293551.19,2893.52,2068.45,no,yes
5967,0.361319,0.71786499,0.005110,293419.39,293414.41,947.98,1001.53,no,yes
5968,-1.279356,0.20078878,-0.018093,299193.02,299250.99,2490.37,3785.85,no,yes
5969,1.241031,0.21461121,0.017551,293490.13,293463.21,1814.32,1188.50,no,yes
5970,-0.640507,0.52185092,-0.009058,293380.57,293390.59,912.48,1269.82,no,yes
5971,-1.460451,0.14419063,-0.020654,293431.10,293473.19,1020.15,2695.38,no,yes
5972,-0.509568,0.61036035,-0.007206,293510.59,293524.31,1636.04,2138.78,no,yes
5973,0.609054,0.54249598,0.008613,293765.87,293709.20,6954.97,6182.77,no,yes
5974,0.523450,0.60066717,0.007403,293236.00,293216.42,2912.19,2346.75,no,yes
5975,-0.212057,0.83206466,-0.002999,293594.61,293605.14,3202.51,3794.51,no,yes
5976,-0.468715,0.63927871,-0.006629,293346.73,293368.71,3041.41,3570.56,no,yes
5977,-0.116470,0.90728137,-0.001647,293414.37,293418.70,2216.90,2984.40,no,yes
5978,-1.017523,0.30891766,-0.014390,305946.15,306010.26,3912.21,4938.62,no,yes
5979,-0.524921,0.59964361,-0.007424,293265.95,293275.52,1280.15,1297.41,no,yes
5980,-0.789103,0.43006230,-0.011160,293475.19,293521.28,3228.41,4866.74,no,yes
5981,-0.612429,0.54026126,-0.008661,293292.56,293320.87,3059.26,3464.77,no,yes
5982,-0.114730,0.90866040,-0.001623,293432.19,293435.04,1737.01,1780.33,no,yes
5983,0.179065,0.85788869,0.002532,293332.13,293326.75,2331.17,1894.72,no,yes
5984,-0.096700,0.92296590,-0.001368,293570.24,293574.26,2843.21,3028.79,no,yes
5985,0.266786,0.78963667,0.003773,293348.58,293342.29,1899.22,1397.84,no,yes
5986,-0.761925,0.44611470,-0.010775,293596.25,293620.67,1841.63,2622.97,no,yes
5987,-0.187442,0.85131630,-0.002651,293514.09,293516.51,956.69,874.00,no,yes
5988,0.003077,0.99754480,0.000044,293530.99,293530.94,1052.39,1416.44,no,yes
5989,-0.748750,0.45401817,-0.010589,293349.72,293370.15,1507.29,2274.69,no,yes
5990,0.027741,0.97786894,0.000392,293356.42,293355.12,3647.16,2913.76,no,yes
5991,0.570638,0.56825160,0.008070,293225.47,293215.70,1350.75,1051.14,no,yes
5992,1.060841,0.28877586,0.015003,293550.25,293511.74,2888.45,2198.77,no,yes
5993,-0.147538,0.88270913,-0.002086,293194.96,293197.73,1246.10,1404.26,no,yes
5994,0.043637,0.96519426,0.000617,293316.70,293315.63,1726.58,1739.17,no,yes
5995,-0.254295,0.79927042,-0.003596,293405.17,293413.38,2304.41,2258.48,no,yes
5996,-0.107582,0.91432800,-0.001521,293346.09,293348.71,1859.24,1568.76,no,yes
5997,0.311084,0.75574013,0.004399,293204.33,293198.28,1473.16,1269.14,no,yes
5998,0.597390,0.55025482,0.008448,294001.89,293986.19,2194.58,1447.09,no,yes
5999,-0.775729,0.43791950,-0.010970,293228.98,293258.99,2218.35,3169.85,no,yes
6000,0.360543,0.71844541,0.005099,293230.64,293221.65,1522.78,1973.90,no,yes
6001,-0.258300,0.79617808,-0.003653,293285.24,293294.67,2388.37,2760.08,no,yes
6002,-0.089341,0.92881178,-0.001263,293463.02,293465.10,1550.08,1729.01,no,yes
6003,0.134909,0.89268498,0.001908,293994.62,293987.25,3865.10,3863.16,no,yes
6004,-0.542257,0.58764723,-0.007669,293383.92,293391.39,967.96,980.21,no,yes
6005,0.208870,0.83455158,0.002954,293415.73,293412.76,975.64,1035.80,no,yes
6006,0.596342,0.55095382,0.008434,293550.74,293535.60,1855.91,1733.69,no,yes
6007,0.200427,0.84114890,0.002834,293377.89,293373.57,1639.22,1399.46,no,yes
6008,-0.003856,0.99692306,-0.000055,293245.10,293245.17,1251.38,1454.69,no,yes
6009,1.524927,0.12729679,0.021566,293645.22,293573.17,4070.86,2397.16,no,yes
6010,-0.590838,0.55463561,-0.008356,293329.96,293363.89,3811.12,4297.63,no,yes
6011,0.352603,0.72439037,0.004987,293232.78,293224.06,1533.16,1941.13,no,yes
6012,1.707476,0.08775776,0.024147,293616.65,293545.51,3894.84,1478.73,no,yes
6013,-0.397997,0.69063669,-0.005629,293450.95,293458.72,1383.06,1379.01,no,yes
6014,0.118158,0.90594366,0.001671,293527.70,293524.29,2033.36,2043.22,no,yes
6015,-0.305803,0.75975878,-0.004325,293206.90,293213.41,1826.87,1093.16,no,yes
6016,0.493156,0.62190780,0.006974,293567.05,293559.02,1240.80,1054.20,no,yes
6017,0.770048,0.44128038,0.010890,293433.72,293423.39,956.49,939.50,no,yes
6018,0.671354,0.50200266,0.009494,293585.23,293570.27,1595.11,1557.73,no,yes
6019,-0.804496,0.42112409,-0.011377,293425.74,293445.99,1064.52,2280.24,no,yes
6020,-0.388693,0.69750774,-0.005497,293468.74,293475.39,1169.24,1248.87,no,yes
6021,0.909264,0.36322227,0.012859,293312.91,293300.09,1071.24,916.53,no,yes
6022,-0.623042,0.53326418,-0.008811,301021.40,301049.35,3046.21,3292.93,no,yes
6023,1.766126,0.07739433,0.024977,293393.44,293353.08,2004.05,1097.66,no,yes
6024,0.358829,0.71972683,0.005075,301329.01,301315.76,2426.13,2783.29,no,yes
6025,0.314685,0.75300433,0.004450,293574.84,293560.98,2945.21,3273.00,no,yes
6026,-0.923658,0.35567637,-0.013062,293298.37,293329.53,2065.21,2668.15,no,yes
6027,0.213477,0.83095695,0.003019,302333.18,302324.51,2921.98,2823.94,no,yes
6028,-0.180689,0.85661315,-0.002555,293456.06,293460.33,1738.26,1600.46,no,yes
6029,-0.713016,0.47584485,-0.010084,293408.28,293429.41,1757.56,2385.59,no,yes
6030,-0.138372,0.88994779,-0.001957,293317.79,293319.68,926.82,1000.36,no,yes
6031,-0.955803,0.33918401,-0.013517,293454.24,293485.61,2046.95,2564.88,no,yes
6032,0.224052,0.82271940,0.003169,293523.52,293515.54,2756.24,2257.43,no,yes
6033,1.053898,0.29194509,0.014904,307241.79,307199.53,3436.15,2067.15,no,yes
6034,-0.673561,0.50059830,-0.009526,293462.23,293482.09,2206.96,1957.45,no,yes
6035,-0.176720,0.85972976,-0.002499,293428.75,293439.50,4414.99,4189.68,no,yes
6036,0.088002,0.92987637,0.001245,293351.01,293349.56,1300.14,1007.38,no,yes
6037,-0.641925,0.52092959,-0.009078,293622.10,293638.05,1587.69,1911.62,no,yes
6038,0.784329,0.43285807,0.011092,293563.05,293543.66,2090.60,1321.47,no,yes
6039,-0.189878,0.84940644,-0.002685,293297.29,293306.82,3440.30,3656.80,no,yes
6040,0.827420,0.40800903,0.011701,293458.12,293432.89,2197.40,2114.61,no,yes
6041,1.095439,0.27334220,0.015492,293530.29,293485.77,3633.75,1819.81,no,yes
6042,0.521048,0.60233954,0.007369,293274.02,293255.73,2797.03,2122.05,no,yes
6043,-0.356432,0.72152077,-0.005041,293629.89,293636.09,1173.97,1283.56,no,yes
6044,0.446678,0.65511276,0.006317,293319.67,293297.59,3991.70,2914.84,no,yes
6045,0.750775,0.45279793,0.010618,293334.13,293311.09,2475.64,1814.53,no,yes
6046,0.855455,0.39230989,0.012098,293340.03,293313.85,2360.52,1948.34,no,yes
6047,0.937246,0.34864362,0.013255,293498.19,293468.44,2197.60,2291.60,no,yes
6048,0.623034,0.53326948,0.008811,293345.87,293337.60,993.14,880.22,no,yes
6049,-0.109131,0.91309985,-0.001543,361949.98,361954.64,2450.08,3500.40,no,yes
6050,-0.408565,0.68286371,-0.005778,293204.29,293213.12,1442.08,1607.58,no,yes
6051,-0.585475,0.55823501,-0.008280,293222.33,293230.07,929.82,940.40,no,yes
6052,0.831413,0.40575044,0.011758,293373.27,293360.60,1146.57,1003.51,no,yes
6053,-0.108201,0.91383757,-0.001530,293457.60,293461.76,2670.57,2765.32,no,yes
6054,-0.198007,0.84304193,-0.002800,296311.15,296321.64,3246.36,4189.18,no,yes
6055,0.028375,0.97736368,0.000401,293439.02,293438.05,2561.08,2265.44,no,yes
6056,0.604916,0.54524148,0.008555,293350.29,293340.38,1228.62,1085.49,no,yes
6057,0.038971,0.96891366,0.000551,293648.50,293647.27,2037.81,2438.62,no,yes
6058,1.861097,0.06275538,0.026320,293599.39,293520.10,4081.11,1222.38,no,yes
6059,0.148394,0.88203352,0.002099,301568.57,301564.02,2492.42,1779.93,no,yes
6060,0.836582,0.40283851,0.011831,293650.35,293607.75,4182.95,2903.07,no,yes
6061,0.862030,0.38868118,0.012191,293432.59,293411.60,1655.49,1786.02,no,yes
6062,0.168412,0.86626090,0.002382,293513.49,293508.07,2530.02,1985.61,no,yes
6063,-0.349268,0.72689201,-0.004939,298440.54,298445.84,1052.79,1092.25,no,yes
6064,1.201770,0.22946721,0.016996,293255.17,293219.97,1894.28,2233.72,no,yes
6065,-0.316594,0.75155504,-0.004477,308785.30,308790.87,1145.19,1335.73,no,yes
6066,0.929795,0.35249413,0.013149,293358.94,293332.91,2600.81,1035.96,no,yes
6067,-0.357347,0.72083595,-0.005054,293350.06,293354.82,887.74,992.50,no,yes
6068,1.230980,0.21834664,0.017409,293614.14,293563.47,3406.86,2310.07,no,yes
6069,-0.735404,0.46210243,-0.010400,293286.65,293310.05,2207.30,2290.95,no,yes
6070,-0.068206,0.94562237,-0.000965,303346.14,303347.70,1448.39,1757.62,no,yes
6071,-0.518859,0.60386468,-0.007338,293208.31,293216.65,1153.34,1119.55,no,yes
6072,-0.142262,0.88687412,-0.002012,293404.26,293406.42,1079.16,1069.53,no,yes
6073,-0.602863,0.54660655,-0.008526,293581.02,293594.62,1492.51,1693.14,no,yes
6074,0.164474,0.86935941,0.002326,293409.74,293407.32,1031.08,1053.73,no,yes
6075,-1.216184,0.22392908,-0.017199,293416.26,293433.85,1023.71,1021.64,no,yes
6076,-0.084467,0.93268620,-0.001195,293367.21,293370.39,2725.36,2602.82,no,yes
6077,-0.608237,0.54303757,-0.008602,293326.99,293342.87,1923.59,1763.32,no,yes
6078,1.361737,0.17329829,0.019258,293699.94,293639.79,3651.85,2485.11,no,yes
6079,0.379739,0.70414383,0.005370,293317.43,293302.66,3351.55,1976.17,no,yes
6080,0.583917,0.55928370,0.008258,293558.24,293541.24,2396.30,1653.64,no,yes
6081,-0.383250,0.70153862,-0.005420,293568.97,293581.39,2101.72,2468.62,no,yes
6082,0.130353,0.89628854,0.001843,293604.09,293600.81,1732.49,1820.80,no,yes
6083,-0.248125,0.80404063,-0.003509,293345.35,293352.88,2022.62,2262.53,no,yes
6084,0.630415,0.52843017,0.008915,293602.06,293592.50,1092.19,1052.15,no,yes
6085,-0.565166,0.57196753,-0.007993,293525.11,293532.08,914.63,825.09,no,yes
6086,0.687088,0.49203751,0.009717,293412.66,293394.48,2312.20,1287.49,no,yes
6087,0.344609,0.73039161,0.004874,293586.27,293565.04,4367.20,4342.58,no,yes
6088,0.600085,0.54845704,0.008486,293320.68,293310.31,1358.46,1069.19,no,yes
6089,0.349167,0.72696744,0.004938,307129.71,307120.35,2076.60,1695.15,no,yes
6090,0.652165,0.51430248,0.009223,293391.47,293381.66,1028.00,1097.27,no,yes
6091,-0.330491,0.74103253,-0.004674,293237.52,293249.12,2308.13,2644.87,no,yes
6092,0.179841,0.85727884,0.002543,293497.89,293489.97,3027.12,3193.34,no,yes
6093,-0.133484,0.89381165,-0.001888,293572.50,293575.94,1664.40,1967.81,no,yes
6094,0.611364,0.54096586,0.008646,293434.86,293422.65,1560.92,1247.02,no,yes
6095,-0.296383,0.76694093,-0.004191,293616.05,293643.14,6296.06,6627.75,no,yes
6096,-0.560490,0.57515274,-0.007927,293268.80,293281.20,1186.32,1866.54,no,yes
6097,0.855452,0.39231153,0.012098,293505.62,293482.83,1983.23,1777.99,no,yes
6098,0.158745,0.87387163,0.002245,293454.49,293447.83,2944.09,2985.15,no,yes
6099,1.201351,0.22962966,0.016990,299592.86,299577.37,979.06,838.88,no,yes
6100,-0.931840,0.35143090,-0.013178,293329.32,293348.20,1566.98,1284.47,no,yes
6101,-0.334129,0.73828623,-0.004725,293582.13,293594.03,2216.24,2788.74,no,yes
6102,0.555125,0.57881548,0.007851,293588.10,293579.98,1118.86,939.83,no,yes
6103,0.366659,0.71387697,0.005185,293409.62,293398.38,2020.31,2306.38,no,yes
6104,0.531396,0.59515013,0.007515,303277.37,303260.69,2187.44,2252.81,no,yes
6105,0.307143,0.75873737,0.004344,293395.20,293385.53,2162.33,2290.36,no,yes
6106,0.128272,0.89793494,0.001814,293401.33,293396.91,2669.22,2185.82,no,yes
6107,0.998541,0.31803020,0.014122,293240.24,293225.25,1205.52,895.24,no,yes
6108,0.419141,0.67511729,0.005928,293217.74,293209.22,1484.98,1388.20,no,yes
6109,-0.523775,0.60044145,-0.007407,293623.07,293647.86,2769.70,3837.25,no,yes
6110,1.116259,0.26432848,0.015786,293482.77,293457.91,1946.15,1082.68,no,yes
6111,0.656982,0.51120006,0.009291,293492.88,293476.36,1900.11,1645.49,no,yes
6112,0.129520,0.89694746,0.001832,293547.13,293535.78,6187.30,6198.53,no,yes
6113,-0.036711,0.97071585,-0.000519,301285.69,301287.26,2929.25,3109.24,no,yes
6114,0.209701,0.83390334,0.002966,293290.85,293284.09,2590.55,1921.45,no,yes
6115,-0.462826,0.64349450,-0.006545,293682.00,293709.13,3338.50,4819.53,no,yes
6116,-0.650617,0.51530160,-0.009201,293454.65,293474.10,2012.60,2210.40,no,yes
6117,0.131814,0.89513243,0.001864,293427.72,293420.48,3832.22,3928.63,no,yes
6118,-0.345749,0.72953536,-0.004890,293280.64,293295.37,2582.13,3388.03,no,yes
6119,-0.264333,0.79152595,-0.003738,293426.18,293435.49,2341.52,2630.16,no,yes
6120,1.475185,0.14017908,0.020862,299587.95,299543.73,2292.42,1931.19,no,yes
6121,0.220940,0.82514152,0.003125,293376.74,293364.74,3873.17,3804.40,no,yes
6122,1.350812,0.17677180,0.019103,293249.36,293214.94,1998.17,1580.98,no,yes
6123,0.382740,0.70191670,0.005413,293429.77,293407.17,4263.80,4083.71,no,yes
6124,-0.414681,0.67837984,-0.005864,293438.38,293459.42,3150.05,3978.16,no,yes
6125,-0.732397,0.46393681,-0.010358,293143.01,293159.96,1159.60,2002.72,no,yes
6126,0.346273,0.72914137,0.004897,293270.76,293261.67,2042.46,1645.86,no,yes
6127,1.435539,0.15114941,0.020302,293290.29,293268.18,1127.94,1048.96,no,yes
6128,0.077211,0.93845646,0.001092,293281.43,293278.77,2762.19,2055.42,no,yes
6129,0.464873,0.64202744,0.006574,307477.60,307438.26,6068.45,5895.35,no,yes
6130,1.114478,0.26508965,0.015761,293382.10,293357.57,1827.09,1228.35,no,yes
6131,-0.114082,0.90917392,-0.001613,293197.25,293198.94,911.64,1162.99,no,yes
6132,-0.551378,0.58138081,-0.007798,293481.65,293504.33,2639.60,3155.51,no,yes
6133,-0.755617,0.44988799,-0.010686,293350.53,293361.17,908.45,1075.70,no,yes
6134,0.547779,0.58384999,0.007747,293208.97,293200.15,1174.09,1102.14,no,yes
6135,0.337695,0.73559629,0.004776,293454.38,293448.70,1274.06,1096.07,no,yes
6136,1.015883,0.30969882,0.014367,293512.95,293473.57,3149.67,2259.28,no,yes
6137,0.147971,0.88236702,0.002093,293696.82,293691.94,2402.36,2260.82,no,yes
6138,-0.012002,0.99042433,-0.000170,293211.40,293211.78,2365.58,2084.38,no,yes
6139,0.608489,0.54287019,0.008605,293150.69,293140.01,1118.55,1351.85,no,yes
6140,-1.004555,0.31512722,-0.014207,293407.64,293429.12,1006.35,1885.83,no,yes
6141,-0.284010,0.77640609,-0.004017,293475.74,293488.20,2645.28,3503.06,no,yes
6142,-0.346043,0.72931474,-0.004894,293436.70,293447.20,1696.20,2516.81,no,yes
6143,0.063056,0.94972257,0.000892,293232.85,293230.57,2287.99,2796.40,no,yes
6144,0.128635,0.89764763,0.001819,293578.39,293574.55,2254.07,1950.16,no,yes
6145,0.191089,0.84845771,0.002702,293354.80,293351.37,1259.17,1275.62,no,yes
6146,1.376755,0.16861010,0.019470,293647.71,293579.64,4494.19,2060.73,no,yes
6147,0.601822,0.54729932,0.008511,293297.65,293279.19,2313.30,2012.55,no,yes
6148,-0.275185,0.78317731,-0.003892,293472.69,293477.02,1052.40,1167.50,no,yes
6149,-0.118448,0.90571413,-0.001675,293574.13,293577.15,1571.40,2009.98,no,yes
6150,0.104130,0.91706726,0.001473,293521.24,293511.77,6443.90,6416.55,no,yes
6151,0.524455,0.59996792,0.007417,293700.37,293670.51,3880.60,4163.90,no,yes
6152,0.063664,0.94923876,0.000900,293245.65,293243.80,2341.36,1708.90,no,yes
6153,0.210075,0.83361155,0.002971,293514.33,293508.18,1803.73,2307.07,no,yes
6154,-0.901893,0.36712458,-0.012755,293342.44,293362.32,1468.71,1643.53,no,yes
6155,0.116492,0.90726380,0.001647,293329.18,293326.67,1690.72,1336.91,no,yes
6156,0.155537,0.87639954,0.002200,293497.17,293490.99,2972.48,2633.41,no,yes
6157,0.222284,0.82409508,0.003144,293413.39,293407.96,2005.86,1389.66,no,yes
6158,1.211548,0.22570371,0.017134,293269.91,293214.18,4030.47,2217.52,no,yes
6159,0.434111,0.66421283,0.006139,293246.74,293238.93,1216.84,1325.98,no,yes
6160,0.931576,0.35156686,0.013174,293427.21,293412.38,1186.27,1061.52,no,yes
6161,-0.907622,0.36408918,-0.012836,293219.95,293243.10,1769.37,1836.09,no,yes
6162,1.042310,0.29728202,0.014740,293582.34,293560.06,1763.53,1209.45,no,yes
6163,-0.409086,0.68248124,-0.005785,293693.70,293706.45,1886.40,2480.90,no,yes
6164,0.591284,0.55433707,0.008362,293248.30,293237.42,1388.55,1205.99,no,yes
6165,0.812620,0.41644613,0.011492,293488.55,293478.51,948.25,790.61,no,yes
6166,-0.169615,0.86531486,-0.002399,293227.91,293235.35,3111.38,3093.41,no,yes
6167,0.675525,0.49934987,0.009553,293729.22,293706.61,2346.95,2385.75,no,yes
6168,-0.308528,0.75768366,-0.004363,293226.98,293236.44,1955.45,2362.62,no,yes
6169,-0.233464,0.81540318,-0.003302,293405.18,293412.43,2131.05,2258.55,no,yes
6170,0.638815,0.52295221,0.009034,293549.45,293513.83,4750.77,2916.52,no,yes
6171,0.455597,0.64868576,0.006443,293582.93,293567.48,2946.95,1674.89,no,yes
6172,-0.564727,0.57226788,-0.007986,293556.74,293586.24,2496.01,4589.93,no,yes
6173,-0.100456,0.91998311,-0.001421,293453.41,293456.04,1756.91,1944.76,no,yes
6174,0.246136,0.80557924,0.003481,293358.52,293351.57,1923.65,2065.83,no,yes
6175,1.499000,0.13389252,0.021199,293445.98,293423.87,1252.12,780.47,no,yes
6176,0.804963,0.42085065,0.011384,293516.07,293486.99,2771.28,2317.50,no,yes
6177,0.804873,0.42090275,0.011383,293550.43,293515.49,2853.88,3270.40,no,yes
6178,-0.060890,0.95144713,-0.000861,293220.59,293222.49,1911.35,2468.95,no,yes
6179,-0.529841,0.59622812,-0.007493,293393.35,293420.39,3542.42,3673.97,no,yes
6180,0.093648,0.92538973,0.001324,293505.81,293503.78,1413.93,1644.91,no,yes
6181,0.156329,0.87577541,0.002211,293173.74,293171.26,1201.16,1041.07,no,yes
6182,-0.539399,0.58961771,-0.007628,293533.07,293541.17,1013.50,1107.95,no,yes
6183,-1.048714,0.29432244,-0.014831,293195.90,293225.85,1888.67,2142.49,no,yes
6184,-1.895148,0.05809185,-0.026801,293494.56,293568.03,1804.47,3431.28,no,yes
6185,-0.907715,0.36403983,-0.012837,293542.65,293556.75,1054.59,1139.81,no,yes
6186,-0.302512,0.76226508,-0.004278,293579.98,293591.33,2322.40,2948.69,no,yes
6187,0.796146,0.42595658,0.011259,293355.98,293319.79,3451.45,2958.08,no,yes
6188,-0.342181,0.73221820,-0.004839,293810.14,293839.86,5902.49,6373.44,no,yes
6189,0.290967,0.77107986,0.004115,306004.54,305990.55,3405.98,3392.24,no,yes
6190,0.516347,0.60561772,0.007302,293501.85,293486.74,2102.15,2034.10,no,yes
6191,0.762947,0.44550488,0.010790,293721.66,293667.39,5817.78,4092.07,no,yes
6192,-1.152192,0.24925616,-0.016294,293674.79,293712.71,2153.29,2489.61,no,yes
6193,0.866011,0.38649429,0.012247,293473.63,293449.22,2017.10,1969.22,no,yes
6194,0.136806,0.89118578,0.001935,293315.82,293309.29,3412.26,3337.85,no,yes
6195,0.267331,0.78921729,0.003781,293507.45,293498.12,2911.86,1926.04,no,yes
6196,-0.534714,0.59285354,-0.007562,293453.95,293472.55,2439.57,2480.07,no,yes
6197,0.270118,0.78707196,0.003820,293686.92,293672.31,4036.80,3597.93,no,yes
6198,-1.252366,0.21045198,-0.017711,293454.12,293521.56,3367.69,4202.81,no,yes
6199,0.032513,0.97406349,0.000460,293477.93,293476.38,3484.99,3292.18,no,yes
6200,0.617002,0.53724087,0.008726,293656.00,293629.03,3321.06,2843.27,no,yes
6201,-0.281191,0.77856694,-0.003977,293388.56,293398.49,2764.62,2201.84,no,yes
6202,1.119098,0.26311237,0.015826,293339.87,293295.36,3095.90,2497.46,no,yes
6203,-0.517750,0.60463876,-0.007322,293254.42,293267.48,1744.31,1822.40,no,yes
6204,-0.550594,0.58191848,-0.007787,293581.50,293590.35,1112.24,1159.39,no,yes
6205,0.509098,0.61068906,0.007200,293627.26,293599.44,3970.45,3756.00,no,yes
6206,0.846597,0.39722978,0.011973,293610.58,293584.39,2082.18,2288.11,no,yes
6207,-0.561763,0.57428399,-0.007945,293397.43,293404.99,829.83,1058.45,no,yes
6208,-0.295969,0.76725728,-0.004186,293503.72,293520.43,3664.61,4295.65,no,yes
6209,-0.477537,0.63298497,-0.006753,293146.24,293153.26,990.13,1085.76,no,yes
6210,0.588142,0.55644376,0.008318,293692.80,293664.26,3753.01,3076.17,no,yes
6211,0.040633,0.96758916,0.000575,293179.70,293178.68,1605.72,1933.74,no,yes
6212,0.953980,0.34010711,0.013491,293325.27,293275.34,4401.03,2832.40,no,yes
6213,-1.173017,0.24080320,-0.016589,293162.01,293176.93,855.06,941.47,no,yes
6214,-0.881270,0.37818286,-0.012463,293539.59,293556.45,1221.02,1472.13,no,yes
6215,0.523268,0.60079384,0.007400,293437.13,293424.24,1814.96,1665.30,no,yes
6216,0.285332,0.77539269,0.004035,293413.92,293409.17,1149.62,1205.72,no,yes
6217,-0.028214,0.97749199,-0.000399,293421.40,293421.97,1555.42,1326.74,no,yes
6218,0.398795,0.69004872,0.005640,293216.23,293206.93,1876.25,1382.05,no,yes
6219,1.115588,0.26461184,0.015777,293347.28,293330.43,1099.70,1035.88,no,yes
6220,1.965632,0.04935837,0.027798,293588.00,293512.73,3316.34,1915.14,yes,yes
6221,-0.308591,0.75763579,-0.004364,293368.92,293383.59,3160.86,3547.29,no,yes
6222,-0.329266,0.74195880,-0.004657,293410.74,293417.92,1177.25,1834.26,no,yes
6223,0.430009,0.66719342,0.006081,293624.35,293613.82,1688.52,1772.35,no,yes
6224,1.086138,0.27743124,0.015360,293402.94,293388.46,975.12,909.11,no,yes
6225,0.124820,0.90066706,0.001765,293260.97,293254.82,3532.48,3439.38,no,yes
6226,-1.403434,0.16050996,-0.019848,293290.78,293349.37,1695.11,3815.18,no,yes
6227,-0.185018,0.85321671,-0.002617,302635.05,302646.19,4252.98,4266.24,no,yes
6228,0.883001,0.37724663,0.012488,293414.96,293401.00,1092.35,1142.91,no,yes
6229,-0.093200,0.92574522,-0.001318,293378.46,293381.31,2163.50,2161.66,no,yes
6230,0.506171,0.61274259,0.007158,293223.92,293208.09,2093.51,2323.12,no,yes
6231,-0.382997,0.70172586,-0.005416,293385.07,293396.00,1916.68,2114.08,no,yes
6232,0.609680,0.54208102,0.008622,293701.77,293674.49,3278.02,3044.62,no,yes
6233,0.525112,0.59951155,0.007426,293497.62,293476.27,3081.78,2651.35,no,yes
6234,-0.429390,0.66764392,-0.006072,293344.87,293355.49,1611.30,1878.49,no,yes
6235,-0.045286,0.96387985,-0.000640,293512.08,293513.88,2783.56,2853.39,no,yes
6236,0.383019,0.70171015,0.005417,293269.78,293258.14,2274.32,2015.35,no,yes
6237,-0.062299,0.95032543,-0.000881,293437.96,293440.13,2528.45,2379.63,no,yes
6238,-0.161582,0.87163675,-0.002285,293368.44,293372.69,1747.78,1967.05,no,yes
6239,0.773806,0.43905510,0.010943,298636.43,298590.90,4535.19,3749.24,no,yes
6240,0.319626,0.74925558,0.004520,293398.38,293383.04,3663.30,3102.60,no,yes
6241,0.179706,0.85738568,0.002541,293305.64,293299.37,2100.09,2782.52,no,yes
6242,-1.323647,0.18563938,-0.018719,293292.98,293352.14,2208.78,3885.70,no,yes
6243,-0.122391,0.90259042,-0.001731,293591.33,293603.30,6634.87,7180.44,no,yes
6244,0.261102,0.79401652,0.003693,293552.61,293536.15,5031.51,3799.67,no,yes
6245,-1.814802,0.06957013,-0.025665,293424.54,293473.18,1669.39,2096.30,no,yes
6246,0.296342,0.76697251,0.004191,293506.34,293495.81,2984.29,1927.41,no,yes
6247,-1.211964,0.22554669,-0.017140,293322.18,293374.02,1785.92,3886.41,no,yes
6248,-1.700031,0.08914402,-0.024042,293389.95,293416.79,815.01,1351.71,no,yes
6249,1.258788,0.20812254,0.017802,293553.55,293537.96,983.87,751.93,no,yes
6250,-0.166822,0.86751216,-0.002359,293223.16,293230.30,3204.18,2831.34,no,yes
6251,0.439281,0.66046264,0.006212,293472.45,293453.76,3339.63,2637.19,no,yes
6252,0.436761,0.66228976,0.006177,293607.85,293601.54,1089.93,950.20,no,yes
6253,0.847111,0.39694383,0.011980,293354.79,293331.80,1665.08,2142.81,no,yes
6254,1.659950,0.09694538,0.023475,293274.30,293234.44,2134.10,1101.29,no,yes
6255,0.206392,0.83648665,0.002919,293672.12,293667.69,1404.24,1621.65,no,yes
6256,-0.715185,0.47450410,-0.010114,308759.75,308785.71,2028.64,3009.49,no,yes
6257,-0.479179,0.63181622,-0.006777,293572.27,293579.60,1055.28,1106.40,no,yes
6258,1.028317,0.30381326,0.014543,293365.45,293347.76,1286.32,1141.91,no,yes
6259,2.081459,0.03741456,0.029436,293545.34,293451.55,4373.79,1084.38,yes,yes
6260,0.335969,0.73689755,0.004751,293390.67,293379.25,2519.51,2277.78,no,yes
6261,0.260808,0.79424335,0.003688,293565.58,293557.83,2189.40,2009.11,no,yes
6262,-1.583579,0.11331168,-0.022395,293305.66,293375.93,1894.10,4012.55,no,yes
6263,-0.643826,0.51969888,-0.009105,293771.08,293789.80,1153.59,2669.08,no,yes
6264,0.870701,0.38392782,0.012314,293699.58,293675.98,2036.99,1788.79,no,yes
6265,0.260371,0.79458067,0.003682,293592.23,293586.99,1379.74,1465.21,no,yes
6266,-1.088139,0.27654782,-0.015389,293344.40,293364.87,1150.58,1488.68,no,yes
6267,-0.832034,0.40540191,-0.011767,293258.64,293300.35,2564.48,4307.88,no,yes
6268,0.702403,0.48243633,0.009933,293273.83,293258.76,1534.00,1500.17,no,yes
6269,0.678795,0.49727696,0.009600,293316.93,293291.00,3180.68,2116.67,no,yes
6270,-0.230398,0.81778511,-0.003258,293391.89,293395.74,1159.32,1204.78,no,yes
6271,-0.680544,0.49616799,-0.009624,293186.10,293196.70,1108.58,1094.58,no,yes
6272,-0.278380,0.78072368,-0.003937,293272.43,293282.38,2513.31,2543.69,no,yes
6273,-0.269807,0.78731134,-0.003816,293432.85,293439.06,1593.21,1659.91,no,yes
6274,-0.168960,0.86582956,-0.002389,293604.95,293607.44,912.06,1159.39,no,yes
6275,0.798931,0.42434127,0.011299,293384.69,293364.73,2075.67,1392.14,no,yes
6276,-0.416221,0.67725334,-0.005886,293430.63,293440.30,1218.43,1978.57,no,yes
6277,0.254195,0.79934783,0.003595,293862.77,293837.56,6985.05,7037.29,no,yes
6278,-0.084145,0.93294219,-0.001190,293645.21,293650.57,3766.20,5131.44,no,yes
6279,0.401879,0.68777724,0.005683,293490.19,293473.81,3024.56,2731.89,no,yes
6280,-1.566253,0.11731130,-0.022150,293493.00,293582.75,2497.18,5157.48,no,yes
6281,0.694364,0.48746233,0.009820,294097.60,294086.36,1184.95,1103.42,no,yes
6282,-0.081883,0.93474048,-0.001158,293670.84,293676.59,4882.62,5036.89,no,yes
6283,0.088470,0.92950373,0.001251,293599.48,293595.67,2957.71,3142.78,no,yes
6284,-0.369712,0.71160129,-0.005229,293364.67,293370.19,1182.48,910.77,no,yes
6285,-0.125791,0.89989841,-0.001779,293419.95,293424.36,2302.93,2644.49,no,yes
6286,-0.903927,0.36604509,-0.012783,293456.46,293469.98,999.40,1113.12,no,yes
6287,1.556837,0.11952866,0.022017,293541.18,293518.16,1269.48,758.54,no,yes
6288,1.328604,0.18400036,0.018789,293593.10,293545.09,3283.25,1510.12,no,yes
6289,-0.193199,0.84680561,-0.002732,294452.29,294458.24,2549.49,1733.47,no,yes
6290,1.113845,0.26536280,0.015752,293273.11,293245.02,2208.80,1217.73,no,yes
6291,0.759914,0.44731492,0.010747,293762.84,293750.78,1166.64,1075.10,no,yes
6292,0.090240,0.92809721,0.001276,293272.08,293268.94,2444.25,2482.92,no,yes
6293,0.714847,0.47471247,0.010109,293274.99,293248.29,2892.75,2362.60,no,yes
6294,-0.780499,0.43510771,-0.011038,293187.77,293206.84,1378.48,2016.30,no,yes
6295,0.727040,0.46721270,0.010282,293442.12,293400.70,5012.81,2706.26,no,yes
6296,-0.413985,0.67888935,-0.005855,293356.48,293363.07,1143.66,1106.04,no,yes
6297,0.126994,0.89894672,0.001796,293257.77,293255.88,969.89,1126.65,no,yes
6298,0.112759,0.91022290,0.001595,294108.46,294098.03,6711.48,6368.01,no,yes
6299,0.714450,0.47495741,0.010104,293363.07,293344.08,1900.51,1858.32,no,yes
6300,-1.987959,0.04683249,-0.028114,293515.18,293546.27,823.71,1329.47,yes,yes
6301,-0.757019,0.44904726,-0.010706,293308.88,293318.35,869.67,898.91,no,yes
6302,1.409974,0.15856347,0.019940,293576.76,293553.66,1259.58,1047.85,no,yes
6303,0.004712,0.99624034,0.000067,293640.22,293639.82,5952.40,5905.37,no,yes
6304,0.823804,0.41006096,0.011650,295785.07,295671.51,10054.03,9431.75,no,yes
6305,0.306859,0.75895369,0.004340,295744.66,295707.93,8784.23,8129.94,no,yes
6306,-0.529075,0.59675910,-0.007482,295659.90,295721.51,8170.67,8296.01,no,yes
6307,-0.198654,0.84253504,-0.002809,295617.54,295648.11,10736.76,11028.79,no,yes
6308,0.038936,0.96894178,0.000551,297869.57,297860.13,17166.70,17108.35,no,yes
6309,-0.027776,0.97784081,-0.000393,296947.25,296952.66,13774.63,13771.03,no,yes
6310,0.001572,0.99874584,0.000022,295176.84,295176.71,5701.59,5760.43,no,yes
6311,1.726521,0.08426962,0.024417,293408.51,293376.68,1414.41,1182.70,no,yes
6312,0.576398,0.56435306,0.008151,302681.58,302662.26,2630.98,2077.28,no,yes
6313,0.031178,0.97512797,0.000441,293211.63,293210.83,1681.11,1921.92,no,yes
6314,0.154973,0.87684435,0.002192,293381.92,293376.40,2603.84,2438.62,no,yes
6315,0.886419,0.37540385,0.012536,293521.52,293484.02,3529.78,2330.76,no,yes
6316,-0.190862,0.84863556,-0.002699,293381.31,293390.94,3400.73,3724.19,no,yes
6317,0.630234,0.52854938,0.008913,293519.15,293494.53,3066.20,2419.35,no,yes
6318,-0.079726,0.93645635,-0.001127,293476.17,293480.33,3787.08,3586.04,no,yes
6319,-0.431134,0.66637551,-0.006097,293413.70,293419.18,913.47,883.65,no,yes
6320,0.239436,0.81076978,0.003386,293249.09,293240.34,2524.78,2644.04,no,yes
6321,0.369111,0.71204907,0.005220,293271.85,293260.29,2311.42,2113.94,no,yes
6322,-1.687661,0.09150048,-0.023867,293269.14,293310.88,883.88,2309.71,no,yes
6323,-0.378837,0.70481313,-0.005358,293533.37,293542.91,1826.37,1731.45,no,yes
6324,-1.510159,0.13102286,-0.021357,293206.16,293235.78,968.70,1705.83,no,yes
6325,0.429841,0.66731568,0.006079,293463.09,293455.39,1285.81,1247.56,no,yes
6326,0.852049,0.39419788,0.012050,293606.24,293567.43,3620.20,2764.17,no,yes
6327,-0.586570,0.55749951,-0.008295,293465.17,293487.65,2236.61,3112.53,no,yes
6328,2.151992,0.03141740,0.030434,293557.42,293463.70,4121.79,1405.72,yes,yes
6329,0.920644,0.35724761,0.013020,293605.81,293590.18,1260.50,1137.23,no,yes
6330,0.083523,0.93343683,0.001181,293229.11,293227.79,1037.05,1186.85,no,yes
6331,0.367123,0.71353152,0.005192,293432.65,293424.57,1484.63,1626.20,no,yes
6332,0.399220,0.68973543,0.005646,293541.02,293534.60,1129.61,1145.82,no,yes
6333,0.429600,0.66749102,0.006075,293464.27,293444.12,3428.30,3199.57,no,yes
6334,0.095643,0.92380508,0.001353,293457.57,293455.62,1617.13,1248.86,no,yes
6335,0.653445,0.51347723,0.009241,293441.31,293424.20,1859.06,1845.28,no,yes
6336,0.942303,0.34605171,0.013326,293324.34,293301.55,2078.92,1237.14,no,yes
6337,-0.754494,0.45056402,-0.010670,293334.49,293379.80,2985.10,5210.28,no,yes
6338,0.646961,0.51766460,0.009149,293234.07,293215.44,2224.71,1828.71,no,yes
6339,-1.067286,0.28585592,-0.015094,294692.90,294729.98,2277.89,2623.27,no,yes
6340,0.256519,0.79755297,0.003628,293468.89,293463.45,1491.71,1503.21,no,yes
6341,0.225316,0.82173566,0.003186,293632.51,293623.77,2554.74,2920.24,no,yes
6342,-1.128512,0.25911752,-0.015960,293573.98,293589.74,1005.74,967.82,no,yes
6343,-0.322976,0.74671647,-0.004568,293370.44,293379.66,1948.09,2086.56,no,yes
6344,0.824642,0.40958504,0.011662,293482.35,293460.43,2000.81,1749.40,no,yes
6345,0.356157,0.72172701,0.005037,293289.16,293273.37,3178.53,3092.10,no,yes
6346,0.802589,0.42222269,0.011350,293386.74,293363.75,2298.80,1708.23,no,yes
6347,0.002639,0.99789403,0.000037,293584.78,293584.69,2353.67,2125.09,no,yes
6348,0.315155,0.75264706,0.004457,293504.13,293492.89,2634.01,2404.98,no,yes
6349,-1.524015,0.12752390,-0.021553,293562.65,293614.17,1787.35,2869.24,no,yes
6350,-2.012160,0.04421666,-0.028456,294792.68,294826.71,1123.24,1264.56,yes,yes
6351,0.550909,0.58170342,0.007791,293342.17,293331.62,1608.80,1038.48,no,yes
6352,0.238598,0.81141963,0.003374,293417.36,293412.00,1523.82,1649.70,no,yes
6353,1.067816,0.28562160,0.015101,293717.70,293669.07,4107.33,1966.57,no,yes
6354,-0.172071,0.86338344,-0.002433,293332.68,293341.34,3167.16,3907.40,no,yes
6355,-0.166333,0.86789694,-0.002352,293533.03,293535.18,841.87,976.32,no,yes
6356,-1.524149,0.12749098,-0.021555,293552.37,293588.85,1218.67,2060.00,no,yes
6357,0.379240,0.70451362,0.005363,293359.94,293351.10,1816.55,1459.84,no,yes
6358,-0.337063,0.73607333,-0.004767,293312.55,293324.66,2226.38,2819.53,no,yes
6359,0.182784,0.85496925,0.002585,293479.12,293472.48,2591.91,2549.27,no,yes
6360,0.009088,0.99274896,0.000129,300953.09,300952.93,1195.03,1289.85,no,yes
6361,-0.018224,0.98546044,-0.000258,293622.40,293623.30,3321.11,3635.81,no,yes
6362,-0.619028,0.53590466,-0.008754,293379.52,293387.79,964.41,924.81,no,yes
6363,-0.965957,0.33407827,-0.013661,301175.35,301225.89,3183.30,4151.11,no,yes
6364,1.257007,0.20876885,0.017777,294867.52,294803.02,4368.63,2691.00,no,yes
6365,0.382833,0.70184800,0.005414,293444.40,293436.96,1455.99,1285.99,no,yes
6366,-2.530456,0.01140570,-0.035786,293315.65,293428.81,806.35,4398.64,yes,yes
6367,0.900769,0.36772341,0.012739,293368.27,293337.53,2803.55,1946.79,no,yes
6368,-1.324166,0.18546938,-0.018727,293556.81,293612.86,1793.03,3834.01,no,yes
6369,0.143248,0.88609551,0.002026,293701.10,293692.98,3783.05,4223.55,no,yes
6370,0.578713,0.56278949,0.008184,293620.42,293588.97,3820.83,3866.55,no,yes
6371,0.541692,0.58803778,0.007661,293400.68,293370.46,4587.53,3175.36,no,yes
6372,-0.161191,0.87194483,-0.002280,293269.03,293271.16,896.92,972.17,no,yes
6373,2.199337,0.02787471,0.031103,293408.38,293301.78,4728.85,1063.50,yes,yes
6374,-0.002382,0.99809917,-0.000034,293676.61,293676.82,6200.62,6205.93,no,yes
6375,-1.300091,0.19358572,-0.018386,293577.76,293640.20,2901.37,3827.15,no,yes
6376,-1.403063,0.16062118,-0.019842,293361.13,293427.08,1824.83,4331.84,no,yes
6377,0.959305,0.33741656,0.013567,293558.54,293541.89,1249.57,1204.18,no,yes
6378,-1.088819,0.27625417,-0.015398,303309.05,303344.85,1143.06,3083.02,no,yes
6379,0.455923,0.64845052,0.006448,293464.46,293453.29,1864.45,1587.96,no,yes
6380,0.162257,0.87110546,0.002295,293593.93,293588.32,2531.70,2356.71,no,yes
6381,0.270493,0.78678438,0.003825,293473.60,293467.53,1873.37,1234.01,no,yes
6382,1.622050,0.10481448,0.022939,293648.56,293562.67,4764.54,2309.66,no,yes
6383,0.197763,0.84323238,0.002797,293571.17,293565.15,2303.76,1990.24,no,yes
6384,-0.182318,0.85533520,-0.002578,293215.25,293217.69,905.33,987.58,no,yes
6385,-0.149818,0.88090943,-0.002119,294789.64,294796.48,2871.85,3553.28,no,yes
6386,0.719363,0.47192583,0.010173,293611.35,293585.32,2835.80,2247.35,no,yes
6387,0.965071,0.33452100,0.013648,293370.92,293354.67,1175.69,1204.73,no,yes
6388,0.383526,0.70133419,0.005424,293399.11,293383.45,2667.74,3090.53,no,yes
6389,-0.483617,0.62866302,-0.006839,293206.17,293212.70,935.33,972.38,no,yes
6390,-0.182436,0.85524265,-0.002580,293496.00,293505.24,2809.78,4212.09,no,yes
6391,0.884996,0.37617063,0.012516,293559.84,293519.96,3685.89,2592.00,no,yes
6392,0.200252,0.84128541,0.002832,293374.05,293365.06,3085.25,3260.37,no,yes
6393,0.823387,0.41029990,0.011644,293352.72,293316.90,3751.42,2202.85,no,yes
6394,0.907340,0.36423804,0.012832,293454.19,293429.26,1825.68,2052.14,no,yes
6395,0.134403,0.89308519,0.001901,293331.73,293329.95,1020.16,846.40,no,yes
6396,0.111749,0.91102325,0.001580,293411.64,293409.81,1082.50,1232.24,no,yes
6397,1.195696,0.23182984,0.016910,293522.56,293500.75,1382.56,1189.48,no,yes
6398,-0.922310,0.35637857,-0.013043,293357.27,293379.84,1930.14,1505.19,no,yes
6399,-0.172829,0.86278790,-0.002444,307342.37,307350.28,2801.24,3622.62,no,yes
6400,0.431079,0.66641619,0.006096,296383.83,296373.10,1953.76,1540.77,no,yes
6401,-0.647601,0.51725072,-0.009158,293598.08,293607.29,988.66,1022.98,no,yes
6402,0.187038,0.85163304,0.002645,293398.38,293392.76,2145.11,2105.34,no,yes
6403,0.512860,0.60805519,0.007253,293493.87,293465.03,4298.38,3625.83,no,yes
6404,0.310168,0.75643617,0.004386,301117.67,301113.15,1088.30,972.35,no,yes
6405,0.008240,0.99342547,0.000117,293540.00,293539.52,3482.95,4664.64,no,yes
6406,-1.379930,0.16763424,-0.019515,293263.34,293313.66,1083.17,3482.07,no,yes
6407,0.049481,0.96053681,0.000700,293274.24,293271.90,3219.99,3466.05,no,yes
6408,0.014893,0.98811809,0.000211,299392.77,299391.44,6619.36,6017.06,no,yes
6409,1.146773,0.25149049,0.016218,293405.89,293336.06,4942.78,3556.94,no,yes
6410,-0.149020,0.88153947,-0.002107,293222.29,293226.02,1495.16,2003.21,no,yes
6411,1.921712,0.05466698,0.027177,293429.09,293339.42,4510.54,1194.20,no,yes
6412,0.248436,0.80379991,0.003513,294215.10,294211.12,1188.07,1076.67,no,yes
6413,-0.117096,0.90678500,-0.001656,293474.18,293477.63,2122.90,2042.90,no,yes
6414,-1.993502,0.04623124,-0.028192,293242.52,293321.22,838.63,3857.73,yes,yes
6415,0.985266,0.32450555,0.013934,293339.34,293314.77,1605.07,1908.14,no,yes
6416,0.013668,0.98909499,0.000193,293625.85,293625.44,2227.22,2055.01,no,yes
6417,0.486811,0.62639817,0.006885,294806.35,294783.96,3852.01,2512.65,no,yes
6418,1.037602,0.29947164,0.014674,296397.96,296356.13,3560.27,1890.95,no,yes
6419,1.511545,0.13066629,0.021376,293257.22,293215.16,2166.78,1746.34,no,yes
6420,0.082290,0.93441722,0.001164,293363.98,293362.22,1397.26,1621.85,no,yes
6421,-0.972362,0.33088274,-0.013751,293576.61,293600.59,1544.40,1922.95,no,yes
6422,0.174489,0.86148342,0.002468,293271.95,293265.61,2225.50,2873.32,no,yes
6423,-0.093978,0.92512734,-0.001329,293232.20,293234.63,1500.47,2105.03,no,yes
6424,-0.712561,0.47612628,-0.010077,293548.07,293592.92,3900.63,4938.41,no,yes
6425,0.862363,0.38849979,0.012196,293732.47,293689.10,4189.12,2783.17,no,yes
6426,0.866802,0.38606145,0.012258,293423.05,293399.23,2104.11,1768.27,no,yes
6427,1.684274,0.09214860,0.023819,293571.73,293533.93,1957.60,1097.86,no,yes
6428,-0.589353,0.55563151,-0.008335,303998.87,304030.76,3307.68,4281.24,no,yes
6429,-0.306102,0.75953057,-0.004329,293449.08,293465.78,3352.44,4305.16,no,yes
6430,-0.104049,0.91713138,-0.001471,293714.21,293721.02,5057.86,4151.46,no,yes
6431,-0.124903,0.90060172,-0.001766,298765.07,298828.09,35483.20,35877.64,no,yes
6432,1.883769,0.05961491,0.026641,293584.44,293502.57,3806.76,2096.89,no,yes
6433,-0.554360,0.57933847,-0.007840,293371.46,293394.39,2919.83,2930.43,no,yes
6434,0.027538,0.97803121,0.000389,293247.82,293247.36,1158.83,1182.36,no,yes
6435,0.864590,0.38727463,0.012227,293507.02,293457.55,4482.94,3554.01,no,yes
6436,0.870670,0.38394458,0.012313,293432.23,293417.88,1192.78,1137.64,no,yes
6437,0.011492,0.99083094,0.000163,293662.99,293662.70,1598.36,1923.40,no,yes
6438,0.382760,0.70190194,0.005413,302694.86,302682.91,2053.02,2351.96,no,yes
6439,-0.604874,0.54526982,-0.008554,293676.46,293688.14,1378.10,1351.92,no,yes
6440,-0.903900,0.36606068,-0.012783,293392.16,293409.30,1060.73,1572.32,no,yes
6441,0.237571,0.81221626,0.003360,302547.94,302543.52,1308.43,1319.71,no,yes
6442,1.525521,0.12714557,0.021574,293547.01,293524.73,1130.89,924.57,no,yes
6443,0.260187,0.79472235,0.003680,293444.44,293440.81,1086.82,879.93,no,yes
6444,-0.597767,0.55000258,-0.008454,293474.07,293497.83,2558.54,3043.25,no,yes
6445,0.990555,0.32191773,0.014009,293228.32,293199.88,2479.14,1448.68,no,yes
6446,0.300112,0.76409511,0.004244,293281.72,293272.85,2059.06,2117.92,no,yes
6447,0.211187,0.83274346,0.002987,293711.75,293706.15,1918.01,1833.69,no,yes
6448,0.459830,0.64564349,0.006503,293420.96,293415.10,954.28,845.98,no,yes
6449,-0.021640,0.98273536,-0.000306,293392.77,293393.03,837.09,829.36,no,yes
6450,2.535196,0.01124646,0.035853,299490.59,299454.15,1137.48,878.86,yes,yes
6451,-0.083545,0.93341914,-0.001182,293377.65,293381.68,3467.68,3345.08,no,yes
6452,0.958079,0.33803688,0.013549,293564.16,293538.49,2281.16,1406.04,no,yes
6453,0.866286,0.38634417,0.012251,293443.07,293426.70,1475.25,1180.41,no,yes
6454,0.567344,0.57048712,0.008023,390849.05,390838.68,1399.97,1176.41,no,yes
6455,-0.012121,0.99032912,-0.000171,293330.12,293330.30,1091.88,1004.08,no,yes
6456,-0.153526,0.87798532,-0.002171,293704.49,293712.85,3493.54,4184.68,no,yes
6457,-0.605531,0.54483334,-0.008563,293232.53,293241.87,1083.06,1098.31,no,yes
6458,-0.381427,0.70289051,-0.005394,293560.10,293566.20,1261.54,980.96,no,yes
6459,0.032199,0.97431391,0.000455,293373.79,293372.60,2828.48,2355.08,no,yes
6460,0.201927,0.83997626,0.002856,298479.95,298476.66,1258.71,1034.00,no,yes
6461,0.678035,0.49775746,0.009589,293401.92,293379.53,2521.92,2132.46,no,yes
6462,0.025634,0.97954916,0.000363,293470.99,293470.27,2048.90,1893.69,no,yes
6463,0.530467,0.59579432,0.007502,293450.36,293439.75,1599.18,1204.02,no,yes
6464,-0.703109,0.48199913,-0.009943,293220.47,293238.94,1120.38,2376.91,no,yes
6465,0.579110,0.56252184,0.008190,293404.60,293375.44,3900.77,3185.45,no,yes
6466,0.627815,0.53013244,0.008879,293565.57,293527.80,4203.12,4304.60,no,yes
6467,0.326647,0.74393820,0.004619,293759.44,293741.48,3987.54,3782.17,no,yes
6468,-0.314221,0.75335633,-0.004444,293511.43,293531.95,4206.10,4991.94,no,yes
6469,-0.182775,0.85497678,-0.002585,307230.56,307236.23,1905.82,2445.51,no,yes
6470,2.740649,0.00613935,0.038759,293391.24,293329.24,2036.56,985.29,yes,yes
6471,-0.264072,0.79172731,-0.003735,293798.29,293822.80,6572.02,6553.87,no,yes
6472,0.124916,0.90059133,0.001767,293246.10,293242.64,1932.29,1985.99,no,yes
6473,0.500077,0.61702688,0.007072,293206.07,293196.75,1447.21,1173.26,no,yes
6474,-0.975702,0.32922437,-0.013799,293599.08,293640.83,2696.80,3323.10,no,yes
6475,-0.079109,0.93694644,-0.001119,293728.87,293735.81,6124.04,6282.45,no,yes
6476,-0.994541,0.31997460,-0.014065,293551.37,293597.31,2317.12,3995.88,no,yes
6477,-0.260642,0.79437099,-0.003686,293578.69,293587.53,2520.07,2268.15,no,yes
6478,0.006106,0.99512861,0.000086,293550.63,293550.49,1923.53,1230.03,no,yes
6479,0.203380,0.83884011,0.002876,293339.01,293333.51,1870.37,1955.17,no,yes
6480,-0.641754,0.52104101,-0.009076,293166.68,293184.53,1589.54,2282.19,no,yes
6481,0.123802,0.90147336,0.001751,293272.17,293270.60,853.62,933.47,no,yes
6482,-1.197814,0.23100391,-0.016940,293387.38,293403.99,903.86,1051.12,no,yes
6483,0.290382,0.77152687,0.004107,293496.25,293487.99,1945.26,2076.48,no,yes
6484,0.099165,0.92100838,0.001402,293191.98,293190.79,836.25,859.54,no,yes
6485,0.338433,0.73504033,0.004786,293235.08,293226.05,2079.57,1675.46,no,yes
6486,-0.868737,0.38500494,-0.012286,293324.03,293342.75,997.70,1910.35,no,yes
6487,0.851159,0.39469150,0.012037,293379.68,293353.82,2374.72,1894.25,no,yes
6488,-0.849012,0.39588486,-0.012007,293166.60,293180.49,1195.94,1117.70,no,yes
6489,0.005073,0.99595255,0.000072,293615.46,293615.22,3282.02,3407.59,no,yes
6490,1.161160,0.24559464,0.016421,293475.69,293448.70,2043.91,1107.47,no,yes
6491,-1.586933,0.11254495,-0.022443,293391.59,293415.75,906.75,1223.39,no,yes
6492,-0.305624,0.75989420,-0.004322,293376.97,293380.99,900.69,957.01,no,yes
6493,-0.266541,0.78982510,-0.003769,293437.04,293449.16,3086.88,3342.03,no,yes
6494,0.769174,0.44179940,0.010878,293473.74,293461.95,1116.78,1049.37,no,yes
6495,0.137278,0.89081223,0.001941,293212.49,293209.39,1293.44,1851.23,no,yes
6496,-0.335553,0.73721164,-0.004745,293454.59,293467.08,2372.41,2868.35,no,yes
6497,0.193764,0.84636281,0.002740,293365.60,293356.13,3773.06,3106.38,no,yes
6498,0.417353,0.67642448,0.005902,293624.43,293617.55,1178.73,1150.10,no,yes
6499,1.007892,0.31351856,0.014254,293242.12,293223.65,1359.21,1228.34,no,yes
6500,-1.151828,0.24940850,-0.016289,293412.07,293463.80,2351.93,3826.70,no,yes
6501,0.387333,0.69851465,0.005478,293375.54,293364.88,2329.02,1470.55,no,yes
6502,-0.543022,0.58712112,-0.007679,293353.57,293381.38,3256.70,3952.09,no,yes
6503,-0.267745,0.78889801,-0.003786,293789.85,293800.75,2886.22,2871.75,no,yes
6504,-0.368015,0.71286609,-0.005205,293286.16,293305.42,3142.20,4185.06,no,yes
6505,-0.432819,0.66515117,-0.006121,293374.77,293389.02,2276.90,2378.09,no,yes
6506,0.221150,0.82497828,0.003128,299089.46,299078.17,3798.11,3410.34,no,yes
6507,0.231041,0.81728561,0.003267,293333.81,293330.74,964.28,911.32,no,yes
6508,0.288452,0.77300381,0.004079,293493.07,293477.61,3611.52,3961.73,no,yes
6509,-0.318977,0.74974726,-0.004511,293434.39,293449.46,2906.84,3723.93,no,yes
6510,-0.202274,0.83970450,-0.002861,293437.98,293446.48,2921.95,3022.27,no,yes
6511,0.628613,0.52960984,0.008890,303858.77,303849.74,1078.48,948.70,no,yes
6512,-0.023041,0.98161816,-0.000326,293428.44,293428.97,1732.38,1561.08,no,yes
6513,0.287907,0.77342122,0.004072,293456.31,293450.04,1828.59,1184.07,no,yes
6514,-0.321534,0.74780881,-0.004547,293552.78,293561.24,1825.52,1896.81,no,yes
6515,-0.126324,0.89947686,-0.001786,293378.78,293382.90,2421.54,2181.35,no,yes
6516,1.393041,0.16362632,0.019701,293600.64,293548.67,3203.14,1912.18,no,yes
6517,0.894496,0.37106722,0.012650,293617.40,293598.24,1589.09,1436.61,no,yes
6518,0.269040,0.78790146,0.003805,293617.65,293613.75,973.12,1076.37,no,yes
6519,0.226055,0.82116095,0.003197,293415.20,293407.49,2293.78,2527.30,no,yes
6520,-0.155608,0.87634377,-0.002201,293247.47,293254.81,2991.97,3647.15,no,yes
6521,-0.221997,0.82431826,-0.003140,293316.02,293327.14,3425.79,3651.26,no,yes
6522,0.375903,0.70699321,0.005316,293257.54,293247.94,1874.11,1734.97,no,yes
6523,-0.548374,0.58344133,-0.007755,293676.31,293711.88,4501.77,4670.78,no,yes
6524,-0.052202,0.95836841,-0.000738,293195.45,293196.79,1623.92,1971.66,no,yes
6525,-0.153789,0.87777795,-0.002175,293519.11,293526.66,3011.84,3878.22,no,yes
6526,-0.118374,0.90577282,-0.001674,293809.02,293812.76,1947.53,2486.04,no,yes
6527,0.979971,0.32711555,0.013859,293240.90,293216.39,2177.94,1230.96,no,yes
6528,0.415496,0.67778311,0.005876,293235.41,293225.24,1709.23,1751.57,no,yes
6529,-0.142551,0.88664646,-0.002016,293432.62,293434.79,1047.61,1104.54,no,yes
6530,0.056241,0.95515016,0.000795,293685.43,293684.02,1651.33,1873.60,no,yes
6531,-0.127357,0.89865894,-0.001801,293390.72,293392.49,981.80,980.22,no,yes
6532,-1.659480,0.09703983,-0.023469,293543.07,293579.07,1012.31,1919.10,no,yes
6533,0.320580,0.74853234,0.004534,293352.61,293346.92,1139.84,1363.39,no,yes
6534,-0.267031,0.78944844,-0.003776,293580.54,293587.81,2025.29,1820.91,no,yes
6535,-0.366860,0.71372700,-0.005188,293344.24,293353.26,1683.98,1791.38,no,yes
6536,-0.837961,0.40206537,-0.011851,293437.20,293461.79,1461.25,2544.96,no,yes
6537,-1.091385,0.27511826,-0.015435,293556.45,293587.76,1636.96,2356.02,no,yes
6538,0.523064,0.60093592,0.007397,293552.53,293534.33,2720.52,2168.74,no,yes
6539,-0.518769,0.60392783,-0.007337,293286.82,293307.30,2326.93,3188.96,no,yes
6540,0.569600,0.56895573,0.008055,293684.48,293652.14,4303.20,3704.08,no,yes
6541,0.372892,0.70923338,0.005273,293470.80,293463.08,1779.00,1060.91,no,yes
6542,-0.860360,0.38960177,-0.012167,293514.80,293565.23,3405.88,4770.19,no,yes
6543,-0.505526,0.61319540,-0.007149,298496.39,298514.84,2181.36,2925.75,no,yes
6544,0.812651,0.41642917,0.011493,293299.43,293252.14,4868.36,3187.88,no,yes
6545,0.411896,0.68041986,0.005825,293570.82,293553.68,3114.78,2760.39,no,yes
6546,-0.004648,0.99629173,-0.000066,293533.78,293533.86,1075.76,1262.79,no,yes
6547,0.993310,0.32057336,0.014048,293501.26,293472.44,2469.32,1523.56,no,yes
6548,0.604024,0.54583509,0.008542,293503.27,293483.92,2482.01,2026.95,no,yes
6549,0.644564,0.51921720,0.009116,293523.78,293492.59,3612.74,3218.98,no,yes
6550,1.508212,0.13151632,0.021329,293588.12,293562.43,1261.95,1144.00,no,yes
6551,0.625807,0.53144845,0.008850,293287.53,293277.75,1049.20,1156.60,no,yes
6552,0.384789,0.70039854,0.005442,293148.63,293142.08,1414.34,947.04,no,yes
6553,0.534897,0.59272708,0.007565,293291.00,293262.45,4121.26,3391.91,no,yes
6554,1.151354,0.24960169,0.016283,293473.87,293435.54,2695.70,1952.70,no,yes
6555,-0.174834,0.86121162,-0.002473,293544.52,293552.90,3324.85,3452.75,no,yes
6556,0.571139,0.56791246,0.008077,293843.27,293826.89,1684.41,2320.46,no,yes
6557,0.465470,0.64159986,0.006583,293491.67,293471.40,3350.67,2779.81,no,yes
6558,-1.081949,0.27929309,-0.015301,293411.42,293438.45,1122.33,2231.82,no,yes
6559,-0.894964,0.37081783,-0.012657,293435.22,293478.04,2862.53,3833.53,no,yes
6560,-0.095561,0.92387013,-0.001351,293333.01,293335.26,1308.75,1961.42,no,yes
6561,0.565896,0.57147136,0.008003,293625.69,293606.70,2670.64,2031.16,no,yes
6562,-0.304057,0.76108754,-0.004300,293542.37,293547.43,1154.85,1197.36,no,yes
6563,-0.376143,0.70681520,-0.005319,293486.49,293506.91,3106.42,4451.95,no,yes
6564,0.953940,0.34012532,0.013491,294031.93,294010.73,1535.44,1606.93,no,yes
6565,0.310835,0.75592970,0.004396,293315.34,293305.19,2499.13,2098.31,no,yes
6566,-0.346499,0.72897162,-0.004900,293544.04,293559.98,2679.59,3739.40,no,yes
6567,-0.307369,0.75856584,-0.004347,293445.87,293459.38,2937.38,3269.15,no,yes
6568,-0.755120,0.45018581,-0.010679,293718.54,293729.57,1058.90,1005.11,no,yes
6569,1.257441,0.20861019,0.017783,293556.93,293522.46,2226.72,1598.31,no,yes
6570,-1.588933,0.11209143,-0.022471,300964.07,300989.27,1146.04,1097.10,no,yes
6571,0.108290,0.91376688,0.001531,293626.09,293623.29,1330.80,2208.37,no,yes
6572,-0.187863,0.85098586,-0.002657,293434.21,293439.09,1672.70,1990.60,no,yes
6573,-0.090638,0.92778137,-0.001282,293598.83,293600.45,1223.73,1294.52,no,yes
6574,1.160071,0.24603756,0.016406,293726.44,293675.05,3871.08,2154.42,no,yes
6575,1.103697,0.26974596,0.015609,293459.71,293424.56,3006.48,1048.61,no,yes
6576,-0.199420,0.84193658,-0.002820,293675.81,293683.96,2874.88,2909.60,no,yes
6577,-0.455589,0.64869069,-0.006443,293358.14,293363.90,844.50,940.15,no,yes
6578,-0.431693,0.66596969,-0.006105,293494.80,293520.14,3652.50,4594.12,no,yes
6579,0.451355,0.65173888,0.006383,293223.72,293214.24,1689.93,1246.14,no,yes
6580,-0.777613,0.43680746,-0.010997,293399.36,293440.65,3151.91,4273.70,no,yes
6581,-0.568467,0.56972465,-0.008039,293261.66,293275.14,1458.20,1869.96,no,yes
6582,0.449270,0.65324207,0.006354,293276.16,293262.84,2306.96,1860.85,no,yes
6583,-0.968168,0.33297347,-0.013692,293470.97,293520.10,2995.36,4097.18,no,yes
6584,0.994966,0.31976513,0.014071,293227.15,293210.49,1282.37,1075.99,no,yes
6585,0.161089,0.87202505,0.002278,293192.36,293190.12,1020.63,938.46,no,yes
6586,0.768031,0.44247803,0.010862,293350.54,293337.94,1258.80,1052.60,no,yes
6587,-0.668080,0.50409096,-0.009448,293219.41,293243.17,2158.34,2826.96,no,yes
6588,1.415076,0.15706323,0.020012,293509.91,293429.50,4561.51,3388.09,no,yes
6589,1.674075,0.09413498,0.023675,293423.05,293383.95,2004.17,1199.50,no,yes
6590,1.245255,0.21306033,0.017611,293265.64,293232.61,2466.16,975.64,no,yes
6591,0.798514,0.42458276,0.011293,293367.67,293337.53,3112.82,2134.69,no,yes
6592,-0.576872,0.56403278,-0.008158,293433.10,293441.66,1120.98,973.15,no,yes
6593,-0.251937,0.80109218,-0.003563,293601.07,293606.16,1528.45,1318.13,no,yes
6594,-0.974920,0.32961150,-0.013787,294076.26,294092.55,1193.07,1169.47,no,yes
6595,-0.254861,0.79883315,-0.003604,293413.65,293419.19,1175.30,1827.24,no,yes
6596,1.784147,0.07441568,0.025232,293537.76,293511.87,1132.97,906.66,no,yes
6597,0.292551,0.76986874,0.004137,293617.61,293600.81,4353.32,3744.09,no,yes
6598,-0.145358,0.88442955,-0.002056,293632.81,293639.80,3313.52,3484.62,no,yes
6599,-0.620077,0.53521445,-0.008769,293553.73,293585.64,3419.90,3845.39,no,yes
6600,0.740683,0.45889467,0.010475,293321.55,293298.07,2419.23,2047.82,no,yes
6601,0.122248,0.90270382,0.001729,293599.30,293596.26,1582.42,1921.05,no,yes
6602,0.401937,0.68773492,0.005684,293557.53,293520.54,6767.20,6237.21,no,yes
6603,-0.305941,0.75965299,-0.004327,293262.79,293275.55,2551.47,3297.56,no,yes
6604,0.401844,0.68780332,0.005683,293513.70,293505.65,1610.38,1192.66,no,yes
6605,0.117219,0.90668733,0.001658,293481.33,293476.95,2455.27,2812.38,no,yes
6606,2.337785,0.01941138,0.033061,293310.49,293264.99,1723.64,903.52,yes,yes
6607,0.430944,0.66651486,0.006094,293249.28,293239.35,2002.55,1140.72,no,yes
6608,0.438171,0.66126696,0.006197,293319.78,293312.85,1184.26,1048.87,no,yes
6609,1.365701,0.17204864,0.019314,293484.44,293460.00,1374.15,1146.46,no,yes
6610,0.224170,0.82262764,0.003170,293223.03,293218.80,1497.44,1153.23,no,yes
6611,1.006130,0.31436588,0.014229,293381.71,293350.25,2493.87,1887.55,no,yes
6612,0.780214,0.43527439,0.011034,303377.85,303364.88,1230.01,1117.80,no,yes
6613,0.333059,0.73909344,0.004710,293240.87,293231.15,2096.78,2029.93,no,yes
6614,0.465507,0.64157340,0.006583,293368.82,293336.22,5140.88,4755.24,no,yes
6615,0.091826,0.92683751,0.001299,293323.77,293322.10,1149.45,1409.08,no,yes
6616,0.564435,0.57246421,0.007982,293409.99,293402.29,985.79,941.26,no,yes
6617,-0.628343,0.52978697,-0.008886,293917.53,293925.98,804.92,1078.92,no,yes
6618,-0.214174,0.83041341,-0.003029,293354.56,293366.92,3579.92,4525.84,no,yes
6619,-0.255390,0.79842440,-0.003612,293435.00,293441.01,1820.65,1492.73,no,yes
6620,0.860892,0.38930777,0.012175,293594.84,293555.05,3318.26,3218.12,no,yes
6621,-1.462593,0.14359658,-0.020684,293452.62,293482.02,1129.34,1662.72,no,yes
6622,-0.132705,0.89442836,-0.001877,293519.52,293523.43,1893.10,2255.58,no,yes
6623,0.054282,0.95671133,0.000768,293814.28,293809.42,6157.55,6497.68,no,yes
6624,-1.331922,0.18290201,-0.018836,293216.13,293241.27,1146.58,1499.36,no,yes
6625,0.691534,0.48923835,0.009780,293643.77,293619.65,2702.38,2204.44,no,yes
6626,-0.038910,0.96896284,-0.000550,293351.43,293352.33,1902.01,1307.22,no,yes
6627,-0.041688,0.96674793,-0.000590,293253.50,293255.40,3329.42,3135.25,no,yes
6628,0.657749,0.51070677,0.009302,293635.42,293605.35,3329.34,3133.94,no,yes
6629,0.568127,0.56995532,0.008035,293566.26,293557.88,1073.79,1011.40,no,yes
6630,0.762363,0.44585241,0.010781,293194.66,293180.06,1478.65,1217.60,no,yes
6631,0.755681,0.44984934,0.010687,293591.08,293574.72,1561.99,1497.53,no,yes
6632,-0.543564,0.58674767,-0.007687,293574.42,293596.60,2736.10,3027.79,no,yes
6633,1.384893,0.16610462,0.019585,293527.89,293464.41,3979.72,2273.80,no,yes
6634,0.556440,0.57791615,0.007869,293237.40,293220.82,2221.41,1987.52,no,yes
6635,-0.370052,0.71134838,-0.005233,293421.19,293445.14,3837.67,5212.83,no,yes
6636,0.499706,0.61728733,0.007067,294708.36,294695.73,1767.56,1809.26,no,yes
6637,-1.331152,0.18315543,-0.018825,293535.89,293556.54,931.07,1240.51,no,yes
6638,-1.725227,0.08450550,-0.024398,293196.14,293227.23,928.50,1544.66,no,yes
6639,-0.684243,0.49382986,-0.009677,293523.52,293552.37,2696.33,3241.65,no,yes
6640,0.462817,0.64350049,0.006545,293625.20,293600.28,3948.89,3660.96,no,yes
6641,-0.446794,0.65502846,-0.006319,293385.61,293405.53,2968.04,3325.74,no,yes
6642,1.247915,0.21207933,0.017648,293503.13,293476.56,1783.86,1162.78,no,yes
6643,0.097314,0.92247821,0.001376,293345.52,293342.98,2204.20,1395.03,no,yes
6644,-0.021902,0.98252641,-0.000310,293540.62,293542.62,6482.06,6435.80,no,yes
6645,0.143215,0.88612222,0.002025,293438.81,293436.23,973.14,1517.44,no,yes
6646,0.646172,0.51817557,0.009138,293491.59,293470.66,2563.22,1980.96,no,yes
6647,0.463363,0.64310914,0.006553,293294.68,293282.57,2009.57,1670.53,no,yes
6648,0.789590,0.42977707,0.011166,293227.58,293204.37,2261.07,1877.79,no,yes
6649,-0.091231,0.92731022,-0.001290,301020.62,301023.24,1975.87,2081.97,no,yes
6650,2.047247,0.04064971,0.028952,293229.67,293188.65,1714.44,1036.92,yes,yes
6651,-0.004280,0.99658501,-0.000061,293626.85,293627.02,2634.50,2704.53,no,yes
6652,-1.150259,0.25005366,-0.016267,293297.15,293339.49,1944.50,3125.58,no,yes
6653,1.360250,0.17376663,0.019237,293612.78,293590.86,1230.35,1041.16,no,yes
6654,-0.423715,0.67177882,-0.005992,293899.23,293924.25,3397.22,4829.39,no,yes
6655,-0.027250,0.97826049,-0.000385,293411.67,293412.07,1104.84,958.62,no,yes
6656,0.074700,0.94045446,0.001056,293517.05,293513.66,3068.81,3345.63,no,yes
6657,-0.065329,0.94791297,-0.000924,293876.00,293882.69,7220.58,7280.42,no,yes
6658,-0.590729,0.55470873,-0.008354,293193.40,293208.22,1760.37,1787.05,no,yes
6659,0.210385,0.83336969,0.002975,305880.06,305875.80,1433.41,1428.63,no,yes
6660,0.759314,0.44767405,0.010738,293172.93,293162.49,1084.50,846.30,no,yes
6661,-0.665067,0.50601540,-0.009405,293491.04,293500.84,967.18,1110.76,no,yes
6662,-1.251234,0.21086592,-0.017695,293232.89,293298.73,2884.07,4401.22,no,yes
6663,-1.365202,0.17220498,-0.019307,293376.44,293394.20,874.33,962.53,no,yes
6664,0.687045,0.49206220,0.009716,293495.49,293484.17,1197.28,1133.84,no,yes
6665,0.396190,0.69196966,0.005603,293330.15,293322.10,1640.32,1198.60,no,yes
6666,1.062705,0.28792939,0.015029,293547.59,293534.84,955.64,724.95,no,yes
6667,-0.133613,0.89371034,-0.001890,293331.39,293338.03,3534.22,3488.30,no,yes
6668,-0.231551,0.81688885,-0.003275,308798.04,308805.68,2101.17,2542.94,no,yes
6669,0.856041,0.39198756,0.012106,293430.54,293401.00,2976.49,1745.75,no,yes
6670,-1.202458,0.22920048,-0.017005,293460.76,293477.18,939.84,990.59,no,yes
6671,0.171692,0.86368114,0.002428,293422.66,293413.33,4008.98,3662.81,no,yes
6672,-0.055397,0.95582268,-0.000783,293331.77,293332.82,1575.54,1060.80,no,yes
6673,0.728566,0.46627598,0.010303,293466.43,293449.87,1640.84,1573.49,no,yes
6674,0.388678,0.69751816,0.005497,293482.03,293474.84,1303.65,1309.09,no,yes
6675,0.467467,0.64017108,0.006611,293416.94,293411.07,880.37,896.72,no,yes
6676,0.596061,0.55114187,0.008430,293488.22,293465.71,3129.84,2113.40,no,yes
6677,0.139852,0.88877842,0.001978,293431.68,293426.94,2460.40,2330.32,no,yes
6678,0.499963,0.61710689,0.007071,293313.75,293304.72,1347.95,1201.72,no,yes
6679,-1.107964,0.26789362,-0.015669,293414.74,293440.82,1227.40,2008.51,no,yes
6680,-0.831255,0.40583936,-0.011756,293204.64,293230.77,2173.89,2271.70,no,yes
6681,0.672968,0.50097626,0.009517,293429.43,293414.66,1777.86,1285.28,no,yes
6682,0.329291,0.74193886,0.004657,293761.34,293728.77,7043.10,6942.67,no,yes
6683,0.046109,0.96322369,0.000652,293439.88,293438.71,1626.02,1953.09,no,yes
6684,-0.379499,0.70432140,-0.005367,293421.31,293440.11,3273.72,3717.41,no,yes
6685,0.187130,0.85156092,0.002646,293666.19,293660.13,2430.68,2137.67,no,yes
6686,-1.317537,0.18767483,-0.018633,293452.86,293479.03,1192.93,1588.40,no,yes
6687,-0.687426,0.49182251,-0.009722,293419.15,293430.18,1149.28,1121.54,no,yes
6688,-0.072310,0.94235620,-0.001023,293418.25,293422.77,4315.89,4529.64,no,yes
6689,0.542534,0.58745664,0.007673,293246.14,293222.51,2817.89,3321.78,no,yes
6690,0.224360,0.82247987,0.003173,293579.12,293570.80,2688.29,2550.69,no,yes
6691,0.325578,0.74474734,0.004604,293537.74,293532.76,1047.61,1115.75,no,yes
6692,0.565870,0.57148837,0.008003,293232.87,293223.57,1213.62,1106.66,no,yes
6693,-0.101040,0.91951961,-0.001429,293406.67,293408.75,1423.96,1492.26,no,yes
6694,-0.656923,0.51123837,-0.009290,293450.89,293470.19,1881.71,2255.93,no,yes
6695,-0.071719,0.94282644,-0.001014,293753.61,293759.87,6177.76,6163.49,no,yes
6696,0.051933,0.95858255,0.000734,294220.69,294218.86,2557.12,2410.17,no,yes
6697,-0.773913,0.43899140,-0.010945,293606.65,293618.22,1048.25,1065.78,no,yes
6698,-0.448599,0.65372635,-0.006344,293342.16,293350.70,1155.95,1513.53,no,yes
6699,0.571141,0.56791035,0.008077,293568.85,293558.62,1337.08,1193.10,no,yes
6700,0.010066,0.99196882,0.000142,293279.41,293279.27,933.66,1038.91,no,yes
6701,-0.775753,0.43790421,-0.010971,293363.46,293388.34,2082.47,2439.38,no,yes
6702,0.201336,0.84043801,0.002847,293351.91,293344.62,2391.83,2720.34,no,yes
6703,-0.424098,0.67150018,-0.005998,293540.27,293555.30,1830.70,3036.80,no,yes
6704,0.145450,0.88435727,0.002057,293356.04,293352.23,2004.69,1679.64,no,yes
6705,-0.484659,0.62792350,-0.006854,308733.25,308741.35,1203.34,1161.44,no,yes
6706,1.504235,0.13253671,0.021273,293284.30,293259.87,1122.03,1174.76,no,yes
6707,-2.048609,0.04052035,-0.028972,293261.57,293345.63,1509.92,3815.19,yes,yes
6708,1.312051,0.18952074,0.018555,293354.57,293294.90,3848.64,2423.08,no,yes
6709,1.368190,0.17126992,0.019349,293439.39,293408.46,1855.76,1290.82,no,yes
6710,0.676302,0.49885698,0.009564,293482.84,293462.17,2254.04,2064.04,no,yes
6711,0.502939,0.61501307,0.007113,293452.39,293427.79,3709.87,3188.40,no,yes
6712,-0.949363,0.34244783,-0.013426,293411.92,293429.83,1229.67,1431.03,no,yes
6713,1.147891,0.25102779,0.016234,293397.91,293341.38,3801.79,3129.99,no,yes
6714,-0.364184,0.71572476,-0.005150,293793.04,293797.93,925.31,971.10,no,yes
6715,-0.046866,0.96262015,-0.000663,293485.91,293488.03,3216.58,3180.51,no,yes
6716,-0.261467,0.79373540,-0.003698,293414.38,293418.67,1194.20,1124.74,no,yes
6717,-1.544433,0.12249941,-0.021842,293408.49,293445.84,1611.96,1803.22,no,yes
6718,-1.261473,0.20715303,-0.017840,293391.35,293414.55,1315.56,1285.36,no,yes
6719,0.065849,0.94749860,0.000931,293455.97,293453.81,2572.76,2032.20,no,yes
6720,0.973856,0.33014058,0.013772,293431.81,293411.45,1669.29,1258.16,no,yes
6721,0.255278,0.79851138,0.003610,293290.84,293287.14,1015.26,1031.78,no,yes
6722,0.256880,0.79727393,0.003633,293265.95,293262.25,942.47,1091.17,no,yes
6723,0.424070,0.67151932,0.005997,293253.35,293243.19,1494.97,1871.82,no,yes
6724,0.065133,0.94806863,0.000921,293693.69,293692.11,1699.11,1740.57,no,yes
6725,0.966357,0.33387741,0.013666,293459.19,293442.31,1282.76,1186.00,no,yes
6726,0.796863,0.42554014,0.011269,293721.02,293676.70,4244.65,3594.69,no,yes
6727,-0.538542,0.59020958,-0.007616,293295.53,293313.84,1986.78,2759.73,no,yes
6728,0.061581,0.95089754,0.000871,293255.71,293254.42,1616.93,1319.29,no,yes
6729,0.707729,0.47912214,0.010009,293384.30,293367.34,1903.19,1454.82,no,yes
6730,-0.856552,0.39170314,-0.012113,293630.45,293662.57,2372.66,2903.43,no,yes
6731,0.400786,0.68858172,0.005668,293399.75,293393.33,1176.59,1087.15,no,yes
6732,0.551126,0.58155437,0.007794,293486.52,293468.69,2615.73,1904.54,no,yes
6733,0.202408,0.83959999,0.002862,293266.67,293263.97,907.26,979.31,no,yes
6734,1.732049,0.08328636,0.024495,301188.76,301095.45,4868.04,2308.23,no,yes
6735,0.048768,0.96110509,0.000690,296403.84,296402.55,2246.64,1383.84,no,yes
6736,0.094248,0.92491319,0.001333,301066.68,301062.22,3484.38,3194.16,no,yes
6737,-1.203304,0.22887753,-0.017017,293500.92,293554.23,2089.12,3906.83,no,yes
6738,0.063715,0.94919783,0.000901,293606.07,293602.95,3637.10,3279.46,no,yes
6739,0.742065,0.45805702,0.010494,293787.63,293767.62,2068.19,1729.78,no,yes
6740,0.287084,0.77405090,0.004060,293317.10,293309.17,1756.60,2130.54,no,yes
6741,-1.047716,0.29478258,-0.014817,293227.54,293258.91,1871.61,2337.30,no,yes
6742,-0.747598,0.45471331,-0.010573,294137.26,294166.67,2030.92,3369.15,no,yes
6743,0.637101,0.52406663,0.009010,293614.78,293586.01,3569.71,2765.18,no,yes
6744,0.293297,0.76929845,0.004148,293442.35,293427.48,3873.35,3271.22,no,yes
6745,0.488793,0.62499367,0.006913,293526.55,293500.77,4203.87,3186.92,no,yes
6746,1.319591,0.18698704,0.018662,293793.11,293773.11,1163.91,971.17,no,yes
6747,-0.646100,0.51822278,-0.009137,293289.71,293331.27,3743.04,5231.09,no,yes
6748,0.122268,0.90268796,0.001729,293579.13,293577.27,1089.09,1057.18,no,yes
6749,-0.371331,0.71039479,-0.005251,293596.61,293611.69,2769.86,2969.39,no,yes
6750,0.602563,0.54680634,0.008522,293248.89,293238.84,1204.06,1154.69,no,yes
6751,0.872252,0.38308131,0.012336,293352.41,293336.17,1363.16,1267.75,no,yes
6752,0.254707,0.79895181,0.003602,293574.04,293565.32,2629.74,2192.05,no,yes
6753,-1.163709,0.24455634,-0.016457,293582.29,293622.92,2220.87,2694.34,no,yes
6754,0.098056,0.92188864,0.001387,390960.29,390953.47,5110.83,4718.48,no,yes
6755,-0.258928,0.79569333,-0.003662,293308.76,293318.75,2496.69,2940.72,no,yes
6756,1.264310,0.20613360,0.017880,293444.62,293421.27,1367.30,1241.52,no,yes
6757,-0.126833,0.89907408,-0.001794,293328.52,293335.12,3603.80,3750.87,no,yes
6758,-1.134180,0.25673670,-0.016040,293201.32,293224.83,988.60,1822.43,no,yes
6759,-0.697010,0.48580485,-0.009857,293591.21,293614.62,2353.30,2397.10,no,yes
6760,0.867180,0.38585382,0.012264,293424.17,293409.17,1283.33,1160.00,no,yes
6761,-0.119488,0.90489048,-0.001690,293228.20,293232.80,1588.42,3507.53,no,yes
6762,0.819657,0.41242241,0.011592,293416.47,293398.41,1800.80,1269.51,no,yes
6763,-0.502053,0.61563605,-0.007100,293541.63,293549.66,1016.48,1235.90,no,yes
6764,-2.042621,0.04111127,-0.028887,293265.49,293326.03,951.81,2806.89,yes,yes
6765,-0.931016,0.35185858,-0.013167,293542.71,293563.82,1205.23,1920.21,no,yes
6766,-0.428457,0.66832298,-0.006059,293654.50,293668.44,2214.18,2383.60,no,yes
6767,-0.083928,0.93311446,-0.001187,293500.17,293503.90,2783.52,3463.71,no,yes
6768,0.029142,0.97675143,0.000412,293614.15,293612.28,4593.94,4508.05,no,yes
6769,-0.197990,0.84305491,-0.002800,293254.05,293262.86,3058.26,3233.44,no,yes
6770,0.657405,0.51092860,0.009297,303261.23,303235.80,3107.97,2302.10,no,yes
6771,0.690840,0.48967443,0.009770,293476.45,293458.94,1903.16,1673.84,no,yes
6772,-0.804572,0.42107728,-0.011378,293520.09,293536.24,1176.58,1625.75,no,yes
6773,0.771816,0.44023287,0.010915,293412.86,293401.55,1094.05,975.26,no,yes
6774,-0.243050,0.80796930,-0.003437,293227.36,293233.37,1568.90,1912.62,no,yes
6775,0.511102,0.60928560,0.007228,293653.66,293610.23,6168.80,5843.84,no,yes
6776,0.950472,0.34188397,0.013442,293422.36,293407.00,1158.55,1126.92,no,yes
6777,-0.029639,0.97635535,-0.000419,293508.22,293508.60,948.65,849.87,no,yes
6778,-0.123924,0.90137639,-0.001753,293638.84,293644.48,2999.08,3422.17,no,yes
6779,0.953664,0.34026558,0.013487,293614.12,293586.32,2253.65,1849.32,no,yes
6780,0.879046,0.37938723,0.012432,293512.50,293482.56,2597.83,2201.75,no,yes
6781,1.799557,0.07195374,0.025450,293293.74,293238.63,2850.79,1117.44,no,yes
6782,0.743237,0.45734869,0.010511,303993.50,303959.80,3873.32,2356.00,no,yes
6783,0.815845,0.41459869,0.011538,293444.67,293427.19,1394.29,1626.43,no,yes
6784,0.247656,0.80440388,0.003502,293402.04,293395.82,2232.92,1146.67,no,yes
6785,-0.197121,0.84373489,-0.002788,293489.50,293499.19,3089.91,3821.42,no,yes
6786,0.742652,0.45770476,0.010503,293357.67,293334.44,2839.57,1311.17,no,yes
6787,-1.283917,0.19918752,-0.018157,293605.62,293653.76,2156.62,3066.25,no,yes
6788,1.413123,0.15764145,0.019985,293304.49,293239.75,4138.60,1965.63,no,yes
6789,-1.018322,0.30853868,-0.014401,293267.74,293300.90,1840.19,2687.67,no,yes
6790,-1.615383,0.10624427,-0.022845,293490.95,293511.59,793.33,1001.22,no,yes
6791,-1.128947,0.25894044,-0.015966,303262.65,303312.43,1728.80,4056.43,no,yes
6792,-0.775972,0.43777481,-0.010974,293468.37,293495.34,2505.60,2408.19,no,yes
6793,-0.264904,0.79108632,-0.003746,293321.87,293330.38,2316.82,2223.44,no,yes
6794,0.408432,0.68296102,0.005776,293565.23,293558.86,1021.83,1181.01,no,yes
6795,-0.596114,0.55110578,-0.008430,293197.84,293220.10,2538.83,2739.29,no,yes
6796,0.173803,0.86202226,0.002458,293484.62,293469.45,6315.52,6026.13,no,yes
6797,0.202085,0.83985247,0.002858,293465.52,293457.52,2812.03,2786.05,no,yes
6798,-0.040624,0.96759581,-0.000575,293792.10,293792.69,1002.80,1062.77,no,yes
6799,1.633128,0.10245806,0.023096,293866.92,293838.34,1321.01,1147.49,no,yes
6800,-0.879935,0.37890651,-0.012444,293427.45,293469.22,2700.52,3903.83,no,yes
6801,-0.147450,0.88277838,-0.002085,293602.63,293607.66,2447.85,2376.64,no,yes
6802,-0.720441,0.47126271,-0.010189,293863.88,293877.45,1088.21,1536.53,no,yes
6803,0.725113,0.46839107,0.010255,293321.12,293295.57,2494.86,2489.01,no,yes
6804,-0.762488,0.44577828,-0.010783,293459.88,293480.98,1677.41,2200.43,no,yes
6805,-0.625884,0.53139809,-0.008851,299533.84,299565.30,3485.82,3622.23,no,yes
6806,0.511508,0.60900182,0.007234,293819.06,293805.18,2183.44,1612.80,no,yes
6807,0.052696,0.95797501,0.000745,293428.12,293427.11,1314.29,1373.37,no,yes
6808,0.946789,0.34375907,0.013390,293590.07,293545.12,3846.33,2782.48,no,yes
6809,0.166105,0.86807609,0.002349,293301.07,293298.13,1191.79,1311.77,no,yes
6810,0.228315,0.81940343,0.003229,293671.55,293662.05,2903.42,2980.93,no,yes
6811,0.895621,0.37046750,0.012666,293285.49,293250.28,3292.19,2148.72,no,yes
6812,-0.714566,0.47488555,-0.010105,293229.90,293248.82,1794.99,1946.27,no,yes
6813,0.048526,0.96129744,0.000686,293276.48,293274.79,2210.85,2707.17,no,yes
6814,-0.987001,0.32365825,-0.013958,295127.84,295152.56,1130.85,2235.18,no,yes
6815,1.016142,0.30957447,0.014370,293572.19,293552.22,1511.88,1254.78,no,yes
6816,0.334416,0.73806896,0.004729,293305.71,293292.56,2971.61,2575.48,no,yes
6817,0.096914,0.92279540,0.001371,293479.19,293477.32,1264.61,1460.77,no,yes
6818,-0.879033,0.37939393,-0.012431,293390.61,293403.88,1047.51,1087.75,no,yes
6819,-1.146238,0.25171366,-0.016210,293527.84,293556.23,1241.87,2143.45,no,yes
6820,0.617647,0.53681492,0.008735,293245.74,293228.00,1952.94,2105.11,no,yes
6821,0.091348,0.92721679,0.001292,293355.75,293350.54,3797.07,4261.49,no,yes
6822,0.679373,0.49690992,0.009608,294837.33,294813.84,2713.89,2141.72,no,yes
6823,-0.175388,0.86077698,-0.002480,293356.10,293360.05,1148.13,1937.06,no,yes
6824,1.537616,0.12416616,0.021745,293486.97,293443.30,2623.77,1086.83,no,yes
6825,0.879618,0.37907667,0.012440,293607.01,293567.81,3283.70,3012.97,no,yes
6826,-0.505789,0.61301047,-0.007153,293463.61,293482.63,2269.57,2999.46,no,yes
6827,1.635510,0.10195838,0.023130,293471.97,293445.76,1218.27,1041.13,no,yes
6828,1.224437,0.22080288,0.017316,293206.49,293183.53,1499.63,1125.28,no,yes
6829,-0.285892,0.77496375,-0.004043,293662.48,293672.37,2394.73,2494.82,no,yes
6830,0.062152,0.95044275,0.000879,293261.51,293259.42,2026.69,2690.24,no,yes
6831,-1.981185,0.04759227,-0.028018,293202.73,293264.69,1059.89,2942.53,yes,yes
6832,1.131811,0.25772768,0.016006,293402.65,293384.75,1150.65,1085.11,no,yes
6833,2.391607,0.01678497,0.033822,293386.62,293347.62,1330.83,941.85,yes,yes
6834,-0.225473,0.82161390,-0.003189,299465.91,299488.96,7144.34,7314.38,no,yes
6835,0.498497,0.61813931,0.007050,293375.38,293366.72,1248.38,1209.02,no,yes
6836,0.238175,0.81174783,0.003368,293251.72,293243.81,2257.87,2435.56,no,yes
6837,0.707874,0.47903176,0.010011,293604.68,293586.49,1960.71,1661.00,no,yes
6838,0.418268,0.67575598,0.005915,293709.79,293684.40,4158.73,4420.92,no,yes
6839,-0.071686,0.94285233,-0.001014,293394.40,293396.05,1708.74,1546.24,no,yes
6840,0.162324,0.87105256,0.002296,293373.94,293365.44,3653.18,3754.37,no,yes
6841,0.702663,0.48227434,0.009937,293442.11,293425.35,1453.56,1892.23,no,yes
6842,0.551570,0.58125052,0.007800,303331.64,303298.43,5084.11,3224.54,no,yes
6843,0.045007,0.96410212,0.000636,293554.74,293553.65,1746.22,1684.19,no,yes
6844,0.050974,0.95934649,0.000721,293487.68,293485.86,2637.34,2404.12,no,yes
6845,0.711781,0.47660913,0.010066,293351.22,293334.27,1573.55,1787.36,no,yes
6846,0.306133,0.75950650,0.004329,293611.57,293599.58,2977.16,2548.16,no,yes
6847,0.973655,0.33023993,0.013770,293406.85,293388.73,1365.37,1265.19,no,yes
6848,1.400207,0.16147065,0.019802,293294.22,293255.25,2410.36,1392.20,no,yes
6849,-1.295261,0.19524879,-0.018318,293440.79,293467.79,1047.99,1801.86,no,yes
6850,-0.725288,0.46828365,-0.010257,293456.73,293489.86,3167.32,3290.53,no,yes
6851,-1.311537,0.18969312,-0.018548,293781.26,293816.64,1541.26,2214.20,no,yes
6852,0.517725,0.60465614,0.007322,293513.60,293500.97,1613.47,1829.82,no,yes
6853,-0.043176,0.96556154,-0.000611,293630.69,293631.35,1173.63,982.68,no,yes
6854,0.650206,0.51556711,0.009195,293329.75,293322.01,906.29,773.34,no,yes
6855,0.269276,0.78771988,0.003808,293338.05,293328.77,2635.48,2224.22,no,yes
6856,1.653218,0.09830859,0.023380,293379.11,293303.94,4112.05,1940.94,no,yes
6857,0.323500,0.74632007,0.004575,293653.23,293638.84,3330.04,2951.81,no,yes
6858,0.504592,0.61385159,0.007136,293571.39,293560.53,1741.02,1264.04,no,yes
6859,-0.214310,0.83030784,-0.003031,293457.11,293463.97,1664.40,2733.62,no,yes
6860,-0.113877,0.90933654,-0.001610,293378.09,293382.06,2577.84,2344.80,no,yes
6861,1.192751,0.23298264,0.016868,293265.96,293214.80,3528.39,2438.95,no,yes
6862,-0.118419,0.90573661,-0.001675,293241.46,293243.27,994.47,1152.57,no,yes
6863,1.174892,0.24005237,0.016615,293490.93,293456.89,2216.00,1867.43,no,yes
6864,-1.009406,0.31279275,-0.014275,293317.13,293331.77,933.10,1110.30,no,yes
6865,-0.057810,0.95390020,-0.000818,293400.35,293401.20,1058.93,1003.03,no,yes
6866,-0.939067,0.34770976,-0.013280,293313.27,293341.46,1638.20,2515.87,no,yes
6867,-0.911362,0.36211626,-0.012889,293338.94,293354.40,1073.29,1313.76,no,yes
6868,-0.459925,0.64557502,-0.006504,293565.09,293573.59,1259.32,1352.57,no,yes
6869,0.336543,0.73646505,0.004759,293581.50,293571.23,2278.70,2032.16,no,yes
6870,-0.232632,0.81604994,-0.003290,294854.20,294867.00,4033.62,3745.46,no,yes
6871,0.598564,0.54947101,0.008465,293576.68,293560.76,2131.50,1590.51,no,yes
6872,0.451002,0.65199305,0.006378,293490.42,293484.55,874.51,964.28,no,yes
6873,-0.023572,0.98119431,-0.000333,293500.57,293500.90,912.33,1063.55,no,yes
6874,0.112978,0.91004899,0.001598,293314.89,293310.20,3380.38,2409.68,no,yes
6875,-0.268681,0.78817776,-0.003800,390851.31,390855.55,1087.73,1141.26,no,yes
6876,0.710292,0.47753167,0.010045,293514.81,293494.93,1816.05,2130.93,no,yes
6877,0.878610,0.37962315,0.012425,293431.31,293418.46,1068.90,998.58,no,yes
6878,2.184809,0.02891741,0.030898,293472.25,293417.93,2158.61,1233.79,yes,yes
6879,0.740981,0.45871399,0.010479,293653.45,293620.64,3424.60,2806.92,no,yes
6880,0.507522,0.61179441,0.007177,294679.49,294665.71,2021.19,1811.52,no,yes
6881,-0.093179,0.92576271,-0.001318,305998.31,306000.61,1560.23,1906.65,no,yes
6882,0.760301,0.44708351,0.010752,293231.74,293219.44,1159.97,1127.78,no,yes
6883,1.839402,0.06587339,0.026013,293862.70,293825.15,1713.04,1110.33,no,yes
6884,-0.330890,0.74073093,-0.004679,293538.71,293559.13,3919.01,4769.27,no,yes
6885,1.523697,0.12760113,0.021548,293325.78,293296.89,1490.56,1171.84,no,yes
6886,0.531719,0.59492645,0.007520,293202.95,293195.32,1106.79,913.38,no,yes
6887,0.597051,0.55048033,0.008444,293343.15,293334.63,992.26,1027.20,no,yes
6888,-0.406135,0.68464868,-0.005744,293255.06,293270.50,2150.18,3134.92,no,yes
6889,0.125755,0.89992716,0.001778,293575.95,293573.91,1194.88,1099.88,no,yes
6890,-0.200976,0.84071924,-0.002842,293224.03,293232.01,2850.79,2763.41,no,yes
6891,1.509466,0.13119552,0.021347,293243.92,293219.72,1180.09,1085.13,no,yes
6892,-0.729629,0.46562785,-0.010319,293265.28,293279.85,1002.31,1727.06,no,yes
6893,0.257461,0.79682535,0.003641,391175.63,391157.74,5013.74,4807.75,no,yes
6894,0.081857,0.93476140,0.001158,293238.39,293235.30,2809.13,2516.30,no,yes
6895,-0.679485,0.49684065,-0.009609,293476.34,293503.70,1910.11,3543.90,no,yes
6896,-0.312530,0.75464145,-0.004420,390857.99,390868.54,2593.64,2158.36,no,yes
6897,1.500143,0.13359432,0.021215,293564.61,293530.16,1831.07,1386.67,no,yes
6898,0.313877,0.75361759,0.004439,293284.72,293279.29,1296.64,1143.87,no,yes
6899,-1.036824,0.29983151,-0.014663,293558.89,293597.42,2164.42,3020.66,no,yes
6900,-0.775189,0.43823805,-0.010963,293546.06,293580.69,2625.91,3614.32,no,yes
6901,0.698971,0.48457872,0.009885,293326.78,293316.47,1146.12,929.83,no,yes
6902,0.313217,0.75411953,0.004430,293440.77,293430.22,1888.04,2787.63,no,yes
6903,0.154318,0.87736064,0.002182,293470.66,293468.46,1008.14,1012.49,no,yes
6904,-0.352375,0.72456119,-0.004983,293611.76,293624.39,2231.14,2804.61,no,yes
6905,0.759369,0.44764124,0.010739,293525.54,293509.35,1358.74,1643.87,no,yes
6906,-0.582146,0.56047586,-0.008233,293375.30,293387.64,1152.42,1779.85,no,yes
6907,-0.444189,0.65691085,-0.006282,293633.92,293647.46,1855.62,2416.98,no,yes
6908,-0.636886,0.52420678,-0.009007,293394.88,293405.88,1280.56,1158.48,no,yes
6909,-0.419271,0.67502285,-0.005929,293357.26,293366.73,1577.35,1617.44,no,yes
6910,1.215150,0.22432380,0.017185,293448.64,293425.68,1456.89,1202.78,no,yes
6911,0.822349,0.41088997,0.011630,293441.07,293420.61,2112.80,1315.34,no,yes
6912,-0.381586,0.70277236,-0.005396,293269.41,293288.58,3504.79,3599.41,no,yes
6913,0.887455,0.37484546,0.012551,293641.77,293620.00,1941.64,1498.81,no,yes
6914,0.301764,0.76283532,0.004268,293776.82,293747.03,7183.40,6774.97,no,yes
6915,0.063853,0.94908809,0.000903,293710.76,293707.11,3803.71,4260.11,no,yes
6916,-0.571395,0.56773938,-0.008081,293500.44,293517.78,1578.35,2591.84,no,yes
6917,1.303750,0.19233411,0.018438,293429.52,293387.90,2409.78,2093.79,no,yes
6918,-1.468323,0.14203364,-0.020765,293539.80,293562.54,926.04,1241.66,no,yes
6919,1.034971,0.30069501,0.014637,293393.85,293377.93,1135.94,1036.90,no,yes
6920,-0.402053,0.68764905,-0.005686,293324.69,293331.19,1106.79,1180.12,no,yes
6921,-0.736136,0.46165682,-0.010411,293418.54,293441.34,1917.80,2432.37,no,yes
6922,-0.350823,0.72572464,-0.004961,293397.20,293405.27,1472.45,1768.50,no,yes
6923,0.070097,0.94411685,0.000991,293452.29,293451.18,1124.09,1106.18,no,yes
6924,0.215838,0.82911602,0.003052,293499.22,293487.24,3734.29,4102.40,no,yes
6925,-0.127057,0.89889654,-0.001797,293427.26,293430.30,1582.68,1785.87,no,yes
6926,-0.942914,0.34573710,-0.013335,293234.21,293262.33,1859.35,2332.93,no,yes
6927,-0.547876,0.58378320,-0.007748,293541.71,293549.07,870.39,1024.86,no,yes
6928,-0.870585,0.38399167,-0.012312,293517.39,293531.09,1015.95,1202.26,no,yes
6929,0.472497,0.63657743,0.006682,293462.42,293451.78,1622.13,1561.56,no,yes
6930,-0.639861,0.52227108,-0.009049,293358.56,293381.42,2841.14,2166.49,no,yes
6931,-0.132410,0.89466144,-0.001873,293300.59,293304.06,1818.47,1888.94,no,yes
6932,-0.427577,0.66896373,-0.006047,293177.59,293182.96,874.21,901.22,no,yes
6933,0.272057,0.78558065,0.003847,293472.99,293463.69,2445.91,2388.66,no,yes
6934,0.749101,0.45380608,0.010594,301167.73,301145.26,2477.64,1690.37,no,yes
6935,0.666377,0.50517891,0.009424,293533.47,293502.58,3763.47,2707.83,no,yes
6936,0.419656,0.67474158,0.005935,293675.10,293655.84,3425.43,3057.11,no,yes
6937,-0.746871,0.45515255,-0.010562,302395.85,302418.72,1485.76,2678.76,no,yes
6938,0.560828,0.57492190,0.007931,293455.76,293430.39,3619.03,2714.77,no,yes
6939,0.595792,0.55132123,0.008426,293480.99,293454.46,3214.00,3080.56,no,yes
6940,1.183241,0.23672928,0.016734,293295.29,293251.43,3020.74,2148.67,no,yes
6941,0.524241,0.60011742,0.007414,293595.46,293582.12,2102.62,1432.03,no,yes
6942,0.909978,0.36284716,0.012869,293274.76,293245.45,2715.88,1730.77,no,yes
6943,0.039082,0.96882506,0.000553,293439.48,293437.89,2767.86,2985.83,no,yes
6944,0.190796,0.84868804,0.002698,293281.11,293276.44,2123.06,1211.47,no,yes
6945,0.081737,0.93485679,0.001156,293644.41,293641.76,2428.89,2162.62,no,yes
6946,0.975900,0.32912786,0.013801,293396.99,293367.87,2501.82,1627.56,no,yes
6947,0.060760,0.95155092,0.000859,293332.44,293331.14,1634.88,1379.41,no,yes
6948,-0.914911,0.36025217,-0.012939,293400.32,293418.42,991.69,1712.54,no,yes
6949,-1.696512,0.08981192,-0.023992,293215.23,293295.69,1856.71,4363.74,no,yes
6950,0.440586,0.65951725,0.006231,293453.53,293439.56,2388.85,2085.61,no,yes
6951,0.950207,0.34201852,0.013438,293659.31,293641.91,1375.55,1208.61,no,yes
6952,-0.016934,0.98648981,-0.000239,293792.90,293794.37,6198.49,6048.99,no,yes
6953,-1.009739,0.31263288,-0.014280,293328.01,293358.68,1946.04,2331.38,no,yes
6954,-1.170575,0.24178825,-0.016554,293508.72,293561.15,2035.73,3989.25,no,yes
6955,-1.101046,0.27089216,-0.015571,293181.53,293213.23,1563.74,2417.44,no,yes
6956,-1.569514,0.11654819,-0.022196,293197.19,293235.05,1195.77,2095.29,no,yes
6957,1.234259,0.21712080,0.017455,303266.85,303242.41,1424.11,1374.92,no,yes
6958,-0.831921,0.40546445,-0.011765,299673.02,299690.60,1274.30,1686.11,no,yes
6959,-1.052241,0.29270344,-0.014881,293367.09,293401.63,1832.28,2724.29,no,yes
6960,-0.093041,0.92587229,-0.001316,293273.92,293279.15,4566.11,3291.19,no,yes
6961,0.028493,0.97726948,0.000403,293521.01,293520.68,845.35,811.59,no,yes
6962,-0.406807,0.68415447,-0.005753,293660.82,293681.23,3178.88,3878.70,no,yes
6963,-0.287932,0.77340186,-0.004072,293599.17,293612.34,2972.30,3476.81,no,yes
6964,-0.024721,0.98027744,-0.000350,293679.17,293680.67,3595.86,4856.64,no,yes
6965,2.036720,0.04169653,0.028804,296274.45,296230.72,1938.85,922.56,yes,yes
6966,1.392710,0.16372366,0.019696,293582.67,293563.39,1085.17,859.15,no,yes
6967,0.142700,0.88652891,0.002018,293393.55,293390.75,1329.31,1444.80,no,yes
6968,0.209078,0.83438966,0.002957,293219.93,293216.15,1340.93,1215.08,no,yes
6969,1.572453,0.11586145,0.022238,293625.95,293603.20,1063.47,980.94,no,yes
6970,-0.654094,0.51305879,-0.009250,293538.43,293548.23,1077.77,1039.31,no,yes
6971,1.197461,0.23114139,0.016935,293221.16,293203.56,1098.78,975.79,no,yes
6972,-0.921808,0.35664271,-0.013036,293433.96,293466.55,1766.86,3062.59,no,yes
6973,0.001361,0.99891382,0.000019,293761.07,293760.95,6331.11,6122.77,no,yes
6974,1.339324,0.18048039,0.018941,293605.59,293585.47,1105.08,1017.37,no,yes
6975,-0.486911,0.62632705,-0.006886,293462.58,293468.69,897.54,876.08,no,yes
6976,-0.900334,0.36795359,-0.012733,293287.31,293336.85,3495.28,4250.43,no,yes
6977,0.212583,0.83165457,0.003006,293583.44,293571.44,4435.26,3490.91,no,yes
6978,-1.004784,0.31501364,-0.014210,293222.49,293237.39,901.90,1176.73,no,yes
6979,0.194677,0.84564793,0.002753,293471.37,293463.82,2724.24,2758.76,no,yes
6980,-0.704979,0.48083194,-0.009970,293456.54,293486.95,2558.57,3472.47,no,yes
6981,-0.054743,0.95634391,-0.000774,293378.19,293379.71,2131.72,1780.86,no,yes
6982,-0.197319,0.84358029,-0.002791,302623.32,302626.11,981.22,1018.36,no,yes
6983,1.678918,0.09318974,0.023743,293370.55,293333.35,1998.47,956.68,no,yes
6984,0.259307,0.79540107,0.003667,293404.99,293396.43,2265.35,2397.96,no,yes
6985,-0.472870,0.63631255,-0.006687,293494.55,293516.64,2325.80,4052.61,no,yes
6986,-0.680906,0.49593862,-0.009629,293566.13,293576.30,1084.48,1026.02,no,yes
6987,0.590787,0.55467025,0.008355,293442.26,293423.36,2098.26,2416.02,no,yes
6988,1.847618,0.06468260,0.026129,293294.54,293238.30,2914.55,877.15,no,yes
6989,0.858576,0.39059103,0.012142,293545.99,293513.02,3632.64,1245.12,no,yes
6990,-1.483062,0.13808316,-0.020974,293391.09,293441.68,1154.68,3210.39,no,yes
6991,0.927036,0.35392070,0.013110,293553.41,293523.88,2656.38,1759.05,no,yes
6992,0.457547,0.64728337,0.006471,293383.50,293372.11,2054.38,1405.93,no,yes
6993,-0.399639,0.68942687,-0.005652,293182.72,293191.16,1325.33,1642.06,no,yes
6994,0.247016,0.80489803,0.003493,293610.91,293586.26,7315.71,6786.47,no,yes
6995,1.224070,0.22094195,0.017311,293721.02,293671.98,3287.29,2291.13,no,yes
6996,-0.264691,0.79125035,-0.003743,293582.80,293594.06,2933.47,3083.16,no,yes
6997,-0.258528,0.79600174,-0.003656,293337.33,293341.25,1099.66,1048.95,no,yes
6998,0.138051,0.89020111,0.001952,293451.06,293446.21,2425.75,2542.50,no,yes
6999,0.545112,0.58568456,0.007709,293231.24,293216.47,2363.76,1326.53,no,yes
7000,0.302659,0.76215298,0.004280,293428.97,293423.36,1297.29,1323.92,no,yes
7001,1.019603,0.30792929,0.014419,293558.76,293540.32,1379.68,1169.66,no,yes
7002,-0.407674,0.68351714,-0.005765,293322.71,293350.45,4562.71,5049.65,no,yes
7003,0.710826,0.47720067,0.010053,293427.18,293399.72,2986.66,2450.87,no,yes
7004,-0.303889,0.76121568,-0.004298,293254.96,293268.95,3230.86,3276.09,no,yes
7005,0.254193,0.79934898,0.003595,293455.28,293450.04,1423.89,1489.61,no,yes
7006,-0.699162,0.48445983,-0.009888,293254.19,293272.30,1565.64,2064.80,no,yes
7007,-0.888675,0.37419251,-0.012568,293167.93,293187.88,999.21,2009.90,no,yes
7008,0.088306,0.92963441,0.001249,299215.21,299213.53,1405.07,1274.24,no,yes
7009,-0.179473,0.85756844,-0.002538,293383.25,293388.97,2457.91,2032.73,no,yes
7010,0.114707,0.90867815,0.001622,293416.11,293410.51,3370.14,3529.84,no,yes
7011,-1.173136,0.24075564,-0.016591,293187.95,293204.73,909.47,1103.87,no,yes
7012,-0.880768,0.37845421,-0.012456,293247.44,293259.68,877.18,1079.01,no,yes
7013,-0.394315,0.69335300,-0.005576,293272.47,293280.16,1292.64,1460.56,no,yes
7014,0.773176,0.43942752,0.010934,293505.90,293494.31,1120.45,996.08,no,yes
7015,0.422556,0.67262346,0.005976,293504.65,293477.53,4686.09,4386.33,no,yes
7016,-0.498407,0.61820283,-0.007049,293638.26,293661.66,2975.04,3632.41,no,yes
7017,0.665582,0.50568621,0.009413,293496.66,293473.72,2307.19,2560.53,no,yes
7018,-0.711918,0.47652365,-0.010068,293461.88,293490.56,2791.37,2905.47,no,yes
7019,-0.591883,0.55393565,-0.008370,293617.22,293650.15,3667.31,4183.09,no,yes
7020,-0.074907,0.94028926,-0.001059,293457.17,293458.71,1053.22,1764.51,no,yes
7021,-0.807325,0.41949050,-0.011417,293447.44,293472.79,1733.16,2618.72,no,yes
7022,1.292482,0.19621032,0.018278,293234.93,293204.27,2111.27,1081.51,no,yes
7023,0.000307,0.99975545,0.000004,293513.75,293513.75,1291.81,1337.75,no,yes
7024,-1.201384,0.22961647,-0.016990,293159.53,293183.30,1337.48,1457.68,no,yes
7025,1.392294,0.16385344,0.019690,293320.57,293291.33,1847.42,998.87,no,yes
7026,0.288892,0.77266747,0.004086,293446.56,293441.29,1538.97,975.31,no,yes
7027,-0.746207,0.45555128,-0.010553,293557.30,293568.54,1062.41,1067.59,no,yes
7028,0.685457,0.49306342,0.009694,293440.07,293413.58,2861.96,2595.53,no,yes
7029,-0.099598,0.92066412,-0.001409,293330.41,293331.95,1150.21,1039.04,no,yes
7030,-0.533077,0.59398624,-0.007539,293580.51,293587.64,961.50,930.31,no,yes
7031,1.421154,0.15529324,0.020098,293504.89,293477.71,1709.98,856.64,no,yes
7032,-1.172487,0.24101567,-0.016581,293389.65,293406.12,988.49,997.72,no,yes
7033,-1.476315,0.13987525,-0.020878,293369.08,293394.14,1119.71,1276.22,no,yes
7034,0.450568,0.65230617,0.006372,293465.59,293443.90,3451.46,3357.83,no,yes
7035,-0.181733,0.85579440,-0.002570,293774.77,293778.86,1851.41,1284.77,no,yes
7036,0.714350,0.47501999,0.010102,293289.90,293256.91,3704.49,2756.32,no,yes
7037,-0.002588,0.99793535,-0.000037,293195.03,293195.08,1211.14,1311.76,no,yes
7038,0.234309,0.81474757,0.003314,293538.68,293535.77,811.71,941.79,no,yes
7039,0.439128,0.66057350,0.006210,293294.25,293287.63,1009.86,1119.71,no,yes
7040,0.808014,0.41909350,0.011427,293356.82,293342.18,1509.70,1001.71,no,yes
7041,-0.306606,0.75914634,-0.004336,293319.46,293323.97,970.01,1108.82,no,yes
7042,1.440368,0.14977894,0.020370,293442.31,293420.04,1117.04,1068.54,no,yes
7043,1.316112,0.18815233,0.018613,293305.08,293254.98,2976.09,2373.67,no,yes
7044,1.160839,0.24572239,0.016417,293454.30,293417.25,2571.55,1890.03,no,yes
7045,0.793130,0.42771359,0.011217,293403.37,293368.33,3762.23,2316.74,no,yes
7046,0.405456,0.68514701,0.005734,293422.87,293399.56,4368.77,3735.04,no,yes
7047,0.918947,0.35813508,0.012996,293469.40,293425.48,3719.42,3001.11,no,yes
7048,0.107966,0.91402401,0.001527,293361.17,293357.78,2417.31,1993.55,no,yes
7049,0.584321,0.55901087,0.008264,293225.79,293211.52,1702.94,1750.67,no,yes
7050,1.033406,0.30142657,0.014615,293266.05,293243.06,1686.88,1450.89,no,yes
7051,-0.857414,0.39122887,-0.012126,293532.02,293559.38,1614.38,2752.71,no,yes
7052,-0.200877,0.84079708,-0.002841,293231.72,293235.87,1416.25,1507.32,no,yes
7053,0.026376,0.97895743,0.000373,293383.80,293381.44,6388.32,6264.62,no,yes
7054,-1.236349,0.21634435,-0.017485,293409.28,293460.09,2547.16,3225.34,no,yes
7055,-0.134478,0.89302585,-0.001902,302574.60,302581.78,3240.44,4246.92,no,yes
7056,0.418580,0.67552807,0.005920,293427.66,293412.40,3004.52,2065.51,no,yes
7057,-0.567258,0.57054567,-0.008022,293445.81,293467.50,2435.94,2946.70,no,yes
7058,0.593553,0.55281859,0.008394,293224.41,293213.51,1461.65,1110.84,no,yes
7059,0.446568,0.65519197,0.006315,293319.01,293312.37,1151.60,942.09,no,yes
7060,0.109156,0.91307978,0.001544,293546.71,293544.81,1264.24,1196.04,no,yes
7061,-0.268008,0.78869601,-0.003790,293377.81,293390.54,3157.86,3550.06,no,yes
7062,0.664424,0.50642763,0.009396,301173.58,301156.68,2126.61,1395.64,no,yes
7063,1.142782,0.25314562,0.016161,293555.72,293495.97,4479.64,2694.99,no,yes
7064,-0.042726,0.96591999,-0.000604,293571.30,293572.16,1437.78,1424.94,no,yes
7065,-0.865476,0.38679028,-0.012240,293477.45,293510.91,2007.41,3303.36,no,yes
7066,0.731828,0.46428219,0.010350,293579.12,293567.74,1144.26,1052.70,no,yes
7067,0.507780,0.61161321,0.007181,361881.57,361873.21,1141.80,1186.64,no,yes
7068,0.296448,0.76689119,0.004192,293815.36,293801.91,3381.14,3024.44,no,yes
7069,0.747721,0.45463702,0.010574,293576.57,293558.04,1766.87,1737.95,no,yes
7070,0.045316,0.96385590,0.000641,293326.77,293324.22,3734.99,4191.76,no,yes
7071,-0.269733,0.78736851,-0.003815,293445.71,293451.38,1304.03,1651.17,no,yes
7072,0.945831,0.34424768,0.013376,293754.51,293692.61,5358.40,3757.24,no,yes
7073,-0.414289,0.67866726,-0.005859,296344.39,296359.41,2325.61,2781.98,no,yes
7074,0.604626,0.54543434,0.008551,293659.36,293628.58,3501.07,3695.96,no,yes
7075,1.240622,0.21476993,0.017545,293370.30,293319.72,3894.86,1205.25,no,yes
7076,1.139864,0.25435671,0.016120,293423.06,293404.16,1247.09,1093.32,no,yes
7077,-0.924974,0.35499090,-0.013081,293235.43,293263.22,1896.26,2330.65,no,yes
7078,0.218346,0.82716208,0.003088,293202.58,293198.11,1422.04,1471.82,no,yes
7079,1.011754,0.31166803,0.014308,293655.69,293624.94,2052.83,2242.45,no,yes
7080,-0.047957,0.96175088,-0.000678,293617.53,293618.53,1294.86,1644.53,no,yes
7081,0.110193,0.91225739,0.001558,293431.65,293429.19,1635.39,1517.37,no,yes
7082,0.447847,0.65426982,0.006334,293223.86,293213.97,1900.19,1127.08,no,yes
7083,0.784308,0.43286938,0.011092,293492.44,293469.54,2329.93,1759.20,no,yes
7084,-2.051263,0.04025528,-0.029009,293446.26,293477.93,933.82,1229.44,yes,yes
7085,-0.554370,0.57933228,-0.007840,293386.45,293393.41,818.20,951.72,no,yes
7086,-0.104609,0.91668690,-0.001479,293441.15,293443.64,1647.97,1722.31,no,yes
7087,-0.334657,0.73788751,-0.004733,293582.00,293614.71,6635.19,7176.04,no,yes
7088,0.552788,0.58041598,0.007818,293594.08,293577.18,2548.38,1687.40,no,yes
7089,-0.301486,0.76304730,-0.004264,293282.59,293295.53,2605.63,3409.12,no,yes
7090,0.046116,0.96321833,0.000652,293727.23,293723.03,6568.79,6320.71,no,yes
7091,0.437859,0.66149352,0.006192,293474.14,293457.44,2919.95,2450.82,no,yes
7092,0.438194,0.66125065,0.006197,293437.45,293427.85,1653.05,1437.11,no,yes
7093,-0.001807,0.99855855,-0.000026,293198.02,293198.05,1015.48,1119.05,no,yes
7094,1.165480,0.24384056,0.016482,293379.10,293333.17,3260.17,2214.73,no,yes
7095,0.081269,0.93522899,0.001149,293347.53,293344.84,2484.50,2186.16,no,yes
7096,0.792087,0.42831990,0.011202,293443.61,293428.96,1438.57,1162.45,no,yes
7097,0.566840,0.57082996,0.008016,293515.95,293494.85,3065.74,2109.23,no,yes
7098,-0.877420,0.38026945,-0.012409,293432.56,293447.20,1064.14,1285.97,no,yes
7099,0.183944,0.85405967,0.002601,293397.47,293391.37,1981.58,2658.82,no,yes
7100,-0.256404,0.79764143,-0.003626,293579.56,293589.43,2564.02,2871.33,no,yes
7101,0.514585,0.60684878,0.007277,293426.40,293415.68,1636.99,1288.73,no,yes
7102,-0.890080,0.37343394,-0.012588,293530.49,293546.42,1191.36,1335.51,no,yes
7103,-0.458818,0.64637085,-0.006489,293575.56,293593.76,2233.31,3276.87,no,yes
7104,0.705982,0.48020803,0.009984,293510.40,293475.74,3789.88,3120.61,no,yes
7105,-0.715509,0.47430503,-0.010119,293557.97,293571.53,939.98,1645.90,no,yes
7106,0.798748,0.42444633,0.011296,293499.97,293473.85,2531.89,2068.85,no,yes
7107,-0.135727,0.89203833,-0.001919,293606.88,293614.24,3575.63,4080.67,no,yes
7108,0.011563,0.99077475,0.000164,293586.75,293585.70,6529.68,6361.92,no,yes
7109,1.335171,0.18183587,0.018882,293332.67,293311.77,1192.42,1014.81,no,yes
7110,0.868786,0.38497762,0.012286,293616.94,293586.86,3050.52,1637.06,no,yes
7111,-0.594093,0.55245880,-0.008402,293772.81,293790.04,1310.84,2586.70,no,yes
7112,-1.361200,0.17346870,-0.019250,293336.01,293365.22,1146.77,1813.90,no,yes
7113,0.724133,0.46899238,0.010241,293233.81,293216.55,1655.29,1715.40,no,yes
7114,-0.500170,0.61696102,-0.007073,293489.41,293496.19,953.21,965.94,no,yes
7115,0.062350,0.95028513,0.000882,293522.00,293519.16,2998.84,3431.06,no,yes
7116,0.765425,0.44402761,0.010825,293614.06,293585.72,2643.08,2591.47,no,yes
7117,0.542395,0.58755265,0.007671,293256.24,293239.28,1942.09,2452.87,no,yes
7118,-0.296253,0.76704051,-0.004190,293669.58,293677.06,1491.46,2034.86,no,yes
7119,-0.104272,0.91695445,-0.001475,293370.24,293373.28,2431.73,1615.89,no,yes
7120,-1.075938,0.28196893,-0.015216,293694.02,293729.17,1993.59,2588.75,no,yes
7121,-0.494940,0.62064928,-0.007000,293247.90,293260.82,1376.10,2218.46,no,yes
7122,-0.398330,0.69039147,-0.005633,293375.49,293385.63,1542.44,2023.76,no,yes
7123,-0.646923,0.51768937,-0.009149,293460.73,293471.39,1137.85,1193.45,no,yes
7124,-0.402594,0.68725145,-0.005694,293432.38,293437.75,883.46,1000.85,no,yes
7125,-0.670511,0.50253975,-0.009482,293427.94,293437.18,972.89,975.19,no,yes
7126,-1.002493,0.31611991,-0.014177,293576.85,293609.33,1756.97,2722.25,no,yes
7127,0.463100,0.64329781,0.006549,293396.74,293381.36,2137.58,2542.16,no,yes
7128,1.995313,0.04602967,0.028218,293596.36,293516.55,3725.62,1455.01,yes,yes
7129,1.829190,0.06738700,0.025869,293601.37,293559.67,1809.64,1386.79,no,yes
7130,-0.010404,0.99169916,-0.000147,293225.02,293225.22,1260.18,1456.79,no,yes
7131,-0.878295,0.37979646,-0.012421,293286.12,293329.81,2635.88,4219.30,no,yes
7132,-0.016102,0.98715344,-0.000228,293291.78,293292.27,1860.79,2369.38,no,yes
7133,1.945766,0.05170375,0.027517,293247.39,293196.21,2426.26,1016.91,no,yes
7134,0.854279,0.39296113,0.012081,293260.09,293223.96,3331.31,2606.33,no,yes
7135,-0.617956,0.53661178,-0.008739,293247.84,293262.74,1606.14,1798.01,no,yes
7136,0.034654,0.97235599,0.000490,293466.87,293465.60,2534.99,2629.41,no,yes
7137,-0.414511,0.67850460,-0.005862,293424.01,293434.33,1868.37,1647.67,no,yes
7138,0.513696,0.60747028,0.007265,293388.83,293365.85,3442.88,2855.05,no,yes
7139,-0.703289,0.48188396,-0.009946,293158.36,293170.08,1135.02,1219.26,no,yes
7140,-0.746308,0.45549116,-0.010554,293240.73,293252.49,915.37,1281.65,no,yes
7141,0.391054,0.69576147,0.005530,294997.74,294991.73,1190.61,970.92,no,yes
7142,-1.106921,0.26834167,-0.015654,293171.91,293187.60,932.66,1068.00,no,yes
7143,-0.254173,0.79936490,-0.003595,293301.33,293310.72,2594.88,2627.66,no,yes
7144,-0.004997,0.99601304,-0.000071,293592.32,293592.42,1319.56,1349.08,no,yes
7145,0.232515,0.81614032,0.003288,293392.65,293389.32,1007.09,1017.18,no,yes
7146,0.335119,0.73753902,0.004739,293616.23,293604.81,2468.74,2345.81,no,yes
7147,0.926650,0.35412097,0.013105,293344.68,293329.58,1339.97,927.10,no,yes
7148,-0.497222,0.61903820,-0.007032,293476.17,293490.64,1877.56,2225.08,no,yes
7149,-0.249804,0.80274188,-0.003533,293251.04,293261.63,2827.47,3158.48,no,yes
7150,0.432500,0.66538290,0.006116,293278.01,293269.62,1531.36,1191.48,no,yes
7151,0.166177,0.86801905,0.002350,293504.01,293501.71,981.30,974.95,no,yes
7152,0.868532,0.38511732,0.012283,293378.79,293344.16,3566.64,1782.51,no,yes
7153,-2.640013,0.00830101,-0.037335,293218.22,293299.45,931.42,2932.44,yes,yes
7154,-0.412111,0.68026278,-0.005828,390833.70,390844.07,1678.45,1874.97,no,yes
7155,-0.162567,0.87086091,-0.002299,293559.53,293563.66,1657.50,1928.87,no,yes
7156,1.340565,0.18007701,0.018958,294023.34,293990.68,1766.44,1678.32,no,yes
7157,1.328848,0.18391702,0.018793,293533.06,293475.11,3776.64,2180.69,no,yes
7158,-0.844430,0.39844012,-0.011942,293621.01,293661.38,2812.25,3865.49,no,yes
7159,-0.232537,0.81612309,-0.003289,293431.80,293443.10,3291.22,3574.25,no,yes
7160,0.507273,0.61196907,0.007174,293242.48,293228.78,2012.78,1800.28,no,yes
7161,0.549929,0.58237397,0.007777,294695.67,294669.65,3470.76,3215.54,no,yes
7162,-0.165998,0.86816049,-0.002348,293242.19,293248.10,2086.31,2886.67,no,yes
7163,1.127515,0.25953950,0.015945,293526.46,293479.66,3368.82,2425.23,no,yes
7164,-0.869025,0.38484443,-0.012290,293171.86,293201.17,2120.82,2622.07,no,yes
7165,0.638658,0.52305280,0.009032,293367.80,293347.10,2020.21,2533.53,no,yes
7166,1.570501,0.11631550,0.022210,293464.32,293435.58,1460.95,1101.67,no,yes
7167,0.093974,0.92513088,0.001329,293234.82,293231.85,2052.07,2407.55,no,yes
7168,0.380534,0.70355318,0.005382,293504.88,293481.93,4340.18,4186.66,no,yes
7169,-0.091831,0.92683344,-0.001299,293312.45,293317.64,4171.08,3818.80,no,yes
7170,-0.451533,0.65161031,-0.006386,293466.69,293474.95,1268.96,1315.27,no,yes
7171,-0.322961,0.74672838,-0.004567,293210.15,293220.50,2209.59,2322.53,no,yes
7172,0.247278,0.80469550,0.003497,293453.80,293449.47,1285.56,1187.86,no,yes
7173,-0.230732,0.81752544,-0.003263,293400.94,293406.85,1646.34,1966.54,no,yes
7174,-0.945200,0.34457002,-0.013367,293600.81,293632.39,1836.73,2791.01,no,yes
7175,0.844381,0.39846887,0.011941,293375.28,293359.33,1612.72,982.39,no,yes
7176,0.165519,0.86853719,0.002341,299655.28,299649.80,2375.68,2309.53,no,yes
7177,0.173479,0.86227669,0.002453,391024.23,391020.17,1528.47,1770.75,no,yes
7178,1.323078,0.18582520,0.018711,293306.29,293273.15,1944.44,1577.79,no,yes
7179,1.343559,0.17910642,0.019001,293377.35,293352.80,1345.98,1235.85,no,yes
7180,1.314894,0.18856814,0.018595,293383.17,293325.62,4034.42,1697.28,no,yes
7181,-0.685764,0.49287216,-0.009698,293629.29,293655.89,1939.37,3360.12,no,yes
7182,0.709486,0.47803167,0.010034,293661.84,293628.91,3736.68,2751.86,no,yes
7183,0.244860,0.80656723,0.003463,293805.80,293794.00,3284.60,3528.72,no,yes
7184,-0.980658,0.32677333,-0.013869,293380.78,293393.88,927.04,961.99,no,yes
7185,1.265493,0.20570982,0.017897,293562.24,293539.99,1348.98,1127.64,no,yes
7186,1.814157,0.06966899,0.025656,293354.91,293324.06,1297.82,1098.38,no,yes
7187,0.827143,0.40816607,0.011698,293341.70,293328.38,1207.00,1067.20,no,yes
7188,-0.223522,0.82313127,-0.003161,293465.74,293476.20,3100.39,3500.72,no,yes
7189,-0.741862,0.45818026,-0.010492,293554.98,293565.61,888.71,1124.48,no,yes
7190,-0.480628,0.63078631,-0.006797,293344.20,293352.11,1115.74,1210.41,no,yes
7191,1.355243,0.17535551,0.019166,293596.07,293572.42,1261.94,1205.06,no,yes
7192,-0.020808,0.98339939,-0.000294,293648.68,293649.65,3192.64,3427.86,no,yes
7193,0.490793,0.62357865,0.006941,293599.26,293572.60,4313.92,3300.66,no,yes
7194,0.528922,0.59686565,0.007480,306440.81,306416.45,3327.85,3183.96,no,yes
7195,0.962572,0.33577447,0.013613,293227.60,293212.12,1214.04,1054.73,no,yes
7196,1.160142,0.24600884,0.016407,293260.80,293221.41,2985.60,1616.66,no,yes
7197,0.276928,0.78183831,0.003916,293597.33,293585.35,2737.11,3354.24,no,yes
7198,0.498391,0.61821454,0.007048,293559.88,293540.55,3082.56,2353.58,no,yes
7199,0.142156,0.88695817,0.002010,293513.22,293511.59,774.41,852.74,no,yes
7200,-1.866666,0.06196878,-0.026399,308738.43,308825.96,1995.89,4243.49,no,yes
7201,-0.090019,0.92827322,-0.001273,293644.48,293647.49,2006.22,2678.21,no,yes
7202,0.434106,0.66421664,0.006139,293393.47,293375.15,3506.42,2348.87,no,yes
7203,-1.601568,0.10927003,-0.022650,293386.73,293456.62,2292.02,3713.85,no,yes
7204,-0.215071,0.82971397,-0.003042,293294.68,293302.53,2507.65,2654.51,no,yes
7205,0.357110,0.72101296,0.005050,293493.29,293476.26,3229.89,3507.74,no,yes
7206,0.918423,0.35840911,0.012988,293455.71,293424.22,2703.99,2109.26,no,yes
7207,0.340211,0.73370172,0.004811,293493.05,293478.13,3458.98,2697.21,no,yes
7208,-0.697804,0.48530763,-0.009868,299005.52,299020.13,1498.87,1461.75,no,yes
7209,-0.127833,0.89828245,-0.001808,302561.30,302567.55,3763.22,3121.89,no,yes
7210,0.927058,0.35390828,0.013111,293475.68,293460.98,1229.43,999.94,no,yes
7211,-2.308497,0.02098168,-0.032647,299472.44,299508.80,1138.85,1088.12,yes,yes
7212,-0.398870,0.68999312,-0.005641,293216.31,293221.97,1004.82,1001.96,no,yes
7213,0.725236,0.46831617,0.010256,293409.69,293372.40,4112.97,3085.64,no,yes
7214,0.890689,0.37310666,0.012596,293485.26,293447.53,3079.12,2909.19,no,yes
7215,-0.116878,0.90695800,-0.001653,293599.67,293605.13,3090.00,3504.74,no,yes
7216,0.457204,0.64752967,0.006466,293509.58,293488.59,3634.95,2803.48,no,yes
7217,-0.084760,0.93245328,-0.001199,293342.67,293346.12,2797.19,2955.94,no,yes
7218,0.155749,0.87623292,0.002203,293440.69,293437.51,1622.92,1243.97,no,yes
7219,0.169086,0.86573052,0.002391,293344.30,293341.68,1136.65,1050.04,no,yes
7220,0.029768,0.97625268,0.000421,293566.58,293566.18,903.75,996.70,no,yes
7221,0.884383,0.37650004,0.012507,293406.69,293393.68,1106.20,970.77,no,yes
7222,0.798966,0.42431972,0.011299,299143.40,299132.41,1055.40,880.92,no,yes
7223,0.570355,0.56844373,0.008066,293341.69,293332.79,1152.40,1050.91,no,yes
7224,0.198578,0.84259455,0.002808,293259.22,293251.81,2758.55,2512.31,no,yes
7225,0.563301,0.57323607,0.007966,361878.47,361869.19,1173.64,1154.39,no,yes
7226,0.544591,0.58604206,0.007702,293422.98,293392.88,4654.29,2982.14,no,yes
7227,0.548403,0.58342162,0.007756,293685.97,293672.83,1782.52,1599.02,no,yes
7228,0.563989,0.57276774,0.007976,293411.01,293393.35,2144.86,2283.39,no,yes
7229,-0.453615,0.65011114,-0.006415,293461.15,293469.73,1292.95,1379.18,no,yes
7230,0.511354,0.60910855,0.007232,293674.45,293647.20,3744.00,3791.73,no,yes
7231,0.962718,0.33570108,0.013615,293571.50,293555.26,1272.86,1105.98,no,yes
7232,0.435416,0.66326528,0.006158,293621.49,293603.02,3367.26,2581.36,no,yes
7233,-0.702960,0.48208890,-0.009941,293193.89,293203.97,965.91,1060.65,no,yes
7234,0.307954,0.75812059,0.004355,293375.94,293370.30,1358.78,1229.99,no,yes
7235,-0.135572,0.89216084,-0.001917,293590.13,293593.41,1703.31,1715.47,no,yes
7236,-0.699662,0.48414705,-0.009895,293304.27,293313.40,847.07,992.52,no,yes
7237,0.859422,0.39011822,0.012154,293647.87,293625.78,1785.20,1848.67,no,yes
7238,1.225450,0.22042541,0.017330,293515.63,293459.85,4082.54,2012.76,no,yes
7239,-1.195063,0.23207670,-0.016901,293635.12,293650.43,861.47,947.83,no,yes
7240,-0.740016,0.45929983,-0.010465,293247.56,293278.28,2435.92,3359.92,no,yes
7241,-0.887957,0.37457478,-0.012558,293727.04,293754.95,2055.68,2377.02,no,yes
7242,0.298135,0.76560341,0.004216,293379.87,293366.46,3118.38,3244.86,no,yes
7243,-0.106136,0.91547537,-0.001501,294873.63,294882.97,6029.59,6406.21,no,yes
7244,1.174267,0.24030584,0.016607,293329.20,293278.95,3742.43,2075.72,no,yes
7245,-0.965853,0.33412963,-0.013659,293496.49,293512.38,1114.47,1209.63,no,yes
7246,1.497848,0.13418978,0.021183,293223.25,293192.05,1659.76,1258.46,no,yes
7247,0.934631,0.34999111,0.013218,293374.05,293335.08,3395.70,2420.47,no,yes
7248,0.722756,0.46983841,0.010221,293453.56,293435.17,1783.74,1814.36,no,yes
7249,1.162273,0.24513896,0.016437,293642.02,293623.56,1241.35,991.31,no,yes
7250,0.741028,0.45868713,0.010480,293602.89,293585.48,2002.22,1229.82,no,yes
7251,-0.527858,0.59760393,-0.007465,293469.52,293476.85,1003.95,960.25,no,yes
7252,-0.571112,0.56793011,-0.008077,295593.12,295600.50,821.55,997.44,no,yes
7253,0.092501,0.92630058,0.001308,293574.48,293573.25,934.36,950.80,no,yes
7254,-0.046761,0.96270449,-0.000661,293656.23,293656.96,1087.97,1119.30,no,yes
7255,0.009420,0.99248402,0.000133,293543.85,293543.70,1179.44,1025.03,no,yes
7256,0.402439,0.68736554,0.005691,293520.41,293502.79,3176.72,3010.70,no,yes
7257,1.160218,0.24597467,0.016408,293168.66,293152.64,1088.83,848.42,no,yes
7258,0.270419,0.78684094,0.003824,293378.44,293373.64,1138.68,1360.50,no,yes
7259,0.319742,0.74916725,0.004522,293435.58,293430.16,1214.58,1178.33,no,yes
7260,-0.851378,0.39457036,-0.012040,293363.29,293389.27,1878.19,2405.63,no,yes
7261,-0.193202,0.84680310,-0.002732,293301.78,293304.45,978.63,980.68,no,yes
7262,0.235023,0.81419315,0.003324,293580.04,293569.26,3233.36,3255.76,no,yes
7263,1.233919,0.21724967,0.017450,293627.29,293574.41,3560.88,2384.38,no,yes
7264,0.877367,0.38029830,0.012408,293657.75,293576.02,7063.48,6073.63,no,yes
7265,-1.372929,0.16979052,-0.019416,293461.73,293481.51,896.30,1127.21,no,yes
7266,-0.057817,0.95389518,-0.000818,293450.65,293451.68,1131.79,1382.71,no,yes
7267,-0.216638,0.82849238,-0.003064,293430.18,293438.30,2412.88,2873.31,no,yes
7268,-0.420780,0.67392093,-0.005951,293397.92,293409.49,1665.72,2187.93,no,yes
7269,0.544299,0.58624200,0.007698,293520.79,293501.21,2626.29,2458.70,no,yes
7270,0.164096,0.86965745,0.002321,308792.38,308789.20,1624.45,1053.44,no,yes
7271,0.081116,0.93535084,0.001147,293259.86,293257.25,2435.08,2105.29,no,yes
7272,-0.603511,0.54617625,-0.008535,293572.80,293599.63,2572.04,3626.12,no,yes
7273,-0.151786,0.87935729,-0.002147,293288.22,293293.78,2222.26,2911.05,no,yes
7274,0.229878,0.81818887,0.003251,293460.79,293454.48,1804.81,2065.68,no,yes
7275,0.063855,0.94908601,0.000903,293513.02,293512.04,1075.45,1096.42,no,yes
7276,1.918046,0.05512315,0.027125,293479.77,293386.49,4224.67,2408.28,no,yes
7277,1.008880,0.31304773,0.014268,293640.87,293603.84,3191.83,1812.38,no,yes
7278,-1.016136,0.30957896,-0.014370,293522.53,293539.25,891.52,1383.06,no,yes
7279,-0.978681,0.32774989,-0.013841,293392.60,293406.50,885.98,1110.19,no,yes
7280,-1.414483,0.15724100,-0.020004,293370.77,293400.04,945.58,1840.71,no,yes
7281,-0.393646,0.69384665,-0.005567,293218.11,293227.19,1724.64,1532.92,no,yes
7282,-1.392695,0.16372787,-0.019696,293534.62,293556.40,1021.09,1184.04,no,yes
7283,0.337888,0.73545082,0.004778,293642.02,293627.62,2878.23,3140.71,no,yes
7284,-0.538925,0.58994522,-0.007622,293291.93,293316.20,2773.16,3547.71,no,yes
7285,-0.019745,0.98424710,-0.000279,293398.30,293398.86,1784.11,2228.79,no,yes
7286,-0.904970,0.36549296,-0.012798,293404.84,293450.49,3056.06,4013.88,no,yes
7287,-1.151261,0.24963922,-0.016281,293162.70,293179.88,956.06,1146.24,no,yes
7288,-0.834680,0.40390877,-0.011804,293357.60,293401.57,3122.98,4242.88,no,yes
7289,1.123585,0.26120278,0.015890,293617.49,293580.85,2481.21,2117.05,no,yes
7290,-1.724011,0.08472183,-0.024381,293173.00,293196.88,885.95,1064.27,no,yes
7291,0.848624,0.39610067,0.012001,293507.20,293493.90,1161.39,1052.53,no,yes
7292,0.125744,0.89993610,0.001778,293585.80,293582.95,1631.57,1563.13,no,yes
7293,0.174434,0.86152607,0.002467,294110.55,294104.93,2323.88,2235.12,no,yes
7294,-0.209036,0.83442202,-0.002956,293363.73,293373.26,3190.09,3256.45,no,yes
7295,-0.458591,0.64653268,-0.006485,293415.78,293422.43,1044.60,1007.00,no,yes
7296,0.648748,0.51650913,0.009175,293335.35,293323.04,1472.33,1197.76,no,yes
7297,-0.184630,0.85352132,-0.002611,293374.34,293382.01,2919.09,2952.76,no,yes
7298,-0.425831,0.67023596,-0.006022,303986.25,304014.52,4317.77,5041.96,no,yes
7299,0.042238,0.96630966,0.000597,293521.56,293520.58,1620.85,1650.90,no,yes
7300,-0.338620,0.73489956,-0.004789,293344.51,293349.50,1038.58,1044.23,no,yes
7301,0.963729,0.33519408,0.013629,293233.89,293208.15,2082.40,1672.63,no,yes
7302,1.524964,0.12728900,0.021566,293250.57,293210.57,2323.09,1218.17,no,yes
7303,1.156959,0.24730301,0.016362,293380.52,293363.23,1119.48,989.84,no,yes
7304,1.279865,0.20061031,0.018100,302274.58,302245.73,1914.39,1191.04,no,yes
7305,-1.252145,0.21053648,-0.017708,293625.01,293685.35,2252.56,4260.03,no,yes
7306,0.506150,0.61275768,0.007158,293671.33,293642.00,4716.47,3367.42,no,yes
7307,-0.414222,0.67871601,-0.005858,293168.20,293174.03,958.30,1031.32,no,yes
7308,0.247773,0.80431268,0.003504,293591.06,293580.99,3250.79,2442.98,no,yes
7309,-0.265078,0.79095175,-0.003749,303310.16,303321.39,2861.62,3125.30,no,yes
7310,-0.205195,0.83742159,-0.002902,293215.35,293224.16,3096.60,2973.13,no,yes
7311,1.702764,0.08863327,0.024081,293437.66,293369.56,3576.41,1791.05,no,yes
7312,0.867112,0.38589244,0.012263,294090.83,294046.00,4216.07,2992.05,no,yes
7313,0.670393,0.50261528,0.009481,293231.73,293220.82,1218.41,1078.99,no,yes
7314,-1.276574,0.20177412,-0.018053,293474.96,293528.22,1721.54,3800.55,no,yes
7315,-0.433857,0.66439741,-0.006136,293419.06,293433.24,1990.59,2591.69,no,yes
7316,-0.974116,0.33001905,-0.013776,293604.02,293642.67,1147.84,3798.01,no,yes
7317,0.160835,0.87222539,0.002275,293482.40,293480.40,937.87,820.41,no,yes
7318,0.728081,0.46657260,0.010297,293462.49,293453.75,886.64,809.71,no,yes
7319,-0.187649,0.85115400,-0.002654,293482.64,293491.33,3154.07,3392.46,no,yes
7320,0.347726,0.72804983,0.004918,293425.96,293411.55,3114.79,2733.86,no,yes
7321,-0.273875,0.78418329,-0.003873,293230.49,293241.45,2650.24,2996.51,no,yes
7322,-0.251573,0.80137347,-0.003558,293478.21,293486.49,2449.20,2196.07,no,yes
7323,0.130965,0.89580435,0.001852,293680.68,293668.06,6825.96,6802.59,no,yes
7324,-1.031979,0.30209608,-0.014594,293394.44,293433.73,2166.58,3130.57,no,yes
7325,-1.425136,0.15414019,-0.020154,293353.96,293442.69,2562.15,5673.83,no,yes
7326,0.453257,0.65036902,0.006410,293601.62,293592.06,1384.80,1592.63,no,yes
7327,-0.429572,0.66751179,-0.006075,293470.29,293481.33,1503.46,2084.26,no,yes
7328,0.818962,0.41281948,0.011582,293498.65,293470.28,2896.72,1898.33,no,yes
7329,-0.570021,0.56867050,-0.008061,293360.68,293368.04,784.50,1024.60,no,yes
7330,0.216424,0.82865960,0.003061,293286.96,293279.49,2348.04,2530.39,no,yes
7331,0.502525,0.61530370,0.007107,293366.85,293351.36,2230.77,2127.82,no,yes
7332,-0.352887,0.72417702,-0.004991,293230.98,293235.84,940.90,1003.99,no,yes
7333,-0.253485,0.79989639,-0.003585,296254.77,296262.95,2079.55,2465.55,no,yes
7334,0.762533,0.44575073,0.010784,293214.44,293203.17,1029.68,1061.87,no,yes
7335,0.490578,0.62373036,0.006938,293510.33,293492.09,2932.55,2283.47,no,yes
7336,-0.105713,0.91581083,-0.001495,293388.30,293393.80,3790.16,3555.87,no,yes
7337,0.486028,0.62695254,0.006873,293469.10,293447.75,3259.82,2943.71,no,yes
7338,1.099644,0.27150464,0.015551,293433.96,293411.25,1830.44,955.61,no,yes
7339,-0.773521,0.43922313,-0.010939,293522.89,293534.96,1060.80,1143.98,no,yes
7340,-0.039296,0.96865494,-0.000556,293858.62,293862.34,6521.19,6863.04,no,yes
7341,0.255816,0.79809564,0.003618,293608.89,293600.81,2166.77,2298.06,no,yes
7342,0.156317,0.87578486,0.002211,293669.60,293661.61,3452.52,3763.79,no,yes
7343,0.405337,0.68523421,0.005732,293619.30,293607.20,1844.84,2345.33,no,yes
7344,1.541810,0.12313591,0.021804,293385.50,293360.90,1058.09,1194.89,no,yes
7345,-0.093591,0.92543496,-0.001324,293424.10,293425.60,1090.79,1163.88,no,yes
7346,-0.247403,0.80459927,-0.003499,293406.18,293417.83,3223.84,3430.99,no,yes
7347,-0.329615,0.74169511,-0.004661,293700.15,293708.15,2009.85,1361.56,no,yes
7348,-0.670187,0.50274653,-0.009478,293480.69,293491.54,1059.21,1223.35,no,yes
7349,0.492702,0.62222841,0.006968,293658.15,293634.36,3571.62,3251.43,no,yes
7350,-0.303844,0.76124991,-0.004297,294044.03,294056.02,2977.17,2588.36,no,yes
7351,1.309944,0.19023453,0.018525,293782.33,293698.49,5648.98,3009.85,no,yes
7352,1.499413,0.13378493,0.021205,293532.70,293469.24,3554.63,2297.31,no,yes
7353,0.564402,0.57248700,0.007982,293406.89,293387.95,2212.91,2524.10,no,yes
7354,0.419767,0.67466033,0.005936,293562.08,293545.26,2984.48,2673.40,no,yes
7355,1.940494,0.05234495,0.027443,293616.11,293529.57,4339.90,1024.64,no,yes
7356,0.113888,0.90932799,0.001611,293420.08,293418.37,1026.45,1090.05,no,yes
7357,0.868196,0.38529937,0.012278,298591.04,298535.00,5477.29,3414.58,no,yes
7358,0.330575,0.74096868,0.004675,293271.02,293257.37,3041.12,2794.16,no,yes
7359,-0.637792,0.52361684,-0.009020,298490.84,298506.95,1642.71,1918.81,no,yes
7360,-0.867036,0.38593659,-0.012262,293192.28,293212.79,1039.81,2125.14,no,yes
7361,0.485548,0.62729335,0.006867,293409.12,293397.72,1929.68,1338.83,no,yes
7362,-1.885605,0.05937361,-0.026666,293331.68,293406.54,1012.31,3838.72,no,yes
7363,0.787577,0.43095832,0.011138,293464.43,293442.85,2527.75,1057.71,no,yes
7364,0.793762,0.42734401,0.011225,293261.79,293239.02,2220.56,1816.64,no,yes
7365,-0.405057,0.68544022,-0.005728,293540.60,293545.60,774.32,959.46,no,yes
7366,-1.509309,0.13123844,-0.021345,293157.98,293179.10,753.18,1179.87,no,yes
7367,1.630249,0.10306593,0.023055,293218.72,293197.84,1026.02,766.47,no,yes
7368,0.396001,0.69210871,0.005600,293339.91,293334.29,1073.77,926.88,no,yes
7369,-0.476241,0.63390758,-0.006735,294616.62,294624.02,1116.30,1079.75,no,yes
7370,0.886194,0.37552398,0.012533,293508.30,293477.75,2638.72,2217.78,no,yes
7371,0.428736,0.66812005,0.006063,293589.68,293576.10,2315.12,2160.24,no,yes
7372,-0.207977,0.83524890,-0.002941,294294.66,294337.27,14210.54,14758.44,no,yes
7373,-1.017098,0.30912000,-0.014384,361848.07,361865.39,1017.77,1365.34,no,yes
7374,0.202053,0.83987764,0.002857,293669.11,293660.03,2956.02,3385.46,no,yes
7375,-0.240765,0.80973958,-0.003405,293503.25,293511.03,2235.32,2335.54,no,yes
7376,-0.222959,0.82356993,-0.003153,299204.80,299215.68,2928.19,3901.73,no,yes
7377,0.210787,0.83305571,0.002981,293475.77,293464.20,4199.81,3538.06,no,yes
7378,-0.073898,0.94109211,-0.001045,294795.11,294799.11,3464.20,4161.40,no,yes
7379,0.100296,0.92011000,0.001418,293341.21,293336.72,3316.33,3010.29,no,yes
7380,0.002312,0.99815502,0.000033,293357.61,293357.53,2371.73,2410.72,no,yes
7381,1.476385,0.13985669,0.020879,293374.65,293348.21,1346.31,1181.58,no,yes
7382,-0.224646,0.82225695,-0.003177,293380.39,293388.51,2663.61,2443.56,no,yes
7383,-0.672138,0.50150375,-0.009505,293453.14,293465.21,1193.97,1342.41,no,yes
7384,-0.816544,0.41419905,-0.011548,293302.14,293315.22,1084.50,1179.67,no,yes
7385,-0.128896,0.89744133,-0.001823,293430.97,293433.11,1203.03,1135.84,no,yes
7386,-0.543855,0.58654772,-0.007691,293372.87,293399.00,3119.08,3655.07,no,yes
7387,-1.601829,0.10921803,-0.022653,293345.87,293425.30,1780.13,4628.41,no,yes
7388,0.588447,0.55623916,0.008322,293565.98,293541.75,3182.29,2613.22,no,yes
7389,0.099504,0.92073941,0.001407,293565.99,293561.41,3142.02,3361.28,no,yes
7390,-1.259418,0.20789947,-0.017811,293489.50,293544.78,1942.66,3935.72,no,yes
7391,0.294065,0.76871121,0.004159,293612.07,293596.18,3201.61,4353.24,no,yes
7392,-0.321285,0.74799781,-0.004544,293186.43,293191.82,1044.73,1310.76,no,yes
7393,0.818435,0.41311961,0.011574,294182.38,294139.37,4270.16,3062.62,no,yes
7394,0.794542,0.42689000,0.011237,293534.32,293524.58,989.59,723.19,no,yes
7395,-0.173909,0.86193858,-0.002459,293456.01,293463.57,2607.37,3478.91,no,yes
7396,0.316312,0.75176920,0.004473,293451.19,293441.57,2378.56,1893.07,no,yes
7397,-0.302747,0.76208708,-0.004281,293509.15,293516.62,1182.58,2163.56,no,yes
7398,-0.187599,0.85119270,-0.002653,294179.40,294184.62,1860.76,2067.17,no,yes
7399,1.193581,0.23265853,0.016880,293618.09,293538.51,5598.29,3621.91,no,yes
7400,2.109501,0.03491376,0.029833,293226.76,293192.41,1173.73,1128.64,yes,yes
7401,2.534519,0.01127099,0.035844,293615.21,293558.15,2047.02,936.88,yes,yes
7402,-0.064898,0.94825566,-0.000918,293486.82,293490.28,3584.19,3958.29,no,yes
7403,0.008010,0.99360933,0.000113,293450.39,293450.09,2602.33,2695.49,no,yes
7404,-0.082450,0.93428986,-0.001166,293488.97,293492.94,3577.39,3233.57,no,yes
7405,0.470244,0.63818593,0.006650,293509.86,293497.02,2145.47,1686.37,no,yes
7406,0.008965,0.99284736,0.000127,293289.14,293288.85,2072.30,2475.25,no,yes
7407,-0.204352,0.83808021,-0.002890,293395.88,293400.37,1693.95,1402.25,no,yes
7408,-0.205612,0.83709630,-0.002908,294095.78,294100.47,1246.69,1911.66,no,yes
7409,0.171787,0.86360662,0.002429,293318.03,293314.42,1627.81,1321.45,no,yes
7410,0.827030,0.40823120,0.011696,293695.25,293652.15,4254.55,3010.90,no,yes
7411,-1.189348,0.23432286,-0.016820,293325.57,293372.31,1666.30,3558.63,no,yes
7412,0.056113,0.95525201,0.000794,293275.86,293273.65,2758.16,2821.12,no,yes
7413,0.717144,0.47329369,0.010142,293246.05,293233.25,1260.18,1263.89,no,yes
7414,-0.778350,0.43637276,-0.011008,293642.50,293687.43,3323.69,4718.45,no,yes
7415,1.905015,0.05679914,0.026941,293283.78,293208.46,3624.15,1580.77,no,yes
7416,0.781662,0.43442302,0.011054,293534.66,293494.97,3948.53,3191.71,no,yes
7417,0.930731,0.35200402,0.013163,293484.37,293456.82,2163.65,2019.90,no,yes
7418,0.825910,0.40886488,0.011680,293367.08,293350.17,1537.01,1352.93,no,yes
7419,1.089652,0.27587959,0.015410,293552.41,293532.79,1343.35,1198.58,no,yes
7420,0.318219,0.75032224,0.004500,293498.63,293483.81,3329.00,3257.02,no,yes
7421,-0.297298,0.76624179,-0.004204,293335.07,293339.31,962.63,1052.52,no,yes
7422,-1.169933,0.24204359,-0.016545,293452.89,293489.01,1745.44,2546.14,no,yes
7423,-2.080752,0.03747199,-0.029426,293496.96,293531.95,876.77,1435.11,yes,yes
7424,1.096562,0.27284713,0.015508,293538.09,293510.86,1972.91,1507.87,no,yes
7425,-0.343646,0.73111636,-0.004860,293435.49,293440.50,1053.52,1007.80,no,yes
7426,-0.149486,0.88117199,-0.002114,293364.62,293369.11,2256.42,1980.40,no,yes
7427,0.608331,0.54297513,0.008603,293199.16,293183.99,1874.09,1645.81,no,yes
7428,0.354251,0.72315476,0.005010,293461.25,293455.70,1105.29,1110.78,no,yes
7429,0.798884,0.42436744,0.011298,293212.00,293200.08,1080.10,1030.31,no,yes
7430,0.230069,0.81804110,0.003254,293294.22,293286.12,1840.78,3000.46,no,yes
7431,-0.935890,0.34934575,-0.013235,293447.12,293478.46,1410.71,3037.27,no,yes
7432,-0.024598,0.98037604,-0.000348,293223.92,293225.01,3313.25,2970.06,no,yes
7433,-0.580570,0.56153781,-0.008210,293275.11,293295.82,2031.31,2933.23,no,yes
7434,1.144806,0.25230394,0.016190,293572.57,293556.71,1089.96,855.30,no,yes
7435,1.445923,0.14821610,0.020448,293630.06,293581.18,2751.21,1964.43,no,yes
7436,-0.037961,0.96971900,-0.000537,293541.81,293542.36,988.43,1051.38,no,yes
7437,-0.476192,0.63394292,-0.006734,293449.13,293458.15,1248.72,1423.65,no,yes
7438,-0.437257,0.66193003,-0.006184,293649.19,293661.54,1730.93,2232.05,no,yes
7439,-0.155442,0.87647446,-0.002198,293621.36,293625.16,1710.43,1751.85,no,yes
7440,0.219664,0.82613517,0.003107,293820.33,293815.36,1821.36,1340.30,no,yes
7441,-0.138047,0.89020445,-0.001952,293364.95,293369.43,2445.09,2124.57,no,yes
7442,0.068102,0.94570476,0.000963,293348.96,293345.91,3026.21,3301.63,no,yes
7443,0.708972,0.47835061,0.010026,293382.72,293370.61,1110.91,1297.39,no,yes
7444,0.080139,0.93612725,0.001133,307074.17,307073.00,1073.97,986.75,no,yes
7445,1.063160,0.28772277,0.015035,293616.48,293594.81,1585.06,1281.23,no,yes
7446,-0.127824,0.89828987,-0.001808,293833.69,293837.95,1952.57,2696.48,no,yes
7447,0.068418,0.94545396,0.000968,293457.61,293454.66,3021.94,3063.27,no,yes
7448,0.059623,0.95245664,0.000843,293599.38,293596.27,3302.45,4048.15,no,yes
7449,-0.315188,0.75262257,-0.004457,293399.16,293404.15,1165.10,1071.13,no,yes
7450,-0.352311,0.72460878,-0.004982,293486.88,293503.45,3070.11,3562.75,no,yes
7451,-0.999349,0.31763768,-0.014133,293269.47,293282.28,856.66,952.64,no,yes
7452,-0.016067,0.98718107,-0.000227,293297.54,293297.92,1611.27,1660.92,no,yes
7453,0.588011,0.55653128,0.008316,293583.88,293555.48,3473.81,3356.35,no,yes
7454,-0.101557,0.91910964,-0.001436,293528.83,293531.16,1315.73,1881.32,no,yes
7455,-0.178321,0.85847284,-0.002522,293476.00,293478.45,943.85,1005.58,no,yes
7456,0.094628,0.92461145,0.001338,293447.76,293443.37,3101.70,3448.92,no,yes
7457,1.619584,0.10534430,0.022904,293398.22,293341.00,3215.17,1465.52,no,yes
7458,0.674272,0.50014728,0.009536,293507.09,293497.20,1227.35,805.40,no,yes
7459,1.623103,0.10458355,0.022954,293335.55,293305.07,1426.08,1221.46,no,yes
7460,1.023086,0.30628002,0.014469,293560.35,293546.06,1052.26,918.78,no,yes
7461,0.215647,0.82926499,0.003050,293624.51,293618.00,2129.13,2144.03,no,yes
7462,-0.082998,0.93385360,-0.001174,293243.86,293245.29,1081.05,1345.74,no,yes
7463,-0.061042,0.95132677,-0.000863,293203.07,293205.10,1953.77,2697.65,no,yes
7464,0.912167,0.36169372,0.012900,303988.51,303950.99,3487.48,2181.61,no,yes
7465,-0.073721,0.94123324,-0.001043,293674.16,293678.19,3992.25,3735.53,no,yes
7466,0.800421,0.42347726,0.011320,293441.66,293403.12,3792.02,2967.71,no,yes
7467,1.027716,0.30409642,0.014534,293379.38,293362.56,1248.35,1058.58,no,yes
7468,1.260835,0.20738333,0.017831,293421.66,293404.10,1054.10,910.49,no,yes
7469,-1.993411,0.04623053,-0.028191,293149.28,293179.35,953.98,1168.34,yes,yes
7470,0.257092,0.79711077,0.003636,293555.97,293549.45,1420.77,2098.55,no,yes
7471,0.984622,0.32482225,0.013925,293247.55,293226.78,1647.04,1318.87,no,yes
7472,0.174376,0.86157211,0.002466,293264.83,293262.48,1061.57,830.32,no,yes
7473,0.117161,0.90673373,0.001657,293221.71,293218.13,1892.14,2397.78,no,yes
7474,0.129530,0.89693942,0.001832,293467.28,293459.70,4217.34,4049.39,no,yes
7475,0.191368,0.84823895,0.002706,293495.08,293487.80,2789.57,2581.44,no,yes
7476,-0.302720,0.76210654,-0.004281,293419.43,293424.76,1145.77,1337.63,no,yes
7477,-0.066308,0.94713330,-0.000938,293518.19,293520.57,2329.48,2723.55,no,yes
7478,-0.736706,0.46131315,-0.010419,293546.21,293568.43,1330.86,2706.77,no,yes
7479,2.757432,0.00583251,0.038996,293282.83,293228.43,1726.50,954.32,yes,yes
7480,0.472576,0.63652083,0.006683,293638.63,293630.35,1226.52,1251.17,no,yes
7481,-0.222255,0.82411768,-0.003143,293266.83,293276.66,2816.26,3407.87,no,yes
7482,0.265471,0.79064972,0.003754,308716.37,308709.71,1768.04,1778.74,no,yes
7483,0.005757,0.99540655,0.000081,293618.42,293618.22,2270.94,2633.49,no,yes
7484,-0.730722,0.46496109,-0.010334,293446.80,293480.72,1923.89,4224.20,no,yes
7485,-0.730524,0.46507891,-0.010331,293409.83,293421.84,1086.89,1233.07,no,yes
7486,-0.830196,0.40643818,-0.011741,293301.19,293324.17,1799.25,2103.94,no,yes
7487,0.358112,0.72026359,0.005064,293410.75,293403.79,1492.74,1246.83,no,yes
7488,0.683643,0.49420856,0.009668,293452.03,293405.49,5164.34,4435.67,no,yes
7489,-0.119272,0.90506131,-0.001687,293301.32,293302.92,917.64,976.10,no,yes
7490,-1.424491,0.15432366,-0.020145,293467.63,293534.43,2395.51,4031.00,no,yes
7491,-0.089541,0.92865323,-0.001266,293248.02,293250.50,1869.47,2041.33,no,yes
7492,0.065447,0.94781862,0.000926,293841.70,293835.63,6548.16,6569.46,no,yes
7493,-0.795812,0.42615194,-0.011254,294662.56,294695.23,2410.03,3322.95,no,yes
7494,-0.544031,0.58642606,-0.007694,293326.14,293333.30,856.19,1001.12,no,yes
7495,0.335059,0.73758479,0.004738,293247.05,293239.72,1855.48,1161.47,no,yes
7496,-0.770905,0.44077251,-0.010902,293485.83,293511.11,2077.82,2536.60,no,yes
7497,2.040953,0.04126944,0.028863,293230.74,293196.58,1324.75,1022.77,yes,yes
7498,-0.410124,0.68171947,-0.005800,293382.82,293391.95,1512.09,1632.92,no,yes
7499,-0.625496,0.53165312,-0.008846,293200.10,293216.76,1645.87,2093.31,no,yes
7500,0.005722,0.99543443,0.000081,293394.00,293393.93,917.26,955.70,no,yes
7501,0.454307,0.64961313,0.006425,293293.90,293270.33,4285.57,2925.36,no,yes
7502,2.615022,0.00892974,0.036982,293489.54,293439.60,1576.83,1077.47,yes,yes
7503,0.329803,0.74155257,0.004664,293342.73,293322.57,4346.34,4297.40,no,yes
7504,-0.358108,0.72026651,-0.005064,293212.23,293219.82,1163.65,1770.03,no,yes
7505,0.025663,0.97952606,0.000363,293494.82,293493.52,3883.19,3257.08,no,yes
7506,-0.334726,0.73783544,-0.004734,293361.02,293370.63,2161.47,1887.69,no,yes
7507,-1.490483,0.13611439,-0.021079,293179.26,293208.18,1166.72,1550.02,no,yes
7508,-1.052646,0.29251973,-0.014887,293341.42,293388.56,2141.77,3933.43,no,yes
7509,-0.222285,0.82409453,-0.003144,293392.30,293396.55,1196.06,1494.65,no,yes
7510,0.586352,0.55764662,0.008292,293312.30,293300.73,1642.05,1093.39,no,yes
7511,-0.271601,0.78593193,-0.003841,299520.05,299527.72,1834.40,2144.81,no,yes
7512,-0.191613,0.84804745,-0.002710,293319.85,293322.96,1153.45,1143.66,no,yes
7513,-0.654848,0.51257311,-0.009261,293564.07,293573.85,1029.19,1081.19,no,yes
7514,0.819859,0.41230899,0.011595,293184.33,293163.29,2228.52,1274.77,no,yes
7515,0.275076,0.78326065,0.003890,293539.67,293534.93,1180.10,1255.65,no,yes
7516,0.037919,0.96975240,0.000536,293541.45,293540.10,2363.14,2671.26,no,yes
7517,-0.195689,0.84485533,-0.002767,299686.90,299694.61,2419.14,3108.67,no,yes
7518,1.039596,0.29854071,0.014702,293483.79,293470.54,974.10,821.97,no,yes
7519,0.210598,0.83320336,0.002978,293353.70,293345.24,2619.38,3045.88,no,yes
7520,0.071570,0.94294526,0.001012,293330.06,293326.17,4289.63,3333.31,no,yes
7521,0.876564,0.38073596,0.012396,293513.39,293474.32,3742.59,2421.41,no,yes
7522,0.396685,0.69160410,0.005610,293383.35,293358.23,4120.05,4811.52,no,yes
7523,-0.553785,0.57973308,-0.007832,293425.98,293440.62,1481.40,2187.59,no,yes
7524,0.429933,0.66724903,0.006080,293544.88,293518.85,4641.19,3890.10,no,yes
7525,0.929192,0.35280092,0.013141,293487.48,293443.61,3567.37,3092.38,no,yes
7526,-1.545933,0.12213909,-0.021863,293402.01,293443.87,1492.97,2259.13,no,yes
7527,0.459272,0.64604433,0.006495,293348.58,293326.91,3595.42,3054.66,no,yes
7528,-0.358172,0.72021918,-0.005065,293496.76,293504.36,1167.74,1770.86,no,yes
7529,-0.311150,0.75568990,-0.004400,293331.98,293336.24,944.88,987.86,no,yes
7530,0.705698,0.48038529,0.009980,293258.23,293238.97,2287.99,1487.01,no,yes
7531,-0.959858,0.33714027,-0.013574,293285.01,293323.41,2122.42,3391.33,no,yes
7532,0.442562,0.65808836,0.006259,293471.47,293459.08,1548.19,2333.88,no,yes
7533,-0.450446,0.65239451,-0.006370,293681.58,293703.36,2824.88,3925.21,no,yes
7534,-0.125110,0.90043783,-0.001769,293243.97,293248.51,2544.18,2589.45,no,yes
7535,-0.063661,0.94924082,-0.000900,307315.88,307317.87,1900.35,2489.86,no,yes
7536,0.588442,0.55624217,0.008322,293246.10,293229.83,1852.91,2052.04,no,yes
7537,0.264520,0.79138215,0.003741,293383.78,293368.54,3801.81,4332.52,no,yes
7538,1.485523,0.13742216,0.021008,293349.22,293326.07,1243.29,939.70,no,yes
7539,-0.656407,0.51157005,-0.009283,293264.18,293277.26,1217.13,1577.70,no,yes
7540,-0.369722,0.71159411,-0.005229,293352.22,293364.07,1989.03,2513.23,no,yes
7541,1.543862,0.12264077,0.021834,293499.14,293448.47,2795.00,1721.54,no,yes
7542,1.496993,0.13441105,0.021171,293282.35,293254.02,1429.00,1240.78,no,yes
7543,-0.057751,0.95394756,-0.000817,299027.61,299029.15,1996.57,1771.04,no,yes
7544,0.666652,0.50500236,0.009428,293248.53,293230.51,1966.83,1854.19,no,yes
7545,-1.186498,0.23544465,-0.016780,293445.78,293489.45,1650.99,3289.43,no,yes
7546,0.268763,0.78811483,0.003801,293411.25,293404.53,1553.98,1960.41,no,yes
7547,0.530047,0.59608539,0.007496,293375.53,293364.31,1361.98,1619.38,no,yes
7548,0.091643,0.92698254,0.001296,293210.66,293209.16,1233.17,1063.61,no,yes
7549,0.047789,0.96188520,0.000676,293542.34,293540.60,2356.21,2781.07,no,yes
7550,0.163275,0.87030392,0.002309,293350.66,293344.20,2641.85,2945.28,no,yes
7551,-0.131877,0.89508330,-0.001865,293361.42,293365.80,2023.63,2630.64,no,yes
7552,0.289931,0.77187198,0.004100,293419.10,293413.48,1302.71,1435.66,no,yes
7553,0.839785,0.40104182,0.011876,293348.81,293321.67,2803.59,1606.63,no,yes
7554,-0.986898,0.32370856,-0.013957,293355.25,293387.38,1489.49,2895.81,no,yes
7555,-1.092053,0.27482300,-0.015444,294183.97,294200.83,1085.82,1097.52,no,yes
7556,1.153375,0.24877020,0.016311,293192.85,293161.42,1904.03,1949.44,no,yes
7557,1.116092,0.26439649,0.015784,293426.82,293409.63,1173.01,998.19,no,yes
7558,0.300397,0.76387746,0.004248,293407.37,293402.85,1075.24,1049.71,no,yes
7559,-0.445228,0.65615959,-0.006296,293448.33,293474.90,3875.42,4538.54,no,yes
7560,-0.541890,0.58790098,-0.007663,293517.20,293532.98,1738.95,2336.93,no,yes
7561,1.085290,0.27780756,0.015348,293302.20,293256.68,3415.26,2435.25,no,yes
7562,1.371386,0.17027033,0.019394,293175.10,293154.23,1139.89,1007.91,no,yes
7563,1.085079,0.27790024,0.015345,293410.75,293394.78,1121.39,952.95,no,yes
7564,0.666565,0.50505790,0.009427,293621.97,293596.34,2839.18,2594.05,no,yes
7565,0.126888,0.89902994,0.001794,293553.19,293549.95,1880.96,1724.15,no,yes
7566,-0.460669,0.64504127,-0.006515,293592.44,293600.24,1118.03,1269.55,no,yes
7567,1.727217,0.08414449,0.024427,293424.37,293387.55,1627.37,1376.97,no,yes
7568,-0.239913,0.81039990,-0.003393,293310.96,293323.76,3710.57,3832.18,no,yes
7569,-1.090047,0.27570938,-0.015416,293482.61,293527.85,1971.80,3651.26,no,yes
7570,0.403650,0.68647481,0.005708,293923.49,293916.12,1139.72,1424.85,no,yes
7571,0.557091,0.57747183,0.007878,293243.95,293222.60,2569.81,2843.06,no,yes
7572,-0.073144,0.94169248,-0.001034,293453.00,293455.78,2804.62,2567.93,no,yes
7573,1.248458,0.21188308,0.017656,293537.74,293511.97,1839.16,935.94,no,yes
7574,-0.026572,0.97880104,-0.000376,293261.39,293262.23,2140.39,2339.09,no,yes
7575,1.391609,0.16406079,0.019680,293246.50,293211.48,2208.50,1205.85,no,yes
7576,0.743317,0.45729927,0.010512,293394.30,293368.90,2687.70,2109.88,no,yes
7577,-0.811142,0.41729569,-0.011471,293222.91,293250.58,1751.74,2927.81,no,yes
7578,-0.047405,0.96219113,-0.000670,293243.09,293244.70,2098.67,2683.14,no,yes
7579,-0.009818,0.99216640,-0.000139,313089.64,313098.88,66548.87,66523.36,no,yes
7580,-2.094836,0.03620546,-0.029625,293547.54,293633.99,1418.87,3874.90,yes,yes
7581,0.279606,0.77978262,0.003954,293220.45,293216.17,1082.60,1085.71,no,yes
7582,0.339555,0.73419541,0.004802,293439.76,293432.08,1580.00,1621.84,no,yes
7583,0.404158,0.68610052,0.005716,293413.45,293407.47,1046.21,1044.85,no,yes
7584,0.247393,0.80460696,0.003499,293243.94,293238.08,1609.35,1738.08,no,yes
7585,1.598416,0.10997479,0.022605,293763.89,293689.57,4331.42,1691.03,no,yes
7586,0.355056,0.72255171,0.005021,294078.38,294066.49,2299.63,2431.31,no,yes
7587,-0.453736,0.65002410,-0.006417,293597.50,293609.30,1669.23,1993.63,no,yes
7588,1.035932,0.30025159,0.014650,293396.25,293366.12,2628.19,1245.92,no,yes
7589,-0.812259,0.41665449,-0.011487,302186.35,302221.92,2303.59,3724.63,no,yes
7590,0.789542,0.42980501,0.011166,293212.36,293196.80,1518.38,1256.31,no,yes
7591,0.872022,0.38320829,0.012332,293239.38,293205.93,3209.23,2101.56,no,yes
7592,1.644901,0.10001393,0.023262,301112.33,301045.20,3780.06,1538.24,no,yes
7593,0.802132,0.42248647,0.011344,293517.31,293503.91,1287.73,1063.44,no,yes
7594,-0.092359,0.92641395,-0.001306,293374.32,293375.76,1145.37,1059.29,no,yes
7595,0.182638,0.85508427,0.002583,293335.78,293332.99,1086.63,1068.72,no,yes
7596,0.099566,0.92069002,0.001408,293459.07,293457.39,1205.69,1176.54,no,yes
7597,1.857239,0.06329874,0.026265,293256.98,293205.52,2541.51,1104.57,no,yes
7598,1.657561,0.09742283,0.023441,293582.46,293552.66,1423.67,1097.96,no,yes
7599,0.013190,0.98947601,0.000187,293315.43,293314.86,3156.07,3004.81,no,yes
7600,1.439511,0.15002772,0.020358,293389.45,293346.93,2674.23,1254.18,no,yes
7601,-1.416119,0.15675944,-0.020027,293574.78,293606.11,1152.22,1888.22,no,yes
7602,-0.735300,0.46216608,-0.010399,293492.17,293534.31,3405.96,4608.65,no,yes
7603,-1.873719,0.06098843,-0.026498,293188.99,293226.61,937.08,1775.96,no,yes
7604,-1.743446,0.08127139,-0.024656,293363.38,293386.04,850.93,982.35,no,yes
7605,-0.844257,0.39853611,-0.011940,293190.62,293202.34,970.59,992.65,no,yes
7606,0.494566,0.62091176,0.006994,293628.02,293579.51,7408.11,6430.66,no,yes
7607,-0.462910,0.64343421,-0.006547,293866.21,293891.33,3342.63,4273.62,no,yes
7608,-0.769599,0.44154711,-0.010884,301340.34,301380.06,3201.50,4048.11,no,yes
7609,-0.987124,0.32359863,-0.013960,293343.85,293381.99,1639.34,3498.19,no,yes
7610,-0.422312,0.67280203,-0.005972,293477.59,293493.80,2707.68,2718.51,no,yes
7611,0.676811,0.49853404,0.009572,293629.99,293587.78,4770.84,4016.34,no,yes
7612,0.522484,0.60133922,0.007389,293313.79,293303.64,1518.24,1213.78,no,yes
7613,-1.621252,0.10498121,-0.022928,293388.94,293428.64,1397.50,2011.06,no,yes
7614,0.710440,0.47744072,0.010047,293594.41,293569.54,2856.56,2025.27,no,yes
7615,1.827424,0.06765815,0.025844,293385.55,293325.57,3020.28,1284.46,no,yes
7616,0.474349,0.63525712,0.006708,304011.85,303995.63,2873.54,1854.45,no,yes
7617,0.521013,0.60236345,0.007368,293289.73,293273.51,2401.31,1978.75,no,yes
7618,-0.001921,0.99846749,-0.000027,293299.51,293299.58,1786.86,2959.39,no,yes
7619,-0.598506,0.54950959,-0.008464,293268.74,293296.76,3034.79,3565.73,no,yes
7620,-1.046615,0.29528983,-0.014801,293380.71,293393.57,825.64,909.72,no,yes
7621,0.350834,0.72571682,0.004962,293278.69,293264.96,2839.72,2696.27,no,yes
7622,0.659431,0.50962871,0.009326,293401.34,293378.71,2988.28,1689.24,no,yes
7623,1.213120,0.22509931,0.017156,293655.84,293570.79,5532.45,4306.40,no,yes
7624,1.014201,0.31050525,0.014343,293474.66,293443.87,2812.72,1141.57,no,yes
7625,0.614390,0.53896511,0.008689,293407.45,293392.31,2014.12,1420.20,no,yes
7626,-0.430878,0.66656312,-0.006094,293234.62,293246.70,1280.93,2493.79,no,yes
7627,0.747244,0.45492613,0.010568,293500.13,293471.22,3151.62,2244.34,no,yes
7628,0.613513,0.53954450,0.008676,293339.40,293316.98,2814.93,2330.69,no,yes
7629,-0.245678,0.80593384,-0.003474,293548.99,293561.45,3522.03,3649.56,no,yes
7630,-0.930815,0.35196353,-0.013164,293455.95,293498.10,2198.53,3958.49,no,yes
7631,0.279638,0.77975818,0.003955,293517.06,293513.08,995.18,1018.55,no,yes
7632,-0.313757,0.75370916,-0.004437,293545.06,293549.36,1014.20,922.28,no,yes
7633,0.259503,0.79525002,0.003670,293404.33,293400.59,1041.99,994.72,no,yes
7634,1.432534,0.15201349,0.020259,293446.76,293405.84,2607.56,1167.09,no,yes
7635,0.080187,0.93608923,0.001134,293397.97,293394.85,2880.88,2614.53,no,yes
7636,0.364748,0.71530337,0.005158,293654.25,293648.83,1053.41,1046.68,no,yes
7637,-0.450785,0.65214984,-0.006375,293480.54,293493.01,2174.64,1709.44,no,yes
7638,0.675251,0.49952416,0.009549,293490.26,293477.52,1337.29,1330.59,no,yes
7639,-0.260770,0.79427259,-0.003688,293188.19,293193.38,1185.87,1598.86,no,yes
7640,0.588799,0.55600276,0.008327,293581.76,293556.47,3063.46,3011.34,no,yes
7641,-0.081102,0.93536171,-0.001147,293240.82,293241.87,859.12,970.19,no,yes
7642,-2.130195,0.03317142,-0.030126,293425.11,293462.37,828.49,1540.46,yes,yes
7643,-0.133149,0.89407700,-0.001883,293331.35,293337.97,3423.67,3606.53,no,yes
7644,-1.779958,0.07510813,-0.025172,293537.25,293627.77,1540.84,4846.48,no,yes
7645,-0.724392,0.46883487,-0.010244,293397.88,293419.24,1631.89,2456.17,no,yes
7646,-1.329916,0.18356562,-0.018808,293512.69,293576.64,2281.18,4233.37,no,yes
7647,1.521344,0.12818941,0.021515,301222.43,301181.42,1941.08,1870.59,no,yes
7648,1.430973,0.15246391,0.020237,293413.40,293352.81,4036.97,1279.24,no,yes
7649,0.628231,0.52986022,0.008885,293628.38,293597.79,3954.30,2842.86,no,yes
7650,0.604781,0.54533185,0.008553,293240.73,293227.23,1807.45,1309.59,no,yes
7651,0.366192,0.71422559,0.005179,293656.54,293650.38,1221.48,1155.40,no,yes
7652,0.375574,0.70723789,0.005311,293304.90,293284.71,3713.98,3889.62,no,yes
7653,1.476730,0.13976783,0.020884,293351.99,293317.42,2032.50,1160.69,no,yes
7654,1.561033,0.11853266,0.022076,293417.35,293394.54,1145.46,906.41,no,yes
7655,-0.778172,0.43647669,-0.011005,293220.82,293241.69,1985.12,1803.51,no,yes
7656,0.514629,0.60681804,0.007278,307337.67,307315.43,3440.04,2616.96,no,yes
7657,3.476387,0.00050956,0.049164,299519.57,299452.98,1655.10,963.97,yes,yes
7658,-1.079301,0.28046726,-0.015264,293271.32,293313.43,2421.22,3059.21,no,yes
7659,0.016645,0.98672026,0.000235,293341.96,293341.22,3150.88,3137.36,no,yes
7660,0.130428,0.89622923,0.001845,294271.89,294247.12,13440.63,13410.33,no,yes
7661,-1.336553,0.18139020,-0.018902,293360.29,293422.95,1965.78,4256.18,no,yes
7662,-0.139734,0.88887171,-0.001976,293208.24,293211.12,1372.63,1539.31,no,yes
7663,0.877192,0.38039496,0.012405,301121.69,301074.69,4541.53,2843.25,no,yes
7664,0.745639,0.45589493,0.010545,293336.99,293312.60,2652.27,1914.70,no,yes
7665,0.198030,0.84302351,0.002801,293427.79,293421.55,2193.79,2260.73,no,yes
7666,1.431790,0.15222062,0.020249,293390.16,293366.63,1299.14,1006.43,no,yes
7667,1.057934,0.29009819,0.014961,293684.77,293656.98,1930.91,1781.40,no,yes
7668,1.650297,0.09890102,0.023339,293368.39,293334.20,1762.23,1088.83,no,yes
7669,0.076583,0.93895598,0.001083,293373.04,293368.69,3953.47,4084.80,no,yes
7670,1.481995,0.13835751,0.020959,293545.27,293520.78,1138.63,1197.72,no,yes
7671,0.617301,0.53704311,0.008730,293510.78,293500.44,1223.31,1142.80,no,yes
7672,-1.070216,0.28454046,-0.015135,293498.95,293527.09,1108.02,2384.93,no,yes
7673,0.138740,0.88965678,0.001962,293217.97,293215.91,1001.32,1091.94,no,yes
7674,-0.650730,0.51522912,-0.009203,293464.56,293491.92,2362.35,3478.97,no,yes
7675,-1.101259,0.27079752,-0.015574,293829.26,293848.60,1166.17,1313.20,no,yes
7676,-0.899530,0.36838229,-0.012721,293515.26,293560.41,2983.82,4036.66,no,yes
7677,0.647565,0.51727415,0.009158,293531.94,293502.50,3545.13,2847.16,no,yes
7678,1.194510,0.23229679,0.016893,293549.44,293492.81,4167.13,2260.82,no,yes
7679,0.743474,0.45720366,0.010514,293547.52,293534.95,1289.64,1093.34,no,yes
7680,0.069303,0.94474899,0.000980,293640.82,293639.66,1113.13,1243.84,no,yes
7681,0.468544,0.63940065,0.006626,293616.77,293604.85,1959.42,1622.61,no,yes
7682,-1.362549,0.17304285,-0.019269,293195.66,293237.52,1654.77,2588.49,no,yes
7683,0.474933,0.63483964,0.006717,293459.86,293451.58,1262.26,1200.76,no,yes
7684,0.071761,0.94279283,0.001015,293504.10,293502.79,1289.63,1282.75,no,yes
7685,0.219395,0.82634480,0.003103,293261.68,293250.44,3719.21,3522.57,no,yes
7686,-0.044953,0.96414504,-0.000636,293761.91,293766.03,6477.62,6483.13,no,yes
7687,0.437689,0.66161627,0.006190,293445.19,293437.80,1271.65,1110.76,no,yes
7688,-0.728460,0.46634137,-0.010302,293343.72,293359.97,1334.86,1788.14,no,yes
7689,0.022406,0.98212433,0.000317,294459.03,294457.97,3263.01,3393.98,no,yes
7690,-0.127030,0.89891801,-0.001796,293380.97,293383.95,1733.48,1583.64,no,yes
7691,0.172837,0.86278166,0.002444,293850.50,293847.53,1163.11,1270.50,no,yes
7692,0.528650,0.59705401,0.007476,293470.50,293456.71,1775.20,1911.52,no,yes
7693,0.747777,0.45460424,0.010575,293221.74,293201.08,2225.68,1635.42,no,yes
7694,-0.444359,0.65678807,-0.006284,293371.44,293382.32,1655.64,1803.12,no,yes
7695,0.070670,0.94366113,0.000999,293299.64,293295.80,3978.25,3702.22,no,yes
7696,1.281339,0.20009071,0.018121,293490.74,293457.79,2053.50,1546.87,no,yes
7697,-0.627064,0.53062480,-0.008868,293337.51,293347.20,1037.04,1144.88,no,yes
7698,1.287902,0.19779570,0.018214,293375.31,293352.91,1350.28,1096.29,no,yes
7699,0.773308,0.43934947,0.010936,293346.24,293306.59,3982.02,3230.21,no,yes
7700,-1.439588,0.14999969,-0.020359,293175.21,293200.31,1216.77,1248.64,no,yes
7701,1.128562,0.25909857,0.015960,305877.07,305830.33,3475.80,2252.35,no,yes
7702,0.280245,0.77929253,0.003963,293410.40,293403.22,2040.55,1548.97,no,yes
7703,-1.153633,0.24866474,-0.016315,293604.86,293647.81,2497.74,2760.70,no,yes
7704,-1.745326,0.08095357,-0.024683,293185.53,293251.16,1158.09,3577.50,no,yes
7705,0.259127,0.79553976,0.003665,293454.39,293441.33,3108.32,3965.49,no,yes
7706,-0.028863,0.97697403,-0.000408,293443.19,293444.25,3001.74,2088.66,no,yes
7707,-0.232339,0.81627726,-0.003286,293342.49,293356.36,3977.01,4452.66,no,yes
7708,-1.055235,0.29133710,-0.014923,293700.74,293745.16,1573.99,3904.22,no,yes
7709,-0.313194,0.75413736,-0.004429,293517.28,293524.07,1211.25,1799.61,no,yes
7710,-0.621722,0.53413175,-0.008792,293413.05,293424.68,1243.06,1397.68,no,yes
7711,-1.150992,0.24974923,-0.016277,293394.03,293409.16,924.44,934.83,no,yes
7712,0.575758,0.56478560,0.008142,293579.60,293549.15,4239.40,3163.81,no,yes
7713,0.104633,0.91666836,0.001480,298618.94,298617.22,1221.24,1103.22,no,yes
7714,-0.270379,0.78687179,-0.003824,293643.62,293647.51,1008.14,1026.80,no,yes
7715,-0.311351,0.75553699,-0.004403,293635.20,293648.91,2805.23,3393.56,no,yes
7716,-0.881045,0.37830490,-0.012460,293471.40,293498.96,1866.68,2509.07,no,yes
7717,0.140730,0.88808489,0.001990,293468.94,293466.64,1169.52,1150.85,no,yes
7718,-0.394838,0.69296633,-0.005584,294399.81,294405.61,1022.38,1054.92,no,yes
7719,2.195313,0.02816026,0.031046,293567.10,293489.11,3385.16,1076.59,yes,yes
7720,0.791399,0.42872103,0.011192,293634.90,293609.83,2416.25,2048.68,no,yes
7721,-0.235242,0.81402353,-0.003327,293624.25,293627.35,958.41,901.84,no,yes
7722,1.418117,0.15618061,0.020055,293566.52,293519.91,3064.13,1188.83,no,yes
7723,0.428033,0.66863236,0.006053,295085.75,295068.21,3496.09,2139.04,no,yes
7724,-0.028055,0.97761872,-0.000397,293863.12,293865.84,6676.36,7016.54,no,yes
7725,1.279975,0.20057022,0.018102,293346.12,293327.25,1196.39,862.07,no,yes
7726,1.517629,0.12912374,0.021463,293214.79,293187.13,1296.80,1281.03,no,yes
7727,0.098317,0.92168157,0.001390,293503.78,293497.08,4537.19,5074.99,no,yes
7728,1.298497,0.19413258,0.018364,293341.05,293323.20,1081.43,848.87,no,yes
7729,1.971893,0.04864192,0.027887,293278.89,293232.06,2174.95,953.20,yes,yes
7730,1.122334,0.26173500,0.015872,293393.59,293379.22,1017.36,777.78,no,yes
7731,-0.263676,0.79203207,-0.003729,305992.19,305997.71,1467.02,1495.66,no,yes
7732,0.560289,0.57528857,0.007924,293460.80,293451.17,1215.03,1213.49,no,yes
7733,-0.029489,0.97647453,-0.000417,293361.59,293362.48,1920.72,2326.19,no,yes
7734,-0.386347,0.69924378,-0.005464,293418.62,293424.86,1110.03,1171.99,no,yes
7735,-2.792247,0.00524083,-0.039488,293190.32,293241.65,869.59,1619.55,yes,yes
7736,0.381465,0.70286250,0.005395,293467.80,293446.82,3934.51,3846.26,no,yes
7737,0.099581,0.92067822,0.001408,293376.51,293372.18,2999.30,3134.76,no,yes
7738,0.793354,0.42758089,0.011220,293231.33,293217.20,1287.43,1230.98,no,yes
7739,-0.473461,0.63588924,-0.006696,293503.07,293510.14,993.74,1115.49,no,yes
7740,0.390308,0.69631302,0.005520,391065.82,391053.01,2652.37,1933.20,no,yes
7741,2.065491,0.03888979,0.029210,293472.71,293437.95,1287.95,1082.81,yes,yes
7742,-0.801118,0.42307298,-0.011330,293845.07,293872.73,2258.49,2612.13,no,yes
7743,0.733589,0.46320876,0.010375,293255.81,293235.11,2260.05,1690.57,no,yes
7744,1.665691,0.09579329,0.023556,293457.86,293382.48,3797.69,2460.97,no,yes
7745,-0.246291,0.80545974,-0.003483,293692.73,293706.42,3523.78,4298.11,no,yes
7746,0.561570,0.57441672,0.007942,293484.51,293467.90,2493.19,1591.74,no,yes
7747,-1.362415,0.17308559,-0.019267,293221.98,293268.07,1763.62,2886.14,no,yes
7748,-1.572194,0.11593223,-0.022234,293326.15,293386.42,1117.17,3667.26,no,yes
7749,0.443572,0.65735677,0.006273,293565.85,293559.23,1133.53,970.94,no,yes
7750,-0.962708,0.33570651,-0.013615,293519.89,293534.63,947.84,1201.71,no,yes
7751,0.876965,0.38051649,0.012402,293337.33,293326.04,967.66,848.23,no,yes
7752,1.898608,0.05763779,0.026850,293322.97,293269.44,2612.20,1060.59,no,yes
7753,-0.754445,0.45059146,-0.010669,293424.76,293449.82,1994.51,2655.26,no,yes
7754,0.747852,0.45456083,0.010576,293540.98,293504.80,4227.74,2353.63,no,yes
7755,0.079001,0.93703250,0.001117,293287.01,293285.81,1065.79,1067.49,no,yes
7756,-0.552533,0.58058962,-0.007814,293205.40,293219.60,1678.97,1944.65,no,yes
7757,0.212001,0.83210812,0.002998,293592.07,293588.94,1060.62,1026.93,no,yes
7758,0.509846,0.61016522,0.007210,293807.61,293756.82,7383.20,6687.52,no,yes
7759,0.269486,0.78755861,0.003811,293430.71,293425.98,1403.98,1054.34,no,yes
7760,-0.328408,0.74260711,-0.004644,293665.59,293679.86,2672.97,3426.92,no,yes
7761,-1.173671,0.24054235,-0.016598,293405.36,293433.71,1417.19,1955.84,no,yes
7762,0.098632,0.92143107,0.001395,293194.96,293191.93,2182.13,2164.32,no,yes
7763,1.153621,0.24867396,0.016315,293227.23,293203.54,1822.15,946.99,no,yes
7764,-0.939416,0.34752878,-0.013285,293220.58,293234.03,931.42,1087.63,no,yes
7765,1.036149,0.30014734,0.014653,293518.00,293453.50,5234.94,3369.80,no,yes
7766,0.383465,0.70137902,0.005423,293283.71,293267.44,3310.91,2654.54,no,yes
7767,0.448617,0.65371320,0.006344,293464.57,293454.51,1523.23,1645.83,no,yes
7768,1.151927,0.24936891,0.016291,293563.69,293505.92,4403.82,2397.73,no,yes
7769,0.015887,0.98732440,0.000225,295667.19,295666.31,3524.08,4279.03,no,yes
7770,0.718882,0.47222215,0.010167,293266.08,293244.18,2171.12,2136.92,no,yes
7771,-0.132149,0.89486781,-0.001869,293217.77,293222.04,1774.28,2703.74,no,yes
7772,0.125734,0.89994404,0.001778,293258.92,293256.83,1131.31,1210.69,no,yes
7773,-0.447982,0.65417198,-0.006335,293361.38,293384.67,2918.56,4303.36,no,yes
7774,1.727634,0.08407361,0.024432,293584.09,293542.06,2123.68,1186.94,no,yes
7775,0.333777,0.73855138,0.004720,293622.70,293611.67,2632.15,1999.68,no,yes
7776,-0.003002,0.99760458,-0.000042,293576.69,293576.78,2029.01,1969.76,no,yes
7777,0.548602,0.58328550,0.007758,293416.58,293400.78,2327.91,1696.29,no,yes
7778,-0.749547,0.45353643,-0.010600,293468.85,293506.55,3255.64,3834.27,no,yes
7779,-0.424361,0.67130692,-0.006001,293624.90,293664.46,6349.57,6824.91,no,yes
7780,0.625487,0.53165934,0.008846,294658.77,294647.39,1505.86,1019.34,no,yes
7781,0.426505,0.66974464,0.006032,293497.02,293475.73,3934.44,3071.91,no,yes
7782,-0.386593,0.69906201,-0.005467,293249.36,293264.51,2506.33,3013.67,no,yes
7783,-0.116173,0.90751642,-0.001643,293428.31,293430.60,1377.81,1407.53,no,yes
7784,-0.092025,0.92667896,-0.001301,293543.52,293548.28,4091.60,3162.99,no,yes
7785,0.010075,0.99196151,0.000142,293588.45,293588.28,1121.58,1257.96,no,yes
7786,0.312062,0.75499700,0.004413,293383.11,293373.28,2635.68,1725.10,no,yes
7787,0.197530,0.84341515,0.002793,293250.15,293247.31,989.80,1039.80,no,yes
7788,0.036753,0.97068248,0.000520,293572.20,293571.43,1370.81,1577.17,no,yes
7789,-0.064478,0.94859026,-0.000912,293297.93,293298.94,1074.82,1136.73,no,yes
7790,-0.705735,0.48036140,-0.009981,293235.68,293247.29,1266.58,1049.16,no,yes
7791,1.078148,0.28098210,0.015247,293266.61,293241.71,1351.95,1872.45,no,yes
7792,-0.061325,0.95110137,-0.000867,293375.35,293377.57,2331.88,2779.86,no,yes
7793,-0.476613,0.63364349,-0.006740,293578.55,293592.08,1764.92,2221.98,no,yes
7794,0.634325,0.52587618,0.008971,294655.03,294630.93,2855.32,2506.40,no,yes
7795,-1.389612,0.16466399,-0.019652,293472.08,293493.05,858.52,1241.76,no,yes
7796,-0.033933,0.97293064,-0.000480,293473.45,293476.74,6979.75,6731.14,no,yes
7797,0.343408,0.73129563,0.004857,293449.12,293434.54,3332.95,2627.63,no,yes
7798,0.614588,0.53883376,0.008692,293217.28,293201.32,1733.52,1933.34,no,yes
7799,0.635512,0.52510166,0.008988,293247.29,293232.44,1731.80,1567.83,no,yes
7800,0.930854,0.35194056,0.013164,293676.77,293583.21,7778.72,6364.50,no,yes
7801,1.478274,0.13935476,0.020906,293521.32,293490.27,1840.29,1013.24,no,yes
7802,0.821715,0.41124956,0.011621,293197.93,293186.96,1031.97,846.41,no,yes
7803,0.780589,0.43505498,0.011039,293372.15,293335.39,3948.39,2567.17,no,yes
7804,-0.330481,0.74103986,-0.004674,293414.59,293419.27,1026.76,974.31,no,yes
7805,0.161013,0.87208507,0.002277,293461.93,293453.45,3728.22,3717.24,no,yes
7806,0.279349,0.77998010,0.003951,293669.61,293654.68,3660.99,3894.92,no,yes
7807,0.497438,0.61888613,0.007035,293412.32,293395.00,2784.65,2089.96,no,yes
7808,-0.155848,0.87615464,-0.002204,293374.67,293379.79,2482.50,2154.60,no,yes
7809,-0.073222,0.94163020,-0.001036,293382.88,293385.23,2272.96,2278.58,no,yes
7810,0.995582,0.31946529,0.014080,293620.13,293597.70,1532.38,1650.79,no,yes
7811,-0.637627,0.52372631,-0.009017,293188.27,293210.55,1657.97,3075.98,no,yes
7812,0.306059,0.75956283,0.004328,293254.41,293247.87,1333.83,1666.87,no,yes
7813,0.879556,0.37911087,0.012439,293642.84,293612.06,2678.57,2251.36,no,yes
7814,0.788769,0.43025728,0.011155,293482.86,293458.47,2507.91,1808.10,no,yes
7815,0.795386,0.42639832,0.011248,293387.48,293372.99,1334.93,1238.44,no,yes
7816,0.132034,0.89495845,0.001867,293423.82,293420.62,1943.45,1453.38,no,yes
7817,0.419892,0.67456891,0.005938,293794.44,293755.50,6738.90,6371.79,no,yes
7818,-0.937987,0.34826257,-0.013265,293544.10,293568.72,1760.31,1945.88,no,yes
7819,0.471008,0.63764008,0.006661,293496.83,293489.54,1074.77,1115.25,no,yes
7820,0.551440,0.58133859,0.007799,293345.10,293326.75,2370.95,2333.50,no,yes
7821,-0.263175,0.79241808,-0.003722,293515.68,293528.12,3250.26,3428.85,no,yes
7822,0.113544,0.90960077,0.001606,391025.57,391019.18,3923.34,4031.59,no,yes
7823,1.053206,0.29225927,0.014895,307139.75,307121.50,1233.09,1217.36,no,yes
7824,0.878640,0.37960732,0.012426,293355.70,293322.02,2811.44,2606.35,no,yes
7825,-1.009506,0.31274513,-0.014277,293645.38,293696.61,3088.53,4026.73,no,yes
7826,-0.619565,0.53555122,-0.008762,293472.88,293484.75,1279.12,1426.70,no,yes
7827,0.589783,0.55534313,0.008341,293574.85,293566.12,1072.59,1018.95,no,yes
7828,-1.376259,0.16875758,-0.019463,293436.15,293480.32,1999.28,2510.53,no,yes
7829,0.413306,0.67938815,0.005845,293243.10,293232.58,1290.25,2195.14,no,yes
7830,0.920803,0.35716447,0.013022,293394.49,293357.15,3059.94,2661.33,no,yes
7831,0.006643,0.99469996,0.000094,293429.48,293429.35,1336.29,1365.20,no,yes
7832,-0.180216,0.85698493,-0.002549,293292.37,293294.88,1005.70,957.42,no,yes
7833,0.593020,0.55317450,0.008387,293703.65,293670.44,4320.99,3562.21,no,yes
7834,0.342979,0.73161837,0.004850,293240.22,293232.54,1741.12,1408.87,no,yes
7835,1.126148,0.26011657,0.015926,293522.08,293506.42,1016.77,947.58,no,yes
7836,0.144601,0.88502748,0.002045,293473.55,293468.51,2410.21,2514.54,no,yes
7837,-0.548009,0.58369184,-0.007750,293336.72,293344.80,1010.65,1074.46,no,yes
7838,-0.109651,0.91268719,-0.001551,293615.59,293618.20,1234.96,2031.96,no,yes
7839,0.420920,0.67381811,0.005953,293476.70,293460.94,2955.01,2299.31,no,yes
7840,0.715166,0.47451466,0.010114,293433.31,293420.86,1293.13,1164.33,no,yes
7841,-0.443322,0.65753917,-0.006270,293481.60,293494.92,1319.84,2699.98,no,yes
7842,0.036962,0.97051575,0.000523,293245.30,293244.54,1689.82,1195.06,no,yes
7843,0.391768,0.69523400,0.005540,293825.16,293803.40,4125.83,3716.68,no,yes
7844,-0.689924,0.49024991,-0.009757,293182.01,293192.65,1066.60,1113.98,no,yes
7845,-0.720534,0.47120450,-0.010190,293335.14,293345.56,1007.13,1038.87,no,yes
7846,0.708140,0.47886731,0.010015,293415.88,293402.60,1525.01,1091.09,no,yes
7847,0.100923,0.91961268,0.001427,294476.57,294459.14,12211.49,12212.00,no,yes
7848,-0.640957,0.52155865,-0.009065,293338.10,293355.52,1606.19,2193.55,no,yes
7849,0.959773,0.33718193,0.013573,293480.20,293453.51,2200.55,1699.75,no,yes
7850,1.427786,0.15337661,0.020192,293417.38,293355.77,3965.53,1699.92,no,yes
7851,0.691527,0.48924317,0.009780,293534.60,293526.12,988.73,727.41,no,yes
7852,0.764514,0.44457019,0.010812,293421.25,293390.64,2963.52,2691.87,no,yes
7853,0.194103,0.84609705,0.002745,293174.10,293170.90,1141.39,1194.38,no,yes
7854,-1.412250,0.15790267,-0.019972,293356.24,293418.38,1277.42,4210.66,no,yes
7855,0.731362,0.46456663,0.010343,293628.36,293607.81,2121.34,1844.06,no,yes
7856,-0.157678,0.87471178,-0.002230,303263.95,303268.84,2099.83,2285.91,no,yes
7857,1.245207,0.21307515,0.017610,293470.25,293443.27,1923.35,997.93,no,yes
7858,-0.543006,0.58713222,-0.007679,293316.73,293326.23,1050.74,1399.40,no,yes
7859,-0.212499,0.83172007,-0.003005,293545.31,293547.93,878.65,869.50,no,yes
7860,-0.139072,0.88939438,-0.001967,293283.96,293288.55,2485.11,2173.20,no,yes
7861,1.520253,0.12846426,0.021500,293192.44,293157.73,1800.90,1403.06,no,yes
7862,0.492977,0.62203436,0.006972,293264.65,293252.03,2017.59,1576.12,no,yes
7863,0.221368,0.82480850,0.003131,293267.56,293264.11,1043.59,1158.91,no,yes
7864,-0.055531,0.95571605,-0.000785,293397.74,293398.54,953.48,1065.50,no,yes
7865,1.004277,0.31525958,0.014203,293249.65,293221.02,2420.67,1504.79,no,yes
7866,-0.322530,0.74705495,-0.004561,293235.84,293245.15,1808.64,2249.55,no,yes
7867,0.748294,0.45429201,0.010582,293513.97,293480.41,3515.25,2785.35,no,yes
7868,1.875732,0.06071924,0.026527,293263.92,293173.68,4727.56,892.89,no,yes
7869,-0.759816,0.44737464,-0.010745,293341.52,293367.68,1947.90,2838.99,no,yes
7870,2.415101,0.01574119,0.034155,293381.56,293343.36,1323.91,865.70,yes,yes
7871,-0.858203,0.39079463,-0.012137,293364.30,293387.80,1190.77,2466.05,no,yes
7872,0.346108,0.72926525,0.004895,293461.79,293451.96,2283.28,1689.89,no,yes
7873,0.257375,0.79689205,0.003640,293567.75,293561.70,1767.76,1549.68,no,yes
7874,0.492245,0.62255155,0.006961,293539.01,293531.69,1059.42,1045.05,no,yes
7875,-0.551175,0.58152028,-0.007795,293593.13,293617.33,2888.21,3306.26,no,yes
7876,-0.094762,0.92450507,-0.001340,296190.29,296194.98,3644.84,3358.62,no,yes
7877,0.467859,0.63989209,0.006617,294768.58,294756.81,2201.95,1217.84,no,yes
7878,-0.374929,0.70771766,-0.005302,293577.80,293594.54,2831.35,3453.40,no,yes
7879,0.251022,0.80179997,0.003550,293507.64,293493.45,4103.39,3890.02,no,yes
7880,-0.015444,0.98767845,-0.000218,293518.17,293518.83,2909.90,3093.56,no,yes
7881,0.263431,0.79222143,0.003725,293415.91,293409.44,1786.19,1687.56,no,yes
7882,1.057768,0.29017401,0.014959,293417.76,293400.45,1211.30,1099.72,no,yes
7883,-0.739657,0.45951889,-0.010460,293543.00,293579.45,2435.46,4283.47,no,yes
7884,-0.597468,0.55020219,-0.008449,293485.81,293504.45,2032.41,2367.33,no,yes
7885,0.804764,0.42096665,0.011381,293598.52,293572.78,2609.63,1848.90,no,yes
7886,-0.600662,0.54807219,-0.008495,293509.11,293525.73,1754.77,2139.53,no,yes
7887,-0.576189,0.56449372,-0.008149,293388.64,293397.40,1039.68,1108.58,no,yes
7888,1.002469,0.31613269,0.014177,293506.10,293474.40,2756.76,1548.01,no,yes
7889,0.964894,0.33461026,0.013646,294098.70,294063.36,2859.68,2289.65,no,yes
7890,0.138440,0.88989426,0.001958,293177.07,293175.27,980.54,860.55,no,yes
7891,1.080051,0.28013228,0.015274,293455.34,293422.31,2155.42,2168.52,no,yes
7892,0.118606,0.90558877,0.001677,293342.69,293340.56,1478.43,1023.20,no,yes
7893,0.186699,0.85189829,0.002640,293278.35,293272.34,2180.62,2362.52,no,yes
7894,-1.355902,0.17514801,-0.019175,293221.88,293246.92,1019.77,1539.36,no,yes
7895,0.270613,0.78669157,0.003827,293301.23,293288.66,3455.32,3106.10,no,yes
7896,-0.425766,0.67028340,-0.006021,293587.76,293610.95,3537.00,4143.65,no,yes
7897,-1.125956,0.26019900,-0.015923,293452.49,293467.92,813.65,1102.26,no,yes
7898,0.420951,0.67379569,0.005953,293398.02,293377.05,3658.26,3381.98,no,yes
7899,-0.091783,0.92687125,-0.001298,293820.40,293822.40,1559.00,1516.17,no,yes
7900,0.290727,0.77126288,0.004112,293581.23,293576.97,1105.05,963.56,no,yes
7901,-0.637846,0.52358216,-0.009021,293249.43,293276.91,2503.57,3506.51,no,yes
7902,0.321284,0.74799858,0.004544,293392.43,293369.03,5118.13,5181.95,no,yes
7903,0.099425,0.92080195,0.001406,293431.09,293429.39,1274.69,1135.07,no,yes
7904,-0.072192,0.94244985,-0.001021,293650.52,293653.90,3370.77,3245.02,no,yes
7905,0.837828,0.40213798,0.011849,293773.41,293732.26,3910.90,2971.38,no,yes
7906,0.217080,0.82814798,0.003070,293466.68,293459.82,2246.75,2221.55,no,yes
7907,0.058767,0.95313864,0.000831,293222.58,293221.11,1642.05,1897.15,no,yes
7908,0.828636,0.40732052,0.011719,293640.29,293615.38,2160.06,2089.80,no,yes
7909,-0.635855,0.52487856,-0.008992,293433.21,293443.36,1040.69,1210.44,no,yes
7910,0.165650,0.86843442,0.002343,293463.93,293459.41,1992.51,1864.96,no,yes
7911,0.040545,0.96765892,0.000573,293249.72,293248.14,2536.03,2956.49,no,yes
7912,-0.412228,0.68017703,-0.005830,293545.52,293554.74,1276.08,1835.31,no,yes
7913,-0.289500,0.77220185,-0.004094,293368.98,293373.95,1150.85,1273.23,no,yes
7914,0.295504,0.76761224,0.004179,293464.99,293450.42,3751.59,3198.29,no,yes
7915,0.867997,0.38540676,0.012275,293257.15,293245.12,1048.29,906.66,no,yes
7916,0.492437,0.62241586,0.006964,293623.91,293609.21,2118.88,2103.28,no,yes
7917,-0.058393,0.95343588,-0.000826,293547.05,293552.70,6790.57,6894.80,no,yes
7918,-1.683949,0.09220751,-0.023815,293523.58,293547.76,942.36,1083.56,no,yes
7919,0.974000,0.33006838,0.013774,293597.59,293580.42,1264.31,1229.03,no,yes
7920,-0.835438,0.40348396,-0.011815,293212.97,293229.36,935.21,1725.08,no,yes
7921,-0.539099,0.58982562,-0.007624,293386.42,293410.31,2438.83,3701.16,no,yes
7922,1.139453,0.25453345,0.016114,293300.39,293272.16,2239.72,1059.60,no,yes
7923,0.315881,0.75209683,0.004467,293614.19,293599.67,3859.74,2497.64,no,yes
7924,-1.444045,0.14874230,-0.020422,293528.56,293549.46,933.50,1105.43,no,yes
7925,0.563587,0.57304165,0.007970,293218.85,293210.08,1124.63,1074.31,no,yes
7926,1.029566,0.30322718,0.014560,293363.55,293312.27,3956.39,3025.28,no,yes
7927,0.034592,0.97240560,0.000489,293311.39,293310.78,1259.03,1215.23,no,yes
7928,1.326937,0.18454495,0.018766,293639.66,293618.88,1177.21,1032.66,no,yes
7929,-1.104230,0.26951399,-0.015616,293421.55,293457.33,1164.41,3023.81,no,yes
7930,-0.457488,0.64732678,-0.006470,293188.51,293201.73,1470.19,2487.80,no,yes
7931,0.255537,0.79831090,0.003614,299339.08,299314.40,6910.71,6749.42,no,yes
7932,0.468253,0.63960873,0.006622,293332.58,293320.46,1909.45,1749.65,no,yes
7933,0.110476,0.91203291,0.001562,293479.28,293474.15,3404.38,3150.36,no,yes
7934,-0.574073,0.56592504,-0.008119,293567.06,293583.31,2011.37,1990.56,no,yes
7935,-1.614312,0.10648499,-0.022830,293319.73,293367.57,1005.46,2788.17,no,yes
7936,-0.202936,0.83918739,-0.002870,293597.77,293604.67,2835.70,1873.50,no,yes
7937,-0.671648,0.50181594,-0.009499,293616.40,293627.71,1077.77,1292.38,no,yes
7938,-1.757233,0.07889922,-0.024851,293217.96,293297.96,1994.04,4092.10,no,yes
7939,0.191656,0.84801353,0.002710,293406.38,293403.92,887.85,925.06,no,yes
7940,0.527712,0.59770496,0.007463,293694.49,293664.44,4298.48,3732.72,no,yes
7941,1.372419,0.16995512,0.019409,293568.34,293510.01,3875.58,1744.98,no,yes
7942,-0.052000,0.95852957,-0.000735,293318.61,293319.77,1912.56,1146.76,no,yes
7943,-0.073280,0.94158385,-0.001036,293548.79,293551.95,3182.56,2902.85,no,yes
7944,0.186069,0.85239270,0.002631,293374.79,293365.20,3807.44,3471.31,no,yes
7945,0.600067,0.54846823,0.008486,293573.09,293563.00,1211.84,1165.71,no,yes
7946,-0.476770,0.63353177,-0.006743,293618.26,293636.02,2112.98,3069.72,no,yes
7947,-0.378031,0.70541145,-0.005346,390846.89,390858.94,2312.35,2190.57,no,yes
7948,-0.228593,0.81918754,-0.003233,293443.79,293452.53,2798.12,2603.87,no,yes
7949,0.309043,0.75729193,0.004371,293592.85,293582.98,2385.01,2124.16,no,yes
7950,1.038489,0.29905518,0.014686,293665.08,293634.42,2247.21,1915.53,no,yes
7951,1.123571,0.26120894,0.015890,293424.08,293396.59,1840.05,1612.97,no,yes
7952,0.032078,0.97440993,0.000454,293200.21,293199.50,1592.36,1539.08,no,yes
7953,-0.513023,0.60794285,-0.007255,293564.57,293591.63,2512.15,4636.88,no,yes
7954,0.830526,0.40625123,0.011745,293441.84,293428.36,1135.17,1160.54,no,yes
7955,-0.602865,0.54660600,-0.008526,293225.37,293236.46,1500.81,1063.29,no,yes
7956,-0.310894,0.75588469,-0.004397,293360.40,293368.26,2027.74,1513.91,no,yes
7957,-0.365343,0.71485916,-0.005167,293660.97,293676.58,2723.51,3293.31,no,yes
7958,0.040454,0.96773136,0.000572,293573.39,293572.39,1723.36,1790.36,no,yes
7959,-0.035588,0.97161112,-0.000503,293456.41,293457.65,2542.86,2373.84,no,yes
7960,0.857212,0.39134016,0.012123,293585.59,293566.98,1858.60,1123.93,no,yes
7961,0.399988,0.68917041,0.005657,293473.72,293453.71,4114.81,2843.17,no,yes
7962,0.736632,0.46135488,0.010418,293410.62,293389.59,2193.45,1827.48,no,yes
7963,0.383153,0.70161063,0.005419,293506.04,293494.47,2503.28,1691.79,no,yes
7964,0.521339,0.60213650,0.007373,293240.24,293223.78,2224.57,2239.95,no,yes
7965,-0.855787,0.39212963,-0.012103,293428.35,293461.30,1660.76,3474.03,no,yes
7966,0.006667,0.99468041,0.000094,293334.50,293334.40,1038.35,1090.63,no,yes
7967,-1.018068,0.30866421,-0.014398,293436.39,293468.64,1180.81,2938.95,no,yes
7968,0.204821,0.83771382,0.002897,293455.62,293449.05,2522.45,1982.71,no,yes
7969,0.377645,0.70569846,0.005341,293522.17,293516.15,1131.28,1121.47,no,yes
7970,0.210162,0.83354342,0.002972,293558.91,293555.95,1025.69,965.08,no,yes
7971,-0.678809,0.49726686,-0.009600,293187.19,293197.28,1009.58,1091.33,no,yes
7972,0.577616,0.56353022,0.008169,293407.25,293396.66,1221.23,1367.56,no,yes
7973,0.480765,0.63068896,0.006799,293816.66,293799.78,2787.11,2136.04,no,yes
7974,0.098326,0.92167471,0.001391,293344.31,293342.78,1042.14,1144.82,no,yes
7975,0.047997,0.96171921,0.000679,293521.21,293519.88,2002.22,1905.98,no,yes
7976,-0.515467,0.60623272,-0.007290,305801.31,305810.43,1208.94,1291.62,no,yes
7977,0.105844,0.91570732,0.001497,293368.22,293362.19,4086.26,3970.19,no,yes
7978,1.021179,0.30718186,0.014442,293218.40,293204.12,971.38,1006.13,no,yes
7979,0.895947,0.37029217,0.012671,293509.21,293467.24,3662.67,2919.61,no,yes
7980,0.308387,0.75779155,0.004361,293310.13,293292.44,4393.68,3687.52,no,yes
7981,0.034171,0.97274092,0.000483,293645.20,293642.05,6546.44,6464.66,no,yes
7982,-0.461345,0.64455641,-0.006524,302620.26,302638.41,2653.32,2905.82,no,yes
7983,-0.321130,0.74811564,-0.004541,293286.95,293305.29,3551.47,4473.81,no,yes
7984,0.155571,0.87637289,0.002200,293541.37,293534.48,3066.19,3197.59,no,yes
7985,-0.853433,0.39343392,-0.012069,293472.91,293494.37,1034.97,2292.16,no,yes
7986,-0.230820,0.81745687,-0.003264,293660.43,293672.59,3658.76,3793.65,no,yes
7987,1.506816,0.13187432,0.021310,293229.22,293207.59,1124.66,892.42,no,yes
7988,-0.472434,0.63662354,-0.006681,293480.25,293499.02,1955.17,3458.18,no,yes
7989,1.882772,0.05974680,0.026626,293448.09,293419.85,1195.63,905.98,no,yes
7990,-1.049786,0.29383122,-0.014846,293391.62,293423.61,1646.80,2563.91,no,yes
7991,-0.230662,0.81757943,-0.003262,293478.02,293481.48,1062.70,1060.31,no,yes
7992,-1.144316,0.25250748,-0.016183,293191.18,293209.44,965.95,1269.25,no,yes
7993,0.095336,0.92404932,0.001348,293371.01,293369.01,1268.54,1665.46,no,yes
7994,1.234611,0.21699380,0.017460,293429.11,293364.79,4556.83,2524.46,no,yes
7995,-0.378227,0.70526617,-0.005349,293440.87,293445.78,920.52,916.40,no,yes
7996,1.642227,0.10055989,0.023225,293405.63,293381.09,1190.06,904.06,no,yes
7997,1.234892,0.21689118,0.017464,293444.49,293411.44,2420.12,1143.66,no,yes
7998,0.402473,0.68734038,0.005692,293568.74,293533.91,6225.55,6012.68,no,yes
7999,-1.548911,0.12142531,-0.021905,307258.58,307329.69,1949.20,4156.51,no,yes
8000,1.001587,0.31655533,0.014165,293365.73,293327.68,2796.65,2570.16,no,yes
8001,1.098891,0.27182989,0.015541,293309.67,293252.58,4195.04,3065.03,no,yes
8002,-0.941615,0.34640561,-0.013316,293673.91,293716.62,1959.77,4091.12,no,yes
8003,0.316518,0.75161312,0.004476,293461.23,293454.31,1231.55,1808.37,no,yes
8004,-0.079115,0.93694156,-0.001119,293582.66,293585.22,2167.44,2403.61,no,yes
8005,-0.626402,0.53105871,-0.008859,293818.92,293862.79,4598.64,5281.24,no,yes
8006,0.602258,0.54700943,0.008517,293394.20,293374.65,2486.91,2086.36,no,yes
8007,0.055967,0.95536849,0.000791,295168.15,295156.08,15246.91,15235.38,no,yes
8008,0.467688,0.64001327,0.006614,294252.69,294233.75,3105.59,2598.03,no,yes
8009,0.034833,0.97221294,0.000493,293568.74,293568.27,955.13,955.48,no,yes
8010,-0.053667,0.95720128,-0.000759,302382.40,302384.03,2137.61,2181.23,no,yes
8011,-0.486449,0.62665467,-0.006879,296398.46,296413.72,1824.95,2552.42,no,yes
8012,0.560109,0.57541130,0.007921,293551.80,293540.83,1415.92,1351.80,no,yes
8013,0.191582,0.84807124,0.002709,293416.96,293407.56,3305.59,3623.04,no,yes
8014,0.108127,0.91389603,0.001529,293242.39,293239.20,2126.06,2043.29,no,yes
8015,0.547724,0.58388784,0.007746,293267.45,293244.82,2955.00,2889.16,no,yes
8016,0.998058,0.31826371,0.014115,293444.67,293415.47,2260.83,1857.02,no,yes
8017,-0.642940,0.52027050,-0.009093,390955.07,390964.22,987.19,1024.05,no,yes
8018,-1.154117,0.24846745,-0.016322,293576.90,293600.23,1164.57,1652.75,no,yes
8019,-0.152395,0.87887730,-0.002155,293562.63,293565.72,1367.91,1502.56,no,yes
8020,0.743969,0.45690419,0.010521,293525.47,293493.83,3291.38,2692.75,no,yes
8021,1.462901,0.14351732,0.020689,293362.26,293323.44,2428.87,1067.90,no,yes
8022,1.211029,0.22590059,0.017127,293414.10,293336.58,5277.50,3623.02,no,yes
8023,0.247225,0.80473701,0.003496,293340.27,293332.76,2267.48,2022.43,no,yes
8024,-0.152266,0.87897909,-0.002153,293386.92,293394.14,2613.35,3960.87,no,yes
8025,0.060661,0.95162945,0.000858,293465.35,293463.23,2645.79,2277.24,no,yes
8026,0.627890,0.53008400,0.008880,293430.60,293406.34,3131.22,2264.64,no,yes
8027,0.146535,0.88350037,0.002072,293218.89,293214.57,2079.88,2089.45,no,yes
8028,-0.341969,0.73237762,-0.004836,307261.22,307268.29,1435.16,1487.30,no,yes
8029,-0.463373,0.64310207,-0.006553,293436.01,293448.90,1870.68,2057.50,no,yes
8030,1.086119,0.27744626,0.015360,293218.79,293190.34,2431.00,975.64,no,yes
8031,-0.934336,0.35014257,-0.013214,293418.65,293438.78,1297.73,1720.46,no,yes
8032,1.782408,0.07469925,0.025207,293497.89,293460.86,1673.54,1231.04,no,yes
8033,0.348079,0.72778513,0.004923,293368.64,293361.29,1775.99,1143.87,no,yes
8034,-0.054087,0.95686635,-0.000765,293649.97,293652.91,3729.21,3966.38,no,yes
8035,-0.972264,0.33093077,-0.013750,293235.33,293262.28,1948.24,1971.60,no,yes
8036,1.721405,0.08520193,0.024344,293366.54,293300.42,3611.11,1309.16,no,yes
8037,1.953672,0.05075412,0.027629,293635.89,293602.88,1262.26,1123.73,no,yes
8038,-0.090529,0.92786765,-0.001280,293225.52,293229.31,2611.94,3274.60,no,yes
8039,-0.367002,0.71362173,-0.005190,293211.80,293219.13,1126.49,1647.32,no,yes
8040,-0.201747,0.84011637,-0.002853,293373.36,293381.31,2508.59,3037.45,no,yes
8041,-0.415601,0.67770635,-0.005877,301286.03,301291.27,857.38,923.45,no,yes
8042,0.642502,0.52055495,0.009086,302231.09,302214.58,1976.23,1644.14,no,yes
8043,0.648881,0.51642364,0.009177,293455.97,293420.52,4429.09,3196.22,no,yes
8044,-0.203550,0.83870755,-0.002879,293455.68,293466.04,3661.85,3536.04,no,yes
8045,0.446662,0.65512361,0.006317,293610.00,293582.45,4401.00,4323.22,no,yes
8046,1.709077,0.08745318,0.024170,293195.70,293173.42,1028.62,801.47,no,yes
8047,1.711398,0.08702333,0.024203,293622.57,293588.57,1472.47,1333.36,no,yes
8048,-0.063067,0.94971351,-0.000892,293357.06,293357.99,979.41,1104.29,no,yes
8049,1.441177,0.14956048,0.020381,293243.43,293195.07,3185.18,1055.93,no,yes
8050,-0.137911,0.89031205,-0.001950,293161.55,293163.30,918.95,884.28,no,yes
8051,-0.894935,0.37083250,-0.012656,293246.55,293260.26,1068.16,1098.55,no,yes
8052,0.411320,0.68084232,0.005817,293496.11,293482.70,2374.37,2234.80,no,yes
8053,-0.504536,0.61389053,-0.007135,293648.53,293665.17,2093.73,2547.82,no,yes
8054,-0.714223,0.47509763,-0.010101,293314.95,293334.22,1760.55,2045.21,no,yes
8055,-0.602907,0.54657713,-0.008526,293334.98,293356.31,2430.31,2570.50,no,yes
8056,0.068607,0.94530343,0.000970,293306.28,293303.56,2945.13,2639.54,no,yes
8057,-0.276584,0.78210245,-0.003911,293732.94,293757.65,5702.08,6879.19,no,yes
8058,-0.397739,0.69082681,-0.005625,293233.71,293251.62,2859.55,3477.78,no,yes
8059,0.464512,0.64228577,0.006569,293356.97,293336.21,3166.30,3154.61,no,yes
8060,-0.817302,0.41376562,-0.011558,293338.97,293365.45,2187.53,2389.35,no,yes
8061,1.538376,0.12397935,0.021756,293443.52,293366.97,4534.71,2048.80,no,yes
8062,1.095514,0.27330587,0.015493,293553.88,293535.36,1358.07,1005.94,no,yes
8063,-0.664826,0.50617055,-0.009402,293203.26,293215.46,997.69,1539.60,no,yes
8064,0.688627,0.49106638,0.009739,293302.18,293268.67,3881.36,2934.67,no,yes
8065,-0.902294,0.36691167,-0.012760,293326.26,293339.44,997.72,1066.10,no,yes
8066,-0.851073,0.39473898,-0.012036,293329.38,293340.48,853.61,984.86,no,yes
8067,0.088094,0.92980304,0.001246,293458.47,293455.20,2426.47,2804.56,no,yes
8068,-0.252554,0.80061522,-0.003572,293374.16,293388.12,3598.33,4196.94,no,yes
8069,0.562113,0.57404779,0.007949,293417.09,293401.34,2542.25,1178.67,no,yes
8070,-1.306853,0.19128110,-0.018482,293411.78,293442.26,1201.95,1998.48,no,yes
8071,0.102555,0.91831754,0.001450,293415.05,293411.78,2303.93,2201.58,no,yes
8072,0.168101,0.86650588,0.002377,293453.69,293449.33,1761.64,1909.31,no,yes
8073,-1.992022,0.04638819,-0.028171,293206.34,293258.95,1083.64,2408.48,yes,yes
8074,0.184014,0.85400444,0.002602,293258.61,293254.62,1502.97,1561.92,no,yes
8075,-0.303921,0.76119132,-0.004298,293212.28,293225.25,2950.91,3086.48,no,yes
8076,1.485842,0.13733720,0.021013,293230.00,293208.26,1113.78,948.77,no,yes
8077,-0.350773,0.72576261,-0.004961,293584.65,293607.09,4190.95,4832.12,no,yes
8078,-0.920352,0.35739986,-0.013016,293401.18,293413.60,931.55,975.42,no,yes
8079,0.124992,0.90053113,0.001768,293274.71,293268.55,2959.49,3946.37,no,yes
8080,-0.118667,0.90554080,-0.001678,293504.31,293506.90,1197.43,1824.18,no,yes
8081,-0.364978,0.71513177,-0.005162,293652.67,293677.40,4311.38,5227.58,no,yes
8082,1.583332,0.11337072,0.022392,293197.17,293154.35,2535.39,940.68,no,yes
8083,0.978173,0.32800111,0.013833,293513.20,293460.57,4099.98,3485.06,no,yes
8084,-0.352607,0.72438748,-0.004987,293476.13,293486.83,1622.41,2565.82,no,yes
8085,0.501229,0.61621524,0.007088,293568.43,293543.28,3761.25,3322.09,no,yes
8086,1.071284,0.28405466,0.015150,293630.64,293615.32,1022.15,1000.29,no,yes
8087,0.498676,0.61801297,0.007052,293369.82,293357.48,1756.27,1741.51,no,yes
8088,0.954524,0.33983001,0.013499,293239.48,293220.63,1467.13,1322.56,no,yes
8089,0.790333,0.42934242,0.011177,293754.88,293735.17,1770.20,1756.43,no,yes
8090,-0.210362,0.83338692,-0.002975,293410.37,293413.73,1136.14,1122.94,no,yes
8091,0.869328,0.38467856,0.012294,293402.07,293372.05,2700.35,2151.97,no,yes
8092,-0.068425,0.94544825,-0.000968,293439.45,293442.62,3263.86,3295.32,no,yes
8093,-0.731860,0.46426352,-0.010350,293669.31,293696.03,2120.81,2972.06,no,yes
8094,-1.068869,0.28514157,-0.015116,293765.16,293780.73,998.06,1061.43,no,yes
8095,0.081135,0.93533532,0.001147,293718.70,293710.22,7430.12,7342.01,no,yes
8096,-1.036629,0.29992290,-0.014660,293431.22,293460.87,1618.03,2358.05,no,yes
8097,-0.350523,0.72595008,-0.004957,293224.74,293236.48,2215.07,2509.43,no,yes
8098,2.000864,0.04542623,0.028296,293567.46,293473.84,4252.39,1951.23,yes,yes
8099,-0.608751,0.54269688,-0.008609,308772.22,308809.20,3664.11,4845.79,no,yes
8100,-0.732275,0.46401132,-0.010356,293559.16,293585.73,1886.26,3098.14,no,yes
8101,1.722956,0.08491213,0.024366,293566.27,293541.93,1054.73,940.17,no,yes
8102,-0.338443,0.73503302,-0.004786,293472.95,293488.05,2886.91,3399.70,no,yes
8103,0.304059,0.76108598,0.004300,293521.66,293514.41,1681.51,1690.95,no,yes
8104,2.944392,0.00324158,0.041640,293248.06,293172.02,2399.32,955.76,yes,yes
8105,0.038117,0.96959445,0.000539,293338.59,293338.01,1045.53,1119.57,no,yes
8106,0.205696,0.83703081,0.002909,293595.79,293588.94,2813.22,1780.97,no,yes
8107,-0.160727,0.87231027,-0.002273,293302.28,293306.55,1971.52,1777.22,no,yes
8108,0.332937,0.73918565,0.004708,293439.85,293431.95,1744.71,1607.35,no,yes
8109,-0.380806,0.70335115,-0.005385,303970.84,303976.19,989.69,996.99,no,yes
8110,-0.473900,0.63557662,-0.006702,293165.34,293173.91,1223.28,1334.51,no,yes
8111,0.322821,0.74683432,0.004565,293376.06,293368.85,1599.38,1557.01,no,yes
8112,-0.080526,0.93581978,-0.001139,293863.72,293871.87,7177.17,7126.64,no,yes
8113,-0.222273,0.82410373,-0.003143,293434.90,293444.20,2709.38,3184.80,no,yes
8114,1.729903,0.08366401,0.024465,293608.07,293578.09,1370.87,1060.61,no,yes
8115,0.881525,0.37804689,0.012467,293201.97,293182.18,1952.68,1108.49,no,yes
8116,0.744248,0.45673545,0.010525,293604.79,293591.72,1352.54,1119.75,no,yes
8117,-0.746711,0.45524715,-0.010560,293398.57,293440.56,3559.81,4354.36,no,yes
8118,0.188537,0.85045791,0.002666,293180.73,293176.07,1754.92,1737.81,no,yes
8119,-0.083567,0.93340132,-0.001182,293392.91,293394.11,989.10,1037.53,no,yes
8120,0.115295,0.90821222,0.001631,294790.03,294787.97,1363.22,1152.03,no,yes
8121,0.529345,0.59657201,0.007486,293603.34,293583.96,2698.28,2475.00,no,yes
8122,-0.612855,0.53998106,-0.008667,293261.75,293275.84,1086.15,2025.15,no,yes
8123,-0.098083,0.92186724,-0.001387,293404.43,293405.98,1087.36,1144.33,no,yes
8124,-0.914118,0.36066671,-0.012928,293392.17,293435.02,2820.73,3743.95,no,yes
8125,0.883037,0.37722720,0.012488,293664.40,293645.07,1612.54,1481.20,no,yes
8126,-0.115267,0.90823472,-0.001630,293242.65,293244.59,1091.01,1283.71,no,yes
8127,0.627904,0.53007411,0.008880,293607.17,293590.42,1895.49,1876.74,no,yes
8128,-1.087393,0.27687656,-0.015378,293648.66,293666.56,1053.29,1264.97,no,yes
8129,-0.508893,0.61083319,-0.007197,293355.37,293377.21,2803.11,3250.31,no,yes
8130,-0.261035,0.79406834,-0.003692,293548.44,293554.13,1495.01,1589.84,no,yes
8131,-0.591263,0.55435284,-0.008362,293601.12,293618.26,1395.18,2541.70,no,yes
8132,1.034819,0.30076576,0.014635,293675.69,293660.39,1054.54,1037.34,no,yes
8133,0.571749,0.56749823,0.008086,361905.77,361890.97,1927.73,1727.61,no,yes
8134,-0.959753,0.33719552,-0.013573,293936.97,293974.72,1738.06,3528.53,no,yes
8135,0.652444,0.51412256,0.009227,293505.69,293475.04,3539.90,3088.90,no,yes
8136,0.259918,0.79492999,0.003676,293423.69,293419.91,1035.84,1022.34,no,yes
8137,0.741296,0.45852272,0.010484,293515.22,293502.09,1186.58,1314.88,no,yes
8138,0.105536,0.91595194,0.001492,293495.79,293491.16,3052.15,3142.45,no,yes
8139,0.936532,0.34901073,0.013245,293219.70,293204.59,1163.30,1117.57,no,yes
8140,-0.166069,0.86810399,-0.002349,296295.36,296304.22,3476.37,4044.24,no,yes
8141,-0.166666,0.86763467,-0.002357,293557.18,293566.07,3395.93,4110.22,no,yes
8142,-0.269840,0.78728638,-0.003816,293434.98,293438.64,947.37,969.22,no,yes
8143,-2.401745,0.01632624,-0.033966,293165.05,293199.82,966.87,1077.54,yes,yes
8144,-1.222240,0.22163121,-0.017285,293507.57,293522.69,852.74,896.91,no,yes
8145,-0.844965,0.39814241,-0.011950,293469.79,293511.15,2643.71,4119.34,no,yes
8146,0.270668,0.78664928,0.003828,293343.16,293333.84,2718.09,2112.74,no,yes
8147,-1.785267,0.07424315,-0.025247,293438.17,293489.24,884.78,2720.27,no,yes
8148,-0.170148,0.86489541,-0.002406,293178.24,293180.64,1056.68,931.70,no,yes
8149,0.848806,0.39600021,0.012004,293478.07,293456.33,2024.14,1568.62,no,yes
8150,-0.082583,0.93418361,-0.001168,293627.49,293630.95,3011.49,2912.65,no,yes
8151,-0.919438,0.35787920,-0.013003,293332.21,293356.24,1474.17,2157.50,no,yes
8152,-0.290891,0.77113781,-0.004114,293189.45,293193.00,845.38,881.39,no,yes
8153,0.779372,0.43577041,0.011022,293389.15,293337.53,5329.78,3932.15,no,yes
8154,-1.152335,0.24920215,-0.016296,293422.26,293449.06,1040.13,2080.55,no,yes
8155,0.217303,0.82797437,0.003073,293629.97,293618.73,3708.43,3607.78,no,yes
8156,-0.408738,0.68273692,-0.005780,293309.67,293316.54,1037.55,1321.64,no,yes
8157,-0.122964,0.90213715,-0.001739,293271.19,293276.96,2756.86,3789.16,no,yes
8158,-0.022406,0.98212395,-0.000317,301217.70,301218.85,3825.03,3426.84,no,yes
8159,0.672183,0.50147526,0.009506,293472.19,293454.53,2027.22,1670.18,no,yes
8160,0.731909,0.46423244,0.010351,293590.54,293572.51,1765.70,1718.07,no,yes
8161,0.348515,0.72745753,0.004929,293382.80,293370.89,2678.47,2121.70,no,yes
8162,1.718269,0.08576854,0.024300,293207.15,293171.40,1856.11,939.57,no,yes
8163,-0.995742,0.31938998,-0.014082,293569.26,293588.99,1058.26,1674.68,no,yes
8164,0.354246,0.72315866,0.005010,293234.20,293224.16,2246.05,1731.06,no,yes
8165,1.366466,0.17181061,0.019325,293238.15,293194.94,2654.68,1718.72,no,yes
8166,0.038431,0.96934410,0.000544,293472.36,293471.35,1738.97,1953.06,no,yes
8167,-0.720924,0.47096488,-0.010195,293440.23,293467.43,2541.26,2788.42,no,yes
8168,0.292720,0.76973930,0.004140,293462.65,293453.16,2308.68,2275.02,no,yes
8169,1.599647,0.10969697,0.022622,293266.41,293232.79,1833.86,1026.97,no,yes
8170,0.144396,0.88518925,0.002042,293426.91,293423.86,1399.74,1584.83,no,yes
8171,-0.540432,0.58890652,-0.007643,293337.52,293349.21,1172.57,1817.48,no,yes
8172,-0.360082,0.71878928,-0.005092,293419.88,293429.02,1798.78,1791.03,no,yes
8173,-0.287622,0.77363919,-0.004068,293204.42,293211.47,1560.05,1887.43,no,yes
8174,-0.043282,0.96547707,-0.000612,293578.63,293580.04,2241.40,2359.59,no,yes
8175,-0.282508,0.77755701,-0.003995,306038.42,306064.15,6311.52,6568.17,no,yes
8176,1.163419,0.24467404,0.016453,293661.99,293631.28,2050.32,1662.20,no,yes
8177,-1.252773,0.21030729,-0.017717,293183.78,293221.70,1438.54,2663.36,no,yes
8178,0.784224,0.43291864,0.011091,293686.71,293640.59,4648.42,3601.30,no,yes
8179,-0.153950,0.87765062,-0.002177,293252.25,293256.25,1628.62,2022.63,no,yes
8180,-0.529868,0.59620904,-0.007493,293576.36,293584.21,1080.84,1012.95,no,yes
8181,-0.470421,0.63805949,-0.006653,293545.92,293563.38,2265.84,2937.42,no,yes
8182,1.443471,0.14890590,0.020414,293619.85,293573.98,2641.24,1767.72,no,yes
8183,0.743513,0.45718032,0.010515,293367.73,293355.49,1233.67,1090.62,no,yes
8184,0.109985,0.91242253,0.001555,293443.51,293441.26,1375.62,1503.22,no,yes
8185,1.008024,0.31345563,0.014256,293469.50,293435.44,2602.74,2154.64,no,yes
8186,-0.627632,0.53025208,-0.008876,293206.04,293216.01,1031.47,1208.92,no,yes
8187,-0.032349,0.97419434,-0.000457,293691.85,293693.80,4142.75,4398.52,no,yes
8188,0.960564,0.33678321,0.013584,293499.55,293469.56,2187.38,2227.35,no,yes
8189,0.104918,0.91644178,0.001484,293511.45,293505.50,4186.54,3834.49,no,yes
8190,0.659552,0.50954927,0.009327,293776.40,293767.86,996.42,828.10,no,yes
8191,0.624949,0.53201178,0.008838,293492.33,293462.90,3700.64,2912.79,no,yes
8192,-0.275647,0.78282197,-0.003898,293515.92,293531.07,3800.51,3967.61,no,yes
8193,0.199579,0.84181187,0.002822,293414.48,293411.37,1053.31,1147.09,no,yes
8194,1.193967,0.23250521,0.016885,293496.27,293477.29,1191.02,1053.18,no,yes
8195,-0.631312,0.52784429,-0.008928,293516.57,293543.59,2452.65,3505.93,no,yes
8196,0.877311,0.38032851,0.012407,293510.45,293475.74,3000.81,2578.15,no,yes
8197,-0.805768,0.42038633,-0.011395,293620.22,293631.05,888.09,1008.51,no,yes
8198,1.400366,0.16142983,0.019804,293330.14,293272.99,3893.47,1225.10,no,yes
8199,-0.042538,0.96607057,-0.000602,293283.03,293284.94,2900.14,3430.99,no,yes
8200,0.009791,0.99218815,0.000138,293243.52,293243.14,2582.10,2957.48,no,yes
8201,0.836746,0.40274528,0.011833,293404.20,293391.45,1106.44,1047.78,no,yes
8202,-1.465926,0.14268490,-0.020731,293453.03,293471.97,816.63,1001.44,no,yes
8203,-0.317351,0.75098064,-0.004488,293239.62,293254.34,3142.98,3412.03,no,yes
8204,-0.077886,0.93791988,-0.001101,293554.04,293556.41,2125.26,2170.41,no,yes
8205,-0.949353,0.34245267,-0.013426,293335.95,293355.47,1346.02,1553.46,no,yes
8206,0.540292,0.58900163,0.007641,293615.37,293586.60,3799.54,3730.66,no,yes
8207,-0.535366,0.59240304,-0.007571,293761.60,293769.64,997.24,1122.12,no,yes
8208,1.271578,0.20353823,0.017983,293425.38,293397.15,1673.19,1459.63,no,yes
8209,-0.255191,0.79857837,-0.003609,293349.68,293354.14,1143.28,1318.16,no,yes
8210,1.484798,0.13761313,0.020998,293601.91,293575.60,1303.30,1200.33,no,yes
8211,-0.472355,0.63667863,-0.006680,293216.06,293222.40,916.56,981.66,no,yes
8212,0.020412,0.98371498,0.000289,293581.72,293580.77,3429.64,3141.86,no,yes
8213,0.351516,0.72520531,0.004971,293550.32,293545.52,854.76,1064.43,no,yes
8214,-0.037878,0.96978530,-0.000536,293453.13,293455.15,2969.91,4434.78,no,yes
8215,-0.728867,0.46609181,-0.010308,302304.13,302317.72,1303.70,1331.83,no,yes
8216,1.374629,0.16926245,0.019440,293395.09,293366.82,1588.97,1306.19,no,yes
8217,0.972290,0.33091803,0.013750,293637.79,293623.70,1079.23,967.08,no,yes
8218,0.170620,0.86452407,0.002413,295700.62,295698.21,1095.92,888.61,no,yes
8219,-0.298148,0.76559365,-0.004216,293404.15,293410.51,1450.50,1561.56,no,yes
8220,-1.557240,0.11942957,-0.022023,293315.04,293337.92,962.35,1110.17,no,yes
8221,-0.239010,0.81110050,-0.003380,293440.39,293447.27,1667.05,2349.09,no,yes
8222,0.215391,0.82946482,0.003046,293485.07,293479.95,1848.83,1494.98,no,yes
8223,0.465275,0.64174015,0.006580,308852.95,308838.72,2466.21,1810.51,no,yes
8224,1.132024,0.25764064,0.016009,293594.42,293550.18,3324.23,2055.45,no,yes
8225,-0.480783,0.63067618,-0.006799,293419.86,293430.66,1373.14,1776.70,no,yes
8226,2.423474,0.01538596,0.034273,293335.62,293266.95,2612.03,1097.98,yes,yes
8227,1.335694,0.18166558,0.018890,293217.15,293196.26,1235.40,958.11,no,yes
8228,-1.368555,0.17115900,-0.019354,293243.05,293280.65,1265.58,2438.56,no,yes
8229,-0.387399,0.69846489,-0.005479,293635.77,293656.19,3358.11,4062.05,no,yes
8230,-0.086449,0.93111000,-0.001223,293464.40,293473.20,7265.70,7139.52,no,yes
8231,-0.622265,0.53377652,-0.008800,293505.05,293536.91,2594.17,4414.17,no,yes
8232,-0.341361,0.73283562,-0.004828,293349.23,293356.05,1391.36,1432.29,no,yes
8233,-0.371749,0.71008335,-0.005257,293615.98,293629.75,2471.60,2757.50,no,yes
8234,0.246254,0.80548792,0.003483,293250.30,293241.36,2321.28,2792.05,no,yes
8235,-1.225797,0.22028981,-0.017335,293396.52,293416.51,1053.93,1244.78,no,yes
8236,-0.586041,0.55785551,-0.008288,299473.35,299489.70,1585.70,2294.94,no,yes
8237,0.162253,0.87110826,0.002295,294598.34,294596.01,1063.87,961.52,no,yes
8238,1.644494,0.10009157,0.023257,293484.73,293442.67,2078.47,1490.71,no,yes
8239,0.254649,0.79899655,0.003601,302541.70,302534.82,1826.77,1988.76,no,yes
8240,-0.725972,0.46786507,-0.010267,293332.28,293362.34,2414.12,3364.03,no,yes
8241,-0.079281,0.93681013,-0.001121,308811.72,308814.56,2197.64,2836.07,no,yes
8242,0.085163,0.93213294,0.001204,293334.60,293329.81,3845.30,4104.27,no,yes
8243,-0.373178,0.70902046,-0.005278,293333.08,293353.03,2928.23,4472.59,no,yes
8244,-1.566616,0.11722036,-0.022155,293301.03,293321.77,894.15,976.18,no,yes
8245,0.210405,0.83335363,0.002976,361910.57,361899.78,3677.99,3572.54,no,yes
8246,0.048385,0.96140963,0.000684,303257.20,303255.71,2027.67,2332.46,no,yes
8247,0.399114,0.68981390,0.005644,293665.33,293655.23,1921.77,1646.72,no,yes
8248,0.019683,0.98429644,0.000278,293534.44,293533.40,3607.05,3802.36,no,yes
8249,0.897366,0.36953471,0.012691,300990.66,300966.66,1997.24,1779.38,no,yes
8250,-0.316541,0.75159500,-0.004477,293360.43,293382.20,4881.61,4847.43,no,yes
8251,0.121063,0.90364268,0.001712,293504.24,293492.80,6728.70,6629.27,no,yes
8252,0.715313,0.47442558,0.010116,293582.84,293540.20,5115.74,3061.61,no,yes
8253,0.646605,0.51789585,0.009144,293558.21,293532.04,3348.29,2272.55,no,yes
8254,-0.816397,0.41428339,-0.011546,301188.47,301253.25,5112.57,6067.76,no,yes
8255,1.293291,0.19592947,0.018290,293521.85,293485.99,2422.97,1347.17,no,yes
8256,2.124824,0.03362369,0.030050,293375.51,293280.80,4357.84,936.00,yes,yes
8257,-0.296175,0.76709921,-0.004189,293438.15,293445.23,1624.18,1756.91,no,yes
8258,0.751768,0.45219976,0.010632,293257.40,293243.69,1358.49,1216.25,no,yes
8259,0.363894,0.71594131,0.005146,293672.40,293652.84,3972.99,3618.67,no,yes
8260,-0.385848,0.69961381,-0.005457,293315.88,293331.22,2265.26,3267.78,no,yes
8261,0.582283,0.56038335,0.008235,293325.95,293317.32,1192.72,878.52,no,yes
8262,-1.277847,0.20131843,-0.018071,293565.04,293589.68,1275.88,1446.27,no,yes
8263,-0.033269,0.97346056,-0.000470,293681.24,293682.11,1527.36,2111.92,no,yes
8264,-0.131493,0.89538686,-0.001860,293421.60,293426.82,2892.86,2717.59,no,yes
8265,0.202306,0.83968000,0.002861,293446.45,293440.45,2315.49,1846.68,no,yes
8266,0.093772,0.92529129,0.001326,293427.65,293426.01,1243.57,1236.86,no,yes
8267,0.004640,0.99629777,0.000066,293646.51,293646.32,2951.36,2677.33,no,yes
8268,-0.241663,0.80904423,-0.003418,293530.44,293536.48,2180.91,1222.58,no,yes
8269,-0.184693,0.85347207,-0.002612,293387.62,293392.84,1281.66,2520.27,no,yes
8270,0.374419,0.70809676,0.005295,293585.37,293573.17,2193.89,2409.49,no,yes
8271,0.594246,0.55235450,0.008404,293399.59,293390.06,1189.01,1077.16,no,yes
8272,-0.144851,0.88483035,-0.002048,298531.19,298536.25,2849.15,2016.88,no,yes
8273,-0.229881,0.81818708,-0.003251,293293.51,293304.36,2104.78,4225.74,no,yes
8274,-0.007812,0.99376730,-0.000110,293431.57,293431.70,1116.79,1276.63,no,yes
8275,0.059548,0.95251619,0.000842,293437.03,293434.01,3480.20,3697.99,no,yes
8276,-1.595663,0.11058575,-0.022566,293425.29,293500.79,2093.44,4242.72,no,yes
8277,1.289014,0.19740835,0.018229,293427.82,293373.89,3180.64,2718.48,no,yes
8278,1.374663,0.16925214,0.019441,293464.25,293441.12,1309.65,1056.55,no,yes
8279,-0.822160,0.41099584,-0.011627,293385.13,293398.25,1030.24,1217.86,no,yes
8280,-0.402953,0.68698732,-0.005699,293661.15,293682.88,3708.77,3913.53,no,yes
8281,-0.396487,0.69175045,-0.005607,293657.77,293670.62,1946.96,2592.91,no,yes
8282,-0.053132,0.95762767,-0.000751,293413.62,293414.75,1275.88,1709.57,no,yes
8283,0.392266,0.69486580,0.005547,293566.48,293560.75,916.78,1138.31,no,yes
8284,0.256411,0.79763591,0.003626,300500.68,300494.33,1854.28,1639.89,no,yes
8285,-0.240273,0.81012134,-0.003398,293425.31,293433.57,2451.39,2409.69,no,yes
8286,0.210592,0.83320757,0.002978,293487.75,293475.36,3939.34,4373.17,no,yes
8287,0.534510,0.59299669,0.007559,293287.86,293273.32,2444.16,1192.54,no,yes
8288,0.979951,0.32712278,0.013859,293415.95,293398.29,1388.97,1149.59,no,yes
8289,0.047162,0.96238510,0.000667,293439.72,293438.39,1324.45,2476.76,no,yes
8290,1.183476,0.23663461,0.016737,293519.32,293503.45,964.75,932.08,no,yes
8291,0.369440,0.71180415,0.005225,293566.29,293559.28,1576.18,1056.92,no,yes
8292,-0.960014,0.33706050,-0.013577,293381.19,293413.13,2030.74,2636.39,no,yes
8293,0.000599,0.99952200,0.000008,293371.54,293371.52,2559.10,2656.89,no,yes
8294,-1.469070,0.14183792,-0.020776,307061.25,307108.21,1173.80,2973.38,no,yes
8295,-1.143011,0.25304972,-0.016165,302633.94,302668.25,1659.09,2501.23,no,yes
8296,1.528017,0.12652559,0.021609,293561.76,293521.59,2125.40,1546.61,no,yes
8297,0.485580,0.62727036,0.006867,293263.62,293248.68,2352.30,1980.58,no,yes
8298,0.630443,0.52841186,0.008916,293427.48,293417.26,1179.33,1112.47,no,yes
8299,0.250486,0.80221427,0.003542,293470.68,293460.23,2984.06,2914.91,no,yes
8300,0.743027,0.45747437,0.010508,293212.49,293192.40,1763.04,2050.14,no,yes
8301,0.916952,0.35917886,0.012968,293391.43,293364.38,2191.88,1974.35,no,yes
8302,0.064665,0.94844118,0.000915,293369.54,293366.68,3123.23,3148.31,no,yes
8303,-0.100010,0.92033743,-0.001414,293213.93,293216.38,1464.17,1957.68,no,yes
8304,0.776788,0.43729383,0.010985,293213.65,293200.06,1431.81,1004.23,no,yes
8305,1.018324,0.30853644,0.014401,293592.40,293572.03,1480.91,1345.62,no,yes
8306,0.481808,0.62994817,0.006814,293408.76,293395.11,2206.98,1775.77,no,yes
8307,0.282470,0.77758638,0.003995,293309.29,293295.52,3423.30,3466.45,no,yes
8308,0.488498,0.62520438,0.006908,293428.10,293415.16,2357.64,1206.21,no,yes
8309,-0.261508,0.79370316,-0.003698,293173.46,293179.77,1837.45,1563.08,no,yes
8310,1.347838,0.17772882,0.019061,293610.58,293565.75,2838.66,1733.26,no,yes
8311,0.840549,0.40061091,0.011887,293406.28,293391.43,1157.38,1334.74,no,yes
8312,0.074002,0.94100971,0.001047,293481.08,293478.77,1822.91,2528.14,no,yes
8313,0.466595,0.64079485,0.006599,293638.71,293630.04,1283.93,1343.33,no,yes
8314,0.816599,0.41416758,0.011548,293188.49,293177.60,972.96,911.84,no,yes
8315,-0.379150,0.70458084,-0.005362,293535.86,293554.86,3249.20,3813.02,no,yes
8316,-1.625554,0.10406499,-0.022989,293377.53,293425.46,1402.54,2593.96,no,yes
8317,0.228107,0.81956560,0.003226,342419.29,342022.38,130327.02,115290.40,no,yes
8318,-0.730271,0.46523362,-0.010328,298752.93,299059.04,26611.59,32386.44,no,yes
8319,0.975153,0.32949726,0.013791,293507.83,293481.98,2148.06,1553.92,no,yes
8320,0.555960,0.57824490,0.007862,293664.39,293643.52,2954.19,2314.41,no,yes
8321,-0.174342,0.86159894,-0.002466,293257.13,293262.83,1838.30,2708.33,no,yes
8322,-1.462788,0.14354187,-0.020687,293771.20,293816.43,1946.70,2401.63,no,yes
8323,-0.600502,0.54817924,-0.008492,293510.99,293544.64,3273.77,4546.41,no,yes
8324,-0.295257,0.76780051,-0.004176,293460.18,293474.68,3250.36,3683.09,no,yes
8325,0.166617,0.86767306,0.002356,293577.93,293570.44,3293.38,3064.36,no,yes
8326,1.519383,0.12868226,0.021487,293460.21,293429.08,1550.18,1339.91,no,yes
8327,-0.075904,0.93949604,-0.001073,293434.21,293436.37,2006.22,2022.45,no,yes
8328,-0.267929,0.78875688,-0.003789,293560.19,293566.19,1499.57,1665.26,no,yes
8329,-1.702314,0.08871876,-0.024074,298489.52,298550.19,1473.57,3245.20,no,yes
8330,0.300073,0.76412502,0.004244,293218.86,293213.22,1445.79,1204.07,no,yes
8331,-0.179418,0.85761154,-0.002537,293676.11,293680.87,2105.62,1616.91,no,yes
8332,0.447588,0.65445634,0.006330,293330.23,293321.59,1676.26,957.55,no,yes
8333,1.177905,0.23884877,0.016658,293538.17,293522.15,1024.93,894.48,no,yes
8334,-1.636535,0.10174803,-0.023144,293275.63,293330.72,1602.59,2960.00,no,yes
8335,0.415373,0.67787369,0.005874,293637.22,293623.80,2217.21,2349.79,no,yes
8336,0.799198,0.42418526,0.011302,293409.49,293396.73,1101.98,1154.89,no,yes
8337,2.480177,0.01314498,0.035075,293600.60,293518.50,3131.46,1073.28,yes,yes
8338,0.162984,0.87053308,0.002305,293493.69,293490.24,1635.44,1345.94,no,yes
8339,0.545420,0.58547267,0.007713,293237.77,293226.37,1813.79,1035.93,no,yes
8340,0.591296,0.55432944,0.008362,361903.63,361879.41,3348.79,2358.27,no,yes
8341,-0.725023,0.46844656,-0.010253,293361.45,293393.53,2776.61,3446.45,no,yes
8342,-0.217800,0.82758700,-0.003080,293360.64,293363.70,1046.90,939.86,no,yes
8343,0.396732,0.69156945,0.005611,293614.12,293599.08,2546.97,2807.52,no,yes
8344,0.821063,0.41162048,0.011612,293393.92,293366.32,2487.02,2261.50,no,yes
8345,1.658803,0.09717527,0.023459,293333.67,293248.12,4490.67,2535.61,no,yes
8346,1.220798,0.22217760,0.017265,293164.04,293147.69,1037.06,847.27,no,yes
8347,0.706578,0.47983685,0.009993,293824.31,293804.54,1874.79,2076.42,no,yes
8348,-0.496085,0.61983974,-0.007016,293194.36,293201.55,981.34,1068.19,no,yes
8349,-0.037121,0.97038924,-0.000525,293403.31,293404.22,1553.43,1889.84,no,yes
8350,-0.169386,0.86549497,-0.002395,293514.01,293522.04,3207.22,3485.54,no,yes
8351,-0.639939,0.52221945,-0.009050,293591.10,293608.86,1823.55,2091.57,no,yes
8352,0.049697,0.96036429,0.000703,293520.24,293519.61,876.01,909.90,no,yes
8353,-0.106367,0.91529253,-0.001504,301156.24,301162.13,3692.21,4125.97,no,yes
8354,0.083492,0.93346156,0.001181,293179.04,293176.98,1733.92,1752.97,no,yes
8355,-1.064568,0.28708455,-0.015055,293227.58,293246.08,1148.40,1304.32,no,yes
8356,-0.947037,0.34363298,-0.013393,293390.09,293440.02,2998.81,4336.17,no,yes
8357,-1.531790,0.12559098,-0.021663,293204.34,293235.66,1252.29,1616.05,no,yes
8358,0.740385,0.45907510,0.010471,293525.85,293500.33,2395.21,2477.18,no,yes
8359,0.961934,0.33609558,0.013604,293756.41,293713.51,3617.31,2609.46,no,yes
8360,0.261545,0.79367495,0.003699,293296.82,293286.52,2967.66,2591.83,no,yes
8361,1.129594,0.25866097,0.015975,293665.32,293641.13,1538.87,1489.08,no,yes
8362,0.782043,0.43420017,0.011060,293425.09,293401.06,2575.25,1677.44,no,yes
8363,0.213050,0.83129031,0.003013,293221.80,293215.08,2236.41,2224.41,no,yes
8364,0.170212,0.86484502,0.002407,293470.45,293466.90,1484.84,1469.64,no,yes
8365,0.238840,0.81123189,0.003378,293621.30,293609.04,3738.41,3519.53,no,yes
8366,0.393672,0.69382720,0.005567,301282.27,301275.96,1161.13,1104.96,no,yes
8367,1.487584,0.13687633,0.021038,293374.89,293350.15,1181.32,1169.85,no,yes
8368,0.562475,0.57379885,0.007955,293239.03,293224.74,1965.85,1609.62,no,yes
8369,0.366311,0.71413710,0.005180,293344.50,293323.89,4152.35,3796.74,no,yes
8370,1.408862,0.15889166,0.019924,293235.88,293207.51,1409.39,1437.66,no,yes
8371,-1.122245,0.26177283,-0.015871,293804.25,293860.02,3010.12,3954.21,no,yes
8372,0.610713,0.54139631,0.008637,293602.65,293579.81,2772.63,2510.16,no,yes
8373,-0.902897,0.36659183,-0.012769,293372.59,293389.49,1177.08,1454.49,no,yes
8374,0.025415,0.97972414,0.000359,293496.51,293495.32,3290.64,3339.24,no,yes
8375,-0.512056,0.60861824,-0.007242,295073.85,295097.37,2471.51,3873.07,no,yes
8376,0.194030,0.84615443,0.002744,302371.03,302360.45,3774.63,3931.07,no,yes
8377,0.006316,0.99496101,0.000089,296417.38,296417.20,2167.49,1998.58,no,yes
8378,0.555332,0.57867409,0.007854,293663.90,293652.57,1453.93,1433.68,no,yes
8379,0.404589,0.68578393,0.005722,293201.64,293195.74,1005.86,1058.60,no,yes
8380,-0.197473,0.84345965,-0.002793,293354.61,293363.22,3038.07,3125.77,no,yes
8381,0.388657,0.69753421,0.005496,293415.76,293406.45,1838.45,1537.28,no,yes
8382,-0.261930,0.79337782,-0.003704,293333.63,293340.31,1628.40,1963.28,no,yes
8383,-0.668262,0.50397410,-0.009451,302588.15,302603.72,1485.37,1794.96,no,yes
8384,-1.116906,0.26404832,-0.015795,293469.21,293531.22,3617.26,4211.82,no,yes
8385,0.758760,0.44800543,0.010730,293244.21,293222.26,2176.37,1904.46,no,yes
8386,0.608161,0.54308744,0.008601,293448.67,293436.58,1478.67,1328.90,no,yes
8387,0.059226,0.95277272,0.000838,293402.65,293401.84,1046.61,874.59,no,yes
8388,-1.611816,0.10702004,-0.022795,293215.16,293259.17,1529.98,2261.02,no,yes
8389,0.173357,0.86237291,0.002452,293250.27,293248.09,935.14,839.99,no,yes
8390,-0.071704,0.94283810,-0.001014,293656.22,293663.82,7463.63,7519.76,no,yes
8391,-0.392425,0.69474830,-0.005550,293448.65,293473.43,4452.03,4478.17,no,yes
8392,0.580656,0.56147892,0.008212,293257.69,293238.35,2558.47,2132.31,no,yes
8393,-0.334196,0.73823520,-0.004726,293446.53,293458.09,2220.84,2653.01,no,yes
8394,-0.201004,0.84069785,-0.002843,293554.79,293573.19,6453.92,6486.99,no,yes
8395,0.079343,0.93676053,0.001122,293458.19,293453.90,4160.34,3459.53,no,yes
8396,-0.270339,0.78690235,-0.003823,293258.47,293271.94,3325.91,3713.49,no,yes
8397,-0.836121,0.40309696,-0.011825,293177.98,293207.40,2666.38,2295.94,no,yes
8398,0.855710,0.39216930,0.012102,293396.71,293371.61,1775.59,2335.40,no,yes
8399,0.064964,0.94820309,0.000919,293433.26,293432.34,1038.74,978.58,no,yes
8400,0.049677,0.96038004,0.000703,293479.37,293477.72,2195.39,2502.08,no,yes
8401,-0.367508,0.71324370,-0.005197,293558.02,293574.57,3275.91,3092.46,no,yes
8402,0.168564,0.86614122,0.002384,301190.29,301183.68,3025.62,2499.93,no,yes
8403,1.789225,0.07359504,0.025303,293315.92,293260.96,2464.32,1833.68,no,yes
8404,0.973104,0.33051326,0.013762,293384.52,293353.23,2328.30,2218.59,no,yes
8405,0.454681,0.64934359,0.006430,293506.13,293492.45,1888.36,2340.98,no,yes
8406,0.795934,0.42608114,0.011256,293601.59,293562.90,4031.27,2715.93,no,yes
8407,1.247600,0.21219211,0.017644,293414.52,293392.30,1243.63,1275.23,no,yes
8408,-0.359567,0.71917459,-0.005085,302645.52,302654.45,1660.86,1845.85,no,yes
8409,0.149951,0.88080482,0.002121,293677.40,293667.60,4657.79,4590.46,no,yes
8410,-0.171273,0.86401073,-0.002422,293425.42,293429.52,1474.07,1887.26,no,yes
8411,-0.600447,0.54821502,-0.008492,293859.19,293921.31,6790.74,7806.41,no,yes
8412,-0.047174,0.96237467,-0.000667,298491.10,298493.12,3022.88,3021.66,no,yes
8413,-0.169929,0.86506810,-0.002403,293411.46,293416.86,2034.93,2447.08,no,yes
8414,0.634755,0.52559712,0.008977,293284.77,293271.77,1779.13,1014.77,no,yes
8415,0.845248,0.39798300,0.011954,293438.58,293409.46,2686.37,2157.86,no,yes
8416,1.099686,0.27148227,0.015552,301118.53,301085.51,2268.15,1967.23,no,yes
8417,1.084518,0.27814893,0.015337,293340.56,293324.03,1187.86,954.71,no,yes
8418,0.259836,0.79499353,0.003675,293487.22,293479.09,2749.50,1497.90,no,yes
8419,0.542220,0.58767307,0.007668,302316.89,302284.48,4511.96,3918.95,no,yes
8420,-0.283954,0.77644882,-0.004016,293259.71,293268.41,1961.33,2352.64,no,yes
8421,0.167129,0.86727016,0.002364,293303.87,293301.25,1144.27,1071.01,no,yes
8422,-0.283070,0.77712637,-0.004003,293460.28,293475.21,3655.44,3802.57,no,yes
8423,-0.543719,0.58664078,-0.007689,293407.54,293423.99,1952.13,2311.67,no,yes
8424,-1.142372,0.25331508,-0.016156,293216.65,293237.12,981.98,1498.83,no,yes
8425,0.284613,0.77594341,0.004025,293284.86,293268.81,4371.21,3561.50,no,yes
8426,1.176669,0.23934606,0.016641,293628.73,293573.50,4133.78,2224.17,no,yes
8427,0.163485,0.87013796,0.002312,293335.28,293330.64,1763.48,2220.46,no,yes
8428,0.928401,0.35321110,0.013130,293340.01,293325.87,1117.23,1035.72,no,yes
8429,-0.736326,0.46154086,-0.010413,293318.16,293327.58,849.03,956.42,no,yes
8430,0.245217,0.80629170,0.003468,293601.10,293593.90,2452.83,1613.94,no,yes
8431,0.132549,0.89455151,0.001875,293426.18,293424.36,1007.40,932.00,no,yes
8432,0.030002,0.97606605,0.000424,293621.10,293618.16,7057.31,6797.37,no,yes
8433,0.619894,0.53533545,0.008767,293415.82,293384.08,4069.81,3108.17,no,yes
8434,0.094720,0.92453832,0.001340,293424.09,293422.70,1096.10,978.75,no,yes
8435,0.612239,0.54038692,0.008658,293484.87,293467.41,2229.84,1778.19,no,yes
8436,0.100621,0.91985254,0.001423,293365.73,293362.58,2185.73,2244.27,no,yes
8437,-1.306705,0.19133139,-0.018480,293544.52,293608.51,2521.99,4197.34,no,yes
8438,-1.353553,0.17589682,-0.019142,293790.13,293840.76,2027.03,3143.85,no,yes
8439,0.577837,0.56338144,0.008172,293262.89,293248.35,2104.09,1381.56,no,yes
8440,0.496250,0.61972389,0.007018,293607.70,293598.45,1442.03,1181.66,no,yes
8441,0.232386,0.81624049,0.003286,293241.96,293238.21,1086.94,1195.74,no,yes
8442,-0.868086,0.38536042,-0.012277,293196.63,293217.24,1165.37,2067.61,no,yes
8443,1.987932,0.04684245,0.028114,293351.72,293268.40,4021.55,1181.03,yes,yes
8444,-0.960718,0.33670787,-0.013587,293220.85,293246.54,1402.08,2276.80,no,yes
8445,-0.968043,0.33303470,-0.013690,293549.80,293563.68,957.42,1066.98,no,yes
8446,0.953054,0.34057506,0.013478,293464.95,293415.39,4142.22,3143.58,no,yes
8447,-0.892070,0.37236847,-0.012616,293673.48,293716.29,2510.78,4088.97,no,yes
8448,-0.502213,0.61552304,-0.007102,293544.58,293551.09,873.12,959.85,no,yes
8449,0.478049,0.63262073,0.006761,293887.65,293840.11,7495.14,6536.04,no,yes
8450,1.480611,0.13873141,0.020939,293281.50,293213.24,4098.95,2110.42,no,yes
8451,0.046515,0.96290005,0.000658,293294.35,293292.18,3228.67,3373.92,no,yes
8452,0.024965,0.98008327,0.000353,293649.92,293649.18,2248.97,1936.44,no,yes
8453,0.037159,0.97035838,0.000526,293630.97,293627.68,6324.72,6214.57,no,yes
8454,0.331546,0.74023538,0.004689,293445.64,293440.17,1231.34,1097.45,no,yes
8455,0.662483,0.50766959,0.009369,293425.23,293416.05,1093.05,850.59,no,yes
8456,1.462421,0.14364172,0.020682,293438.11,293417.36,1020.92,985.45,no,yes
8457,-0.342461,0.73200791,-0.004843,293291.11,293309.08,3391.52,4000.92,no,yes
8458,1.979562,0.04776797,0.027995,293450.35,293415.03,1453.30,1035.36,yes,yes
8459,0.742473,0.45781272,0.010500,293254.93,293223.75,3734.25,1919.59,no,yes
8460,-0.145212,0.88454463,-0.002054,293541.61,293549.19,3894.74,3483.20,no,yes
8461,0.542777,0.58729007,0.007676,293499.98,293483.65,2407.01,1805.20,no,yes
8462,0.257513,0.79678534,0.003642,293502.68,293490.20,3493.82,3357.00,no,yes
8463,-0.782688,0.43381998,-0.011069,293335.14,293347.15,945.68,1209.09,no,yes
8464,-0.766403,0.44344689,-0.010839,294061.88,294074.65,911.33,1395.93,no,yes
8465,0.853809,0.39322138,0.012075,293591.61,293553.91,3466.52,2733.90,no,yes
8466,-0.809544,0.41821208,-0.011449,293477.55,293489.33,959.36,1093.37,no,yes
8467,-0.076348,0.93914281,-0.001080,293432.15,293433.19,998.02,924.01,no,yes
8468,-1.156695,0.24741387,-0.016358,293528.10,293551.57,1049.99,1736.74,no,yes
8469,0.746916,0.45512379,0.010563,293504.23,293478.90,2669.04,2092.48,no,yes
8470,0.912911,0.36130080,0.012911,293208.41,293194.66,1179.06,938.16,no,yes
8471,-0.027798,0.97782334,-0.000393,296256.45,296257.09,1494.39,1776.86,no,yes
8472,0.391862,0.69516420,0.005542,293482.64,293465.98,3229.97,2763.53,no,yes
8473,0.020295,0.98380817,0.000287,293292.50,293291.50,3142.96,3803.06,no,yes
8474,0.134394,0.89309235,0.001901,301076.73,301074.58,1065.83,1198.70,no,yes
8475,-0.559378,0.57590988,-0.007911,293251.59,293268.72,2072.58,2253.42,no,yes
8476,-0.650086,0.51564440,-0.009194,293441.15,293473.49,3100.47,3890.39,no,yes
8477,0.733652,0.46316937,0.010375,293396.79,293377.86,1708.48,1933.00,no,yes
8478,0.495778,0.62005710,0.007011,293417.61,293398.14,3189.65,2293.87,no,yes
8479,0.420240,0.67431478,0.005943,293479.01,293457.58,3871.92,3316.11,no,yes
8480,-0.596968,0.55053548,-0.008442,293298.02,293311.40,1502.84,1663.30,no,yes
8481,0.667612,0.50438922,0.009441,293391.69,293373.95,2025.24,1720.89,no,yes
8482,-0.177202,0.85935173,-0.002506,293443.97,293448.34,1775.57,1717.63,no,yes
8483,-1.763675,0.07780242,-0.024942,293511.55,293535.70,877.11,1051.41,no,yes
8484,-1.659223,0.09708702,-0.023465,293435.95,293458.66,885.58,1044.11,no,yes
8485,0.112341,0.91055424,0.001589,293675.16,293668.79,3593.78,4383.62,no,yes
8486,-0.467228,0.64034212,-0.006608,293233.72,293241.36,1094.86,1214.96,no,yes
8487,0.012646,0.98991032,0.000179,293406.03,293405.42,3043.97,3678.49,no,yes
8488,-0.192979,0.84697763,-0.002729,293632.18,293635.57,1134.78,1337.56,no,yes
8489,-0.144915,0.88477924,-0.002049,293440.53,293447.14,3105.32,3342.99,no,yes
8490,0.721406,0.47066844,0.010202,293237.95,293218.72,1734.94,2023.44,no,yes
8491,0.856680,0.39163355,0.012115,293359.97,293322.75,3591.88,2444.46,no,yes
8492,-0.615909,0.53796139,-0.008710,293198.17,293207.80,1078.37,1130.70,no,yes
8493,-0.504107,0.61419157,-0.007129,293686.99,293717.13,3959.77,4478.57,no,yes
8494,-0.823330,0.41033010,-0.011644,293487.16,293498.07,909.58,963.19,no,yes
8495,-0.633876,0.52616926,-0.008964,293298.77,293325.62,2586.99,3353.70,no,yes
8496,-0.067439,0.94623288,-0.000954,293288.38,293291.36,2893.31,3333.57,no,yes
8497,0.253867,0.79960074,0.003590,293429.56,293418.83,2963.18,3011.90,no,yes
8498,0.342526,0.73195856,0.004844,293459.21,293443.91,3253.00,3064.98,no,yes
8499,-0.536830,0.59139119,-0.007592,293597.18,293620.66,2736.07,3413.46,no,yes
8500,0.231520,0.81691284,0.003274,293439.92,293436.10,1198.62,1133.44,no,yes
8501,-0.760560,0.44692999,-0.010756,293230.99,293258.21,2031.14,2947.00,no,yes
8502,-0.065233,0.94798907,-0.000923,293544.77,293546.83,1598.87,2736.37,no,yes
8503,0.936296,0.34913714,0.013241,293287.03,293240.76,4508.80,2024.14,no,yes
8504,-0.722262,0.47014281,-0.010214,293511.53,293547.56,2892.82,4063.90,no,yes
8505,-0.291698,0.77052079,-0.004125,293510.12,293514.68,1042.74,1166.43,no,yes
8506,-0.515125,0.60647187,-0.007285,293284.64,293312.13,3373.17,4135.83,no,yes
8507,0.880959,0.37835094,0.012459,293485.87,293447.53,3285.70,2854.00,no,yes
8508,0.292998,0.76952706,0.004144,293283.85,293272.92,2815.84,2446.00,no,yes
8509,0.610036,0.54184598,0.008627,293365.57,293351.34,1918.71,1324.88,no,yes
8510,0.509408,0.61047372,0.007204,293594.57,293581.63,2256.74,1165.83,no,yes
8511,-0.518702,0.60397442,-0.007336,293395.95,293405.54,1344.49,1269.93,no,yes
8512,0.553290,0.58007088,0.007825,293691.98,293681.03,1416.12,1384.03,no,yes
8513,-0.384388,0.70069473,-0.005436,293341.57,293351.62,1885.66,1813.62,no,yes
8514,0.192204,0.84758464,0.002718,293253.06,293244.89,2965.09,3048.16,no,yes
8515,-0.525744,0.59907235,-0.007435,293446.04,293466.44,2529.74,2941.14,no,yes
8516,0.134909,0.89268514,0.001908,309383.85,309164.33,115896.22,114208.25,no,yes
8517,-0.315259,0.75256892,-0.004458,293210.96,293217.74,1197.28,1784.84,no,yes
8518,0.846775,0.39713104,0.011975,293289.29,293263.67,2371.91,1878.37,no,yes
8519,-0.112470,0.91045198,-0.001591,293440.38,293442.60,1334.73,1458.39,no,yes
8520,-0.285276,0.77543633,-0.004034,293263.36,293276.42,2595.44,3768.91,no,yes
8521,0.346215,0.72918516,0.004896,293324.92,293320.19,933.66,997.00,no,yes
8522,-0.181327,0.85611294,-0.002564,293316.07,293320.10,1185.71,1881.68,no,yes
8523,1.374580,0.16927960,0.019439,293501.86,293474.02,1693.00,1111.61,no,yes
8524,0.890661,0.37312156,0.012596,293257.36,293233.56,1950.30,1826.88,no,yes
8525,-0.521734,0.60186198,-0.007378,293279.96,293307.52,3266.94,4151.92,no,yes
8526,-1.174233,0.24031579,-0.016606,293359.49,293379.69,1179.30,1251.82,no,yes
8527,-0.193082,0.84689686,-0.002731,293369.98,293373.47,1479.69,1041.88,no,yes
8528,0.214878,0.82986427,0.003039,293278.14,293268.15,3179.57,3394.49,no,yes
8529,0.409415,0.68223940,0.005790,293175.86,293170.40,911.77,971.87,no,yes
8530,-0.584610,0.55881710,-0.008268,293504.41,293515.31,1125.93,1485.30,no,yes
8531,0.688785,0.49097007,0.009741,293264.87,293237.40,3657.47,1589.90,no,yes
8532,-0.931044,0.35184314,-0.013167,293720.23,293738.50,1126.10,1607.51,no,yes
8533,-0.673900,0.50038698,-0.009530,293444.25,293462.87,1005.09,2573.89,no,yes
8534,-0.286048,0.77484435,-0.004045,293282.38,293291.72,2103.21,2498.55,no,yes
8535,1.215077,0.22435186,0.017184,293788.10,293764.97,1504.31,1166.29,no,yes
8536,0.917138,0.35908173,0.012970,293389.48,293373.82,1301.79,1105.78,no,yes
8537,-0.536507,0.59161430,-0.007587,293558.21,293569.48,1277.33,1667.27,no,yes
8538,0.838680,0.40166121,0.011861,293464.36,293441.56,2356.46,1356.87,no,yes
8539,1.399557,0.16166198,0.019793,293256.49,293231.89,1344.61,1131.56,no,yes
8540,0.399420,0.68958864,0.005649,293596.48,293584.08,2455.23,1897.62,no,yes
8541,0.639688,0.52238299,0.009047,293619.32,293599.30,2284.02,2139.35,no,yes
8542,-0.144992,0.88471856,-0.002050,293519.45,293524.33,2166.57,2577.89,no,yes
8543,-0.772906,0.43958688,-0.010931,293311.91,293321.60,869.76,902.80,no,yes
8544,-0.481753,0.62998678,-0.006813,361906.74,361921.03,2060.47,2135.62,no,yes
8545,1.073925,0.28287162,0.015188,391046.87,391013.65,2603.57,1670.00,no,yes
8546,-1.264550,0.20604787,-0.017883,293354.98,293404.34,2531.77,2971.20,no,yes
8547,-0.022940,0.98169853,-0.000324,293180.28,293180.83,1778.86,1656.51,no,yes
8548,0.592891,0.55326093,0.008385,293416.27,293407.06,1222.24,959.93,no,yes
8549,-0.103305,0.91772188,-0.001461,293369.53,293372.16,1779.35,1821.75,no,yes
8550,-0.889118,0.37395084,-0.012574,293405.14,293423.47,1335.91,1569.67,no,yes
8551,-0.195336,0.84513155,-0.002762,293328.38,293330.89,908.89,908.61,no,yes
8552,0.283463,0.77682561,0.004009,293554.13,293548.09,1881.13,998.84,no,yes
8553,0.030156,0.97594324,0.000426,293451.02,293449.86,2886.61,2521.95,no,yes
8554,0.941620,0.34640111,0.013317,293325.40,293306.44,1716.06,1053.36,no,yes
8555,0.338454,0.73502477,0.004786,293397.38,293387.51,2011.60,2112.39,no,yes
8556,-0.271969,0.78564891,-0.003846,293355.41,293361.02,1260.85,1636.61,no,yes
8557,1.243325,0.21376282,0.017583,293808.02,293785.57,1357.30,1190.57,no,yes
8558,-2.690586,0.00713922,-0.038051,293527.62,293564.32,791.85,1110.61,yes,yes
8559,1.439510,0.15002182,0.020358,293247.75,293225.92,1105.80,1037.71,no,yes
8560,-0.068722,0.94521185,-0.000972,293585.68,293587.37,1658.05,1809.08,no,yes
8561,-1.374827,0.16920182,-0.019443,293233.18,293277.56,1909.13,2603.64,no,yes
8562,0.237879,0.81197788,0.003364,293488.69,293478.56,3436.60,2510.69,no,yes
8563,-0.577787,0.56341474,-0.008171,293521.60,293564.45,4623.75,5798.22,no,yes
8564,-0.127878,0.89824681,-0.001808,293311.45,293318.95,3660.39,4580.90,no,yes
8565,0.715046,0.47458894,0.010112,293430.79,293409.18,2097.91,2175.65,no,yes
8566,0.333638,0.73865611,0.004718,293597.92,293587.09,2502.57,2068.88,no,yes
8567,0.848361,0.39624829,0.011998,293491.18,293454.56,3548.59,2456.47,no,yes
8568,0.682788,0.49474964,0.009656,293640.93,293620.16,2486.77,1753.13,no,yes
8569,0.969735,0.33219094,0.013714,293572.96,293549.25,1895.27,1545.55,no,yes
8570,0.206267,0.83658428,0.002917,293352.62,293341.56,3648.21,3928.03,no,yes
8571,-1.018698,0.30836565,-0.014407,293264.98,293292.84,961.46,2561.02,no,yes
8572,-0.776389,0.43752941,-0.010980,303252.64,303273.17,1512.50,2169.47,no,yes
8573,0.286846,0.77423334,0.004057,293468.43,293461.46,1834.85,1596.34,no,yes
8574,1.298034,0.19429062,0.018357,293378.44,293357.07,1152.61,1174.65,no,yes
8575,1.103407,0.26986391,0.015605,293268.63,293253.48,973.85,968.03,no,yes
8576,-0.451033,0.65197081,-0.006379,293418.64,293443.35,3716.37,4025.32,no,yes
8577,0.162655,0.87079187,0.002300,293760.90,293758.35,1093.75,1122.66,no,yes
8578,0.139896,0.88874335,0.001978,293499.99,293493.44,3152.38,3462.46,no,yes
8579,-0.561560,0.57442192,-0.007942,293470.99,293495.45,2964.49,3192.47,no,yes
8580,0.519595,0.60335170,0.007348,293228.96,293221.30,1155.20,915.11,no,yes
8581,-1.271163,0.20368969,-0.017977,293318.91,293384.20,2450.19,4514.44,no,yes
8582,-0.387865,0.69812012,-0.005485,293587.78,293608.35,3383.48,4083.87,no,yes
8583,-0.668622,0.50374484,-0.009456,293306.97,293337.41,2681.80,3679.43,no,yes
8584,-1.849240,0.06444325,-0.026152,293317.44,293371.46,1298.28,2616.86,no,yes
8585,-0.451477,0.65165056,-0.006385,293553.92,293564.76,1764.15,1627.41,no,yes
8586,0.773205,0.43941066,0.010935,293578.03,293516.70,6313.74,4802.00,no,yes
8587,-0.980952,0.32662885,-0.013873,293714.35,293742.51,1748.70,2275.87,no,yes
8588,-0.261246,0.79390530,-0.003695,293494.69,293499.92,1335.27,1492.40,no,yes
8589,0.445105,0.65624997,0.006295,293296.52,293286.61,1888.24,1178.05,no,yes
8590,0.811544,0.41706344,0.011477,293580.68,293567.37,1271.41,1036.75,no,yes
8591,-0.578213,0.56312785,-0.008177,293273.54,293295.11,2087.06,3091.99,no,yes
8592,0.663124,0.50725955,0.009378,293420.61,293408.58,1489.41,1035.68,no,yes
8593,-0.772878,0.43960428,-0.010930,293489.02,293514.42,2031.85,2581.84,no,yes
8594,1.862318,0.06257706,0.026337,293454.26,293415.28,1833.26,1010.11,no,yes
8595,0.955235,0.33947108,0.013509,293296.90,293275.56,1399.82,1741.40,no,yes
8596,0.201363,0.84041695,0.002848,293785.89,293767.73,6500.28,6249.23,no,yes
8597,0.345733,0.72954703,0.004889,293458.82,293449.19,2042.97,1892.04,no,yes
8598,-0.256033,0.79792823,-0.003621,293548.60,293554.45,1474.04,1742.07,no,yes
8599,-0.549421,0.58272267,-0.007770,293538.42,293558.94,2329.06,2919.07,no,yes
8600,1.295845,0.19504397,0.018326,293566.86,293536.00,1653.18,1714.71,no,yes
8601,-0.417249,0.67650097,-0.005901,293274.51,293298.15,3989.08,4021.81,no,yes
8602,-0.647386,0.51739004,-0.009155,293546.84,293557.81,1043.07,1335.15,no,yes
8603,-0.416893,0.67676231,-0.005896,293389.35,293406.02,2066.50,3424.96,no,yes
8604,0.325556,0.74476337,0.004604,305939.56,305920.34,4360.56,3981.18,no,yes
8605,-0.441875,0.65858478,-0.006249,293633.49,293657.29,3121.56,4389.82,no,yes
8606,1.448923,0.14738177,0.020491,293706.79,293646.37,3814.73,1684.30,no,yes
8607,1.107618,0.26804188,0.015664,294504.64,294462.25,3177.48,2133.26,no,yes
8608,0.220354,0.82559769,0.003116,293262.48,293257.91,1553.63,1370.82,no,yes
8609,-0.472247,0.63675599,-0.006679,293387.15,293433.29,6660.04,7147.25,no,yes
8610,0.826095,0.40876044,0.011683,293312.89,293286.03,2176.39,2414.16,no,yes
8611,-0.603700,0.54605070,-0.008538,305844.98,305857.10,1662.66,1124.21,no,yes
8612,-1.603456,0.10885879,-0.022676,293359.94,293430.87,1558.69,4139.64,no,yes
8613,-0.254620,0.79901905,-0.003601,293293.28,293299.43,1744.94,1668.14,no,yes
8614,0.237427,0.81232818,0.003358,293305.30,293292.39,3997.95,3685.75,no,yes
8615,-0.002614,0.99791456,-0.000037,293560.88,293560.94,1749.91,1799.16,no,yes
8616,0.721077,0.47087059,0.010198,293313.46,293294.86,1891.79,1753.41,no,yes
8617,0.484286,0.62818837,0.006849,293266.37,293246.95,3216.64,2395.51,no,yes
8618,-2.070504,0.03842831,-0.029281,293227.81,293322.57,1029.81,4459.19,yes,yes
8619,-0.766810,0.44320497,-0.010844,293458.43,293490.38,2304.92,3470.45,no,yes
8620,1.005392,0.31472034,0.014218,293355.22,293339.55,1071.99,1131.35,no,yes
8621,-0.350986,0.72560248,-0.004964,293292.49,293308.03,2853.44,3383.71,no,yes
8622,0.005212,0.99584129,0.000074,293446.43,293446.31,1841.67,1450.80,no,yes
8623,0.418365,0.67568540,0.005917,293361.31,293352.64,1184.47,1699.79,no,yes
8624,-0.207589,0.83555237,-0.002936,293797.70,293808.35,3641.22,3612.35,no,yes
8625,0.460980,0.64481804,0.006519,293467.60,293458.57,1429.33,1341.21,no,yes
8626,0.281463,0.77835819,0.003980,293323.80,293317.11,1683.50,1681.46,no,yes
8627,0.116103,0.90757237,0.001642,293558.78,293556.88,1155.03,1158.45,no,yes
8628,-0.169215,0.86562901,-0.002393,293326.28,293334.91,3679.82,3527.65,no,yes
8629,-1.487227,0.13697294,-0.021033,293331.21,293355.14,890.05,1340.59,no,yes
8630,-0.524853,0.59969102,-0.007423,293444.78,293461.51,2191.38,2315.24,no,yes
8631,-0.553834,0.57969874,-0.007832,293335.84,293344.63,1082.52,1161.59,no,yes
8632,0.926967,0.35395584,0.013109,293415.32,293384.24,2677.27,2017.26,no,yes
8633,-0.424963,0.67086835,-0.006010,293522.34,293547.78,4125.26,4338.93,no,yes
8634,-0.066766,0.94676890,-0.000944,293504.50,293506.13,1677.97,1776.43,no,yes
8635,0.377184,0.70604064,0.005334,293271.09,293253.89,3349.10,3095.24,no,yes
8636,-0.294624,0.76828487,-0.004167,293577.55,293589.09,2184.78,3249.50,no,yes
8637,0.060976,0.95137868,0.000862,293227.90,293226.68,1217.82,1596.74,no,yes
8638,1.856624,0.06338205,0.026257,293445.04,293407.53,1709.57,1076.93,no,yes
8639,0.483444,0.62878873,0.006837,303176.70,303164.46,2351.39,935.97,no,yes
8640,0.487750,0.62573248,0.006898,293463.10,293455.24,1240.85,1027.16,no,yes
8641,1.724694,0.08459973,0.024391,300977.59,300948.11,1391.45,993.11,no,yes
8642,-0.525771,0.59905351,-0.007436,293738.92,293765.28,3434.49,3651.28,no,yes
8643,-0.107195,0.91463509,-0.001516,293444.27,293449.03,3165.99,3107.07,no,yes
8644,0.224049,0.82272162,0.003169,293178.47,293175.67,921.82,838.21,no,yes
8645,-0.260368,0.79458263,-0.003682,293588.95,293602.48,3136.16,4145.45,no,yes
8646,0.624376,0.53238801,0.008830,301176.70,301166.07,1261.56,1142.37,no,yes
8647,0.010061,0.99197262,0.000142,293781.13,293780.24,6156.93,6323.88,no,yes
8648,1.544696,0.12244317,0.021845,293298.81,293221.04,4632.50,1970.96,no,yes
8649,-0.512873,0.60804677,-0.007253,293474.51,293519.27,4587.59,7424.68,no,yes
8650,-0.567812,0.57016941,-0.008030,293329.35,293353.72,2795.26,3257.29,no,yes
8651,0.209177,0.83431290,0.002958,293629.60,293624.54,1316.23,2029.00,no,yes
8652,-0.875667,0.38122247,-0.012384,293399.11,293425.79,1870.34,2405.16,no,yes
8653,0.561084,0.57474726,0.007935,293260.87,293237.73,3380.91,2360.54,no,yes
8654,0.324962,0.74521326,0.004596,293206.71,293201.03,1197.96,1276.14,no,yes
8655,0.144796,0.88487326,0.002048,293688.96,293685.05,1835.28,1981.57,no,yes
8656,-0.152245,0.87899544,-0.002153,293432.76,293442.58,4395.91,4722.44,no,yes
8657,-0.407060,0.68396821,-0.005757,293388.88,293400.27,1861.58,2091.31,no,yes
8658,0.643290,0.52004347,0.009097,293548.94,293533.01,1729.11,1772.10,no,yes
8659,-0.903322,0.36636880,-0.012775,293178.66,293197.74,1061.79,1826.62,no,yes
8660,-0.927419,0.35372096,-0.013116,293598.68,293621.41,1535.62,1910.40,no,yes
8661,-0.098327,0.92167382,-0.001391,293287.05,293288.33,937.83,896.96,no,yes
8662,0.796973,0.42548135,0.011271,293209.14,293188.69,2384.72,945.64,no,yes
8663,-0.244007,0.80722840,-0.003451,293329.73,293335.59,1495.60,1880.81,no,yes
8664,0.761759,0.44621288,0.010773,293429.91,293409.46,1795.55,1995.93,no,yes
8665,0.380246,0.70376693,0.005377,293509.09,293488.38,3940.09,3759.22,no,yes
8666,-0.488130,0.62546543,-0.006903,293564.97,293578.73,1171.73,2565.39,no,yes
8667,-0.419243,0.67504331,-0.005929,293611.34,293634.89,3644.45,4274.73,no,yes
8668,-0.167908,0.86665751,-0.002375,293673.56,293690.06,6775.16,7117.43,no,yes
8669,0.561513,0.57445423,0.007941,301316.45,301308.42,1077.30,941.87,no,yes
8670,1.067866,0.28559815,0.015102,293260.86,293239.39,1790.60,914.82,no,yes
8671,-0.462079,0.64402956,-0.006535,293490.27,293497.51,1016.99,1192.50,no,yes
8672,-0.033610,0.97318880,-0.000475,293546.66,293549.59,6118.85,6212.92,no,yes
8673,-1.031616,0.30226735,-0.014589,293567.32,293595.07,1364.34,2318.85,no,yes
8674,-1.027229,0.30432990,-0.014527,294754.41,294793.13,1637.26,3395.30,no,yes
8675,0.396653,0.69162765,0.005610,293248.60,293230.74,3444.76,2902.15,no,yes
8676,-0.250868,0.80191863,-0.003548,293429.62,293434.79,1401.45,1511.94,no,yes
8677,-0.650406,0.51543794,-0.009198,293267.00,293302.15,3182.89,4367.66,no,yes
8678,1.268660,0.20458239,0.017942,293535.66,293494.80,2883.20,1436.18,no,yes
8679,-0.606695,0.54406071,-0.008580,293317.55,293326.51,935.94,1141.20,no,yes
8680,-0.368440,0.71254892,-0.005211,293468.77,293479.30,1967.30,2075.15,no,yes
8681,-0.122282,0.90267722,-0.001729,293387.62,293389.64,1186.02,1156.32,no,yes
8682,1.974515,0.04834360,0.027924,303886.39,303829.42,2655.16,1129.31,yes,yes
8683,0.161686,0.87155482,0.002287,293427.16,293423.95,1440.48,1367.74,no,yes
8684,0.010528,0.99160024,0.000149,293247.88,293247.51,2481.45,2499.50,no,yes
8685,-0.066426,0.94703958,-0.000939,293553.13,293559.00,6102.49,6396.07,no,yes
8686,-0.151080,0.87991425,-0.002137,293361.64,293368.74,3283.96,3358.81,no,yes
8687,0.584397,0.55895953,0.008265,293411.79,293392.85,2234.41,2346.77,no,yes
8688,-0.821438,0.41140693,-0.011617,293497.66,293513.80,1234.58,1528.81,no,yes
8689,0.186333,0.85218551,0.002635,293474.44,293470.54,1480.18,1479.20,no,yes
8690,0.924089,0.35545302,0.013069,293307.04,293269.06,3420.44,2279.19,no,yes
8691,0.319966,0.74899740,0.004525,293610.09,293594.54,3470.18,3405.04,no,yes
8692,2.091342,0.03651295,0.029576,299108.44,299041.94,2741.00,1611.90,yes,yes
8693,-1.237878,0.21577728,-0.017506,293334.23,293355.97,1033.17,1420.06,no,yes
8694,0.288245,0.77316223,0.004076,293400.05,293392.80,1524.91,2002.73,no,yes
8695,-2.287226,0.02219399,-0.032346,293192.57,293231.09,993.69,1359.33,yes,yes
8696,-0.382261,0.70227213,-0.005406,293605.74,293618.42,2067.36,2594.67,no,yes
8697,-0.103850,0.91728921,-0.001469,293437.14,293439.71,1694.64,1796.44,no,yes
8698,0.241148,0.80944269,0.003410,293374.42,293364.25,3220.41,2727.76,no,yes
8699,0.140411,0.88833649,0.001986,361889.80,361884.97,2514.71,2354.77,no,yes
8700,0.570267,0.56850406,0.008065,293396.05,293370.77,3649.64,2515.36,no,yes
8701,-0.196723,0.84404650,-0.002782,293586.25,293596.20,3419.69,3721.74,no,yes
8702,0.180078,0.85709318,0.002547,293451.21,293442.17,3545.10,3554.23,no,yes
8703,0.272358,0.78534981,0.003852,293280.11,293268.24,2844.66,3302.67,no,yes
8704,0.308600,0.75762899,0.004364,293458.68,293454.24,1073.93,958.65,no,yes
8705,0.729548,0.46567693,0.010317,293573.99,293557.83,1915.62,1111.62,no,yes
8706,0.262759,0.79273873,0.003716,293330.45,293318.74,3293.58,2999.25,no,yes
8707,0.141773,0.88726095,0.002005,293491.84,293485.67,3275.44,2866.46,no,yes
8708,0.541764,0.58798700,0.007662,293409.55,293401.53,1083.22,1009.59,no,yes
8709,-0.259557,0.79520938,-0.003671,293593.88,293601.71,1319.25,2712.96,no,yes
8710,-0.645708,0.51847862,-0.009132,293433.10,293456.71,1656.66,3259.66,no,yes
8711,-0.693877,0.48776982,-0.009813,293466.38,293491.90,1723.16,3248.16,no,yes
8712,-0.086301,0.93122814,-0.001220,293196.49,293197.80,1142.57,1004.26,no,yes
8713,0.290345,0.77155561,0.004106,293559.27,293543.23,3769.85,4037.56,no,yes
8714,-0.359184,0.71946154,-0.005080,293442.40,293450.30,1417.28,1679.18,no,yes
8715,0.315907,0.75207732,0.004468,293439.30,293419.16,5387.46,3411.67,no,yes
8716,0.728096,0.46656637,0.010297,293533.01,293518.93,1736.99,848.74,no,yes
8717,-0.274037,0.78405927,-0.003875,293363.41,293367.85,1096.10,1193.38,no,yes
8718,0.528503,0.59715651,0.007474,293303.52,293284.66,2721.58,2309.91,no,yes
8719,0.439071,0.66061504,0.006209,293384.34,293377.39,1168.65,1067.78,no,yes
8720,-0.808882,0.41859433,-0.011439,293938.43,293974.30,2399.66,3728.91,no,yes
8721,1.073286,0.28316303,0.015179,293539.29,293508.44,2680.93,1035.01,no,yes
8722,0.757337,0.44885713,0.010710,293544.91,293532.68,1188.85,1093.04,no,yes
8723,0.402137,0.68758715,0.005687,293937.85,293924.06,2434.61,2417.44,no,yes
8724,0.742406,0.45784993,0.010499,293288.72,293266.80,2173.77,1997.29,no,yes
8725,0.174080,0.86180412,0.002462,293393.71,293388.07,2262.30,2320.36,no,yes
8726,-1.301552,0.19308489,-0.018407,293296.15,293315.59,1000.91,1108.65,no,yes
8727,0.065724,0.94759799,0.000929,293450.86,293448.48,2428.93,2701.94,no,yes
8728,1.009625,0.31268789,0.014278,293361.85,293305.78,4369.26,3426.77,no,yes
8729,0.057647,0.95403021,0.000815,294370.18,294368.63,2117.08,1655.29,no,yes
8730,-0.737369,0.46090695,-0.010428,293474.55,293507.17,3214.19,3039.02,no,yes
8731,1.551685,0.12075411,0.021944,293408.50,293374.35,1711.73,1383.02,no,yes
8732,0.371307,0.71041308,0.005251,293252.40,293239.76,2446.80,2364.86,no,yes
8733,-0.111554,0.91117818,-0.001578,293242.33,293246.09,2343.38,2413.54,no,yes
8734,-0.364338,0.71560938,-0.005153,293246.10,293258.99,2520.17,2481.55,no,yes
8735,-0.355434,0.72226853,-0.005027,293486.34,293497.41,2107.15,2295.81,no,yes
8736,1.705614,0.08809629,0.024121,293603.79,293572.68,1435.22,1125.51,no,yes
8737,0.258238,0.79622615,0.003652,293538.12,293527.49,3072.66,2743.21,no,yes
8738,0.679576,0.49678114,0.009611,293455.89,293437.96,2096.51,1602.94,no,yes
8739,-1.126726,0.25987875,-0.015934,293344.33,293388.35,1480.35,3614.95,no,yes
8740,-0.360245,0.71866806,-0.005095,390804.61,390815.31,1846.71,2326.11,no,yes
8741,0.627712,0.53020023,0.008877,293425.36,293415.09,1330.10,952.70,no,yes
8742,0.822219,0.41096239,0.011628,293421.73,293396.57,1961.85,2348.80,no,yes
8743,-0.321693,0.74768868,-0.004549,293734.71,293745.19,2158.17,2441.52,no,yes
8744,0.072888,0.94189633,0.001031,293311.60,293310.32,1325.84,1163.68,no,yes
8745,0.422768,0.67246881,0.005979,293491.55,293481.44,1644.19,1734.82,no,yes
8746,-0.275586,0.78286908,-0.003897,293663.85,293672.90,1888.11,2687.06,no,yes
8747,1.388991,0.16485723,0.019643,293426.57,293396.80,1939.54,912.89,no,yes
8748,-0.885006,0.37616474,-0.012516,293279.52,293324.51,3122.76,4011.07,no,yes
8749,-0.269947,0.78720387,-0.003818,293568.04,293574.80,1822.62,1717.82,no,yes
8750,-0.015193,0.98787820,-0.000215,293576.53,293577.08,2417.88,2669.36,no,yes
8751,0.006078,0.99515095,0.000086,293560.12,293559.97,1975.39,1460.38,no,yes
8752,-0.317686,0.75072638,-0.004493,293245.38,293255.78,2337.45,2289.79,no,yes
8753,-0.430964,0.66649918,-0.006095,293314.42,293344.33,4413.18,5355.46,no,yes
8754,-1.806045,0.07093044,-0.025541,293364.96,293451.24,2329.66,4170.71,no,yes
8755,0.147342,0.88286370,0.002084,293550.67,293547.54,1782.35,1162.79,no,yes
8756,0.573457,0.56634198,0.008110,293439.26,293424.79,1576.18,1969.64,no,yes
8757,1.495123,0.13490572,0.021144,293542.42,293485.23,3518.28,1500.79,no,yes
8758,-0.154700,0.87705964,-0.002188,293577.07,293581.91,2291.18,2131.51,no,yes
8759,0.157749,0.87465639,0.002231,293253.93,293246.42,3545.84,3179.49,no,yes
8760,0.674887,0.49975569,0.009544,293601.30,293579.66,2420.68,2102.95,no,yes
8761,0.660061,0.50922275,0.009335,293308.63,293290.61,2074.25,1773.87,no,yes
8762,-0.790822,0.42905849,-0.011184,293207.40,293232.52,1779.59,2631.01,no,yes
8763,0.370123,0.71129529,0.005234,293458.86,293448.01,2395.82,1692.70,no,yes
8764,0.208120,0.83513765,0.002943,293473.23,293464.39,3225.71,2768.08,no,yes
8765,0.461289,0.64459664,0.006524,293425.88,293403.39,3759.88,3105.06,no,yes
8766,-0.885501,0.37589718,-0.012523,293549.60,293564.88,1134.02,1300.17,no,yes
8767,0.459615,0.64579787,0.006500,293271.44,293263.39,1261.21,1214.75,no,yes
8768,-0.569054,0.56932649,-0.008048,293337.41,293352.71,1531.93,2209.69,no,yes
8769,-0.211516,0.83248643,-0.002991,293785.25,293804.37,6292.64,6492.64,no,yes
8770,0.276331,0.78229676,0.003908,293657.22,293644.54,3704.84,2706.90,no,yes
8771,1.058088,0.29003176,0.014964,361888.99,361848.81,3310.00,1861.61,no,yes
8772,0.162964,0.87054821,0.002305,293210.16,293207.49,1154.35,1168.11,no,yes
8773,-0.147020,0.88311771,-0.002079,293397.94,293402.60,1635.18,2714.96,no,yes
8774,0.805121,0.42076028,0.011386,293238.90,293205.09,3436.37,2413.50,no,yes
8775,-0.229358,0.81859330,-0.003244,293206.69,293210.64,1301.64,1124.16,no,yes
8776,0.594567,0.55214004,0.008408,293535.20,293523.40,1530.64,1262.83,no,yes
8777,-0.546527,0.58470964,-0.007729,293672.30,293687.72,1917.77,2070.97,no,yes
8778,-1.347158,0.17794484,-0.019052,293279.22,293296.16,837.06,937.74,no,yes
8779,-0.014901,0.98811109,-0.000211,293338.12,293338.35,992.59,1158.24,no,yes
8780,-0.654881,0.51255262,-0.009261,293739.82,293765.64,2443.83,3094.55,no,yes
8781,0.184718,0.85345231,0.002612,293516.94,293509.64,2817.81,2775.80,no,yes
8782,0.656235,0.51168043,0.009281,293370.57,293343.13,3192.85,2698.54,no,yes
8783,0.572844,0.56675777,0.008101,293798.83,293783.43,2206.50,1535.93,no,yes
8784,-1.263211,0.20652812,-0.017865,302828.53,302845.91,957.69,987.46,no,yes
8785,-0.648096,0.51693016,-0.009165,294082.95,294098.71,1811.20,1623.98,no,yes
8786,0.177991,0.85873221,0.002517,293430.47,293426.10,1746.14,1723.24,no,yes
8787,-0.797583,0.42512204,-0.011280,293497.54,293519.85,1801.99,2137.87,no,yes
8788,0.543836,0.58656168,0.007691,293514.92,293500.54,1419.42,2230.71,no,yes
8789,-1.558339,0.11917603,-0.022038,293186.76,293228.95,1082.57,2481.39,no,yes
8790,0.262164,0.79319783,0.003708,293823.94,293800.39,6374.71,6328.94,no,yes
8791,-0.831759,0.40555620,-0.011763,293693.79,293726.74,2178.76,3308.48,no,yes
8792,0.359244,0.71941686,0.005080,293387.06,293378.47,1964.07,1364.72,no,yes
8793,0.995461,0.31952537,0.014078,293391.79,293362.73,2348.02,1734.70,no,yes
8794,1.265684,0.20564128,0.017899,293463.25,293434.57,1712.51,1483.98,no,yes
8795,-0.671276,0.50205249,-0.009493,293441.95,293463.34,2333.79,2168.44,no,yes
8796,-0.140927,0.88792919,-0.001993,293426.36,293430.59,2058.70,2192.95,no,yes
8797,0.399534,0.68950517,0.005650,293353.80,293343.36,2281.34,1278.52,no,yes
8798,-0.681441,0.49560138,-0.009637,293218.31,293232.42,1160.50,1715.65,no,yes
8799,-0.142473,0.88670813,-0.002015,293272.55,293277.43,2062.98,2732.51,no,yes
8800,1.976105,0.04816788,0.027946,293312.01,293230.78,4012.00,894.48,yes,yes
8801,-0.139241,0.88926148,-0.001969,293268.44,293273.20,2515.33,2315.60,no,yes
8802,-0.196444,0.84426504,-0.002778,294113.76,294124.72,4127.86,3756.40,no,yes
8803,-1.262752,0.20669368,-0.017858,293478.02,293497.13,952.39,1176.20,no,yes
8804,-0.115821,0.90779561,-0.001638,293426.98,293430.81,2261.27,2418.75,no,yes
8805,0.408514,0.68290148,0.005777,293275.94,293267.71,1162.88,1643.67,no,yes
8806,-1.256538,0.20893816,-0.017770,293593.42,293643.29,2129.07,3349.04,no,yes
8807,0.049530,0.96049774,0.000700,293882.04,293877.00,7143.11,7254.26,no,yes
8808,1.413737,0.15745763,0.019993,293518.41,293452.00,3984.95,2486.30,no,yes
8809,-0.805455,0.42056946,-0.011391,293240.46,293276.15,2143.01,3877.96,no,yes
8810,0.573294,0.56645237,0.008108,293225.50,293214.79,1297.04,1343.82,no,yes
8811,0.141162,0.88774361,0.001996,293528.02,293523.11,2323.62,2595.90,no,yes
8812,-0.088075,0.92981804,-0.001246,293298.01,293300.80,1873.46,2552.40,no,yes
8813,0.624852,0.53207559,0.008837,293468.75,293456.52,1324.19,1441.08,no,yes
8814,0.214527,0.83013809,0.003034,293548.25,293536.14,3612.32,4339.05,no,yes
8815,-0.640518,0.52184356,-0.009058,293650.47,293666.23,1509.27,1942.97,no,yes
8816,0.471856,0.63703517,0.006673,293268.14,293243.90,3944.85,3290.32,no,yes
8817,-0.293246,0.76933679,-0.004147,293752.03,293755.70,878.43,892.47,no,yes
8818,-0.122268,0.90268833,-0.001729,293282.95,293287.98,3078.44,2732.48,no,yes
8819,-0.516854,0.60526394,-0.007309,293449.11,293477.35,3549.15,4155.01,no,yes
8820,1.521517,0.12815143,0.021517,293447.01,293364.17,4846.20,2481.66,no,yes
8821,1.036986,0.29975512,0.014665,293365.57,293348.63,1236.54,1067.11,no,yes
8822,-1.825992,0.06787531,-0.025823,293345.39,293395.62,921.28,2591.61,no,yes
8823,0.349537,0.72669011,0.004943,293553.66,293541.89,2404.08,2360.41,no,yes
8824,0.127069,0.89888753,0.001797,293515.52,293511.22,2767.33,1944.37,no,yes
8825,-0.531313,0.59520812,-0.007514,293535.02,293543.58,1164.94,1111.98,no,yes
8826,0.347149,0.72848342,0.004909,293475.57,293464.40,2119.09,2422.68,no,yes
8827,-0.199749,0.84167943,-0.002825,293368.15,293375.06,1823.56,2937.26,no,yes
8828,0.254810,0.79887242,0.003604,293558.43,293536.02,6273.49,6165.19,no,yes
8829,1.382519,0.16682825,0.019552,293629.39,293575.12,2974.42,2561.64,no,yes
8830,-0.380632,0.70348072,-0.005383,293636.01,293641.42,967.35,1038.79,no,yes
8831,0.286816,0.77425645,0.004056,293381.02,293372.00,2321.22,2122.92,no,yes
8832,0.014902,0.98811075,0.000211,293487.96,293486.45,7230.22,7063.06,no,yes
8833,0.168528,0.86616960,0.002383,293692.19,293678.84,5598.86,5602.79,no,yes
8834,0.067141,0.94647013,0.000950,293179.68,293177.92,2132.71,1519.26,no,yes
8835,2.450777,0.01426424,0.034659,293274.53,293234.86,1318.45,939.20,yes,yes
8836,-1.477566,0.13954277,-0.020896,293261.82,293295.87,1218.50,1956.03,no,yes
8837,0.734729,0.46251307,0.010391,293486.52,293460.28,2694.52,2343.13,no,yes
8838,-0.847037,0.39698463,-0.011979,293184.06,293197.57,1035.77,1212.46,no,yes
8839,0.066148,0.94726077,0.000935,293414.72,293413.51,1277.68,1294.23,no,yes
8840,0.156061,0.87598686,0.002207,293383.40,293379.96,1484.71,1634.70,no,yes
8841,0.168661,0.86606534,0.002385,293635.58,293627.00,3741.54,3450.48,no,yes
8842,-0.542204,0.58768389,-0.007668,293398.69,293408.38,1178.58,1345.58,no,yes
8843,1.293632,0.19581708,0.018295,293487.35,293451.65,2620.07,865.71,no,yes
8844,-0.677823,0.49789191,-0.009586,293417.67,293439.17,2088.28,2386.93,no,yes
8845,-0.362653,0.71686791,-0.005129,293394.64,293400.83,1252.67,1159.85,no,yes
8846,-0.090567,0.92783786,-0.001281,293325.86,293331.52,4047.88,4753.62,no,yes
8847,0.024903,0.98013263,0.000352,293626.25,293625.03,3522.01,3389.65,no,yes
8848,0.624624,0.53222513,0.008834,293513.85,293481.36,4088.66,3213.47,no,yes
8849,-1.337581,0.18105083,-0.018916,293366.05,293416.44,2053.18,3158.51,no,yes
8850,-0.532569,0.59433823,-0.007532,293417.30,293437.46,2564.49,2784.91,no,yes
8851,1.528488,0.12641461,0.021616,293301.94,293218.66,4989.08,2189.02,no,yes
8852,0.869979,0.38432227,0.012303,293706.52,293654.56,4463.50,3968.22,no,yes
8853,0.743693,0.45707193,0.010517,293364.45,293319.78,4847.46,3548.19,no,yes
8854,-0.606716,0.54404607,-0.008580,293546.55,293561.27,1807.20,1616.82,no,yes
8855,0.761090,0.44661277,0.010763,293266.19,293230.37,3778.16,2805.63,no,yes
8856,0.225297,0.82175097,0.003186,293197.40,293194.00,1173.18,953.70,no,yes
8857,0.415804,0.67755809,0.005880,293415.23,293398.50,2929.89,2755.67,no,yes
8858,1.200090,0.23012737,0.016972,293413.97,293379.78,2690.64,936.64,no,yes
8859,2.061545,0.03926795,0.029155,293280.65,293226.06,2336.92,1245.24,yes,yes
8860,-0.294111,0.76867591,-0.004159,293345.51,293349.95,1033.91,1098.75,no,yes
8861,0.704548,0.48109993,0.009964,293400.15,293390.48,980.98,958.19,no,yes
8862,-0.246831,0.80504269,-0.003491,293394.84,293401.45,1035.71,2467.18,no,yes
8863,-0.360254,0.71866125,-0.005095,293325.74,293341.42,2965.10,3188.39,no,yes
8864,1.111178,0.26650569,0.015714,293599.14,293579.70,1373.03,1084.14,no,yes
8865,0.071846,0.94272483,0.001016,293429.84,293426.68,2968.91,3242.59,no,yes
8866,-0.038879,0.96898696,-0.000550,293636.89,293638.23,2427.71,2460.90,no,yes
8867,-0.182610,0.85510551,-0.002583,293222.28,293226.85,1709.71,1827.76,no,yes
8868,0.379812,0.70408998,0.005371,293378.57,293371.67,1523.20,990.50,no,yes
8869,-0.009298,0.99258135,-0.000131,293571.08,293571.63,4022.85,4240.70,no,yes
8870,1.290145,0.19701940,0.018245,293651.22,293577.80,4968.79,2775.46,no,yes
8871,-0.472569,0.63652573,-0.006683,293406.80,293437.73,4204.17,5017.75,no,yes
8872,0.082468,0.93427529,0.001166,293483.46,293481.39,1165.87,2220.94,no,yes
8873,-0.588510,0.55619837,-0.008323,293430.12,293460.13,2535.71,4423.48,no,yes
8874,0.445739,0.65579104,0.006304,293800.29,293778.34,3993.07,2884.94,no,yes
8875,0.672040,0.50156671,0.009504,293283.84,293261.50,2703.74,1934.74,no,yes
8876,0.660091,0.50920323,0.009335,293625.42,293595.15,3532.15,2924.43,no,yes
8877,0.257659,0.79667247,0.003644,293212.54,293208.91,1029.74,960.97,no,yes
8878,-0.543685,0.58666641,-0.007689,293676.57,293691.37,1285.71,2397.80,no,yes
8879,0.654597,0.51273475,0.009257,293246.84,293232.16,1604.69,1566.03,no,yes
8880,-0.714338,0.47502712,-0.010102,293928.62,293943.31,1293.02,1598.82,no,yes
8881,0.617379,0.53699204,0.008731,293566.93,293552.63,1813.08,1440.80,no,yes
8882,0.658404,0.51028724,0.009311,293534.21,293500.09,4296.21,2898.22,no,yes
8883,0.807098,0.41962099,0.011414,293396.92,293358.46,3959.17,2652.71,no,yes
8884,1.948507,0.05137149,0.027556,293708.00,293660.36,2099.70,1253.10,no,yes
8885,-1.090623,0.27545345,-0.015424,293460.96,293511.80,2664.33,3824.63,no,yes
8886,-0.064835,0.94830619,-0.000917,361840.96,361842.07,1229.33,1194.90,no,yes
8887,-0.142895,0.88637445,-0.002021,293571.29,293584.26,6295.50,6532.02,no,yes
8888,0.230185,0.81795086,0.003255,293266.21,293260.15,2220.88,1415.51,no,yes
8889,-0.018801,0.98500014,-0.000266,293554.70,293555.35,2076.75,2738.71,no,yes
8890,0.837955,0.40206807,0.011850,293303.36,293268.19,3578.52,2192.88,no,yes
8891,0.673999,0.50031998,0.009532,293329.06,293304.11,2701.80,2528.84,no,yes
8892,0.546738,0.58456472,0.007732,293516.10,293486.32,3973.11,3725.74,no,yes
8893,0.353826,0.72347315,0.005004,293310.71,293298.67,2215.35,2583.00,no,yes
8894,-0.491699,0.62293826,-0.006954,293418.77,293431.49,1430.71,2154.58,no,yes
8895,0.834991,0.40373252,0.011809,293553.63,293536.76,1417.04,1439.65,no,yes
8896,0.340508,0.73347784,0.004816,293580.76,293575.14,1249.10,1080.38,no,yes
8897,-0.569705,0.56888562,-0.008057,293260.05,293286.81,2544.45,3947.96,no,yes
8898,-0.220155,0.82575265,-0.003113,293498.76,293509.11,3213.92,3428.53,no,yes
8899,-1.190369,0.23391575,-0.016834,293192.47,293216.50,1304.35,1540.50,no,yes
8900,1.200951,0.22979251,0.016984,293235.35,293203.14,2505.41,957.79,no,yes
8901,-0.150542,0.88033854,-0.002129,293562.30,293566.71,2142.76,2002.38,no,yes
8902,0.293912,0.76882859,0.004157,293242.29,293231.96,2401.50,2565.42,no,yes
8903,-0.132583,0.89452487,-0.001875,293285.73,293290.15,2388.49,2323.92,no,yes
8904,-0.358830,0.71972606,-0.005075,309023.29,309054.32,5912.11,6311.86,no,yes
8905,-0.844916,0.39816858,-0.011949,293154.42,293179.07,1748.42,2335.35,no,yes
8906,-0.754444,0.45059181,-0.010669,293422.48,293433.53,1040.56,1030.21,no,yes
8907,1.734072,0.08292221,0.024523,293206.68,293179.97,1243.25,909.02,no,yes
8908,0.347585,0.72815537,0.004916,293447.75,293433.45,3009.44,2806.07,no,yes
8909,-0.047193,0.96235974,-0.000667,293351.27,293351.91,1057.76,826.47,no,yes
8910,-2.293299,0.02184697,-0.032432,293375.37,293478.16,1574.13,4196.98,yes,yes
8911,0.775475,0.43806847,0.010967,294781.93,294770.55,1050.10,1025.76,no,yes
8912,1.005696,0.31457745,0.014223,293596.27,293570.45,2238.21,1257.08,no,yes
8913,-0.507345,0.61191946,-0.007175,293441.47,293465.27,2629.72,3884.53,no,yes
8914,1.499653,0.13372750,0.021208,293476.99,293432.15,2739.78,1196.51,no,yes
8915,0.533579,0.59363934,0.007546,293410.08,293391.56,2756.51,2107.86,no,yes
8916,0.979367,0.32741463,0.013850,293367.82,293339.80,2537.14,1321.71,no,yes
8917,0.199051,0.84222507,0.002815,293491.55,293484.57,2790.42,2125.51,no,yes
8918,0.572551,0.56695499,0.008097,294338.91,294328.70,1257.80,1265.14,no,yes
8919,-0.585578,0.55816714,-0.008281,293212.28,293239.43,2472.05,3920.87,no,yes
8920,0.215667,0.82924999,0.003050,293255.62,293248.87,2428.35,1969.58,no,yes
8921,0.612831,0.53999488,0.008667,293219.45,293197.94,2524.62,2437.89,no,yes
8922,-1.717900,0.08584049,-0.024295,293261.57,293328.45,1189.51,3706.63,no,yes
8923,1.166381,0.24347458,0.016495,293448.32,293430.21,1157.66,1035.25,no,yes
8924,-1.850705,0.06423064,-0.026173,293424.53,293463.80,1049.75,1843.96,no,yes
8925,0.951057,0.34158711,0.013450,293459.51,293443.57,1217.57,1151.91,no,yes
8926,0.181427,0.85603408,0.002566,293365.23,293362.70,943.62,1021.80,no,yes
8927,-0.085440,0.93191241,-0.001208,293244.68,293247.94,2873.31,2504.95,no,yes
8928,0.536752,0.59144530,0.007591,293424.60,293412.12,1860.72,1395.07,no,yes
8929,0.119939,0.90453293,0.001696,293456.61,293452.00,2708.67,2736.52,no,yes
8930,1.414131,0.15734655,0.019999,293213.03,293181.46,2054.88,873.03,no,yes
8931,-0.850055,0.39530547,-0.012022,293415.77,293450.21,2420.04,3248.52,no,yes
8932,0.107148,0.91467247,0.001515,293269.21,293267.43,1093.71,1242.23,no,yes
8933,-1.379991,0.16760942,-0.019516,293383.07,293410.70,950.62,1761.86,no,yes
8934,-0.457448,0.64735400,-0.006469,294641.35,294656.85,2312.94,2476.39,no,yes
8935,0.210058,0.83362496,0.002971,293524.83,293516.56,2619.45,2936.66,no,yes
8936,0.033974,0.97289805,0.000480,293512.27,293510.99,2363.74,2922.08,no,yes
8937,1.643403,0.10031908,0.023241,293530.28,293474.96,2904.68,1700.49,no,yes
8938,0.543840,0.58655817,0.007691,293242.29,293215.34,3937.77,3010.09,no,yes
8939,1.221433,0.22193693,0.017274,293466.06,293447.97,1135.80,950.86,no,yes
8940,0.957844,0.33815544,0.013546,293459.99,293436.78,2075.19,1251.54,no,yes
8941,-0.937119,0.34870944,-0.013253,293183.55,293201.57,1142.66,1545.77,no,yes
8942,0.997419,0.31857356,0.014106,293216.26,293202.70,1023.17,894.99,no,yes
8943,1.109397,0.26727230,0.015689,293830.45,293813.90,1092.97,1015.07,no,yes
8944,0.941017,0.34670799,0.013308,293657.66,293620.76,3055.84,2458.32,no,yes
8945,-0.094615,0.92462153,-0.001338,293322.54,293325.61,2329.73,2268.77,no,yes
8946,1.053004,0.29235349,0.014892,293297.93,293242.97,4301.34,2956.49,no,yes
8947,0.204281,0.83813628,0.002889,293409.66,293406.44,1098.77,1134.61,no,yes
8948,-0.302023,0.76263767,-0.004271,293290.09,293300.89,2528.52,2527.98,no,yes
8949,0.509015,0.61074704,0.007199,293791.97,293782.30,1345.45,1340.89,no,yes
8950,-0.240809,0.80970547,-0.003406,293228.03,293233.35,1543.78,1577.58,no,yes
8951,-0.418387,0.67566867,-0.005917,293275.17,293299.92,4403.42,3947.99,no,yes
8952,0.506198,0.61272343,0.007159,293517.21,293501.15,2444.89,2021.66,no,yes
8953,0.287802,0.77350190,0.004070,293283.16,293268.50,4167.12,2928.31,no,yes
8954,0.192588,0.84728356,0.002724,293544.27,293537.64,2391.81,2471.24,no,yes
8955,1.405845,0.15978856,0.019882,293668.99,293620.61,2920.30,1819.44,no,yes
8956,0.707563,0.47922716,0.010006,293376.11,293351.55,3002.72,1742.31,no,yes
8957,0.413958,0.67890993,0.005854,293508.64,293497.65,2239.84,1426.58,no,yes
8958,-0.551236,0.58147944,-0.007796,293397.38,293407.54,989.72,1553.23,no,yes
8959,0.815187,0.41497552,0.011528,293425.62,293390.84,3343.28,2650.79,no,yes
8960,0.183886,0.85410449,0.002601,293451.14,293446.86,1661.36,1624.75,no,yes
8961,-0.111700,0.91106208,-0.001580,293574.85,293578.35,1926.47,2465.85,no,yes
8962,-0.416154,0.67730196,-0.005885,298581.79,298587.29,957.04,910.39,no,yes
8963,-0.518460,0.60414283,-0.007332,293247.29,293266.66,2551.12,2728.21,no,yes
8964,1.190242,0.23396613,0.016833,293613.23,293550.33,4079.63,3359.28,no,yes
8965,0.536255,0.59178798,0.007584,293682.72,293672.63,1368.75,1290.97,no,yes
8966,0.360420,0.71853724,0.005097,293635.19,293627.28,1594.76,1510.08,no,yes
8967,0.399209,0.68974363,0.005646,293231.51,293221.53,1630.85,1896.40,no,yes
8968,0.411695,0.68056749,0.005822,293413.91,293408.47,1008.27,853.49,no,yes
8969,0.539323,0.58966981,0.007627,293316.02,293304.86,1524.93,1400.78,no,yes
8970,0.254471,0.79913412,0.003599,293471.36,293459.70,3400.60,3069.25,no,yes
8971,0.619244,0.53576291,0.008757,293255.07,293235.62,2323.26,2113.19,no,yes
8972,-0.637772,0.52362941,-0.009019,298487.49,298497.22,1055.23,1100.35,no,yes
8973,-1.315603,0.18832362,-0.018605,293458.53,293507.06,2231.17,2937.04,no,yes
8974,0.058261,0.95354135,0.000824,293415.36,293414.42,1141.77,1138.02,no,yes
8975,1.357655,0.17459295,0.019200,293453.53,293421.77,2048.26,1129.27,no,yes
8976,2.192320,0.02837162,0.031004,293569.19,293471.92,3928.40,2062.53,yes,yes
8977,-0.235056,0.81416759,-0.003324,293194.72,293197.68,784.77,986.20,no,yes
8978,-1.990151,0.04659031,-0.028145,298469.38,298506.73,1010.35,1582.01,yes,yes
8979,0.434327,0.66405562,0.006142,293435.09,293414.19,3602.39,3191.18,no,yes
8980,0.209101,0.83437121,0.002957,293420.74,293414.29,2211.93,2149.40,no,yes
8981,1.352099,0.17636218,0.019122,293377.98,293326.55,3249.01,1978.58,no,yes
8982,0.425840,0.67022922,0.006022,293426.53,293414.08,2147.52,1983.05,no,yes
8983,-0.242384,0.80848526,-0.003428,293405.27,293411.69,1375.74,2261.54,no,yes
8984,0.166441,0.86781132,0.002354,293268.04,293260.38,3660.71,2789.68,no,yes
8985,0.793202,0.42767035,0.011218,293560.85,293532.42,2816.08,2216.04,no,yes
8986,-0.783878,0.43312193,-0.011086,293418.39,293447.08,2205.43,2920.78,no,yes
8987,-0.659486,0.50959237,-0.009327,293197.29,293207.54,858.96,1295.32,no,yes
8988,-0.475628,0.63434434,-0.006726,293528.58,293535.76,1102.77,1032.03,no,yes
8989,0.152089,0.87911821,0.002151,293447.38,293437.46,4561.85,4660.24,no,yes
8990,1.533903,0.12506986,0.021693,293229.90,293206.62,1159.22,979.90,no,yes
8991,1.300939,0.19329473,0.018398,293637.33,293605.41,1863.60,1596.21,no,yes
8992,0.415041,0.67811616,0.005870,294618.51,294605.83,2244.04,2071.39,no,yes
8993,-0.301280,0.76320401,-0.004261,293283.98,293287.89,938.68,896.00,no,yes
8994,0.071298,0.94316112,0.001008,293440.69,293439.35,1340.02,1307.58,no,yes
8995,0.157563,0.87480249,0.002228,293479.68,293471.62,3421.00,3806.33,no,yes
8996,-1.130595,0.25823943,-0.015989,293317.34,293345.83,1708.56,1852.33,no,yes
8997,-0.343863,0.73095261,-0.004863,293632.80,293650.04,3466.99,3620.57,no,yes
8998,-0.370219,0.71122406,-0.005236,293420.89,293430.61,1349.35,2255.24,no,yes
8999,-0.640315,0.52197501,-0.009055,293549.63,293570.86,2476.34,2205.44,no,yes
9000,-1.174660,0.24015046,-0.016612,293546.62,293601.18,1955.82,4213.66,no,yes
9001,0.487925,0.62560952,0.006900,293201.53,293191.51,1769.95,1039.67,no,yes
9002,-0.757576,0.44871704,-0.010714,293526.95,293550.15,1381.84,2732.71,no,yes
9003,0.462144,0.64398314,0.006536,293251.03,293241.41,1559.64,1379.60,no,yes
9004,0.495873,0.61998988,0.007013,390891.96,390874.26,2826.03,2181.83,no,yes
9005,-0.823293,0.41035185,-0.011643,293585.82,293617.32,2414.21,2969.68,no,yes
9006,-0.296644,0.76674163,-0.004195,293544.10,293552.61,1784.90,2244.87,no,yes
9007,-0.411144,0.68097212,-0.005814,293298.85,293305.47,850.59,1366.71,no,yes
9008,1.888661,0.05896000,0.026710,293597.66,293516.79,4009.64,1501.96,no,yes
9009,1.704784,0.08825261,0.024109,299376.53,299267.13,5357.03,3533.84,no,yes
9010,-0.400594,0.68872352,-0.005665,293490.16,293503.46,2203.13,2482.00,no,yes
9011,-1.922482,0.05456071,-0.027188,293530.90,293553.45,690.60,948.21,no,yes
9012,-0.269841,0.78728561,-0.003816,293502.98,293513.39,2514.61,2926.46,no,yes
9013,0.441935,0.65854211,0.006250,293424.54,293417.53,1351.19,827.67,no,yes
9014,-0.854687,0.39273536,-0.012087,293606.04,293655.69,3511.75,4627.56,no,yes
9015,1.116121,0.26438558,0.015784,293561.73,293546.77,1110.71,749.85,no,yes
9016,0.902362,0.36687763,0.012761,293248.06,293225.89,2073.13,1319.52,no,yes
9017,-0.103784,0.91734188,-0.001468,293305.45,293308.04,1801.27,1725.55,no,yes
9018,-0.073967,0.94103767,-0.001046,293445.29,293449.22,3944.40,3562.18,no,yes
9019,-0.903314,0.36637184,-0.012775,293637.26,293660.68,1394.99,2186.53,no,yes
9020,0.396797,0.69152197,0.005612,293236.65,293222.88,2742.15,2127.07,no,yes
9021,-0.304701,0.76059739,-0.004309,293320.50,293326.55,1490.68,1311.11,no,yes
9022,0.622395,0.53368987,0.008802,293495.58,293467.17,3637.84,2757.58,no,yes
9023,0.175642,0.86057693,0.002484,303989.07,303980.82,3247.93,3391.23,no,yes
9024,-0.480432,0.63092517,-0.006794,293425.98,293432.84,1004.03,1016.15,no,yes
9025,-0.477769,0.63282021,-0.006757,293469.17,293491.08,2801.27,3630.28,no,yes
9026,0.479174,0.63182025,0.006777,293556.33,293549.11,1083.70,1047.43,no,yes
9027,-0.420172,0.67436445,-0.005942,293512.25,293537.61,3930.44,4581.16,no,yes
9028,0.076489,0.93903074,0.001082,293606.43,293604.27,1949.04,2036.61,no,yes
9029,0.350481,0.72598124,0.004957,293461.12,293443.27,3689.07,3510.33,no,yes
9030,-1.635671,0.10193491,-0.023132,294690.45,294748.87,1051.30,3413.41,no,yes
9031,-0.567461,0.57040771,-0.008025,293208.81,293217.78,1030.22,1198.22,no,yes
9032,0.498496,0.61814066,0.007050,293591.87,293579.20,2105.33,1424.34,no,yes
9033,-1.481062,0.13861338,-0.020945,293192.74,293266.27,1956.89,4562.60,no,yes
9034,-0.480360,0.63097809,-0.006793,293452.95,293467.15,1455.29,2574.76,no,yes
9035,1.252980,0.21022776,0.017720,293233.79,293208.92,1498.99,1301.84,no,yes
9036,0.422088,0.67296535,0.005969,293426.06,293405.93,3453.82,3288.89,no,yes
9037,0.081097,0.93536556,0.001147,293524.83,293523.09,1209.50,1768.44,no,yes
9038,0.923645,0.35568363,0.013062,293386.36,293355.31,2744.94,1939.97,no,yes
9039,-0.597489,0.55018882,-0.008450,293317.54,293332.89,2146.00,1412.70,no,yes
9040,-0.739691,0.45949744,-0.010461,293241.56,293270.82,2242.68,3259.04,no,yes
9041,-0.186895,0.85174482,-0.002643,293554.93,293559.87,2093.96,1613.01,no,yes
9042,0.475503,0.63443414,0.006725,293495.23,293480.41,2524.02,1826.59,no,yes
9043,0.530120,0.59603489,0.007497,293668.66,293656.47,1719.20,1525.54,no,yes
9044,0.629288,0.52916952,0.008899,293363.00,293347.12,2196.67,1243.54,no,yes
9045,-0.865662,0.38668677,-0.012242,293527.24,293538.86,813.14,1067.33,no,yes
9046,-0.537924,0.59063626,-0.007607,293267.99,293295.77,3122.43,4112.16,no,yes
9047,0.234925,0.81426961,0.003322,293295.98,293285.22,3226.93,3247.87,no,yes
9048,-0.141202,0.88771166,-0.001997,293417.16,293419.52,1192.47,1178.36,no,yes
9049,-0.013856,0.98894519,-0.000196,293472.79,293473.03,1309.29,1096.19,no,yes
9050,0.949672,0.34229056,0.013430,293404.76,293387.89,1265.15,1246.64,no,yes
9051,0.700743,0.48347183,0.009910,293214.77,293200.50,1573.02,1294.90,no,yes
9052,-0.581139,0.56115491,-0.008219,293414.80,293426.60,1020.20,1756.43,no,yes
9053,1.700749,0.08901091,0.024052,293331.22,293250.38,4231.03,2166.72,no,yes
9054,-0.364024,0.71584364,-0.005148,294776.00,294786.77,2172.77,2010.26,no,yes
9055,0.903888,0.36606571,0.012783,293372.17,293356.26,1300.75,1186.78,no,yes
9056,0.727573,0.46688369,0.010289,293397.33,293381.57,1623.78,1434.04,no,yes
9057,-0.479479,0.63160322,-0.006781,293459.38,293465.41,902.29,877.05,no,yes
9058,0.894092,0.37128486,0.012644,293427.48,293411.02,1527.91,1027.34,no,yes
9059,1.067410,0.28580366,0.015095,293352.63,293327.66,2063.34,1102.47,no,yes
9060,-1.448486,0.14750093,-0.020485,293524.31,293552.29,956.60,1678.25,no,yes
9061,-0.090988,0.92750301,-0.001287,293550.02,293552.46,1627.00,2127.98,no,yes
9062,-1.116448,0.26424553,-0.015789,293426.47,293467.20,2038.98,3024.85,no,yes
9063,1.556744,0.11954764,0.022016,293567.74,293544.52,1142.92,958.95,no,yes
9064,-0.189302,0.84985841,-0.002677,293506.51,293509.25,1079.88,967.13,no,yes
9065,-0.192228,0.84756522,-0.002719,299204.04,299214.23,3615.41,3880.03,no,yes
9066,-1.088390,0.27643765,-0.015392,293351.33,293401.92,2656.22,3814.32,no,yes
9067,0.093629,0.92540514,0.001324,293358.66,293353.23,3687.28,4465.75,no,yes
9068,-0.843391,0.39902034,-0.011927,294117.75,294159.59,3202.09,3789.77,no,yes
9069,0.200403,0.84116729,0.002834,293601.26,293594.88,2449.91,2035.67,no,yes
9070,0.772994,0.43953696,0.010932,293610.84,293586.92,2658.38,1584.09,no,yes
9071,-0.745557,0.45594455,-0.010544,293384.54,293414.33,2337.09,3241.35,no,yes
9072,-0.059700,0.95239513,-0.000844,293309.08,293310.55,1544.15,1920.75,no,yes
9073,-0.332130,0.73979448,-0.004697,293506.54,293523.74,3407.21,3900.89,no,yes
9074,0.314144,0.75341561,0.004443,293410.88,293401.80,2333.96,1703.65,no,yes
9075,0.247966,0.80416307,0.003507,293252.85,293246.57,1985.40,1570.78,no,yes
9076,0.350919,0.72565300,0.004963,293254.48,293245.07,1914.03,1876.19,no,yes
9077,-0.895844,0.37034714,-0.012669,293254.90,293273.17,1358.36,1521.58,no,yes
9078,-0.761670,0.44626661,-0.010772,293448.33,293472.85,1991.24,2529.62,no,yes
9079,0.680697,0.49607193,0.009627,293572.03,293555.67,1901.83,1468.26,no,yes
9080,-0.237385,0.81236043,-0.003357,293371.67,293375.56,1179.14,1137.22,no,yes
9081,-0.518815,0.60389580,-0.007337,293246.46,293272.90,2973.35,4140.97,no,yes
9082,1.313127,0.18915585,0.018570,299012.90,298993.07,1174.94,949.43,no,yes
9083,-0.711214,0.47695989,-0.010058,293197.36,293206.75,936.70,929.71,no,yes
9084,0.517424,0.60486617,0.007317,293530.28,293506.84,3394.31,2999.84,no,yes
9085,0.221128,0.82499473,0.003127,293440.52,293421.06,6176.82,6264.18,no,yes
9086,0.002995,0.99761031,0.000042,293513.49,293513.38,2307.31,3218.17,no,yes
9087,-0.195385,0.84509324,-0.002763,293581.60,293586.32,1768.57,1643.18,no,yes
9088,0.130400,0.89625133,0.001844,295208.68,295166.70,22943.00,22589.31,no,yes
9089,0.388769,0.69745116,0.005498,293344.98,293327.68,3021.17,3269.43,no,yes
9090,-0.466194,0.64108273,-0.006593,293354.31,293364.77,1105.47,1950.81,no,yes
9091,0.805533,0.42052177,0.011392,293640.37,293619.70,1698.71,1922.70,no,yes
9092,-0.417534,0.67629324,-0.005905,293638.94,293648.91,1326.85,1985.22,no,yes
9093,0.730275,0.46523097,0.010328,293316.44,293288.03,3072.15,2388.53,no,yes
9094,0.565812,0.57152821,0.008002,293560.91,293552.54,1093.80,997.31,no,yes
9095,0.558828,0.57628564,0.007903,361907.88,361897.40,1400.48,1248.93,no,yes
9096,0.072411,0.94227581,0.001024,293593.81,293592.09,1359.43,1937.08,no,yes
9097,-0.350076,0.72628550,-0.004951,296351.16,296360.65,1853.15,1978.47,no,yes
9098,-0.844094,0.39862726,-0.011937,293550.15,293560.50,831.95,901.71,no,yes
9099,0.745774,0.45581272,0.010547,293544.96,293536.10,839.71,840.57,no,yes
9100,-1.121850,0.26194140,-0.015865,293454.65,293488.19,1697.90,2461.65,no,yes
9101,0.485122,0.62759559,0.006861,293439.77,293422.25,2189.38,2871.82,no,yes
9102,-0.099868,0.92045011,-0.001412,293172.58,293173.91,924.15,950.84,no,yes
9103,-0.017278,0.98621495,-0.000244,293600.94,293601.19,1023.42,1059.36,no,yes
9104,0.585015,0.55854480,0.008273,293309.33,293280.05,3996.66,3013.65,no,yes
9105,-0.824412,0.40971550,-0.011659,293339.85,293353.29,1133.87,1171.64,no,yes
9106,1.070268,0.28451264,0.015136,293381.49,293346.56,2616.69,1950.04,no,yes
9107,0.038830,0.96902661,0.000549,293311.44,293309.35,3789.39,3827.96,no,yes
9108,-0.258628,0.79592489,-0.003658,293551.70,293562.62,2609.27,3321.26,no,yes
9109,-0.538817,0.59001962,-0.007620,293362.95,293371.83,1062.79,1258.95,no,yes
9110,0.741365,0.45848215,0.010484,293527.99,293487.18,4501.10,3169.81,no,yes
9111,-0.042230,0.96631578,-0.000597,293581.16,293581.93,1333.32,1263.43,no,yes
9112,0.697302,0.48562192,0.009861,293515.09,293478.48,3720.40,3705.72,no,yes
9113,-0.070056,0.94414988,-0.000991,293612.34,293614.11,1833.83,1741.09,no,yes
9114,0.461004,0.64480087,0.006520,293488.88,293466.98,3696.43,2982.52,no,yes
9115,1.801095,0.07170305,0.025471,293383.97,293362.91,858.83,793.38,no,yes
9116,0.004994,0.99601546,0.000071,293401.17,293401.11,971.69,841.70,no,yes
9117,-0.109491,0.91281408,-0.001548,300783.14,300849.47,42756.41,42910.43,no,yes
9118,1.708382,0.08758543,0.024160,293240.06,293203.97,1848.99,1021.29,no,yes
9119,-1.347885,0.17771784,-0.019062,299022.33,299057.03,1024.89,2361.84,no,yes
9120,1.186369,0.23549372,0.016778,293495.86,293439.10,4094.17,2475.11,no,yes
9121,1.387768,0.16522614,0.019626,293448.92,293373.23,4611.80,2911.85,no,yes
9122,0.192485,0.84736459,0.002722,293539.34,293534.40,1980.50,1626.19,no,yes
9123,0.107726,0.91421396,0.001523,293283.97,293281.31,1799.91,1687.26,no,yes
9124,0.486281,0.62677439,0.006877,293230.59,293218.42,1300.70,2137.61,no,yes
9125,-0.371192,0.71049849,-0.005249,293553.72,293558.58,925.63,927.36,no,yes
9126,1.207897,0.22710397,0.017082,293511.04,293454.99,3936.00,2456.94,no,yes
9127,0.280694,0.77894778,0.003970,293727.98,293701.34,6771.38,6650.37,no,yes
9128,0.222361,0.82403534,0.003145,293403.46,293396.63,2307.49,2027.28,no,yes
9129,1.347314,0.17790035,0.019054,293371.68,293308.97,4199.86,2006.27,no,yes
9130,0.352733,0.72429317,0.004988,293475.24,293467.03,2028.80,1137.95,no,yes
9131,0.463046,0.64333656,0.006548,293538.00,293495.31,6796.84,6227.91,no,yes
9132,0.641027,0.52151224,0.009065,293575.33,293550.15,2745.29,2810.43,no,yes
9133,-0.281381,0.77842076,-0.003979,293336.40,293350.31,3534.64,3458.12,no,yes
9134,1.165763,0.24372579,0.016486,293546.47,293476.49,4877.95,3498.63,no,yes
9135,0.304414,0.76081584,0.004305,293235.18,293229.64,1334.68,1238.49,no,yes
9136,-0.400672,0.68866602,-0.005666,293347.00,293352.26,917.81,940.11,no,yes
9137,-0.493411,0.62172827,-0.006978,293194.98,293208.09,1435.28,2237.05,no,yes
9138,0.708162,0.47885400,0.010015,293186.16,293171.47,1734.80,1137.29,no,yes
9139,0.265549,0.79058937,0.003755,293391.94,293383.78,2137.97,2205.20,no,yes
9140,0.117124,0.90676273,0.001656,293226.75,293223.33,2124.29,2003.78,no,yes
9141,-0.301550,0.76299830,-0.004265,293601.09,293605.17,914.91,998.22,no,yes
9142,0.357981,0.72036105,0.005063,293187.13,293180.90,1206.76,1255.63,no,yes
9143,-0.087381,0.93036933,-0.001236,293586.58,293588.75,1432.94,2021.94,no,yes
9144,-0.296705,0.76669475,-0.004196,306161.59,306187.47,5947.28,6379.75,no,yes
9145,0.445267,0.65613146,0.006297,293521.90,293510.13,1791.93,1944.29,no,yes
9146,0.209161,0.83432469,0.002958,293356.23,293346.55,3322.73,3225.19,no,yes
9147,-0.710261,0.47755488,-0.010045,293254.05,293279.35,1379.90,3283.92,no,yes
9148,0.989446,0.32246059,0.013993,307209.73,307169.99,3538.22,1900.95,no,yes
9149,-0.106050,0.91554353,-0.001500,293409.62,293416.31,4079.83,4816.02,no,yes
9150,-0.433429,0.66470797,-0.006130,293440.61,293456.43,2505.80,2655.94,no,yes
9151,1.133054,0.25720692,0.016024,301019.54,300992.41,1968.17,1364.26,no,yes
9152,-0.115520,0.90803421,-0.001634,293254.19,293258.01,1977.75,2648.00,no,yes
9153,-0.321332,0.74796214,-0.004544,293246.25,293258.28,2655.39,2638.22,no,yes
9154,-0.397150,0.69126139,-0.005617,293222.58,293235.20,1915.42,2534.45,no,yes
9155,-0.671885,0.50166515,-0.009502,293245.53,293272.66,2504.62,3167.72,no,yes
9156,1.238133,0.21568449,0.017510,293248.12,293187.71,4200.91,2481.80,no,yes
9157,-0.491658,0.62296690,-0.006953,305880.27,305899.57,2361.98,3135.45,no,yes
9158,0.585062,0.55851240,0.008274,293286.02,293264.00,2789.64,2526.55,no,yes
9159,-0.000166,0.99986734,-0.000002,293306.79,293306.79,1708.79,1009.50,no,yes
9160,0.573608,0.56623944,0.008112,293637.40,293617.48,2552.44,2355.98,no,yes
9161,-0.382528,0.70207371,-0.005410,293607.44,293623.99,2753.98,3335.89,no,yes
9162,0.124735,0.90073451,0.001764,293390.75,293383.69,4095.16,3904.63,no,yes
9163,0.750073,0.45321939,0.010608,293471.51,293441.09,2987.89,2741.49,no,yes
9164,-0.053661,0.95720611,-0.000759,293836.59,293839.23,3299.79,3668.17,no,yes
9165,-0.194010,0.84617019,-0.002744,293184.75,293191.21,2220.18,2481.93,no,yes
9166,-0.425372,0.67057051,-0.006016,293571.06,293582.25,1676.43,2027.46,no,yes
9167,-0.205661,0.83705795,-0.002908,293617.55,293623.88,1948.42,2380.51,no,yes
9168,0.512348,0.60841346,0.007246,293389.13,293377.01,1410.46,1900.41,no,yes
9169,-0.430610,0.66675718,-0.006090,293723.32,293741.42,2303.69,3514.86,no,yes
9170,-0.026916,0.97852727,-0.000381,293484.23,293485.37,3103.47,2908.42,no,yes
9171,1.939318,0.05248729,0.027426,293490.15,293408.24,4083.92,1077.18,no,yes
9172,0.846485,0.39729538,0.011971,293492.40,293458.74,3480.80,1921.95,no,yes
9173,0.813546,0.41591572,0.011505,293595.00,293567.59,2708.24,2005.37,no,yes
9174,0.216682,0.82845854,0.003064,293295.71,293286.17,3132.02,3092.88,no,yes
9175,1.123389,0.26128640,0.015887,293306.67,293292.44,968.89,816.22,no,yes
9176,-1.058936,0.28964295,-0.014976,390891.22,390937.24,2508.49,3548.90,no,yes
9177,1.061296,0.28856842,0.015009,293265.48,293230.72,2516.30,2095.46,no,yes
9178,1.366257,0.17187845,0.019322,293407.46,293333.69,4763.79,2540.92,no,yes
9179,-1.214365,0.22462712,-0.017174,293234.93,293278.26,1691.44,3141.61,no,yes
9180,0.419265,0.67502719,0.005929,293437.75,293427.21,1682.68,1868.92,no,yes
9181,-1.044006,0.29649571,-0.014764,293791.78,293809.15,1087.77,1259.43,no,yes
9182,1.395482,0.16288602,0.019735,298537.67,298520.38,913.81,836.30,no,yes
9183,0.732210,0.46404928,0.010355,293409.59,293398.96,1023.52,1030.71,no,yes
9184,-0.541231,0.58835510,-0.007654,390878.63,390902.66,2507.64,3664.70,no,yes
9185,-0.246567,0.80524606,-0.003487,293274.58,293284.07,2064.82,3247.86,no,yes
9186,0.511424,0.60906264,0.007233,293259.75,293245.78,2489.30,1124.10,no,yes
9187,-0.079051,0.93699281,-0.001118,293383.05,293387.40,4058.33,3725.98,no,yes
9188,-0.903982,0.36601743,-0.012784,293523.04,293559.27,2253.75,3313.97,no,yes
9189,-0.059940,0.95220390,-0.000848,293205.27,293206.68,1991.81,1236.99,no,yes
9190,-0.324722,0.74539458,-0.004592,293818.96,293850.19,6457.83,7128.45,no,yes
9191,0.582206,0.56043497,0.008234,293553.39,293518.80,4508.51,3867.70,no,yes
9192,-0.240366,0.81004879,-0.003399,293657.66,293665.12,2323.18,2055.31,no,yes
9193,1.151324,0.24961581,0.016282,293581.80,293522.24,4425.41,2678.84,no,yes
9194,-0.537316,0.59105514,-0.007599,293284.97,293305.49,2858.32,2530.80,no,yes
9195,0.130304,0.89632753,0.001843,293590.36,293587.04,1843.38,1759.45,no,yes
9196,-0.696349,0.48621856,-0.009848,293483.57,293501.29,1629.23,1955.12,no,yes
9197,-0.594639,0.55209311,-0.008409,293543.80,293560.87,1425.42,2492.08,no,yes
9198,-1.017390,0.30898174,-0.014388,293551.61,293599.62,2639.96,3911.17,no,yes
9199,-0.503796,0.61441060,-0.007125,293273.09,293279.62,864.66,964.11,no,yes
9200,-0.676207,0.49891692,-0.009563,293416.88,293429.34,1306.21,1298.84,no,yes
9201,-1.049132,0.29413175,-0.014837,293395.08,293443.93,2570.47,3882.39,no,yes
9202,0.026562,0.97880968,0.000376,296728.02,296716.96,29407.02,29473.64,no,yes
9203,-0.475827,0.63420266,-0.006729,293534.36,293547.02,1918.51,1844.59,no,yes
9204,0.482599,0.62938552,0.006825,293340.94,293334.23,1024.95,940.63,no,yes
9205,0.333805,0.73853005,0.004721,293260.27,293244.61,3394.60,3241.35,no,yes
9206,0.448879,0.65352348,0.006348,293259.12,293253.16,967.09,908.95,no,yes
9207,-0.837509,0.40231684,-0.011844,299703.78,299784.76,6496.26,7161.01,no,yes
9208,-0.116835,0.90699184,-0.001652,293374.80,293376.48,1045.12,981.10,no,yes
9209,0.640615,0.52178019,0.009060,293290.06,293266.71,2817.44,2313.24,no,yes
9210,-0.468322,0.63956036,-0.006623,293231.22,293254.04,2686.01,4066.09,no,yes
9211,0.473623,0.63577373,0.006698,293245.30,293230.61,2188.42,2197.74,no,yes
9212,-0.360963,0.71813123,-0.005105,293481.42,293497.84,2655.01,3692.96,no,yes
9213,-0.102969,0.91798876,-0.001456,293298.01,293299.35,930.74,914.40,no,yes
9214,-0.532114,0.59465324,-0.007525,293533.58,293558.84,2928.26,3736.70,no,yes
9215,-0.640242,0.52202313,-0.009054,293315.79,293347.48,2991.34,3942.36,no,yes
9216,0.844711,0.39828281,0.011946,293581.19,293544.87,3320.35,2731.64,no,yes
9217,-0.240429,0.81000046,-0.003400,293462.90,293475.10,3450.37,3721.04,no,yes
9218,0.961136,0.33649784,0.013593,293543.75,293500.49,3837.73,2351.57,no,yes
9219,-1.544684,0.12244664,-0.021845,293384.58,293423.67,945.76,2347.25,no,yes
9220,-0.462127,0.64399564,-0.006535,293213.04,293224.45,1823.55,1661.59,no,yes
9221,0.760132,0.44718494,0.010750,293246.59,293219.31,2778.71,2272.04,no,yes
9222,0.082148,0.93453000,0.001162,302310.17,302307.18,2409.14,2713.42,no,yes
9223,-1.119846,0.26279556,-0.015837,293319.14,293338.33,887.51,1465.98,no,yes
9224,0.238447,0.81153705,0.003372,293553.63,293550.18,1004.34,1041.21,no,yes
9225,0.358806,0.71974426,0.005074,293302.04,293282.06,4507.78,3269.83,no,yes
9226,-1.170694,0.24173560,-0.016556,293463.70,293478.59,875.15,922.92,no,yes
9227,-0.166120,0.86806423,-0.002349,293622.60,293625.42,1219.92,1179.79,no,yes
9228,-0.251734,0.80124921,-0.003560,293432.01,293442.39,3087.47,2729.77,no,yes
9229,-0.001579,0.99874029,-0.000022,293243.30,293243.35,2074.02,2582.95,no,yes
9230,-0.786049,0.43184824,-0.011116,293208.95,293230.74,1823.95,2087.02,no,yes
9231,-0.486207,0.62682609,-0.006876,293566.90,293573.87,979.10,1048.09,no,yes
9232,0.477554,0.63297306,0.006754,293620.10,293603.58,2672.65,2197.24,no,yes
9233,-1.325268,0.18510843,-0.018742,293157.04,293213.48,1173.83,4094.01,no,yes
9234,0.367863,0.71297943,0.005202,293443.57,293437.87,994.16,1188.62,no,yes
9235,-1.295842,0.19504990,-0.018326,293192.41,293229.62,1330.03,2545.02,no,yes
9236,0.726316,0.46765407,0.010272,293366.97,293342.59,2579.44,2147.29,no,yes
9237,0.759416,0.44761288,0.010740,293546.56,293534.38,1189.14,1075.61,no,yes
9238,-0.243582,0.80755694,-0.003445,307354.66,307365.82,2859.35,3577.64,no,yes
9239,0.842238,0.39966503,0.011911,293619.60,293604.37,1324.49,1232.51,no,yes
9240,-0.102861,0.91807424,-0.001455,293253.59,293256.68,2161.77,2082.28,no,yes
9241,-0.043603,0.96522115,-0.000617,293365.27,293367.51,3883.52,3349.98,no,yes
9242,0.038183,0.96954200,0.000540,293570.72,293569.93,1478.60,1449.82,no,yes
9243,0.118071,0.90601252,0.001670,294606.96,294603.99,1593.64,1946.65,no,yes
9244,0.054220,0.95676056,0.000767,293438.92,293437.76,1517.14,1491.41,no,yes
9245,0.190670,0.84878629,0.002696,293543.06,293536.01,2077.99,3056.55,no,yes
9246,0.308393,0.75778666,0.004361,293274.48,293258.85,3507.45,3658.90,no,yes
9247,0.148736,0.88176382,0.002103,293269.17,293263.18,2581.41,3084.69,no,yes
9248,0.149406,0.88123496,0.002113,293389.93,293381.96,3704.54,3836.95,no,yes
9249,0.545176,0.58563926,0.007710,293552.19,293519.99,4816.30,3417.28,no,yes
9250,-1.096631,0.27281822,-0.015509,293396.40,293425.10,1418.30,2199.93,no,yes
9251,0.229941,0.81813962,0.003252,293270.84,293262.47,2730.35,2406.47,no,yes
9252,0.058005,0.95374555,0.000820,294133.70,294132.38,1690.47,1524.27,no,yes
9253,0.392564,0.69464538,0.005552,293292.80,293283.23,1690.92,1756.34,no,yes
9254,-0.048737,0.96112944,-0.000689,293285.59,293288.22,3806.77,3832.86,no,yes
9255,-0.116615,0.90716643,-0.001649,293445.57,293449.46,2173.57,2525.65,no,yes
9256,1.651619,0.09862859,0.023357,293439.33,293411.40,1306.75,1073.52,no,yes
9257,-0.011762,0.99061583,-0.000166,293517.05,293517.41,2107.35,2193.91,no,yes
9258,0.039536,0.96846316,0.000559,293515.26,293514.17,2117.17,1800.83,no,yes
9259,-0.353453,0.72375390,-0.004999,293583.16,293593.73,1371.74,2656.89,no,yes
9260,0.023452,0.98129015,0.000332,293386.55,293385.92,1911.86,1902.90,no,yes
9261,1.041358,0.29772378,0.014727,301180.68,301145.90,2788.64,1837.16,no,yes
9262,0.049460,0.96055293,0.000699,293251.81,293250.94,1237.30,1226.52,no,yes
9263,0.361073,0.71804860,0.005106,293208.99,293203.39,1110.84,1081.33,no,yes
9264,-1.507491,0.13170072,-0.021319,293306.38,293325.91,886.64,944.24,no,yes
9265,0.204961,0.83760471,0.002899,293438.33,293434.85,1185.02,1220.31,no,yes
9266,-0.923316,0.35585481,-0.013058,293430.52,293479.00,3120.77,4222.75,no,yes
9267,0.035766,0.97146967,0.000506,293671.76,293669.61,3930.86,4538.08,no,yes
9268,1.402040,0.16092106,0.019828,293844.35,293774.11,4166.93,2781.50,no,yes
9269,-0.548074,0.58364916,-0.007751,293441.80,293472.75,2727.08,4945.09,no,yes
9270,0.499135,0.61768957,0.007059,293556.28,293528.52,4103.75,3754.60,no,yes
9271,0.085245,0.93206738,0.001206,293376.27,293374.60,1378.53,1392.95,no,yes
9272,0.216196,0.82883767,0.003057,293389.45,293380.45,3468.34,2306.84,no,yes
9273,-0.924322,0.35533067,-0.013072,293263.99,293303.70,2664.60,3370.05,no,yes
9274,0.395998,0.69211064,0.005600,293473.62,293465.46,1444.26,1469.39,no,yes
9275,0.366481,0.71401010,0.005183,293415.01,293401.68,2917.98,2170.33,no,yes
9276,-0.598745,0.54934957,-0.008468,293226.11,293233.48,877.23,862.96,no,yes
9277,1.006150,0.31435666,0.014229,293532.63,293498.29,2739.42,2035.40,no,yes
9278,0.270640,0.78667108,0.003827,293464.54,293456.81,1921.17,2113.03,no,yes
9279,0.165282,0.86872349,0.002337,293606.56,293600.31,2429.40,2902.66,no,yes
9280,-1.358100,0.17445014,-0.019206,293204.80,293264.42,2343.97,3711.51,no,yes
9281,0.506362,0.61260892,0.007161,293414.42,293397.67,2682.58,1935.78,no,yes
9282,-0.557354,0.57729229,-0.007882,293505.66,293515.22,1096.98,1319.44,no,yes
9283,0.670222,0.50272576,0.009478,293406.92,293394.52,1601.63,926.84,no,yes
9284,-0.751610,0.45229648,-0.010629,293355.35,293388.60,2207.42,3832.99,no,yes
9285,-0.760241,0.44712055,-0.010751,293372.69,293386.26,1026.03,1460.79,no,yes
9286,0.109180,0.91306079,0.001544,293390.61,293388.65,1241.64,1296.43,no,yes
9287,-0.527059,0.59815880,-0.007454,293230.26,293247.65,2543.45,2102.01,no,yes
9288,0.123785,0.90148636,0.001751,293617.36,293611.84,3201.07,3106.60,no,yes
9289,0.996347,0.31910190,0.014090,293544.03,293511.89,3085.71,941.03,no,yes
9290,0.963016,0.33555286,0.013619,293480.43,293453.32,2345.69,1556.25,no,yes
9291,1.764969,0.07758669,0.024960,293245.77,293201.73,2090.44,1362.24,no,yes
9292,0.071220,0.94322377,0.001007,293486.03,293483.06,2939.68,2959.44,no,yes
9293,-0.401375,0.68814851,-0.005676,293325.19,293332.73,1120.88,1506.07,no,yes
9294,-0.237151,0.81254213,-0.003354,293737.62,293751.22,3919.48,4185.13,no,yes
9295,-0.270418,0.78684160,-0.003824,293350.50,293364.12,3268.37,3833.00,no,yes
9296,0.070201,0.94403439,0.000993,293299.11,293296.05,2960.75,3200.82,no,yes
9297,0.281416,0.77839452,0.003980,293369.24,293363.51,1480.71,1397.36,no,yes
9298,-0.189547,0.84966640,-0.002681,293376.45,293385.84,3132.86,3837.86,no,yes
9299,-0.212887,0.83141732,-0.003011,293665.21,293677.88,4090.60,4324.52,no,yes
9300,-0.625215,0.53183688,-0.008842,293658.41,293675.59,1904.59,1982.66,no,yes
9301,0.088602,0.92939940,0.001253,293237.00,293234.87,1789.27,1592.85,no,yes
9302,0.635177,0.52532040,0.008983,293300.12,293278.68,2332.97,2438.52,no,yes
9303,-0.623403,0.53302904,-0.008816,390852.01,390878.58,1973.78,3776.99,no,yes
9304,0.312866,0.75438540,0.004425,293192.16,293187.52,1007.00,1091.60,no,yes
9305,-0.156930,0.87530198,-0.002219,293186.62,293188.68,900.51,953.54,no,yes
9306,-0.100903,0.91962880,-0.001427,293435.95,293438.51,1723.74,1859.85,no,yes
9307,-0.496407,0.61961253,-0.007020,293392.75,293400.17,1034.44,1079.06,no,yes
9308,-0.140957,0.88790512,-0.001993,293219.64,293225.85,2831.93,3372.68,no,yes
9309,0.123006,0.90210349,0.001740,306032.06,306026.13,3637.65,3164.49,no,yes
9310,1.162207,0.24516596,0.016436,293371.93,293327.32,2968.79,2432.65,no,yes
9311,-0.239120,0.81101559,-0.003382,293498.80,293504.35,1338.15,1896.33,no,yes
9312,-0.676857,0.49850538,-0.009572,293466.11,293494.07,2380.92,3376.24,no,yes
9313,-1.779618,0.07516106,-0.025168,293503.35,293583.36,1760.77,4136.89,no,yes
9314,1.690505,0.09095299,0.023907,293485.05,293434.59,2690.32,1293.17,no,yes
9315,-0.461774,0.64424816,-0.006530,293335.67,293346.07,1513.94,1667.95,no,yes
9316,0.724510,0.46876144,0.010246,293452.15,293438.80,1405.43,1192.56,no,yes
9317,1.476238,0.13989588,0.020877,293207.11,293185.69,1077.20,971.64,no,yes
9318,0.115345,0.90817303,0.001631,293397.99,293396.43,978.45,929.55,no,yes
9319,1.408151,0.15910223,0.019914,293612.92,293588.41,1321.31,1132.97,no,yes
9320,-0.723450,0.46941273,-0.010231,293641.22,293677.26,2861.79,4078.00,no,yes
9321,0.263340,0.79229095,0.003724,293381.54,293374.59,1856.03,1874.98,no,yes
9322,1.248121,0.21200530,0.017651,293268.15,293211.33,3951.79,2260.11,no,yes
9323,2.375613,0.01753030,0.033596,293569.13,293530.79,1324.08,923.20,yes,yes
9324,-1.481912,0.13838230,-0.020957,293506.51,293599.29,3340.26,5295.28,no,yes
9325,-0.326928,0.74372624,-0.004623,293565.72,293580.45,2882.39,3461.97,no,yes
9326,-0.338092,0.73529749,-0.004781,293260.10,293277.35,3115.23,4042.32,no,yes
9327,-0.840924,0.40040058,-0.011892,293178.78,293189.50,892.36,910.27,no,yes
9328,0.366467,0.71402043,0.005183,293548.97,293525.35,4963.40,4110.64,no,yes
9329,-0.581933,0.56061901,-0.008230,293245.11,293266.16,2033.50,2990.72,no,yes
9330,-0.698828,0.48466796,-0.009883,293176.24,293186.75,1055.42,1071.53,no,yes
9331,1.692426,0.09058561,0.023935,293469.74,293419.90,2616.23,1352.16,no,yes
9332,-1.132159,0.25758134,-0.016011,293539.06,293554.20,901.20,987.17,no,yes
9333,0.781519,0.43450729,0.011052,293482.66,293455.73,2742.07,2086.79,no,yes
9334,-0.735528,0.46202739,-0.010402,293472.22,293496.98,1923.34,2763.45,no,yes
9335,-0.528141,0.59740736,-0.007469,293401.30,293430.86,3426.87,4425.89,no,yes
9336,0.255878,0.79804792,0.003619,293429.04,293422.25,2053.04,1681.58,no,yes
9337,0.823271,0.41036500,0.011643,293423.46,293381.92,4111.02,2924.51,no,yes
9338,1.015806,0.30973608,0.014366,293339.71,293293.13,3865.23,2467.29,no,yes
9339,1.071980,0.28374205,0.015160,293360.57,293345.20,1038.45,988.90,no,yes
9340,-0.241422,0.80923024,-0.003414,293322.29,293332.13,2970.46,2789.34,no,yes
9341,0.726119,0.46777707,0.010269,293491.51,293461.18,3680.03,1975.64,no,yes
9342,0.408295,0.68306200,0.005774,293400.61,293394.33,1186.72,977.46,no,yes
9343,1.831020,0.06711920,0.025895,293437.77,293347.91,4494.86,1970.29,no,yes
9344,0.606506,0.54418619,0.008577,293605.06,293589.40,1489.97,2107.23,no,yes
9345,-0.015097,0.98795478,-0.000214,296012.33,296018.07,26904.86,26832.95,no,yes
9346,-0.629236,0.52920233,-0.008899,293349.15,293370.28,2118.05,2604.47,no,yes
9347,-0.197717,0.84326825,-0.002796,293274.62,293277.98,1189.49,1216.67,no,yes
9348,0.504511,0.61390793,0.007135,293384.91,293378.20,978.18,901.62,no,yes
9349,0.313292,0.75406254,0.004431,293360.13,293352.14,1298.24,2195.87,no,yes
9350,0.199696,0.84172010,0.002824,293684.66,293666.27,6634.34,6388.58,no,yes
9351,-0.076035,0.93939193,-0.001075,293442.07,293443.34,1238.35,1118.31,no,yes
9352,-0.713248,0.47570133,-0.010087,293748.33,293784.95,3022.68,4149.47,no,yes
9353,-0.076736,0.93883412,-0.001085,293636.44,293638.74,2048.67,2199.96,no,yes
9354,0.185369,0.85294138,0.002622,293377.27,293368.16,3862.77,3042.34,no,yes
9355,-0.329917,0.74146679,-0.004666,293438.83,293447.15,1425.32,2079.73,no,yes
9356,-0.576020,0.56461122,-0.008146,293223.85,293238.22,1025.20,2274.42,no,yes
9357,-0.440463,0.65960681,-0.006229,293306.05,293318.54,2032.57,1976.95,no,yes
9358,1.118556,0.26334328,0.015819,293584.21,293542.34,2759.47,2529.09,no,yes
9359,-0.518975,0.60378430,-0.007339,301128.88,301135.68,863.23,985.98,no,yes
9360,0.760309,0.44708044,0.010752,293683.23,293636.54,5226.79,3222.65,no,yes
9361,0.025046,0.98001867,0.000354,294094.07,294092.79,3582.98,3629.72,no,yes
9362,0.975203,0.32947488,0.013791,293323.60,293273.22,4555.08,2437.81,no,yes
9363,0.825651,0.40901318,0.011676,293645.10,293600.45,4470.03,3043.31,no,yes
9364,-0.369910,0.71145336,-0.005231,293556.18,293582.99,4688.63,5526.27,no,yes
9365,0.610977,0.54122207,0.008641,301122.11,301112.81,1118.61,1032.84,no,yes
9366,0.500518,0.61671560,0.007078,293561.64,293533.59,4125.52,3794.14,no,yes
9367,0.692412,0.48868667,0.009792,293727.50,293693.36,3619.05,3348.38,no,yes
9368,-0.250663,0.80207737,-0.003545,293451.41,293455.97,1190.75,1375.01,no,yes
9369,1.117878,0.26363279,0.015809,293460.90,293442.97,1209.78,1053.80,no,yes
9370,0.265677,0.79049101,0.003757,293642.72,293628.25,4088.46,3597.38,no,yes
9371,0.065554,0.94773354,0.000927,293606.03,293602.91,3240.28,3482.34,no,yes
9372,-1.945502,0.05173562,-0.027514,293302.70,293403.01,1959.69,4768.74,no,yes
9373,0.651926,0.51445782,0.009220,293437.28,293416.60,2716.13,1637.48,no,yes
9374,0.897336,0.36955023,0.012690,293395.89,293378.38,1399.06,1359.45,no,yes
9375,-1.108932,0.26747313,-0.015683,293407.42,293421.62,832.58,972.97,no,yes
9376,0.013382,0.98932307,0.000189,293571.53,293570.71,4145.84,4475.52,no,yes
9377,-0.904569,0.36570662,-0.012793,293597.82,293637.91,2424.56,3709.94,no,yes
9378,-0.694549,0.48734703,-0.009822,293318.00,293342.49,2065.41,2857.83,no,yes
9379,1.650531,0.09885100,0.023342,303861.86,303836.78,1197.04,936.61,no,yes
9380,0.034862,0.97219014,0.000493,293673.30,293671.14,4294.95,4481.96,no,yes
9381,0.442118,0.65840845,0.006252,302556.90,302550.22,1101.76,1031.79,no,yes
9382,0.695562,0.48671298,0.009837,295144.49,295112.83,3854.93,2419.89,no,yes
9383,-0.274280,0.78387225,-0.003879,302336.63,302341.57,1027.69,1477.06,no,yes
9384,0.455862,0.64849405,0.006447,301434.90,301392.30,6793.87,6416.02,no,yes
9385,1.119472,0.26295560,0.015832,306122.85,306040.08,6380.21,3736.64,no,yes
9386,0.805072,0.42078767,0.011385,293446.45,293433.53,1211.09,1051.49,no,yes
9387,-1.088765,0.27627379,-0.015397,293263.36,293303.74,1905.31,3181.52,no,yes
9388,-0.778197,0.43646324,-0.011005,293491.67,293523.26,2361.57,3301.22,no,yes
9389,0.748108,0.45440382,0.010580,293689.76,293650.40,4005.03,3412.13,no,yes
9390,0.853444,0.39342320,0.012070,293826.27,293795.29,2580.56,2552.95,no,yes
9391,-0.701915,0.48274082,-0.009927,293342.38,293354.07,1002.43,1330.85,no,yes
9392,1.263447,0.20644543,0.017868,293654.80,293586.35,4488.66,3033.72,no,yes
9393,-0.392830,0.69444911,-0.005555,293419.79,293429.49,1753.73,1736.95,no,yes
9394,0.566853,0.57082099,0.008017,293425.77,293395.34,4430.90,3031.93,no,yes
9395,0.495950,0.61993584,0.007014,293628.98,293614.29,2400.82,1733.78,no,yes
9396,1.016940,0.30919410,0.014382,293289.86,293273.24,1172.77,1137.73,no,yes
9397,1.840262,0.06575452,0.026025,293477.12,293409.26,3515.91,1111.47,no,yes
9398,-0.016571,0.98677943,-0.000234,293325.27,293326.17,3398.31,4295.49,no,yes
9399,1.372733,0.16985098,0.019413,293364.76,293341.51,1239.15,1154.68,no,yes
9400,0.812251,0.41666027,0.011487,293683.25,293640.25,4657.82,2516.38,no,yes
9401,-0.411461,0.68073880,-0.005819,293528.49,293535.08,1058.26,1202.60,no,yes
9402,1.237140,0.21605013,0.017496,293536.81,293518.52,1133.14,948.79,no,yes
9403,0.109043,0.91316931,0.001542,293414.57,293410.86,2302.84,2505.66,no,yes
9404,2.403416,0.01625700,0.033989,293571.27,293504.79,2595.29,957.18,yes,yes
9405,-0.700989,0.48331823,-0.009913,293379.52,293414.82,3509.48,3611.35,no,yes
9406,-0.709671,0.47791641,-0.010036,293665.60,293689.68,2451.40,2345.49,no,yes
9407,2.162788,0.03057935,0.030586,293514.91,293413.32,4605.13,926.07,yes,yes
9408,1.543418,0.12274541,0.021827,293469.40,293442.84,1292.84,1136.21,no,yes
9409,-1.233929,0.21724710,-0.017450,293252.82,293310.46,2381.06,4018.41,no,yes
9410,1.238796,0.21543568,0.017519,293604.97,293585.73,1153.02,1040.43,no,yes
9411,1.579451,0.11424903,0.022337,293491.89,293466.86,1228.03,1001.47,no,yes
9412,-0.210329,0.83341295,-0.002975,293581.99,293592.55,3101.63,3948.68,no,yes
9413,1.014812,0.31021556,0.014352,293265.17,293234.75,2845.52,943.41,no,yes
9414,0.142229,0.88690089,0.002011,293621.38,293616.67,2393.94,2284.57,no,yes
9415,-0.181451,0.85601523,-0.002566,293580.17,293583.04,1103.71,1132.33,no,yes
9416,-0.256722,0.79739638,-0.003631,293527.11,293530.23,807.23,908.92,no,yes
9417,-0.543119,0.58705389,-0.007681,293343.50,293372.96,3388.36,4235.40,no,yes
9418,1.405202,0.15998605,0.019873,293328.91,293282.28,3123.05,1121.72,no,yes
9419,1.015403,0.30992612,0.014360,293603.26,293585.46,1260.42,1218.34,no,yes
9420,0.413040,0.67958241,0.005841,293390.20,293380.78,1857.66,1323.81,no,yes
9421,0.077152,0.93850311,0.001091,293339.43,293338.30,1077.05,1002.07,no,yes
9422,0.386103,0.69942531,0.005460,293399.88,293392.15,1726.69,1015.24,no,yes
9423,0.202082,0.83985486,0.002858,293380.20,293374.59,1796.68,2113.30,no,yes
9424,0.970364,0.33187676,0.013723,293227.48,293210.63,1266.83,1188.39,no,yes
9425,0.456281,0.64819270,0.006453,293427.56,293421.11,984.71,1013.60,no,yes
9426,-0.705344,0.48060488,-0.009975,293219.46,293242.77,2132.19,2524.17,no,yes
9427,-1.188500,0.23465057,-0.016808,293324.09,293340.39,951.77,987.49,no,yes
9428,-0.845369,0.39791713,-0.011955,293213.85,293230.55,1044.80,1676.30,no,yes
9429,0.752114,0.45199135,0.010636,293569.86,293559.70,986.29,922.73,no,yes
9430,0.388002,0.69801851,0.005487,293414.10,293406.84,1332.24,1314.52,no,yes
9431,0.594605,0.55211459,0.008409,293321.13,293298.06,2889.95,2590.28,no,yes
9432,-0.825711,0.40897814,-0.011677,293311.44,293321.26,772.18,905.71,no,yes
9433,-0.120020,0.90446841,-0.001697,293202.31,293204.08,1063.74,1023.13,no,yes
9434,0.510562,0.60966335,0.007220,293610.79,293595.94,2194.44,1909.29,no,yes
9435,0.147422,0.88280036,0.002085,293326.81,293323.69,1170.83,1766.42,no,yes
9436,0.009809,0.99217408,0.000139,293349.16,293348.59,3517.18,4557.91,no,yes
9437,0.533887,0.59342571,0.007550,293220.02,293207.33,1845.45,1497.23,no,yes
9438,1.565263,0.11753762,0.022136,293406.38,293376.92,1450.42,1199.37,no,yes
9439,-1.971905,0.04864069,-0.027887,293191.67,293238.50,944.05,2179.13,yes,yes
9440,-0.441686,0.65872142,-0.006246,293298.73,293327.21,4043.27,5022.38,no,yes
9441,0.861748,0.38883794,0.012187,293335.14,293320.20,1429.25,980.87,no,yes
9442,-0.915137,0.36013264,-0.012942,294452.35,294479.30,1595.55,2476.08,no,yes
9443,-1.193922,0.23252875,-0.016885,293555.08,293595.69,1429.81,3086.50,no,yes
9444,1.224999,0.22059025,0.017324,293558.78,293539.06,1168.24,1107.70,no,yes
9445,0.836520,0.40287309,0.011830,293466.43,293445.66,1980.09,1496.77,no,yes
9446,-0.207114,0.83592312,-0.002929,293275.77,293284.59,2796.12,3208.07,no,yes
9447,-0.595009,0.55184561,-0.008415,293220.33,293242.04,1834.85,3155.18,no,yes
9448,1.597217,0.11023329,0.022588,293584.17,293558.67,1197.69,1055.51,no,yes
9449,-0.553260,0.58009327,-0.007824,293373.36,293392.15,1630.25,2978.86,no,yes
9450,-0.700088,0.48388234,-0.009901,293175.91,293190.73,1108.44,1802.50,no,yes
9451,-0.323126,0.74660331,-0.004570,293603.76,293609.18,1145.07,1225.42,no,yes
9452,0.535186,0.59252714,0.007569,293274.29,293265.80,1148.71,1095.28,no,yes
9453,0.548483,0.58336846,0.007757,293467.38,293455.48,1907.18,1035.79,no,yes
9454,-0.684470,0.49368831,-0.009680,293544.74,293557.61,925.04,1637.00,no,yes
9455,-0.913463,0.36101197,-0.012918,293432.59,293448.59,932.28,1483.58,no,yes
9456,0.129275,0.89714160,0.001828,361913.43,361908.27,2764.58,2878.12,no,yes
9457,0.646218,0.51814634,0.009139,293416.89,293384.85,4033.28,2883.98,no,yes
9458,-0.190616,0.84882814,-0.002696,293478.37,293480.89,917.80,952.25,no,yes
9459,0.001841,0.99853101,0.000026,293355.64,293355.54,3537.78,4034.97,no,yes
9460,0.215612,0.82929234,0.003049,293471.94,293468.76,1066.61,1022.31,no,yes
9461,0.730421,0.46514178,0.010330,293597.00,293578.03,2071.45,1565.73,no,yes
9462,-0.503618,0.61453532,-0.007122,293667.40,293684.92,2277.12,2628.46,no,yes
9463,0.565978,0.57141718,0.008004,293468.39,293452.06,2553.33,1340.76,no,yes
9464,-0.680727,0.49605200,-0.009627,293522.41,293532.23,1011.62,1028.77,no,yes
9465,-0.453116,0.65047008,-0.006408,293567.61,293580.90,2267.08,1861.39,no,yes
9466,0.701249,0.48315617,0.009917,293575.69,293564.50,1206.14,1043.43,no,yes
9467,-0.220514,0.82547298,-0.003119,293163.15,293166.38,1068.87,1002.84,no,yes
9468,1.482903,0.13812378,0.020971,293247.90,293215.68,2007.58,832.57,no,yes
9469,-0.184049,0.85397698,-0.002603,293581.98,293590.26,2984.92,3366.88,no,yes
9470,-0.128568,0.89770108,-0.001818,293524.32,293526.81,1054.16,1623.40,no,yes
9471,-0.279047,0.78021168,-0.003946,293495.48,293506.42,2396.20,3105.50,no,yes
9472,-0.431806,0.66588730,-0.006107,293346.85,293357.38,1534.94,1896.11,no,yes
9473,0.416248,0.67723309,0.005887,293161.97,293156.62,855.63,959.58,no,yes
9474,0.916896,0.35920887,0.012967,293675.11,293627.13,4132.35,3209.66,no,yes
9475,-0.296260,0.76703551,-0.004190,293461.90,293471.36,1647.77,2733.57,no,yes
9476,-0.500047,0.61704788,-0.007072,293543.19,293572.90,3766.26,4594.76,no,yes
9477,0.235201,0.81405590,0.003326,293530.42,293523.69,2474.55,1434.50,no,yes
9478,0.150178,0.88062581,0.002124,293537.81,293535.85,885.90,960.84,no,yes
9479,0.746430,0.45541905,0.010556,293745.76,293719.46,3118.84,1639.97,no,yes
9480,0.218009,0.82742432,0.003083,308702.84,308696.47,2217.13,1902.26,no,yes
9481,-0.572926,0.56670143,-0.008102,293625.22,293656.22,3548.53,4085.13,no,yes
9482,0.234883,0.81430199,0.003322,293236.76,293227.79,2907.57,2475.99,no,yes
9483,0.129235,0.89717301,0.001828,293438.56,293436.52,1164.46,1070.30,no,yes
9484,0.518577,0.60406157,0.007334,293543.96,293512.66,4768.95,3702.16,no,yes
9485,-0.492680,0.62224396,-0.006968,293331.26,293340.63,1297.64,1390.54,no,yes
9486,0.585956,0.55791185,0.008287,293478.20,293452.31,3238.74,3004.85,no,yes
9487,0.158277,0.87424026,0.002238,293319.61,293317.56,945.46,878.29,no,yes
9488,0.765419,0.44403166,0.010825,293377.02,293356.74,2097.09,1620.28,no,yes
9489,-0.911256,0.36217157,-0.012887,293566.80,293578.50,824.44,984.65,no,yes
9490,0.097242,0.92253525,0.001375,293392.61,293390.23,1407.54,2002.02,no,yes
9491,-0.828590,0.40734783,-0.011718,301158.11,301204.42,3092.71,4655.15,no,yes
9492,-1.247152,0.21235838,-0.017637,293216.01,293258.19,1920.45,2783.89,no,yes
9493,-0.014093,0.98875603,-0.000199,296280.11,296280.45,1633.37,1770.73,no,yes
9494,0.376223,0.70675517,0.005321,293536.67,293527.52,1843.38,1587.04,no,yes
9495,-1.732234,0.08325576,-0.024497,293339.04,293396.97,1200.38,3120.96,no,yes
9496,-0.714520,0.47491572,-0.010105,293530.43,293545.05,1069.86,1743.83,no,yes
9497,1.567362,0.11704973,0.022166,293249.09,293215.19,1862.78,1098.90,no,yes
9498,-0.642535,0.52053360,-0.009087,293589.34,293612.62,2310.53,2789.28,no,yes
9499,-2.359162,0.01833384,-0.033364,293288.77,293410.73,1060.42,5059.67,yes,yes
9500,-0.137586,0.89056886,-0.001946,293325.62,293328.65,1644.30,1469.03,no,yes
9501,0.659906,0.50932447,0.009332,293533.79,293520.37,1824.97,897.75,no,yes
9502,-0.627823,0.53012967,-0.008879,293481.01,293498.71,1248.61,2527.64,no,yes
9503,-0.516108,0.60578491,-0.007299,293256.84,293273.03,2174.71,2261.57,no,yes
9504,0.025985,0.97926942,0.000367,293217.14,293216.79,938.63,984.17,no,yes
9505,-0.836691,0.40277697,-0.011833,293351.55,293369.99,1323.95,1762.18,no,yes
9506,0.417173,0.67655635,0.005900,293350.35,293343.55,1128.19,1174.98,no,yes
9507,-0.379346,0.70443520,-0.005365,293473.21,293478.82,968.82,1117.08,no,yes
9508,-0.196886,0.84391865,-0.002784,293343.36,293347.23,1446.09,1330.50,no,yes
9509,1.290826,0.19678686,0.018255,293510.70,293454.87,4011.44,1616.43,no,yes
9510,0.924633,0.35517020,0.013076,293273.03,293245.02,2561.75,1618.44,no,yes
9511,-0.447959,0.65418763,-0.006335,293478.19,293492.77,2130.15,2458.64,no,yes
9512,1.070145,0.28457088,0.015134,293608.16,293556.77,4233.57,2266.44,no,yes
9513,0.896248,0.37013121,0.012675,390886.94,390861.66,2045.62,1941.50,no,yes
9514,0.812122,0.41673182,0.011485,293558.51,293544.66,1298.44,1105.10,no,yes
9515,-0.176457,0.85993674,-0.002495,293442.28,293449.15,2391.04,3079.39,no,yes
9516,0.124766,0.90070977,0.001764,293668.86,293661.63,4451.12,3718.97,no,yes
9517,-0.483797,0.62853510,-0.006842,293346.97,293360.24,1974.24,1905.35,no,yes
9518,-0.417387,0.67640053,-0.005903,293709.04,293728.72,2726.88,3847.77,no,yes
9519,-0.440661,0.65946286,-0.006232,294664.50,294678.20,2137.06,2256.45,no,yes
9520,0.975247,0.32944965,0.013792,293581.19,293567.04,1053.86,996.81,no,yes
9521,-0.198740,0.84246841,-0.002811,293443.94,293446.87,1088.00,996.89,no,yes
9522,0.520008,0.60306372,0.007354,293465.10,293457.22,1040.37,1101.77,no,yes
9523,-0.828367,0.40747385,-0.011715,293279.82,293321.19,2915.95,4054.70,no,yes
9524,0.925492,0.35472277,0.013088,293493.06,293458.66,3072.34,2092.08,no,yes
9525,0.267373,0.78918494,0.003781,293270.42,293256.64,3703.92,3587.40,no,yes
9526,-0.240851,0.80967345,-0.003406,293481.51,293493.35,3017.92,3878.61,no,yes
9527,0.595956,0.55121234,0.008428,293253.52,293243.02,1477.21,960.88,no,yes
9528,0.390781,0.69596354,0.005526,293346.96,293337.68,1382.74,1932.09,no,yes
9529,-0.369830,0.71151323,-0.005230,293336.20,293346.34,2241.81,1578.75,no,yes
9530,1.360520,0.17369064,0.019241,293480.36,293431.48,3413.14,1121.97,no,yes
9531,-0.015597,0.98755616,-0.000221,293380.65,293381.42,3538.69,3383.36,no,yes
9532,0.859506,0.39007375,0.012155,293381.93,293367.23,1456.82,897.47,no,yes
9533,0.324446,0.74560362,0.004588,293235.93,293224.08,2755.91,2399.14,no,yes
9534,0.693434,0.48804547,0.009807,293495.63,293468.70,2717.42,2773.94,no,yes
9535,-0.298029,0.76568436,-0.004215,293539.27,293557.10,3821.22,4604.21,no,yes
9536,1.307934,0.19091636,0.018497,293351.59,293307.08,3048.63,1512.72,no,yes
9537,0.454011,0.64982570,0.006421,293456.90,293437.10,3360.45,2778.47,no,yes
9538,-0.347608,0.72813843,-0.004916,293487.46,293492.30,1018.08,951.20,no,yes
9539,-0.577846,0.56337610,-0.008172,293253.24,293274.17,1867.99,3102.28,no,yes
9540,0.766117,0.44361657,0.010835,294157.17,294129.05,2899.19,2250.88,no,yes
9541,-0.155008,0.87681628,-0.002192,293488.07,293490.89,1198.11,1372.20,no,yes
9542,1.028822,0.30357744,0.014550,293620.88,293567.74,4249.14,2935.30,no,yes
9543,-0.054914,0.95620754,-0.000777,293578.86,293580.25,1741.33,1841.61,no,yes
9544,-0.693777,0.48783084,-0.009811,293455.68,293467.98,1096.49,1393.13,no,yes
9545,1.018144,0.30862403,0.014399,301305.86,301259.16,3879.88,2445.28,no,yes
9546,-0.311682,0.75528514,-0.004408,293254.39,293259.41,1110.69,1165.67,no,yes
9547,-0.199783,0.84165209,-0.002825,293453.52,293456.66,1141.26,1078.89,no,yes
9548,0.738743,0.46007426,0.010447,293538.09,293496.37,4971.41,2680.76,no,yes
9549,0.245482,0.80608614,0.003472,293342.07,293337.76,1251.34,1228.14,no,yes
9550,0.850518,0.39504876,0.012028,293605.76,293581.48,2365.80,1597.21,no,yes
9551,-0.308082,0.75802313,-0.004357,293368.79,293379.18,2380.81,2390.10,no,yes
9552,0.014973,0.98805379,0.000212,293537.76,293536.92,3460.87,4420.42,no,yes
9553,0.359061,0.71955310,0.005078,293442.54,293434.89,1627.93,1375.27,no,yes
9554,0.535314,0.59243881,0.007570,293398.58,293382.67,2353.46,1815.38,no,yes
9555,2.074925,0.03801548,0.029344,293325.76,293222.98,4763.27,1359.79,yes,yes
9556,0.758274,0.44829649,0.010724,293602.87,293572.32,3227.74,2411.45,no,yes
9557,0.722201,0.47018131,0.010213,293532.77,293496.58,4324.27,2534.40,no,yes
9558,1.609122,0.10760626,0.022756,293499.80,293473.13,1292.67,1037.31,no,yes
9559,0.714357,0.47501547,0.010103,293555.07,293539.99,1713.30,1234.82,no,yes
9560,-1.068048,0.28551225,-0.015104,293627.03,293684.65,3417.45,4174.39,no,yes
9561,0.166919,0.86743535,0.002361,293391.63,293385.63,2604.19,2476.93,no,yes
9562,0.604811,0.54531283,0.008553,308707.78,308695.31,1724.09,1128.64,no,yes
9563,-1.071079,0.28414940,-0.015147,293460.21,293510.48,2453.01,4001.16,no,yes
9564,-0.209932,0.83372283,-0.002969,293361.92,293365.45,1163.53,1218.81,no,yes
9565,1.440975,0.14961030,0.020378,293652.48,293608.51,2586.47,1619.14,no,yes
9566,-0.090546,0.92785452,-0.001281,293568.48,293569.96,1191.00,1119.96,no,yes
9567,0.845026,0.39810642,0.011950,293620.49,293595.37,2150.91,2053.04,no,yes
9568,-0.742506,0.45779091,-0.010501,293604.00,293625.59,1541.79,2466.59,no,yes
9569,-0.871264,0.38362054,-0.012322,293516.59,293568.36,4063.37,4334.76,no,yes
9570,0.927018,0.35392933,0.013110,361910.01,361883.77,2256.64,1708.41,no,yes
9571,-1.270718,0.20384761,-0.017971,293210.54,293236.35,1009.63,1762.87,no,yes
9572,0.380008,0.70394357,0.005374,293519.22,293492.17,5393.36,4645.46,no,yes
9573,0.825631,0.40902342,0.011676,293378.71,293361.73,1460.99,1448.91,no,yes
9574,-0.528326,0.59727910,-0.007472,361858.70,361871.91,1575.83,1939.07,no,yes
9575,0.090140,0.92817682,0.001275,293647.90,293641.20,4972.16,5530.04,no,yes
9576,0.151794,0.87935059,0.002147,293277.20,293273.25,1765.96,1911.96,no,yes
9577,-0.925557,0.35468724,-0.013089,293330.90,293353.28,1725.10,1694.30,no,yes
9578,-0.369722,0.71159321,-0.005229,293481.70,293517.47,6700.83,6978.02,no,yes
9579,0.859219,0.39023137,0.012151,302347.35,302318.20,2773.03,1953.06,no,yes
9580,-1.250962,0.21096489,-0.017691,293184.85,293204.83,909.76,1313.20,no,yes
9581,0.120392,0.90417412,0.001703,293282.54,293276.78,3431.56,3336.98,no,yes
9582,-0.028966,0.97689191,-0.000410,293425.48,293426.33,1786.29,2328.14,no,yes
9583,0.971952,0.33108608,0.013745,293219.42,293191.25,2160.06,1932.34,no,yes
9584,-0.358044,0.72031414,-0.005064,293401.57,293405.88,865.16,837.62,no,yes
9585,0.216560,0.82855355,0.003063,293235.20,293228.68,2317.29,1924.29,no,yes
9586,-0.265511,0.79061882,-0.003755,294173.87,294186.56,3588.38,3159.66,no,yes
9587,0.132159,0.89485995,0.001869,293646.62,293641.33,3121.65,2508.85,no,yes
9588,-0.344047,0.73081492,-0.004866,308846.27,308869.00,4433.95,4898.24,no,yes
9589,0.201559,0.84026341,0.002850,293621.01,293616.68,1521.30,1511.23,no,yes
9590,1.182673,0.23695348,0.016726,293230.42,293213.79,1091.52,885.62,no,yes
9591,-0.529494,0.59646915,-0.007488,293558.39,293570.01,1684.49,1405.13,no,yes
9592,-0.836669,0.40278869,-0.011832,293238.18,293249.55,916.81,1003.16,no,yes
9593,-0.173764,0.86205298,-0.002457,293337.22,293339.49,945.52,897.27,no,yes
9594,-0.410333,0.68156636,-0.005803,293287.50,293303.96,2834.90,2835.54,no,yes
9595,0.671512,0.50190203,0.009497,293433.28,293422.24,1223.56,1096.88,no,yes
9596,1.733166,0.08308278,0.024511,293218.13,293195.01,1069.10,797.97,no,yes
9597,-0.263624,0.79207290,-0.003728,293279.93,293288.77,1896.24,2766.90,no,yes
9598,0.802389,0.42233828,0.011347,293858.36,293814.22,4441.36,3247.60,no,yes
9599,0.115977,0.90767158,0.001640,294154.99,294144.14,6645.80,6579.38,no,yes
9600,0.669488,0.50319292,0.009468,293397.90,293380.52,2131.82,1480.09,no,yes
9601,-0.811230,0.41724310,-0.011473,293400.52,293412.42,1048.66,1026.15,no,yes
9602,-0.133048,0.89415669,-0.001882,293514.92,293520.85,3104.14,3200.14,no,yes
9603,-0.202471,0.83955039,-0.002863,293245.35,293253.17,2556.65,2896.66,no,yes
9604,0.198462,0.84268597,0.002807,293615.02,293608.67,2151.74,2367.96,no,yes
9605,-0.638840,0.52293464,-0.009035,293326.38,293336.03,1006.12,1127.28,no,yes
9606,0.555795,0.57836016,0.007860,293487.83,293472.30,2555.82,1131.21,no,yes
9607,-0.938948,0.34776904,-0.013279,293417.29,293430.66,972.34,1040.23,no,yes
9608,2.296852,0.02164227,0.032482,293573.94,293507.84,2638.22,1149.74,yes,yes
9609,0.074965,0.94024325,0.001060,293437.28,293433.51,3843.45,3242.45,no,yes
9610,-0.822551,0.41077328,-0.011633,302299.38,302311.70,1020.30,1095.57,no,yes
9611,0.582991,0.55990629,0.008245,293295.43,293271.50,3004.18,2797.87,no,yes
9612,-0.073476,0.94142820,-0.001039,293453.70,293455.12,1313.26,1420.64,no,yes
9613,0.908671,0.36353520,0.012851,293286.99,293258.59,2469.35,1915.24,no,yes
9614,0.160769,0.87227730,0.002274,293501.88,293494.13,3530.30,3281.54,no,yes
9615,-0.455968,0.64841798,-0.006448,293536.18,293549.21,1999.22,2044.35,no,yes
9616,0.139729,0.88887586,0.001976,293765.88,293753.37,6377.88,6276.19,no,yes
9617,-0.903718,0.36615858,-0.012781,293382.64,293427.27,2479.20,4270.44,no,yes
9618,0.639769,0.52233042,0.009048,293424.82,293409.36,1845.74,1558.35,no,yes
9619,-0.631913,0.52745127,-0.008937,293238.94,293273.94,3349.11,4411.57,no,yes
9620,-0.259695,0.79510197,-0.003673,293309.02,293322.58,3495.29,3879.74,no,yes
9621,-0.424469,0.67122850,-0.006003,293452.08,293467.43,2210.37,2861.67,no,yes
9622,1.759768,0.07846245,0.024887,293251.20,293220.54,1248.23,1215.76,no,yes
9623,-0.239039,0.81107773,-0.003381,293308.87,293322.93,3729.15,4549.16,no,yes
9624,-0.138564,0.88979615,-0.001960,293451.01,293455.91,2251.94,2722.79,no,yes
9625,-1.148974,0.25058045,-0.016249,293307.71,293323.71,936.79,1030.97,no,yes
9626,0.161415,0.87176851,0.002283,294806.25,294798.55,3419.37,3324.11,no,yes
9627,-0.583099,0.55983419,-0.008246,293216.89,293229.96,1204.65,1891.05,no,yes
9628,0.470703,0.63785793,0.006657,293279.16,293254.21,4100.38,3360.36,no,yes
9629,-0.742583,0.45774294,-0.010502,293676.65,293729.15,4676.97,5301.89,no,yes
9630,0.778675,0.43618215,0.011012,299023.43,299002.84,2243.16,1399.44,no,yes
9631,-0.805383,0.42060994,-0.011390,293376.88,293420.00,2821.13,4550.43,no,yes
9632,0.060293,0.95192265,0.000853,293507.49,293504.52,4289.06,2432.61,no,yes
9633,-0.460552,0.64512534,-0.006513,293260.20,293277.28,2505.00,2734.45,no,yes
9634,0.660296,0.50907193,0.009338,293525.50,293495.33,3672.98,2719.50,no,yes
9635,0.535674,0.59218994,0.007576,293660.11,293635.63,3364.65,3090.84,no,yes
9636,-0.620610,0.53486391,-0.008777,293260.54,293282.26,2212.11,2713.19,no,yes
9637,-0.444443,0.65672744,-0.006285,293408.06,293447.91,6258.80,6419.35,no,yes
9638,0.625354,0.53174573,0.008844,293304.89,293291.46,1597.81,1435.59,no,yes
9639,0.933159,0.35075432,0.013197,293370.28,293345.09,2460.66,1109.89,no,yes
9640,0.336623,0.73640501,0.004761,293416.53,293405.61,2271.80,2313.44,no,yes
9641,-0.514774,0.60671707,-0.007280,293622.75,293676.48,6820.63,7900.02,no,yes
9642,-0.752326,0.45186366,-0.010640,293324.13,293335.13,1049.81,1018.53,no,yes
9643,0.190673,0.84878396,0.002697,293286.03,293283.06,1135.82,1067.45,no,yes
9644,0.186737,0.85186873,0.002641,293282.50,293276.86,1791.08,2435.17,no,yes
9645,0.127287,0.89871468,0.001800,299197.64,299195.99,967.75,856.29,no,yes
9646,-0.040574,0.96763607,-0.000574,293578.55,293580.65,3595.15,3728.14,no,yes
9647,-1.291177,0.19666065,-0.018260,293401.10,293438.81,1508.42,2500.64,no,yes
9648,0.913250,0.36112190,0.012915,293566.74,293550.16,1332.70,1232.81,no,yes
9649,0.804405,0.42117356,0.011376,301108.87,301088.81,2048.06,1422.98,no,yes
9650,-1.385736,0.16585475,-0.019597,293452.47,293499.31,855.26,3270.09,no,yes
9651,-0.618254,0.53641536,-0.008743,293346.09,293365.45,2352.86,2067.60,no,yes
9652,-1.192592,0.23305010,-0.016866,293273.47,293302.75,973.24,2254.17,no,yes
9653,0.203584,0.83868099,0.002879,293249.11,293245.16,1503.35,1225.47,no,yes
9654,-0.636204,0.52465109,-0.008997,293205.11,293217.40,1231.72,1488.97,no,yes
9655,0.686046,0.49269384,0.009702,293586.85,293554.30,4051.80,2466.63,no,yes
9656,-0.974316,0.32991179,-0.013779,293339.21,293353.98,990.83,1147.33,no,yes
9657,-0.995520,0.31950137,-0.014079,293514.02,293560.76,1854.48,4313.99,no,yes
9658,-0.442888,0.65785134,-0.006263,293498.92,293514.24,2461.98,2431.19,no,yes
9659,0.713288,0.47567575,0.010087,293447.11,293428.62,1765.41,1898.82,no,yes
9660,-0.876082,0.38100025,-0.012390,293214.51,293232.81,874.63,1896.64,no,yes
9661,0.577881,0.56335158,0.008172,293316.01,293300.13,2139.08,1722.98,no,yes
9662,-0.143414,0.88596440,-0.002028,293643.82,293656.40,6227.69,6178.28,no,yes
9663,0.541956,0.58785501,0.007664,293549.16,293539.22,1287.23,1306.22,no,yes
9664,-0.373607,0.70870156,-0.005284,293795.05,293815.69,3128.79,4553.70,no,yes
9665,0.423064,0.67225379,0.005983,293622.22,293612.99,1180.90,1833.83,no,yes
9666,1.120799,0.26238692,0.015850,293398.49,293378.61,1272.86,1235.23,no,yes
9667,0.427514,0.66900945,0.006046,293207.14,293200.70,1077.86,1052.00,no,yes
9668,-1.095648,0.27324824,-0.015495,293557.22,293613.94,2863.37,4312.36,no,yes
9669,0.916592,0.35936773,0.012963,293468.23,293450.23,1467.95,1304.40,no,yes
9670,1.368509,0.17117019,0.019354,293306.25,293272.02,2059.80,1418.94,no,yes
9671,0.093433,0.92556021,0.001321,293671.31,293664.17,5582.89,5221.71,no,yes
9672,2.294075,0.02179800,0.032443,293567.65,293528.83,1405.32,942.39,yes,yes
9673,-0.971205,0.33145814,-0.013735,293263.78,293277.39,943.58,1036.30,no,yes
9674,0.684359,0.49375621,0.009678,293500.52,293486.36,1403.25,1521.03,no,yes
9675,1.355304,0.17533674,0.019167,293613.55,293579.36,1966.63,1579.24,no,yes
9676,-0.088328,0.92961662,-0.001249,293179.25,293180.41,876.92,982.93,no,yes
9677,0.213525,0.83091997,0.003020,299061.92,299054.76,2493.00,2242.10,no,yes
9678,0.724848,0.46855605,0.010251,293452.94,293434.36,2257.51,1212.91,no,yes
9679,1.335597,0.18169806,0.018888,293594.23,293513.60,4966.76,3431.50,no,yes
9680,-0.459108,0.64616225,-0.006493,293290.12,293303.50,1616.07,2425.12,no,yes
9681,0.234550,0.81456053,0.003317,293426.01,293419.30,2119.35,1924.38,no,yes
9682,-1.565460,0.11749613,-0.022139,293566.51,293639.85,2145.23,4164.92,no,yes
9683,0.767630,0.44272007,0.010856,293246.69,293225.85,2479.56,1104.98,no,yes
9684,0.239609,0.81063568,0.003389,293609.73,293598.20,3516.55,3284.58,no,yes
9685,1.455343,0.14559681,0.020582,293647.21,293568.30,4931.24,2253.26,no,yes
9686,-0.095805,0.92367636,-0.001355,307426.31,307432.53,4331.70,4830.54,no,yes
9687,-0.163102,0.87044006,-0.002307,293365.66,293376.45,3987.10,5279.16,no,yes
9688,0.046875,0.96261339,0.000663,293242.67,293241.57,1608.20,1705.74,no,yes
9689,0.330462,0.74105442,0.004673,293421.88,293402.84,4557.75,3524.67,no,yes
9690,-0.030486,0.97567951,-0.000431,293473.28,293474.16,1610.77,2382.26,no,yes
9691,-0.393803,0.69373105,-0.005569,293699.72,293716.43,2646.14,3319.42,no,yes
9692,1.705371,0.08814383,0.024118,293681.68,293590.45,4547.80,2817.53,no,yes
9693,-0.530973,0.59544338,-0.007509,293578.29,293597.47,2383.62,2714.68,no,yes
9694,0.173183,0.86250905,0.002449,293640.38,293631.36,3693.33,3669.50,no,yes
9695,0.141338,0.88760453,0.001999,293383.70,293377.44,3143.29,3121.98,no,yes
9696,-0.594397,0.55225357,-0.008406,293446.50,293460.20,1747.45,1503.34,no,yes
9697,0.201347,0.84042910,0.002847,293635.05,293619.79,5330.62,5385.73,no,yes
9698,1.517408,0.12918014,0.021459,293430.36,293400.41,1532.70,1243.98,no,yes
9699,-1.010085,0.31246841,-0.014285,293524.92,293559.78,1987.81,2821.92,no,yes
9700,0.120754,0.90388708,0.001708,293283.21,293280.25,1630.18,1826.75,no,yes
9701,-0.384437,0.70065946,-0.005437,293438.42,293447.61,1318.30,1995.86,no,yes
9702,0.583461,0.55958955,0.008251,293600.74,293590.81,1199.23,1207.14,no,yes
9703,1.406278,0.15965717,0.019888,293287.34,293255.91,1658.59,1498.06,no,yes
9704,0.514056,0.60721899,0.007270,293418.99,293397.52,3218.90,2661.17,no,yes
9705,1.090015,0.27571977,0.015415,293681.48,293653.85,1758.50,1825.88,no,yes
9706,0.634868,0.52552366,0.008978,293291.14,293259.79,4258.77,2499.58,no,yes
9707,0.315833,0.75213300,0.004467,293664.12,293647.89,3921.21,3320.03,no,yes
9708,0.419626,0.67476320,0.005934,293587.50,293567.65,3620.16,3042.45,no,yes
9709,0.834117,0.40422506,0.011796,293606.04,293591.77,1232.44,1186.71,no,yes
9710,0.668053,0.50410799,0.009448,390902.05,390871.43,3703.05,2699.51,no,yes
9711,1.332472,0.18272087,0.018844,293462.88,293442.04,1192.91,1011.18,no,yes
9712,1.065305,0.28675130,0.015066,293411.44,293393.96,1281.91,1023.28,no,yes
9713,-0.676450,0.49876299,-0.009566,293217.87,293236.88,1908.53,2064.29,no,yes
9714,-0.314381,0.75323467,-0.004446,293430.60,293436.92,1361.82,1479.93,no,yes
9715,1.210316,0.22617273,0.017116,293379.70,293360.12,1278.55,992.33,no,yes
9716,0.457824,0.64708482,0.006475,293619.73,293603.74,2944.53,1875.44,no,yes
9717,-0.014160,0.98870225,-0.000200,293268.54,293269.07,2641.27,2730.10,no,yes
9718,-0.289375,0.77229731,-0.004092,293465.81,293475.56,2112.65,2624.30,no,yes
9719,-0.881025,0.37831657,-0.012460,293901.66,293924.72,1420.54,2198.33,no,yes
9720,-1.124528,0.26080561,-0.015903,293242.80,293269.62,1224.84,2046.93,no,yes
9721,-0.415794,0.67756510,-0.005880,293323.99,293351.12,4068.08,5102.59,no,yes
9722,-0.014867,0.98813878,-0.000210,293521.24,293521.75,2744.23,2068.62,no,yes
9723,-1.063050,0.28777498,-0.015034,293550.30,293606.25,2721.16,4504.33,no,yes
9724,0.629493,0.52903410,0.008902,293564.75,293541.40,2914.17,2294.12,no,yes
9725,0.108605,0.91351686,0.001536,293427.26,293421.52,3908.78,3551.62,no,yes
9726,0.432944,0.66506093,0.006123,293266.01,293249.64,3148.88,2094.80,no,yes
9727,0.234196,0.81483523,0.003312,293552.22,293545.48,2038.13,2034.96,no,yes
9728,0.291422,0.77073186,0.004121,293588.63,293583.73,1218.60,1157.37,no,yes
9729,1.356082,0.17509044,0.019178,293399.31,293374.69,1503.94,1017.11,no,yes
9730,1.295194,0.19526994,0.018317,293508.23,293432.64,4777.33,3352.35,no,yes
9731,-0.221884,0.82440656,-0.003138,293186.33,293189.19,842.42,972.00,no,yes
9732,0.410864,0.68117800,0.005810,293243.02,293234.21,1879.58,1036.45,no,yes
9733,-0.882904,0.37729902,-0.012486,293404.39,293420.13,1180.69,1337.03,no,yes
9734,0.284869,0.77574731,0.004029,293471.22,293455.55,4079.04,3687.69,no,yes
9735,1.201153,0.22970755,0.016987,293341.05,293299.37,2825.16,2015.66,no,yes
9736,0.314819,0.75290229,0.004452,293607.29,293596.61,2278.25,2513.24,no,yes
9737,-0.523071,0.60093034,-0.007397,293388.32,293396.75,1105.09,1173.74,no,yes
9738,-0.329826,0.74153566,-0.004664,293548.50,293559.76,1815.35,2890.44,no,yes
9739,-0.494281,0.62111355,-0.006990,293461.61,293469.12,972.06,1167.45,no,yes
9740,-1.095727,0.27321827,-0.015496,293319.95,293349.02,993.54,2460.74,no,yes
9741,0.466940,0.64054778,0.006604,293307.19,293288.73,2658.68,2926.86,no,yes
9742,0.434739,0.66375750,0.006148,293224.85,293205.00,3985.08,2226.52,no,yes
9743,1.141532,0.25366239,0.016144,293359.62,293329.03,1969.78,1816.54,no,yes
9744,-0.620963,0.53463120,-0.008782,293235.58,293246.45,1208.44,1268.46,no,yes
9745,0.814561,0.41533509,0.011520,293238.12,293215.13,2400.30,1484.98,no,yes
9746,-0.258250,0.79621686,-0.003652,293471.51,293481.98,2428.54,3247.90,no,yes
9747,-1.010602,0.31221910,-0.014292,293144.65,293156.81,830.40,870.69,no,yes
9748,0.774379,0.43871595,0.010951,293679.62,293632.37,4729.87,3853.95,no,yes
9749,1.084688,0.27807321,0.015340,293525.00,293508.65,1124.56,1002.74,no,yes
9750,0.574758,0.56546127,0.008128,293361.91,293345.88,2050.90,1890.24,no,yes
9751,1.237075,0.21607579,0.017495,293355.19,293331.04,1614.06,1098.45,no,yes
9752,-1.035023,0.30067104,-0.014637,293664.97,293689.27,1487.55,1815.42,no,yes
9753,0.582174,0.56045591,0.008233,293274.60,293247.51,3375.86,3203.44,no,yes
9754,0.593121,0.55310757,0.008388,293671.89,293642.23,4071.55,2905.42,no,yes
9755,-0.133983,0.89341721,-0.001895,293462.63,293466.85,2336.03,2112.20,no,yes
9756,0.914474,0.36047894,0.012933,293631.49,293617.00,1141.39,1099.81,no,yes
9757,0.893203,0.37175908,0.012632,293404.91,293389.79,1191.25,1201.90,no,yes
9758,0.140317,0.88841082,0.001984,293550.73,293547.88,1535.86,1334.12,no,yes
9759,-0.672489,0.50128129,-0.009510,293474.50,293510.72,3157.02,4363.46,no,yes
9760,0.277245,0.78159461,0.003921,293282.77,293271.63,2803.92,2878.96,no,yes
9761,0.974563,0.32978920,0.013782,294695.85,294669.45,2070.43,1746.87,no,yes
9762,0.084753,0.93245835,0.001199,293446.74,293444.63,1837.55,1673.23,no,yes
9763,1.430692,0.15254006,0.020233,293309.63,293263.62,2892.12,1407.15,no,yes
9764,2.041765,0.04118839,0.028875,294483.58,294452.57,1168.10,971.02,yes,yes
9765,-0.355349,0.72233153,-0.005025,293401.26,293406.26,986.68,1004.92,no,yes
9766,0.713773,0.47537600,0.010094,293189.19,293179.29,1012.61,946.54,no,yes
9767,0.522315,0.60145684,0.007387,293549.20,293541.90,929.86,1042.82,no,yes
9768,0.149129,0.88145306,0.002109,293419.17,293414.92,2075.20,1956.22,no,yes
9769,0.109922,0.91247241,0.001555,293389.27,293387.59,1085.39,1074.46,no,yes
9770,1.286126,0.19841428,0.018189,293610.21,293576.63,1974.14,1709.14,no,yes
9771,-1.408880,0.15888679,-0.019925,293227.47,293254.19,1192.11,1474.51,no,yes
9772,0.240838,0.80968313,0.003406,293357.10,293348.48,2283.95,2756.42,no,yes
9773,0.861085,0.38920189,0.012178,293277.52,293250.93,2317.97,2040.08,no,yes
9774,-0.752835,0.45155841,-0.010647,293340.83,293350.81,849.89,1016.11,no,yes
9775,-0.027463,0.97809069,-0.000388,293419.24,293420.38,2748.04,3119.42,no,yes
9776,0.230767,0.81749785,0.003264,293608.86,293600.22,2683.29,2609.53,no,yes
9777,0.729060,0.46597384,0.010310,293247.76,293236.49,1053.64,1132.43,no,yes
9778,-0.533037,0.59401536,-0.007538,293236.87,293264.34,2553.15,4476.07,no,yes
9779,0.210318,0.83342168,0.002974,293165.06,293162.09,903.98,1087.61,no,yes
9780,0.259736,0.79507028,0.003673,294589.32,294575.58,3658.95,3823.58,no,yes
9781,0.373226,0.70898412,0.005278,293280.73,293269.37,2329.99,1958.55,no,yes
9782,0.557501,0.57719167,0.007884,293462.46,293443.72,2303.18,2448.68,no,yes
9783,-0.447507,0.65451409,-0.006329,293162.43,293169.27,1153.91,1002.21,no,yes
9784,1.725217,0.08451317,0.024398,293452.92,293409.91,2350.32,832.25,no,yes
9785,0.156770,0.87542754,0.002217,293472.58,293468.89,1366.04,1918.45,no,yes
9786,-0.592930,0.55323459,-0.008385,293545.15,293553.02,931.77,944.57,no,yes
9787,-0.806177,0.42015159,-0.011401,293552.99,293583.91,2231.41,3119.50,no,yes
9788,0.412021,0.68032839,0.005827,293302.29,293290.34,1947.79,2150.67,no,yes
9789,0.232538,0.81612291,0.003289,293491.23,293483.43,2286.34,2456.84,no,yes
9790,0.018880,0.98493671,0.000267,293585.33,293584.85,2017.40,1546.21,no,yes
9791,0.262404,0.79301306,0.003711,293236.75,293228.01,2692.08,1962.62,no,yes
9792,-0.139347,0.88917699,-0.001971,293339.63,293345.80,3155.85,3110.58,no,yes
9793,-0.185889,0.85253374,-0.002629,293418.83,293424.68,2220.00,2232.40,no,yes
9794,0.531126,0.59533782,0.007511,293656.67,293638.60,2713.63,2051.32,no,yes
9795,1.247790,0.21212866,0.017646,293598.67,293567.95,2233.12,1035.71,no,yes
9796,0.830538,0.40624544,0.011746,293608.44,293591.31,1678.89,1196.28,no,yes
9797,-0.375715,0.70713366,-0.005313,293311.79,293326.17,1832.49,3359.31,no,yes
9798,-0.557556,0.57715377,-0.007885,293630.18,293652.60,2750.58,2933.53,no,yes
9799,0.633443,0.52645144,0.008958,293494.12,293483.67,1231.44,1098.30,no,yes
9800,0.798077,0.42483580,0.011287,293254.94,293223.73,3034.23,2467.09,no,yes
9801,0.634402,0.52582607,0.008972,293216.87,293207.86,1001.25,1008.42,no,yes
9802,0.267430,0.78914115,0.003782,293488.54,293482.71,1855.53,1142.67,no,yes
9803,1.226590,0.21999364,0.017347,293494.94,293449.21,3118.13,2043.85,no,yes
9804,-1.248601,0.21183564,-0.017658,293365.86,293407.86,1004.45,3210.42,no,yes
9805,-0.493135,0.62192237,-0.006974,293678.85,293695.59,2274.04,2522.30,no,yes
9806,0.564937,0.57212336,0.007989,293346.10,293333.16,1738.71,1490.23,no,yes
9807,0.176891,0.85959557,0.002502,293503.81,293495.83,2865.35,3479.06,no,yes
9808,-0.224674,0.82223557,-0.003177,293270.10,293273.85,1093.13,1264.20,no,yes
9809,0.706995,0.47957979,0.009998,293267.18,293238.88,3487.20,1967.86,no,yes
9810,-1.510842,0.13084507,-0.021367,293447.12,293470.92,1015.10,1204.04,no,yes
9811,1.119910,0.26276566,0.015838,293363.55,293344.67,1221.66,1161.49,no,yes
9812,-0.339872,0.73395633,-0.004807,293270.71,293282.04,2449.34,2259.22,no,yes
9813,0.403415,0.68664690,0.005705,293648.52,293630.58,3154.71,3137.23,no,yes
9814,-1.550187,0.12111241,-0.021923,293778.68,293807.84,1293.86,1364.77,no,yes
9815,0.271371,0.78610868,0.003838,293751.63,293739.23,3565.52,2856.33,no,yes
9816,0.585346,0.55832215,0.008278,293615.20,293597.06,2483.87,1853.51,no,yes
9817,-0.087827,0.93001526,-0.001242,293418.41,293420.32,1452.67,1613.50,no,yes
9818,0.956840,0.33866284,0.013532,293657.07,293629.95,2465.53,1399.86,no,yes
9819,-0.540866,0.58860765,-0.007649,293572.71,293584.42,1026.18,1907.39,no,yes
9820,0.355731,0.72204574,0.005031,293451.03,293445.58,1125.00,1039.41,no,yes
9821,0.063717,0.94919606,0.000901,293406.55,293405.56,1127.18,1064.13,no,yes
9822,-0.164884,0.86903678,-0.002332,293339.32,293343.57,1659.06,1967.66,no,yes
9823,-1.740306,0.08182568,-0.024612,293265.95,293294.59,766.41,1456.47,no,yes
9824,-0.239549,0.81068201,-0.003388,293505.24,293513.34,2296.27,2478.77,no,yes
9825,1.415668,0.15689350,0.020021,293255.51,293218.82,2297.65,1198.38,no,yes
9826,0.202190,0.83977037,0.002859,293625.22,293619.05,2174.52,2139.47,no,yes
9827,0.880680,0.37850401,0.012455,293638.04,293599.44,3768.51,2238.71,no,yes
9828,0.436507,0.66247376,0.006173,293366.19,293359.90,1159.69,857.28,no,yes
9829,-0.071474,0.94302155,-0.001011,293525.70,293528.45,2851.82,2578.65,no,yes
9830,0.130082,0.89650318,0.001840,293430.03,293426.59,1564.10,2125.67,no,yes
9831,0.216258,0.82878852,0.003058,293353.61,293341.50,3961.27,3957.16,no,yes
9832,0.669080,0.50345265,0.009462,293319.62,293289.24,3486.50,2909.16,no,yes
9833,0.300519,0.76378476,0.004250,293632.41,293621.93,2317.35,2608.88,no,yes
9834,-0.423526,0.67191598,-0.005990,293360.13,293379.88,3111.51,3472.09,no,yes
9835,-0.027021,0.97844291,-0.000382,293463.26,293466.01,6966.99,7426.65,no,yes
9836,1.102277,0.27035846,0.015589,293666.96,293621.26,3629.56,2005.23,no,yes
9837,0.166343,0.86788864,0.002352,293213.27,293208.44,2399.79,1642.55,no,yes
9838,0.122320,0.90264701,0.001730,293318.92,293311.96,4132.04,3908.26,no,yes
9839,1.050378,0.29355736,0.014855,293262.45,293239.35,1654.89,1447.95,no,yes
9840,0.233729,0.81519814,0.003305,293250.99,293239.09,3682.55,3513.95,no,yes
9841,-0.874756,0.38171725,-0.012371,293449.31,293466.90,1337.06,1501.27,no,yes
9842,0.229104,0.81879092,0.003240,293698.15,293690.82,1924.00,2555.45,no,yes
9843,0.064550,0.94853319,0.000913,293250.46,293249.35,1296.93,1113.53,no,yes
9844,1.325744,0.18493988,0.018749,293377.63,293343.75,1923.60,1682.45,no,yes
9845,-0.945986,0.34416887,-0.013378,293421.24,293444.74,1386.86,2061.60,no,yes
9846,-0.568029,0.57002248,-0.008033,293530.06,293552.49,2218.04,3267.64,no,yes
9847,-0.812923,0.41627216,-0.011496,293890.08,293917.65,2394.53,2401.97,no,yes
9848,0.369852,0.71149678,0.005230,303929.01,303907.53,4593.92,3553.78,no,yes
9849,0.558620,0.57642748,0.007900,293332.73,293324.15,1113.38,1056.28,no,yes
9850,-1.831527,0.06704205,-0.025902,293538.78,293580.74,1034.30,2044.60,no,yes
9851,-0.167454,0.86701427,-0.002368,293277.98,293284.56,2690.18,2862.76,no,yes
9852,0.421291,0.67354729,0.005958,293669.48,293640.16,4951.47,4891.26,no,yes
9853,-0.458317,0.64672968,-0.006482,293459.38,293474.12,2023.25,2498.42,no,yes
9854,-1.502406,0.13301088,-0.021247,293425.97,293479.13,1918.93,2972.90,no,yes
9855,-0.177741,0.85892851,-0.002514,293475.67,293485.36,3809.79,3901.30,no,yes
9856,-1.066545,0.28619035,-0.015083,293160.29,293174.07,842.17,979.70,no,yes
9857,1.983181,0.04737149,0.028046,293431.38,293341.59,4393.08,1094.88,yes,yes
9858,0.722124,0.47022759,0.010212,293319.23,293274.31,5001.25,3700.24,no,yes
9859,1.807184,0.07075374,0.025557,293575.56,293537.51,1871.83,963.70,no,yes
9860,0.420942,0.67380184,0.005953,293271.74,293259.20,1966.33,2239.45,no,yes
9861,-1.222564,0.22150911,-0.017290,299040.55,299062.37,1149.24,1365.51,no,yes
9862,1.118124,0.26353284,0.015813,293287.59,293229.74,4686.32,2191.79,no,yes
9863,-0.685585,0.49298296,-0.009696,293491.35,293501.09,972.92,1035.80,no,yes
9864,-0.490826,0.62355527,-0.006941,293228.81,293243.84,2277.18,2048.91,no,yes
9865,-0.614851,0.53866029,-0.008695,302331.13,302341.67,1167.96,1254.34,no,yes
9866,0.309013,0.75731508,0.004370,293518.89,293503.14,3771.81,3425.37,no,yes
9867,-0.388742,0.69747133,-0.005498,293596.16,293601.29,877.92,982.94,no,yes
9868,0.561143,0.57470666,0.007936,293575.96,293561.98,1823.27,1696.85,no,yes
9869,-1.343166,0.17923812,-0.018995,293338.04,293381.40,1526.38,2845.30,no,yes
9870,1.297817,0.19437482,0.018354,293635.14,293575.56,4359.33,1438.15,no,yes
9871,0.142887,0.88638094,0.002021,293547.07,293539.21,4099.06,3673.11,no,yes
9872,-0.689690,0.49039743,-0.009754,293313.28,293330.09,1647.31,1796.25,no,yes
9873,0.361317,0.71786624,0.005110,293542.18,293525.67,3473.94,2970.30,no,yes
9874,0.378093,0.70536561,0.005347,293589.22,293571.41,3491.44,3162.16,no,yes
9875,0.794500,0.42691371,0.011236,293647.66,293635.95,1081.67,1001.64,no,yes
9876,0.237372,0.81237033,0.003357,293317.97,293307.28,3150.66,3218.38,no,yes
9877,1.298564,0.19410881,0.018364,293314.93,293296.35,976.59,1045.28,no,yes
9878,0.279104,0.78016758,0.003947,293794.91,293788.51,1577.67,1663.45,no,yes
9879,-2.556350,0.01058599,-0.036152,293517.93,293559.24,904.89,1338.98,yes,yes
9880,0.947799,0.34324591,0.013404,293203.20,293186.10,1553.67,917.45,no,yes
9881,0.479402,0.63165786,0.006780,293578.89,293566.90,1793.81,1744.55,no,yes
9882,0.122848,0.90222836,0.001737,293521.84,293512.64,5437.66,5153.46,no,yes
9883,-0.420238,0.67431635,-0.005943,293567.64,293578.42,1640.32,1971.91,no,yes
9884,0.693078,0.48826883,0.009802,293529.71,293494.29,3851.36,3358.42,no,yes
9885,-0.747356,0.45485760,-0.010569,293184.10,293194.52,958.79,1013.26,no,yes
9886,0.008347,0.99333990,0.000118,293323.88,293323.47,3474.96,3464.46,no,yes
9887,0.088275,0.92965920,0.001248,293610.05,293605.85,3421.93,3298.70,no,yes
9888,-0.996065,0.31923660,-0.014086,293204.20,293231.57,1044.59,2541.28,no,yes
9889,-0.719312,0.47195691,-0.010173,293662.34,293692.07,3058.14,2779.33,no,yes
9890,0.273668,0.78434241,0.003870,293537.88,293520.43,4732.71,4272.74,no,yes
9891,-0.411916,0.68040577,-0.005825,293249.05,293261.91,1953.38,2436.80,no,yes
9892,0.681724,0.49542161,0.009641,293398.87,293389.26,1019.51,974.42,no,yes
9893,0.038148,0.96957001,0.000539,293535.67,293534.84,1693.10,1384.75,no,yes
9894,-0.390642,0.69606666,-0.005525,293268.38,293277.91,1995.39,1402.83,no,yes
9895,-0.578480,0.56294638,-0.008181,293362.55,293372.33,1144.12,1246.14,no,yes
9896,0.184602,0.85354342,0.002611,293221.01,293216.85,1511.86,1674.81,no,yes
9897,1.042143,0.29736259,0.014738,293265.34,293205.87,5099.34,2560.93,no,yes
9898,-1.281911,0.19988895,-0.018129,293563.38,293598.02,1831.32,1987.14,no,yes
9899,0.195464,0.84503148,0.002764,293534.97,293528.00,2575.51,2472.71,no,yes
9900,1.306734,0.19131869,0.018480,293207.97,293189.74,1080.14,882.05,no,yes
9901,-0.004864,0.99611880,-0.000069,293426.76,293426.87,1936.73,1007.65,no,yes
9902,-0.705169,0.48071375,-0.009973,293381.68,293398.12,1502.25,1782.08,no,yes
9903,-0.204657,0.83784188,-0.002894,293254.65,293261.99,2519.67,2547.67,no,yes
9904,0.626350,0.53109254,0.008858,293503.26,293484.44,2227.39,2016.14,no,yes
9905,0.500108,0.61700433,0.007073,293210.96,293198.24,1801.35,1795.08,no,yes
9906,0.627210,0.53052906,0.008870,293479.33,293468.68,1256.15,1142.89,no,yes
9907,-0.171917,0.86350450,-0.002431,293573.28,293583.97,4698.09,4068.37,no,yes
9908,-0.321328,0.74796484,-0.004544,293310.66,293322.01,2427.91,2569.01,no,yes
9909,0.345682,0.72958559,0.004889,293469.42,293456.96,2707.98,2381.99,no,yes
9910,0.551421,0.58135133,0.007798,293240.88,293230.94,1357.23,1186.07,no,yes
9911,0.330744,0.74084130,0.004677,293567.08,293562.14,1124.32,982.96,no,yes
9912,0.347862,0.72794757,0.004920,293564.69,293552.50,2789.37,2124.47,no,yes
9913,1.105686,0.26887586,0.015637,293599.64,293577.81,1457.73,1332.07,no,yes
9914,-0.572678,0.56686947,-0.008099,293235.60,293245.75,1078.55,1405.50,no,yes
9915,-0.270005,0.78715954,-0.003818,293497.60,293505.19,1741.41,2207.75,no,yes
9916,1.141494,0.25367864,0.016143,293268.33,293229.92,2616.24,2116.00,no,yes
9917,-0.314985,0.75277723,-0.004455,299055.91,299066.41,1603.14,2922.58,no,yes
9918,0.661410,0.50835724,0.009354,293382.15,293373.62,911.90,912.44,no,yes
9919,-0.178238,0.85853802,-0.002521,293237.38,293242.99,2035.25,2401.73,no,yes
9920,-0.615596,0.53816821,-0.008706,293274.32,293293.87,2025.99,2444.88,no,yes
9921,1.427267,0.15352013,0.020185,293620.92,293577.73,2458.07,1765.73,no,yes
9922,0.870740,0.38390697,0.012314,293481.13,293457.92,2072.81,1676.37,no,yes
9923,-0.341363,0.73283416,-0.004828,293257.67,293274.71,3259.71,3780.89,no,yes
9924,-0.205987,0.83680320,-0.002913,293525.02,293531.11,1902.94,2263.69,no,yes
9925,-1.208054,0.22704162,-0.017084,293582.34,293598.88,842.30,1079.30,no,yes
9926,0.492989,0.62202624,0.006972,293494.03,293460.33,5210.28,4427.09,no,yes
9927,1.092303,0.27471465,0.015447,293359.26,293331.68,2056.26,1465.97,no,yes
9928,0.519529,0.60339754,0.007347,293729.86,293702.78,3705.85,3664.63,no,yes
9929,-1.208389,0.22691301,-0.017089,293563.10,293582.07,932.48,1263.08,no,yes
9930,-1.477156,0.13965490,-0.020890,298477.32,298512.52,1082.39,2122.82,no,yes
9931,0.726118,0.46777491,0.010269,293704.93,293694.03,1078.80,1043.54,no,yes
9932,1.578480,0.11447612,0.022323,293364.86,293283.39,4564.41,2409.83,no,yes
9933,-1.770570,0.07665853,-0.025040,293284.60,293347.90,971.78,3440.51,no,yes
9934,-0.414609,0.67843298,-0.005863,293458.84,293465.02,938.52,1159.24,no,yes
9935,-1.524257,0.12746034,-0.021556,293167.22,293187.79,916.26,990.97,no,yes
9936,-0.088336,0.92961060,-0.001249,293519.86,293521.07,1034.75,891.99,no,yes
9937,-1.433042,0.15186500,-0.020266,293628.96,293656.61,988.98,1657.29,no,yes
9938,-0.121391,0.90338271,-0.001717,293183.81,293186.94,1382.03,2173.66,no,yes
9939,1.370222,0.17063472,0.019378,293554.50,293535.94,1102.03,786.98,no,yes
9940,-0.094420,0.92477616,-0.001335,293406.79,293409.29,2062.39,1659.42,no,yes
9941,-0.461584,0.64438507,-0.006528,293284.75,293301.59,2259.05,2862.94,no,yes
9942,-0.854041,0.39309237,-0.012078,293513.88,293524.55,874.79,891.79,no,yes
9943,-0.198178,0.84290819,-0.002803,293337.25,293344.08,2156.24,2689.53,no,yes
9944,0.118788,0.90544494,0.001680,293432.00,293426.15,3133.41,3794.43,no,yes
9945,-1.294987,0.19534710,-0.018314,293485.86,293521.27,1053.68,2523.25,no,yes
9946,-1.938075,0.05263708,-0.027409,293249.26,293313.66,1052.15,3151.74,no,yes
9947,1.264973,0.20589590,0.017889,293585.91,293565.08,1202.07,1124.77,no,yes
9948,0.328227,0.74274379,0.004642,293491.89,293479.58,2445.88,2844.05,no,yes
9949,0.245321,0.80621102,0.003469,293426.62,293413.10,4541.01,3120.88,no,yes
9950,-0.836878,0.40267146,-0.011835,293480.88,293513.61,2635.07,2890.36,no,yes
9951,-0.196503,0.84421892,-0.002779,293276.62,293281.57,1566.25,1974.24,no,yes
9952,-0.027764,0.97785075,-0.000393,293224.01,293224.93,2389.50,2267.10,no,yes
9953,-0.315456,0.75241900,-0.004461,293648.18,293662.16,2791.07,3441.45,no,yes
9954,0.299016,0.76493126,0.004229,293240.15,293233.73,1815.10,1147.13,no,yes
9955,0.099574,0.92068368,0.001408,293444.41,293440.92,2634.85,2319.52,no,yes
9956,0.893798,0.37144120,0.012640,293451.96,293401.93,4260.26,3631.68,no,yes
9957,0.242258,0.80858338,0.003426,293354.51,293348.49,2148.95,1252.15,no,yes
9958,-0.000708,0.99943522,-0.000010,293469.16,293469.18,2051.45,2084.04,no,yes
9959,-0.432830,0.66514275,-0.006121,293586.24,293592.40,953.63,1056.84,no,yes
9960,-0.139390,0.88914332,-0.001971,293271.06,293277.96,3379.95,3614.05,no,yes
9961,1.253448,0.21005814,0.017726,293226.47,293209.69,1051.73,827.51,no,yes
9962,0.460036,0.64549569,0.006506,293447.70,293425.02,3771.96,3173.87,no,yes
9963,1.067197,0.28589586,0.015092,293454.45,293436.40,1179.43,1211.79,no,yes
9964,-0.052438,0.95818026,-0.000742,293566.41,293569.29,3160.23,4475.57,no,yes
9965,1.435602,0.15113553,0.020302,293309.36,293246.51,3822.07,2134.82,no,yes
9966,0.631764,0.52754901,0.008934,293798.67,293760.77,4963.67,3371.38,no,yes
9967,-0.277050,0.78174466,-0.003918,293499.28,293508.49,2602.31,2063.87,no,yes
9968,-1.265069,0.20586318,-0.017891,293485.94,293579.88,4266.86,6077.50,no,yes
9969,-0.670231,0.50271940,-0.009478,293426.43,293451.20,2128.05,3021.54,no,yes
9970,-0.462051,0.64404997,-0.006534,295203.54,295211.38,1124.65,1270.30,no,yes
9971,-0.038912,0.96896087,-0.000550,293431.03,293432.27,2280.17,2226.87,no,yes
9972,0.931222,0.35175086,0.013169,293428.29,293405.13,1521.54,1967.33,no,yes
9973,0.672251,0.50143198,0.009507,293429.48,293406.46,2657.93,2158.87,no,yes
9974,0.319430,0.74940416,0.004517,293398.14,293392.40,1160.54,1374.55,no,yes
9975,1.196671,0.23145182,0.016923,293579.89,293548.18,2250.57,1399.78,no,yes
9976,0.832062,0.40538395,0.011767,293644.05,293605.44,3399.36,3159.24,no,yes
9977,-1.121664,0.26201924,-0.015863,293385.41,293402.63,963.18,1195.48,no,yes
9978,-1.196412,0.23155131,-0.016920,293377.06,293395.85,923.45,1270.52,no,yes
9979,0.179994,0.85715924,0.002545,293682.53,293675.24,2973.59,2753.88,no,yes
9980,-0.004766,0.99619723,-0.000067,293587.60,293587.67,1003.84,1114.81,no,yes
9981,-0.153968,0.87763694,-0.002177,293228.78,293231.66,1174.67,1454.35,no,yes
9982,-0.074435,0.94066480,-0.001053,293649.45,293653.41,3626.31,3891.94,no,yes
9983,0.889632,0.37367434,0.012581,293292.83,293270.35,1927.95,1632.25,no,yes
9984,-0.493176,0.62189399,-0.006975,293442.67,293450.58,1144.39,1125.38,no,yes
9985,0.886526,0.37534597,0.012537,293610.05,293551.22,5450.27,3785.54,no,yes
9986,-0.638936,0.52287176,-0.009036,293337.90,293364.51,2726.34,3149.98,no,yes
9987,0.644065,0.51954104,0.009108,362106.34,362050.38,6426.58,5846.72,no,yes
9988,1.057218,0.29042516,0.014951,293293.41,293263.68,2104.38,1865.33,no,yes
9989,0.446348,0.65535081,0.006312,294634.01,294604.49,4902.55,4437.60,no,yes
9990,0.834523,0.40399680,0.011802,293463.90,293443.77,1837.19,1562.35,no,yes
9991,-0.033156,0.97355037,-0.000469,293280.15,293280.90,1154.52,1948.00,no,yes
9992,-1.384541,0.16620937,-0.019580,302210.94,302247.67,1607.30,2110.12,no,yes
9993,0.387774,0.69818821,0.005484,293419.62,293410.66,1258.40,1939.21,no,yes
9994,-0.094902,0.92439352,-0.001342,293365.64,293368.67,2285.41,2238.39,no,yes
9995,-0.711769,0.47661622,-0.010066,293480.95,293518.51,3337.29,4088.57,no,yes
9996,-0.409478,0.68219371,-0.005791,293413.64,293421.69,1269.89,1499.01,no,yes
9997,0.672618,0.50119817,0.009512,293287.25,293259.06,3268.85,2624.48,no,yes
9998,0.580559,0.56154414,0.008210,293559.09,293536.65,2974.64,2469.78,no,yes
9999,0.874211,0.38201487,0.012363,293451.84,293437.39,1323.58,989.96,no,yes
10000,0.261058,0.79405016,0.003692,293628.52,293619.37,2295.70,2650.22,no,yes
